ticket_id,created_at,category_id,agent_id,pays,canal,priorite,statut,score_risque,niveau_alerte,predit_risque,ticket_at_risk
TKT013432,2024-03-06 21:50:00,CAT007,AGT010,Senegal,Web form,5,Backlog,0.7745805647796992,ROUGE — Intervention immédiate,1,1
TKT014955,2024-06-11 21:49:00,CAT007,AGT003,France,Téléphone,5,Résolu,0.7714247946972579,ROUGE — Intervention immédiate,1,0
TKT014695,2024-05-26 00:07:00,CAT007,AGT002,Ghana,App mobile,5,Résolu,0.7712221445280302,ROUGE — Intervention immédiate,1,1
TKT012691,2024-01-22 21:40:00,CAT001,AGT004,CI,Téléphone,4,Escaladé,0.7670086229639616,ROUGE — Intervention immédiate,1,1
TKT014152,2024-04-22 00:54:00,CAT007,AGT004,Mali,Email,5,Résolu,0.7663521322913909,ROUGE — Intervention immédiate,1,0
TKT012877,2024-01-30 21:19:00,CAT007,AGT005,Senegal,Email,5,Backlog,0.7627301129877815,ROUGE — Intervention immédiate,1,1
TKT014857,2024-06-04 23:47:00,CAT007,AGT006,Cameroun,Email,5,Résolu,0.7610529775957312,ROUGE — Intervention immédiate,1,1
TKT015064,2024-06-18 12:01:00,CAT007,AGT004,France,Web form,5,Escaladé,0.7601185262573863,ROUGE — Intervention immédiate,1,1
TKT013910,2024-04-06 04:30:00,CAT007,AGT004,France,Email,5,Résolu,0.7567709923045417,ROUGE — Intervention immédiate,1,1
TKT013869,2024-04-03 16:27:00,CAT007,AGT011,Senegal,Web form,5,Escaladé,0.7567389623982281,ROUGE — Intervention immédiate,1,1
TKT013606,2024-03-18 11:21:00,CAT007,AGT004,Senegal,App mobile,5,Résolu,0.7552188685568346,ROUGE — Intervention immédiate,1,0
TKT013355,2024-02-29 01:28:00,CAT007,AGT006,Ghana,Email,5,En cours,0.7543035116691935,ROUGE — Intervention immédiate,1,1
TKT013961,2024-04-09 21:39:00,CAT001,AGT004,Cameroun,Chat,4,Backlog,0.753780715519428,ROUGE — Intervention immédiate,1,1
TKT013209,2024-02-20 20:39:00,CAT007,AGT006,Ghana,Téléphone,5,Résolu,0.7528358993350536,ROUGE — Intervention immédiate,1,0
TKT013786,2024-03-29 21:47:00,CAT007,AGT003,Senegal,Chat,5,Résolu,0.7510014877789346,ROUGE — Intervention immédiate,1,1
TKT013314,2024-02-26 06:07:00,CAT001,AGT004,France,Email,4,Résolu,0.7504748890988019,ROUGE — Intervention immédiate,1,1
TKT015280,2024-06-30 10:31:00,CAT001,AGT002,CI,App mobile,4,Résolu,0.7485089546148864,ROUGE — Intervention immédiate,1,1
TKT014883,2024-06-06 21:24:00,CAT007,AGT006,Maroc,Chat,5,En cours,0.7480946369258955,ROUGE — Intervention immédiate,1,1
TKT013738,2024-03-26 12:17:00,CAT001,AGT004,CI,Chat,4,Résolu,0.7473795833430811,ROUGE — Intervention immédiate,1,1
TKT013532,2024-03-13 06:35:00,CAT007,AGT006,France,Email,5,Escaladé,0.7457985431434828,ROUGE — Intervention immédiate,1,1
TKT012984,2024-02-06 15:02:00,CAT001,AGT004,CI,Chat,4,Escaladé,0.7454853399764803,ROUGE — Intervention immédiate,1,1
TKT014745,2024-05-29 04:50:00,CAT007,AGT004,France,Web form,5,Résolu,0.7437574967961375,ROUGE — Intervention immédiate,1,1
TKT014758,2024-05-29 20:26:00,CAT007,AGT003,Mali,Chat,5,Escaladé,0.7403330692797263,ROUGE — Intervention immédiate,1,1
TKT014303,2024-05-02 14:31:00,CAT007,AGT011,CI,App mobile,5,Escaladé,0.7400171495783181,ROUGE — Intervention immédiate,1,1
TKT014849,2024-06-04 21:17:00,CAT007,AGT009,France,Email,5,Résolu,0.7393184392059168,ROUGE — Intervention immédiate,1,1
TKT014410,2024-05-08 04:08:00,CAT007,AGT003,Senegal,Chat,5,Escaladé,0.7387905759413289,ROUGE — Intervention immédiate,1,1
TKT015129,2024-06-21 12:14:00,CAT007,AGT002,CI,Email,5,Résolu,0.7384873454437069,ROUGE — Intervention immédiate,1,1
TKT014224,2024-04-25 04:43:00,CAT007,AGT005,Maroc,Téléphone,5,Escaladé,0.7383166087675977,ROUGE — Intervention immédiate,1,1
TKT013665,2024-03-21 14:42:00,CAT007,AGT004,Senegal,Chat,5,Résolu,0.7379112475019489,ROUGE — Intervention immédiate,1,1
TKT013562,2024-03-14 08:46:00,CAT007,AGT011,France,Téléphone,5,Escaladé,0.7375441797724711,ROUGE — Intervention immédiate,1,1
TKT013645,2024-03-20 21:47:00,CAT007,AGT004,Mali,Téléphone,5,En cours,0.7371564007309586,ROUGE — Intervention immédiate,1,1
TKT014151,2024-04-22 22:46:00,CAT007,AGT007,France,Chat,5,Escaladé,0.7364965159158146,ROUGE — Intervention immédiate,1,1
TKT013986,2024-04-10 11:53:00,CAT007,AGT011,France,App mobile,5,Résolu,0.7355564542753971,ROUGE — Intervention immédiate,1,1
TKT015107,2024-06-20 07:59:00,CAT007,AGT003,CI,Téléphone,5,Escaladé,0.7355046782410857,ROUGE — Intervention immédiate,1,1
TKT013785,2024-03-29 10:41:00,CAT007,AGT002,CI,Email,5,Résolu,0.735182815031732,ROUGE — Intervention immédiate,1,1
TKT014829,2024-06-03 15:52:00,CAT007,AGT004,Senegal,Chat,5,Escaladé,0.7341876667158259,ROUGE — Intervention immédiate,1,1
TKT012500,2024-01-12 10:11:00,CAT007,AGT004,France,Email,5,Résolu,0.7324703717434812,ROUGE — Intervention immédiate,1,1
TKT015069,2024-06-18 10:28:00,CAT007,AGT006,Senegal,Téléphone,5,Résolu,0.7319687654628679,ROUGE — Intervention immédiate,1,1
TKT014287,2024-04-30 10:29:00,CAT007,AGT002,France,Chat,5,Escaladé,0.7318477725590502,ROUGE — Intervention immédiate,1,1
TKT013578,2024-03-15 12:42:00,CAT001,AGT004,CI,Email,4,Backlog,0.7317247135961331,ROUGE — Intervention immédiate,1,1
TKT014958,2024-06-11 09:05:00,CAT001,AGT004,CI,Chat,4,En cours,0.7311370106570223,ROUGE — Intervention immédiate,1,1
TKT013949,2024-04-09 08:24:00,CAT007,AGT006,Maroc,Email,5,Résolu,0.7310923651984182,ROUGE — Intervention immédiate,1,0
TKT014627,2024-05-22 12:19:00,CAT001,AGT004,Cameroun,Web form,4,Résolu,0.7304380187721403,ROUGE — Intervention immédiate,1,1
TKT015250,2024-06-27 03:51:00,CAT001,AGT004,Ghana,Email,4,Escaladé,0.7302872380774914,ROUGE — Intervention immédiate,1,1
TKT014762,2024-05-29 13:35:00,CAT001,AGT011,CI,App mobile,4,Résolu,0.7293709879807139,ROUGE — Intervention immédiate,1,0
TKT014570,2024-05-18 22:25:00,CAT007,AGT006,Maroc,Email,5,Escaladé,0.7290217774808433,ROUGE — Intervention immédiate,1,1
TKT013922,2024-04-08 07:40:00,CAT007,AGT004,CI,Chat,5,Résolu,0.7289137288516139,ROUGE — Intervention immédiate,1,0
TKT013714,2024-03-25 18:11:00,CAT007,AGT011,CI,Téléphone,5,Escaladé,0.7285338132359452,ROUGE — Intervention immédiate,1,1
TKT012358,2024-01-05 08:42:00,CAT007,AGT004,France,Email,5,Résolu,0.7279935140257713,ROUGE — Intervention immédiate,1,1
TKT013434,2024-03-06 08:18:00,CAT007,AGT004,France,Chat,5,Résolu,0.7279257906326404,ROUGE — Intervention immédiate,1,0
TKT012462,2024-01-11 03:00:00,CAT001,AGT002,Ghana,App mobile,4,Escaladé,0.7279049828580264,ROUGE — Intervention immédiate,1,1
TKT012596,2024-01-16 03:41:00,CAT007,AGT003,Ghana,Email,5,Résolu,0.727860825997569,ROUGE — Intervention immédiate,1,1
TKT014969,2024-06-12 14:34:00,CAT001,AGT004,France,Email,4,Escaladé,0.7276768046187995,ROUGE — Intervention immédiate,1,1
TKT014294,2024-05-01 14:17:00,CAT007,AGT011,CI,Téléphone,5,Résolu,0.7275125304470478,ROUGE — Intervention immédiate,1,0
TKT012709,2024-01-23 09:32:00,CAT007,AGT004,Cameroun,Email,5,En cours,0.7273891009622672,ROUGE — Intervention immédiate,1,1
TKT014174,2024-04-23 11:18:00,CAT007,AGT004,Senegal,Téléphone,5,Résolu,0.7271175157448859,ROUGE — Intervention immédiate,1,1
TKT013867,2024-04-03 15:52:00,CAT001,AGT004,France,Chat,4,Résolu,0.7270930512300798,ROUGE — Intervention immédiate,1,1
TKT013637,2024-03-19 11:10:00,CAT007,AGT002,France,Téléphone,5,En cours,0.7267996713487668,ROUGE — Intervention immédiate,1,1
TKT013220,2024-02-20 08:59:00,CAT001,AGT004,CI,Chat,4,Résolu,0.7263189114161019,ROUGE — Intervention immédiate,1,0
TKT012624,2024-01-18 04:20:00,CAT007,AGT010,Senegal,Web form,5,Backlog,0.7260643007100087,ROUGE — Intervention immédiate,1,1
TKT013731,2024-03-26 08:35:00,CAT007,AGT004,Mali,Chat,5,Backlog,0.7249803317705562,ROUGE — Intervention immédiate,1,1
TKT014599,2024-05-20 12:38:00,CAT001,AGT004,France,Chat,4,Backlog,0.7242961237912117,ROUGE — Intervention immédiate,1,1
TKT014886,2024-06-06 17:37:00,CAT007,AGT004,CI,Email,5,Escaladé,0.7241752238258339,ROUGE — Intervention immédiate,1,1
TKT015196,2024-06-25 17:26:00,CAT001,AGT002,CI,Email,4,Escaladé,0.7240952406319621,ROUGE — Intervention immédiate,1,1
TKT013723,2024-03-25 21:56:00,CAT007,AGT010,Mali,App mobile,5,Résolu,0.7238544597681181,ROUGE — Intervention immédiate,1,0
TKT014010,2024-04-12 16:25:00,CAT007,AGT011,France,Email,5,Escaladé,0.7233983969279768,ROUGE — Intervention immédiate,1,1
TKT014784,2024-05-31 06:18:00,CAT007,AGT003,Maroc,Email,5,Résolu,0.7233263848366102,ROUGE — Intervention immédiate,1,1
TKT015000,2024-06-13 21:03:00,CAT001,AGT002,CI,Chat,4,Escaladé,0.7232773936947626,ROUGE — Intervention immédiate,1,1
TKT013862,2024-04-03 16:57:00,CAT007,AGT004,Senegal,Chat,5,Escaladé,0.7225581789981963,ROUGE — Intervention immédiate,1,1
TKT012253,2024-01-01 19:12:00,CAT007,AGT011,France,Téléphone,5,Résolu,0.7225034384544352,ROUGE — Intervention immédiate,1,1
TKT015179,2024-06-24 10:19:00,CAT007,AGT011,Senegal,App mobile,5,Résolu,0.7223117631014213,ROUGE — Intervention immédiate,1,0
TKT013456,2024-03-07 03:17:00,CAT001,AGT004,CI,Email,4,En cours,0.7222723184468903,ROUGE — Intervention immédiate,1,1
TKT014986,2024-06-13 19:06:00,CAT007,AGT004,Ghana,Chat,5,Résolu,0.7222140596897917,ROUGE — Intervention immédiate,1,0
TKT012642,2024-01-19 15:20:00,CAT007,AGT004,France,Email,5,Escaladé,0.7219508944605483,ROUGE — Intervention immédiate,1,1
TKT015112,2024-06-20 14:19:00,CAT001,AGT002,CI,Chat,4,Résolu,0.7217480930853866,ROUGE — Intervention immédiate,1,0
TKT013478,2024-03-08 16:27:00,CAT007,AGT002,France,Email,5,Résolu,0.721227977008893,ROUGE — Intervention immédiate,1,0
TKT013838,2024-04-02 15:23:00,CAT007,AGT002,Senegal,Chat,5,Résolu,0.7211132226211379,ROUGE — Intervention immédiate,1,0
TKT015055,2024-06-17 17:06:00,CAT001,AGT002,Cameroun,Chat,4,Résolu,0.7208695448529526,ROUGE — Intervention immédiate,1,0
TKT012988,2024-02-06 20:18:00,CAT001,AGT004,Senegal,Email,4,Backlog,0.720863344647443,ROUGE — Intervention immédiate,1,1
TKT014965,2024-06-12 14:00:00,CAT007,AGT004,Ghana,Email,5,Escaladé,0.7208090061881103,ROUGE — Intervention immédiate,1,1
TKT012903,2024-01-31 07:25:00,CAT007,AGT010,Mali,Téléphone,5,En cours,0.720719863630514,ROUGE — Intervention immédiate,1,0
TKT013176,2024-02-18 11:18:00,CAT001,AGT002,Cameroun,App mobile,4,Fermé,0.7198619832504235,ROUGE — Intervention immédiate,1,1
TKT013859,2024-04-03 02:56:00,CAT007,AGT003,CI,Chat,5,En cours,0.7195753131110362,ROUGE — Intervention immédiate,1,1
TKT013849,2024-04-02 20:53:00,CAT007,AGT009,CI,Téléphone,5,En cours,0.7193309799713268,ROUGE — Intervention immédiate,1,1
TKT015073,2024-06-18 20:52:00,CAT007,AGT012,Senegal,Web form,5,Résolu,0.7192880874459378,ROUGE — Intervention immédiate,1,0
TKT013422,2024-03-05 15:41:00,CAT007,AGT006,Senegal,Chat,5,Backlog,0.7192356181690209,ROUGE — Intervention immédiate,1,1
TKT014926,2024-06-09 04:32:00,CAT007,AGT002,Cameroun,Chat,5,Escaladé,0.7192198098833202,ROUGE — Intervention immédiate,1,1
TKT014364,2024-05-06 07:12:00,CAT007,AGT004,France,Email,5,Résolu,0.7192050899819188,ROUGE — Intervention immédiate,1,0
TKT014107,2024-04-18 22:35:00,CAT007,AGT006,France,Email,5,Résolu,0.7187825127082961,ROUGE — Intervention immédiate,1,1
TKT014408,2024-05-08 18:59:00,CAT001,AGT004,France,Chat,4,Résolu,0.7186662999081207,ROUGE — Intervention immédiate,1,1
TKT014250,2024-04-28 12:19:00,CAT001,AGT002,Ghana,App mobile,4,Escaladé,0.7181444350833012,ROUGE — Intervention immédiate,1,1
TKT014752,2024-05-29 20:35:00,CAT007,AGT002,CI,Téléphone,5,Résolu,0.7180556795624361,ROUGE — Intervention immédiate,1,0
TKT012751,2024-01-25 14:49:00,CAT007,AGT004,France,Email,5,Backlog,0.7178909567152726,ROUGE — Intervention immédiate,1,1
TKT014097,2024-04-18 10:26:00,CAT007,AGT007,Belgique,App mobile,5,Résolu,0.7174642815067613,ROUGE — Intervention immédiate,1,0
TKT014376,2024-05-06 02:40:00,CAT007,AGT002,France,Chat,5,Résolu,0.71735928121735,ROUGE — Intervention immédiate,1,0
TKT014260,2024-04-29 09:41:00,CAT007,AGT004,Belgique,Email,5,Escaladé,0.7171470975253408,ROUGE — Intervention immédiate,1,1
TKT013144,2024-02-16 15:57:00,CAT007,AGT004,Belgique,App mobile,5,Résolu,0.7170322924088655,ROUGE — Intervention immédiate,1,1
TKT015045,2024-06-17 10:09:00,CAT007,AGT010,Senegal,Chat,5,Résolu,0.7169289587529643,ROUGE — Intervention immédiate,1,1
TKT013343,2024-02-28 14:38:00,CAT007,AGT004,Maroc,Téléphone,5,Escaladé,0.7161278185608974,ROUGE — Intervention immédiate,1,1
TKT013907,2024-04-06 10:26:00,CAT007,AGT004,France,Téléphone,5,Résolu,0.7158358425433512,ROUGE — Intervention immédiate,1,0
TKT015058,2024-06-18 07:50:00,CAT007,AGT002,Maroc,App mobile,5,Backlog,0.7153779132287859,ROUGE — Intervention immédiate,1,1
TKT013277,2024-02-23 01:13:00,CAT007,AGT006,CI,App mobile,5,Escaladé,0.7153504983285832,ROUGE — Intervention immédiate,1,1
TKT014639,2024-05-23 08:26:00,CAT007,AGT004,Mali,Email,5,Résolu,0.715333474943876,ROUGE — Intervention immédiate,1,1
TKT013186,2024-02-19 14:43:00,CAT001,AGT011,Belgique,Chat,4,Backlog,0.7152768774828013,ROUGE — Intervention immédiate,1,1
TKT013549,2024-03-13 14:34:00,CAT007,AGT002,Ghana,Chat,5,Escaladé,0.7152341223507619,ROUGE — Intervention immédiate,1,1
TKT013000,2024-02-07 11:22:00,CAT007,AGT004,Maroc,Téléphone,5,Résolu,0.7149087853958146,ROUGE — Intervention immédiate,1,1
TKT014221,2024-04-25 10:32:00,CAT001,AGT004,France,Email,4,Résolu,0.7147963317387326,ROUGE — Intervention immédiate,1,1
TKT014331,2024-05-03 06:55:00,CAT007,AGT003,CI,Téléphone,5,Résolu,0.7146426451132991,ROUGE — Intervention immédiate,1,0
TKT013141,2024-02-15 10:30:00,CAT007,AGT011,France,Email,5,Résolu,0.7139532563736318,ROUGE — Intervention immédiate,1,1
TKT014981,2024-06-12 08:57:00,CAT001,AGT004,France,Chat,4,Résolu,0.7136314752873716,ROUGE — Intervention immédiate,1,1
TKT012908,2024-02-01 21:04:00,CAT007,AGT007,Senegal,Email,5,En cours,0.7134576516091716,ROUGE — Intervention immédiate,1,0
TKT014352,2024-05-05 09:36:00,CAT007,AGT006,Senegal,Téléphone,5,Résolu,0.7131076517586792,ROUGE — Intervention immédiate,1,1
TKT015222,2024-06-26 11:18:00,CAT001,AGT002,Ghana,App mobile,4,Escaladé,0.71294383038177,ROUGE — Intervention immédiate,1,1
TKT013230,2024-02-21 20:35:00,CAT007,AGT011,Mali,Téléphone,5,Escaladé,0.7124982249113814,ROUGE — Intervention immédiate,1,1
TKT014076,2024-04-17 09:50:00,CAT007,AGT002,Maroc,Email,5,En cours,0.7124524409576477,ROUGE — Intervention immédiate,1,1
TKT012406,2024-01-08 10:59:00,CAT007,AGT004,Senegal,App mobile,5,Résolu,0.7122380386956793,ROUGE — Intervention immédiate,1,1
TKT014642,2024-05-23 06:51:00,CAT007,AGT005,Cameroun,Web form,5,Résolu,0.7121925786942198,ROUGE — Intervention immédiate,1,0
TKT015082,2024-06-19 08:42:00,CAT007,AGT005,Senegal,Téléphone,5,En cours,0.7121695521296835,ROUGE — Intervention immédiate,1,1
TKT013624,2024-03-19 21:46:00,CAT001,AGT004,Senegal,App mobile,4,Escaladé,0.7115220779015314,ROUGE — Intervention immédiate,1,1
TKT013553,2024-03-13 13:52:00,CAT001,AGT004,Senegal,Web form,4,Résolu,0.711405098768171,ROUGE — Intervention immédiate,1,1
TKT015253,2024-06-28 21:47:00,CAT007,AGT004,Belgique,Chat,5,Résolu,0.7111780720293833,ROUGE — Intervention immédiate,1,1
TKT015232,2024-06-27 07:33:00,CAT007,AGT012,Ghana,Téléphone,5,Résolu,0.7111735935061483,ROUGE — Intervention immédiate,1,0
TKT014739,2024-05-28 10:24:00,CAT007,AGT011,France,Chat,5,Backlog,0.7110930534087316,ROUGE — Intervention immédiate,1,1
TKT015260,2024-06-28 09:17:00,CAT001,AGT011,France,Chat,4,Résolu,0.7109925967755862,ROUGE — Intervention immédiate,1,1
TKT013771,2024-03-28 06:38:00,CAT007,AGT005,Mali,App mobile,5,Escaladé,0.7107850104897095,ROUGE — Intervention immédiate,1,1
TKT013259,2024-02-22 17:37:00,CAT007,AGT011,CI,Téléphone,5,Escaladé,0.7105425124894755,ROUGE — Intervention immédiate,1,1
TKT014865,2024-06-05 08:34:00,CAT007,AGT003,France,Chat,5,Résolu,0.7103654283902517,ROUGE — Intervention immédiate,1,1
TKT015148,2024-06-22 07:10:00,CAT007,AGT012,Cameroun,Téléphone,5,Résolu,0.7101651792092852,ROUGE — Intervention immédiate,1,0
TKT013097,2024-02-13 20:37:00,CAT007,AGT007,Maroc,Chat,5,En cours,0.7100967024864697,ROUGE — Intervention immédiate,1,1
TKT013643,2024-03-20 07:13:00,CAT007,AGT005,CI,Email,5,Escaladé,0.7100553804334795,ROUGE — Intervention immédiate,1,1
TKT014062,2024-04-16 21:21:00,CAT001,AGT002,Cameroun,Téléphone,4,Escaladé,0.7094945492186056,ROUGE — Intervention immédiate,1,1
TKT014439,2024-05-09 18:50:00,CAT007,AGT011,France,Email,5,Résolu,0.7092835791367986,ROUGE — Intervention immédiate,1,0
TKT015004,2024-06-14 03:13:00,CAT001,AGT004,CI,Chat,4,Résolu,0.7090066364204459,ROUGE — Intervention immédiate,1,1
TKT013615,2024-03-18 23:20:00,CAT007,AGT009,Maroc,Chat,5,Backlog,0.7088238994610612,ROUGE — Intervention immédiate,1,1
TKT012574,2024-01-16 10:54:00,CAT007,AGT011,Maroc,Téléphone,5,En cours,0.7087022191468212,ROUGE — Intervention immédiate,1,0
TKT014914,2024-06-08 09:22:00,CAT007,AGT005,Maroc,App mobile,5,Résolu,0.7085531391093491,ROUGE — Intervention immédiate,1,1
TKT014943,2024-06-10 16:04:00,CAT007,AGT007,France,Téléphone,5,Résolu,0.7079830614254167,ROUGE — Intervention immédiate,1,0
TKT012859,2024-01-30 21:03:00,CAT007,AGT010,Maroc,Email,5,Escaladé,0.7079441989818135,ROUGE — Intervention immédiate,1,1
TKT013953,2024-04-09 15:53:00,CAT007,AGT002,Maroc,Web form,5,Escaladé,0.7077899851714377,ROUGE — Intervention immédiate,1,1
TKT013423,2024-03-05 15:00:00,CAT001,AGT011,CI,Email,4,Résolu,0.7074292539280931,ROUGE — Intervention immédiate,1,1
TKT015252,2024-06-28 07:04:00,CAT007,AGT012,Senegal,Web form,5,Résolu,0.707127369286438,ROUGE — Intervention immédiate,1,1
TKT013987,2024-04-10 01:19:00,CAT007,AGT005,CI,Email,5,Résolu,0.7066566357561956,ROUGE — Intervention immédiate,1,0
TKT013844,2024-04-02 15:18:00,CAT001,AGT002,CI,Email,4,Fermé,0.7064797034349586,ROUGE — Intervention immédiate,1,1
TKT013638,2024-03-19 18:02:00,CAT007,AGT004,CI,Téléphone,5,Fermé,0.7060970399706673,ROUGE — Intervention immédiate,1,1
TKT013158,2024-02-16 05:04:00,CAT007,AGT003,Ghana,Email,5,Résolu,0.7056556998145544,ROUGE — Intervention immédiate,1,0
TKT012758,2024-01-25 22:21:00,CAT007,AGT003,CI,Web form,5,Résolu,0.7056499802570662,ROUGE — Intervention immédiate,1,1
TKT014356,2024-05-05 16:54:00,CAT001,AGT004,CI,App mobile,4,Résolu,0.7054882751230638,ROUGE — Intervention immédiate,1,1
TKT013999,2024-04-11 22:31:00,CAT007,AGT010,Ghana,Email,5,Escaladé,0.7054234872431021,ROUGE — Intervention immédiate,1,1
TKT012730,2024-01-24 18:43:00,CAT007,AGT004,CI,Email,5,Résolu,0.705372564429658,ROUGE — Intervention immédiate,1,0
TKT014279,2024-04-30 11:06:00,CAT001,AGT004,Senegal,Chat,4,En cours,0.7053708386760402,ROUGE — Intervention immédiate,1,1
TKT012990,2024-02-06 08:48:00,CAT007,AGT003,Cameroun,Téléphone,5,Résolu,0.705282158791809,ROUGE — Intervention immédiate,1,0
TKT014153,2024-04-22 11:33:00,CAT001,AGT011,CI,Chat,4,Résolu,0.7049038555028265,ROUGE — Intervention immédiate,1,1
TKT014989,2024-06-13 22:11:00,CAT001,AGT009,Mali,Email,4,En cours,0.7044067901939145,ROUGE — Intervention immédiate,1,1
TKT012718,2024-01-23 14:30:00,CAT007,AGT003,Senegal,Email,5,Escaladé,0.7041566847580641,ROUGE — Intervention immédiate,1,1
TKT014871,2024-06-05 00:26:00,CAT007,AGT008,CI,Chat,5,Résolu,0.7038588666210898,ROUGE — Intervention immédiate,1,0
TKT014257,2024-04-28 04:00:00,CAT007,AGT005,CI,App mobile,5,Résolu,0.7038485873906799,ROUGE — Intervention immédiate,1,0
TKT012468,2024-01-11 11:58:00,CAT007,AGT011,Maroc,Email,5,Escaladé,0.7038068789682047,ROUGE — Intervention immédiate,1,1
TKT014050,2024-04-15 14:38:00,CAT007,AGT007,France,Téléphone,5,En cours,0.7034597865239509,ROUGE — Intervention immédiate,1,0
TKT014638,2024-05-23 15:46:00,CAT007,AGT007,Ghana,App mobile,5,Escaladé,0.7029265411630716,ROUGE — Intervention immédiate,1,1
TKT014601,2024-05-20 14:17:00,CAT007,AGT007,Ghana,App mobile,5,Résolu,0.7027719466991111,ROUGE — Intervention immédiate,1,0
TKT012582,2024-01-16 10:52:00,CAT007,AGT011,CI,Email,5,Escaladé,0.7026393031483833,ROUGE — Intervention immédiate,1,1
TKT014869,2024-06-05 14:35:00,CAT007,AGT007,Cameroun,Chat,5,Résolu,0.7022992045469755,ROUGE — Intervention immédiate,1,0
TKT013212,2024-02-20 08:19:00,CAT007,AGT010,Mali,Téléphone,5,Résolu,0.7021558291255395,ROUGE — Intervention immédiate,1,1
TKT012277,2024-01-02 07:50:00,CAT007,AGT004,Ghana,Email,5,Résolu,0.7019820623004693,ROUGE — Intervention immédiate,1,1
TKT013398,2024-03-04 11:30:00,CAT007,AGT003,Senegal,Chat,5,Escaladé,0.7019745627109668,ROUGE — Intervention immédiate,1,1
TKT014163,2024-04-22 09:57:00,CAT007,AGT006,Ghana,Chat,5,En cours,0.7017773040803682,ROUGE — Intervention immédiate,1,0
TKT014817,2024-06-02 15:38:00,CAT001,AGT011,CI,Chat,4,Backlog,0.7006038770302703,ROUGE — Intervention immédiate,1,1
TKT014063,2024-04-16 07:57:00,CAT007,AGT004,Mali,Email,5,Escaladé,0.7005310739814026,ROUGE — Intervention immédiate,1,1
TKT014095,2024-04-18 16:57:00,CAT001,AGT011,CI,Téléphone,4,Backlog,0.7005197609077071,ROUGE — Intervention immédiate,1,1
TKT012686,2024-01-22 10:37:00,CAT007,AGT011,Ghana,Email,5,Résolu,0.7002030015489956,ROUGE — Intervention immédiate,1,1
TKT012876,2024-01-30 10:54:00,CAT007,AGT011,Ghana,Chat,5,Résolu,0.6999963679114515,ORANGE — Surveiller,1,0
TKT014054,2024-04-15 08:18:00,CAT007,AGT011,Senegal,Email,5,Escaladé,0.6998140567470176,ORANGE — Surveiller,1,1
TKT013227,2024-02-21 10:55:00,CAT007,AGT002,Cameroun,Téléphone,5,En cours,0.6994214483619642,ORANGE — Surveiller,1,1
TKT013920,2024-04-07 10:49:00,CAT007,AGT004,Senegal,Email,5,Escaladé,0.6992124979372284,ORANGE — Surveiller,1,1
TKT014272,2024-04-29 22:11:00,CAT007,AGT012,Senegal,Web form,5,Escaladé,0.6990211795606389,ORANGE — Surveiller,1,1
TKT013198,2024-02-19 11:53:00,CAT007,AGT011,France,Email,5,Escaladé,0.6983072290031289,ORANGE — Surveiller,1,1
TKT014449,2024-05-10 22:19:00,CAT007,AGT003,CI,Email,5,Résolu,0.6978053656941047,ORANGE — Surveiller,1,1
TKT014947,2024-06-10 19:13:00,CAT007,AGT009,Senegal,Chat,5,En cours,0.6976778512088058,ORANGE — Surveiller,1,1
TKT014759,2024-05-29 16:58:00,CAT007,AGT004,Ghana,Email,5,Escaladé,0.697527620856996,ORANGE — Surveiller,1,1
TKT014899,2024-06-07 16:33:00,CAT001,AGT011,Senegal,Chat,4,Résolu,0.6971835806655687,ORANGE — Surveiller,1,0
TKT015133,2024-06-21 15:32:00,CAT001,AGT002,Cameroun,Téléphone,4,Résolu,0.6971693638139171,ORANGE — Surveiller,1,1
TKT014654,2024-05-23 07:48:00,CAT007,AGT010,CI,Email,5,Backlog,0.6968702839998813,ORANGE — Surveiller,1,1
TKT014839,2024-06-03 08:02:00,CAT007,AGT011,Senegal,Téléphone,5,Escaladé,0.6968211494184271,ORANGE — Surveiller,1,1
TKT013462,2024-03-07 13:06:00,CAT007,AGT003,Senegal,Téléphone,5,Escaladé,0.6967422133642214,ORANGE — Surveiller,1,1
TKT013820,2024-04-01 07:35:00,CAT001,AGT011,France,Téléphone,4,En cours,0.6963569343478337,ORANGE — Surveiller,1,0
TKT012976,2024-02-05 10:30:00,CAT007,AGT007,CI,Téléphone,5,En cours,0.6960491025917246,ORANGE — Surveiller,1,1
TKT013821,2024-04-01 08:11:00,CAT001,AGT011,CI,Email,4,Résolu,0.6959755222505798,ORANGE — Surveiller,1,0
TKT012630,2024-01-18 21:10:00,CAT007,AGT006,Senegal,App mobile,5,En cours,0.6955825099391023,ORANGE — Surveiller,1,1
TKT015184,2024-06-25 16:21:00,CAT001,AGT011,Maroc,Email,4,Escaladé,0.6955581345827873,ORANGE — Surveiller,1,1
TKT015034,2024-06-16 14:15:00,CAT007,AGT004,Mali,Téléphone,5,En cours,0.695360496250183,ORANGE — Surveiller,1,1
TKT014830,2024-06-03 16:07:00,CAT007,AGT005,Senegal,Téléphone,5,Résolu,0.6952843513884048,ORANGE — Surveiller,1,1
TKT014104,2024-04-18 08:05:00,CAT007,AGT010,Ghana,Téléphone,5,Backlog,0.6948987025106725,ORANGE — Surveiller,1,1
TKT013906,2024-04-06 04:36:00,CAT008,AGT004,Maroc,Téléphone,2,Backlog,0.694680585026139,ORANGE — Surveiller,1,1
TKT014979,2024-06-12 06:08:00,CAT007,AGT001,Belgique,Téléphone,5,Résolu,0.6945109758324918,ORANGE — Surveiller,1,0
TKT014992,2024-06-13 15:25:00,CAT007,AGT012,Senegal,Email,5,Résolu,0.6944737107808497,ORANGE — Surveiller,1,1
TKT013946,2024-04-08 10:58:00,CAT007,AGT010,France,Chat,5,Escaladé,0.6938606773956744,ORANGE — Surveiller,1,1
TKT014836,2024-06-03 10:37:00,CAT007,AGT005,Senegal,Email,5,Escaladé,0.6936238771809361,ORANGE — Surveiller,1,1
TKT013721,2024-03-25 11:24:00,CAT001,AGT002,CI,Téléphone,4,Résolu,0.6931922638300259,ORANGE — Surveiller,1,0
TKT013140,2024-02-15 19:34:00,CAT007,AGT011,Maroc,Chat,5,En cours,0.6929851229036337,ORANGE — Surveiller,1,1
TKT013802,2024-03-30 14:04:00,CAT007,AGT005,Senegal,App mobile,5,Résolu,0.692914670987031,ORANGE — Surveiller,1,0
TKT013708,2024-03-24 12:22:00,CAT007,AGT011,CI,App mobile,5,Résolu,0.692628833628076,ORANGE — Surveiller,1,0
TKT013934,2024-04-08 11:20:00,CAT001,AGT002,France,Email,4,Résolu,0.6925956971946853,ORANGE — Surveiller,1,1
TKT013882,2024-04-04 17:25:00,CAT001,AGT002,Cameroun,Téléphone,4,Résolu,0.692577321317823,ORANGE — Surveiller,1,1
TKT014528,2024-05-15 14:58:00,CAT001,AGT002,France,Téléphone,4,Résolu,0.6925001866561409,ORANGE — Surveiller,1,1
TKT014609,2024-05-21 15:22:00,CAT001,AGT002,France,Téléphone,4,Escaladé,0.6924994669693143,ORANGE — Surveiller,1,1
TKT014903,2024-06-07 21:49:00,CAT001,AGT011,Senegal,Téléphone,4,Fermé,0.6924867433522031,ORANGE — Surveiller,1,1
TKT013148,2024-02-16 11:55:00,CAT001,AGT004,Mali,Web form,4,Fermé,0.6922309296243664,ORANGE — Surveiller,1,0
TKT013509,2024-03-11 10:47:00,CAT001,AGT011,CI,Téléphone,4,Fermé,0.6919111676234003,ORANGE — Surveiller,1,1
TKT012307,2024-01-03 10:21:00,CAT007,AGT003,CI,App mobile,5,Résolu,0.6914404481971549,ORANGE — Surveiller,1,1
TKT014843,2024-06-04 14:57:00,CAT007,AGT001,CI,Email,5,Résolu,0.6909435107145415,ORANGE — Surveiller,1,1
TKT014697,2024-05-26 10:57:00,CAT007,AGT006,Senegal,Email,5,Résolu,0.690942065362312,ORANGE — Surveiller,1,1
TKT012925,2024-02-02 09:09:00,CAT007,AGT006,Ghana,Web form,5,Escaladé,0.6906806221424405,ORANGE — Surveiller,1,1
TKT014162,2024-04-22 10:26:00,CAT007,AGT003,France,Chat,5,Backlog,0.6905871729670834,ORANGE — Surveiller,1,1
TKT013818,2024-04-01 15:06:00,CAT007,AGT007,Senegal,Téléphone,5,Escaladé,0.6902260159362141,ORANGE — Surveiller,1,1
TKT015208,2024-06-26 15:19:00,CAT007,AGT001,France,App mobile,5,Résolu,0.6898442873587227,ORANGE — Surveiller,1,1
TKT015020,2024-06-15 14:23:00,CAT007,AGT009,Senegal,Email,5,Escaladé,0.6888601947808233,ORANGE — Surveiller,1,1
TKT013983,2024-04-10 09:58:00,CAT007,AGT005,Mali,Téléphone,5,Résolu,0.6886692452541422,ORANGE — Surveiller,1,1
TKT015225,2024-06-26 10:57:00,CAT007,AGT001,Ghana,Téléphone,5,Escaladé,0.6884408333323999,ORANGE — Surveiller,1,1
TKT014909,2024-06-07 16:12:00,CAT007,AGT001,CI,Email,5,En cours,0.6883818339038374,ORANGE — Surveiller,1,1
TKT014606,2024-05-21 07:19:00,CAT001,AGT011,Cameroun,Chat,4,Escaladé,0.688096825966338,ORANGE — Surveiller,1,1
TKT015002,2024-06-13 08:28:00,CAT001,AGT002,Ghana,Chat,4,Résolu,0.6879651132996131,ORANGE — Surveiller,1,0
TKT013339,2024-02-28 17:28:00,CAT007,AGT005,Senegal,Chat,5,Résolu,0.6878156228580506,ORANGE — Surveiller,1,0
TKT012962,2024-02-04 00:44:00,CAT007,AGT004,Ghana,Chat,5,En cours,0.6877839962887802,ORANGE — Surveiller,1,1
TKT012355,2024-01-05 22:09:00,CAT001,AGT004,CI,Chat,4,En cours,0.6876534894848639,ORANGE — Surveiller,1,0
TKT012635,2024-01-18 13:23:00,CAT007,AGT002,France,Email,5,En cours,0.6867874246849469,ORANGE — Surveiller,1,1
TKT013149,2024-02-16 16:22:00,CAT001,AGT004,Mali,Email,4,Résolu,0.6866809196281355,ORANGE — Surveiller,1,1
TKT015035,2024-06-17 10:24:00,CAT007,AGT007,Maroc,Téléphone,5,Résolu,0.6864658034901642,ORANGE — Surveiller,1,1
TKT014113,2024-04-19 17:56:00,CAT001,AGT011,Senegal,Web form,4,Escaladé,0.6862717099066902,ORANGE — Surveiller,1,1
TKT012603,2024-01-17 19:15:00,CAT001,AGT011,Senegal,Chat,4,Escaladé,0.6859535729693854,ORANGE — Surveiller,1,1
TKT012328,2024-01-04 02:37:00,CAT007,AGT008,Senegal,Téléphone,5,Résolu,0.6859030842945399,ORANGE — Surveiller,1,0
TKT012901,2024-01-31 16:54:00,CAT007,AGT003,Senegal,Email,5,Résolu,0.6857791086269834,ORANGE — Surveiller,1,0
TKT012425,2024-01-09 16:43:00,CAT007,AGT007,Cameroun,Téléphone,5,Escaladé,0.6857383625195811,ORANGE — Surveiller,1,1
TKT012287,2024-01-02 08:57:00,CAT001,AGT004,Maroc,App mobile,4,Backlog,0.6857024494575111,ORANGE — Surveiller,1,1
TKT013800,2024-03-30 11:10:00,CAT007,AGT011,CI,App mobile,5,Résolu,0.6853470478755311,ORANGE — Surveiller,1,1
TKT015099,2024-06-19 16:44:00,CAT007,AGT009,Ghana,Email,5,Résolu,0.685046018424448,ORANGE — Surveiller,1,1
TKT014804,2024-06-01 09:29:00,CAT001,AGT011,Belgique,Téléphone,4,Résolu,0.6849418599899577,ORANGE — Surveiller,1,1
TKT014544,2024-05-16 13:33:00,CAT001,AGT002,Ghana,Téléphone,4,En cours,0.6847890716587953,ORANGE — Surveiller,1,0
TKT014659,2024-05-23 09:46:00,CAT001,AGT011,Mali,Chat,4,En cours,0.6840962592893395,ORANGE — Surveiller,1,1
TKT013823,2024-04-01 14:41:00,CAT007,AGT012,Senegal,Email,5,En cours,0.6840953104133216,ORANGE — Surveiller,1,0
TKT014111,2024-04-18 16:49:00,CAT007,AGT007,Mali,Téléphone,5,En cours,0.6840908881728717,ORANGE — Surveiller,1,1
TKT013572,2024-03-15 08:42:00,CAT001,AGT002,France,Email,4,Backlog,0.6837007881920466,ORANGE — Surveiller,1,1
TKT013990,2024-04-11 20:37:00,CAT007,AGT001,Ghana,Téléphone,5,Résolu,0.683391004829226,ORANGE — Surveiller,1,0
TKT015134,2024-06-21 13:18:00,CAT007,AGT001,Belgique,Chat,5,Escaladé,0.6828038965940533,ORANGE — Surveiller,1,1
TKT013232,2024-02-21 08:50:00,CAT007,AGT007,CI,App mobile,5,Escaladé,0.68253864740072,ORANGE — Surveiller,1,1
TKT014167,2024-04-22 15:40:00,CAT007,AGT010,Senegal,Téléphone,5,Résolu,0.6824325783164169,ORANGE — Surveiller,1,1
TKT015130,2024-06-21 10:55:00,CAT007,AGT008,Ghana,Email,5,Fermé,0.6822291751813643,ORANGE — Surveiller,1,1
TKT014464,2024-05-11 09:38:00,CAT001,AGT004,Mali,App mobile,4,Backlog,0.681542175443971,ORANGE — Surveiller,1,1
TKT014082,2024-04-17 16:41:00,CAT007,AGT006,Senegal,App mobile,5,Escaladé,0.6815010563485489,ORANGE — Surveiller,1,1
TKT014025,2024-04-12 14:11:00,CAT007,AGT001,Senegal,Téléphone,5,Résolu,0.6813270516355381,ORANGE — Surveiller,1,1
TKT013107,2024-02-13 14:08:00,CAT007,AGT006,CI,Téléphone,5,Résolu,0.6810325465600627,ORANGE — Surveiller,1,1
TKT012626,2024-01-18 07:51:00,CAT007,AGT011,Senegal,Chat,5,Résolu,0.6809522667946207,ORANGE — Surveiller,1,0
TKT012858,2024-01-30 21:02:00,CAT007,AGT002,CI,Chat,5,Escaladé,0.6808460229646484,ORANGE — Surveiller,1,1
TKT013767,2024-03-28 11:22:00,CAT001,AGT011,Ghana,Chat,4,Backlog,0.6808261075518313,ORANGE — Surveiller,1,1
TKT013813,2024-04-01 15:16:00,CAT007,AGT003,France,Email,5,Résolu,0.6807477596760233,ORANGE — Surveiller,1,1
TKT013940,2024-04-08 18:22:00,CAT007,AGT003,Mali,Email,5,Résolu,0.6807195170280899,ORANGE — Surveiller,1,0
TKT012927,2024-02-02 19:18:00,CAT007,AGT011,Maroc,Chat,5,Escaladé,0.6806236382122112,ORANGE — Surveiller,1,1
TKT014209,2024-04-25 12:00:00,CAT004,AGT011,Ghana,Téléphone,3,En cours,0.6803584328731763,ORANGE — Surveiller,1,0
TKT012519,2024-01-13 21:54:00,CAT001,AGT004,Cameroun,Web form,4,Escaladé,0.6803174024770969,ORANGE — Surveiller,1,1
TKT013948,2024-04-09 08:08:00,CAT007,AGT009,CI,Email,5,Escaladé,0.6802408354176882,ORANGE — Surveiller,1,1
TKT013204,2024-02-20 15:05:00,CAT007,AGT011,CI,Chat,5,Résolu,0.6801568727148619,ORANGE — Surveiller,1,0
TKT013098,2024-02-13 11:56:00,CAT007,AGT002,Mali,Email,5,En cours,0.6798025143732463,ORANGE — Surveiller,1,1
TKT015279,2024-06-30 07:11:00,CAT007,AGT009,Senegal,App mobile,5,Escaladé,0.6796843794588555,ORANGE — Surveiller,1,1
TKT013399,2024-03-04 02:40:00,CAT006,AGT011,Senegal,Email,3,Résolu,0.6795474602371365,ORANGE — Surveiller,1,0
TKT014592,2024-05-20 15:55:00,CAT007,AGT003,Belgique,Email,5,Résolu,0.6793081708660428,ORANGE — Surveiller,1,1
TKT015117,2024-06-20 10:05:00,CAT004,AGT011,France,Email,3,Résolu,0.6792706955200042,ORANGE — Surveiller,1,0
TKT013418,2024-03-05 12:51:00,CAT007,AGT003,CI,Chat,5,Résolu,0.6791306122116066,ORANGE — Surveiller,1,0
TKT014790,2024-05-31 07:01:00,CAT001,AGT004,CI,Email,4,Résolu,0.6790531384288002,ORANGE — Surveiller,1,0
TKT012941,2024-02-02 17:52:00,CAT007,AGT007,CI,Email,5,Escaladé,0.6789808317364485,ORANGE — Surveiller,1,1
TKT013323,2024-02-27 18:41:00,CAT007,AGT011,Senegal,Email,5,En cours,0.6785899977502844,ORANGE — Surveiller,1,1
TKT014962,2024-06-11 10:20:00,CAT007,AGT012,France,Chat,5,En cours,0.678450085975646,ORANGE — Surveiller,1,1
TKT012929,2024-02-02 10:33:00,CAT007,AGT003,Senegal,Email,5,Résolu,0.678181104758817,ORANGE — Surveiller,1,1
TKT014358,2024-05-05 08:37:00,CAT007,AGT009,Maroc,App mobile,5,Résolu,0.6779743736594324,ORANGE — Surveiller,1,1
TKT015176,2024-06-24 09:58:00,CAT007,AGT005,Mali,Email,5,Fermé,0.6779474856362322,ORANGE — Surveiller,1,1
TKT013318,2024-02-27 16:40:00,CAT007,AGT007,Senegal,Web form,5,Résolu,0.6776196384214233,ORANGE — Surveiller,1,1
TKT015026,2024-06-15 06:58:00,CAT007,AGT011,Mali,Web form,5,Résolu,0.6775708512571832,ORANGE — Surveiller,1,1
TKT014078,2024-04-17 21:18:00,CAT001,AGT009,Maroc,Email,4,Résolu,0.6775335203489685,ORANGE — Surveiller,1,0
TKT013632,2024-03-19 09:41:00,CAT007,AGT005,Ghana,Téléphone,5,Résolu,0.6772429248887092,ORANGE — Surveiller,1,1
TKT014970,2024-06-12 11:24:00,CAT007,AGT001,Ghana,Chat,5,Résolu,0.6770139953469889,ORANGE — Surveiller,1,1
TKT013266,2024-02-23 09:33:00,CAT007,AGT003,Cameroun,Chat,5,Escaladé,0.6767599708003855,ORANGE — Surveiller,1,1
TKT013510,2024-03-11 19:09:00,CAT007,AGT003,Maroc,Téléphone,5,Résolu,0.6765857752162606,ORANGE — Surveiller,1,1
TKT014612,2024-05-21 16:14:00,CAT007,AGT005,Mali,Chat,5,Résolu,0.6765096776653067,ORANGE — Surveiller,1,1
TKT014906,2024-06-07 20:57:00,CAT007,AGT008,France,Téléphone,5,Fermé,0.6763558314229732,ORANGE — Surveiller,1,1
TKT013219,2024-02-20 14:09:00,CAT007,AGT002,Senegal,Téléphone,5,En cours,0.6763544091190833,ORANGE — Surveiller,1,1
TKT013861,2024-04-03 16:11:00,CAT007,AGT007,Senegal,Chat,5,En cours,0.6758782313545324,ORANGE — Surveiller,1,1
TKT014361,2024-05-05 09:35:00,CAT007,AGT002,CI,Chat,5,Résolu,0.6757405120312195,ORANGE — Surveiller,1,1
TKT013781,2024-03-29 17:38:00,CAT001,AGT004,Senegal,Chat,4,Résolu,0.6755809049585259,ORANGE — Surveiller,1,1
TKT014862,2024-06-05 13:24:00,CAT007,AGT006,CI,Chat,5,Résolu,0.6754878507473522,ORANGE — Surveiller,1,1
TKT015077,2024-06-18 10:46:00,CAT007,AGT008,CI,Chat,5,Escaladé,0.6754654873032875,ORANGE — Surveiller,1,1
TKT014296,2024-05-01 08:36:00,CAT007,AGT007,France,Email,5,Résolu,0.6752206145679862,ORANGE — Surveiller,1,1
TKT015131,2024-06-21 19:18:00,CAT001,AGT002,Ghana,Téléphone,4,Résolu,0.6751869437177913,ORANGE — Surveiller,1,1
TKT012721,2024-01-23 14:14:00,CAT007,AGT002,Mali,Téléphone,5,Résolu,0.6750745349904952,ORANGE — Surveiller,1,0
TKT014787,2024-05-31 09:21:00,CAT001,AGT001,Belgique,Email,4,Résolu,0.675065019379799,ORANGE — Surveiller,1,0
TKT012380,2024-01-07 14:09:00,CAT007,AGT004,Ghana,Téléphone,5,Résolu,0.6745966095876627,ORANGE — Surveiller,1,0
TKT013010,2024-02-07 08:38:00,CAT007,AGT007,France,Téléphone,5,Résolu,0.6745901058326359,ORANGE — Surveiller,1,1
TKT014814,2024-06-02 14:52:00,CAT007,AGT002,Mali,Téléphone,5,Résolu,0.6741694060074416,ORANGE — Surveiller,1,1
TKT012872,2024-01-30 20:21:00,CAT001,AGT011,Maroc,Email,4,Escaladé,0.6741139787933276,ORANGE — Surveiller,1,1
TKT012511,2024-01-12 20:38:00,CAT007,AGT011,Mali,Email,5,Escaladé,0.6740566049240089,ORANGE — Surveiller,1,1
TKT014121,2024-04-19 14:14:00,CAT007,AGT007,CI,Web form,5,Résolu,0.6736588057258115,ORANGE — Surveiller,1,1
TKT013561,2024-03-14 08:29:00,CAT007,AGT007,Ghana,Chat,5,En cours,0.6736503988377962,ORANGE — Surveiller,1,0
TKT014222,2024-04-25 01:20:00,CAT007,AGT011,CI,Email,5,Résolu,0.6733504207616744,ORANGE — Surveiller,1,1
TKT014913,2024-06-08 16:20:00,CAT001,AGT002,France,Web form,4,En cours,0.6730311227711554,ORANGE — Surveiller,1,1
TKT014504,2024-05-14 17:17:00,CAT001,AGT002,Senegal,Chat,4,Résolu,0.6727046302223114,ORANGE — Surveiller,1,0
TKT015181,2024-06-25 15:46:00,CAT007,AGT005,Belgique,Chat,5,En cours,0.6726412814891972,ORANGE — Surveiller,1,1
TKT014120,2024-04-19 14:17:00,CAT003,AGT011,France,Téléphone,3,Résolu,0.6725194554198385,ORANGE — Surveiller,1,0
TKT014657,2024-05-23 09:06:00,CAT007,AGT006,CI,App mobile,5,Résolu,0.672509362064651,ORANGE — Surveiller,1,1
TKT014545,2024-05-16 08:35:00,CAT007,AGT009,Senegal,Téléphone,5,Fermé,0.6723132518977181,ORANGE — Surveiller,1,1
TKT012556,2024-01-15 19:16:00,CAT007,AGT005,Senegal,App mobile,5,Résolu,0.6722784626573004,ORANGE — Surveiller,1,1
TKT014703,2024-05-27 03:35:00,CAT007,AGT009,Senegal,Email,5,Résolu,0.6721490797544711,ORANGE — Surveiller,1,0
TKT013091,2024-02-13 09:42:00,CAT007,AGT007,France,Email,5,En cours,0.6721116849452574,ORANGE — Surveiller,1,1
TKT013853,2024-04-03 16:58:00,CAT001,AGT011,Maroc,Email,4,Résolu,0.6720177990919997,ORANGE — Surveiller,1,1
TKT012536,2024-01-14 12:46:00,CAT007,AGT004,France,Chat,5,Backlog,0.6717247207236752,ORANGE — Surveiller,1,1
TKT013950,2024-04-09 11:19:00,CAT007,AGT001,Senegal,Chat,5,Backlog,0.6716840976853509,ORANGE — Surveiller,1,1
TKT014267,2024-04-29 14:42:00,CAT007,AGT006,CI,Email,5,Résolu,0.6716523836451413,ORANGE — Surveiller,1,0
TKT013203,2024-02-20 09:50:00,CAT007,AGT005,Mali,Email,5,Escaladé,0.67163246452661,ORANGE — Surveiller,1,1
TKT014498,2024-05-14 10:05:00,CAT007,AGT001,Maroc,Téléphone,5,Résolu,0.6715308342385944,ORANGE — Surveiller,1,1
TKT013739,2024-03-26 18:15:00,CAT007,AGT006,France,Email,5,Escaladé,0.6713366083544742,ORANGE — Surveiller,1,1
TKT012416,2024-01-09 16:26:00,CAT007,AGT007,Ghana,Téléphone,5,Résolu,0.6712302240804984,ORANGE — Surveiller,1,1
TKT014108,2024-04-18 14:10:00,CAT007,AGT009,France,Chat,5,Résolu,0.6706872463416849,ORANGE — Surveiller,1,0
TKT013878,2024-04-04 16:30:00,CAT007,AGT009,CI,Email,5,En cours,0.6702255698767603,ORANGE — Surveiller,1,1
TKT012739,2024-01-24 07:56:00,CAT007,AGT009,Belgique,Chat,5,Escaladé,0.6701647077671654,ORANGE — Surveiller,1,1
TKT012517,2024-01-12 21:22:00,CAT001,AGT004,Maroc,Chat,4,Escaladé,0.6701415192238627,ORANGE — Surveiller,1,1
TKT012980,2024-02-06 14:04:00,CAT007,AGT005,Mali,App mobile,5,Résolu,0.670036631023478,ORANGE — Surveiller,1,0
TKT013797,2024-03-30 15:12:00,CAT001,AGT004,Maroc,Chat,4,Escaladé,0.6698229554831647,ORANGE — Surveiller,1,1
TKT014840,2024-06-04 08:54:00,CAT001,AGT001,Belgique,Email,4,Résolu,0.6697280093865533,ORANGE — Surveiller,1,1
TKT014471,2024-05-12 21:43:00,CAT001,AGT002,France,Web form,4,Résolu,0.6696964541546089,ORANGE — Surveiller,1,0
TKT015170,2024-06-24 14:39:00,CAT007,AGT012,Mali,Chat,5,Escaladé,0.6696375316634101,ORANGE — Surveiller,1,1
TKT014902,2024-06-07 20:06:00,CAT001,AGT007,Ghana,App mobile,4,Résolu,0.6695419198769632,ORANGE — Surveiller,1,1
TKT013433,2024-03-06 11:09:00,CAT007,AGT012,Senegal,Téléphone,5,Résolu,0.6695079066921934,ORANGE — Surveiller,1,1
TKT013041,2024-02-09 09:08:00,CAT007,AGT012,Senegal,Téléphone,5,Backlog,0.6694093267824417,ORANGE — Surveiller,1,1
TKT013134,2024-02-15 08:16:00,CAT007,AGT010,CI,Téléphone,5,Résolu,0.6692628240356254,ORANGE — Surveiller,1,0
TKT013822,2024-04-01 07:24:00,CAT007,AGT008,CI,App mobile,5,Escaladé,0.6692151992052162,ORANGE — Surveiller,1,1
TKT012887,2024-01-31 20:57:00,CAT007,AGT005,Ghana,Email,5,Résolu,0.6691073232458841,ORANGE — Surveiller,1,0
TKT012948,2024-02-03 01:20:00,CAT007,AGT003,CI,Téléphone,5,Résolu,0.6689104444132097,ORANGE — Surveiller,1,1
TKT014765,2024-05-30 17:50:00,CAT001,AGT002,Senegal,Téléphone,4,Résolu,0.6688461363105509,ORANGE — Surveiller,1,0
TKT013717,2024-03-25 17:35:00,CAT007,AGT009,France,Chat,5,Escaladé,0.6683239149138842,ORANGE — Surveiller,1,1
TKT014511,2024-05-14 09:04:00,CAT007,AGT008,CI,Email,5,En cours,0.6680493101589307,ORANGE — Surveiller,1,0
TKT012620,2024-01-18 08:23:00,CAT007,AGT007,CI,Téléphone,5,Escaladé,0.6679180668007386,ORANGE — Surveiller,1,1
TKT015101,2024-06-19 06:36:00,CAT007,AGT002,Maroc,Téléphone,5,Escaladé,0.6678900576995099,ORANGE — Surveiller,1,1
TKT014017,2024-04-12 17:31:00,CAT007,AGT009,CI,Chat,5,Résolu,0.6677504377915225,ORANGE — Surveiller,1,1
TKT014831,2024-06-03 06:34:00,CAT004,AGT002,France,App mobile,3,En cours,0.667419880768472,ORANGE — Surveiller,1,1
TKT014564,2024-05-17 07:58:00,CAT004,AGT011,France,Web form,3,Résolu,0.6673510778642288,ORANGE — Surveiller,1,0
TKT012989,2024-02-06 20:39:00,CAT001,AGT002,Mali,Email,4,Fermé,0.6672532804977087,ORANGE — Surveiller,1,1
TKT014920,2024-06-08 17:38:00,CAT007,AGT005,CI,App mobile,5,Résolu,0.6672237855854852,ORANGE — Surveiller,1,0
TKT015080,2024-06-19 20:05:00,CAT001,AGT007,CI,Téléphone,4,En cours,0.6667605707441762,ORANGE — Surveiller,1,1
TKT013550,2024-03-13 16:08:00,CAT004,AGT004,Belgique,Web form,3,Escaladé,0.6667456737823965,ORANGE — Surveiller,1,1
TKT013360,2024-02-29 16:55:00,CAT007,AGT001,Senegal,Téléphone,5,Escaladé,0.6666777404395023,ORANGE — Surveiller,1,1
TKT014416,2024-05-08 15:12:00,CAT001,AGT001,Senegal,Téléphone,4,Résolu,0.6666063780981338,ORANGE — Surveiller,1,0
TKT014346,2024-05-04 17:01:00,CAT003,AGT002,Belgique,App mobile,3,Résolu,0.6665009950372071,ORANGE — Surveiller,1,1
TKT014573,2024-05-18 06:55:00,CAT001,AGT007,CI,Email,4,Résolu,0.6662846769147791,ORANGE — Surveiller,1,0
TKT014081,2024-04-17 07:58:00,CAT001,AGT001,Belgique,Email,4,En cours,0.6662575587929328,ORANGE — Surveiller,1,0
TKT013793,2024-03-29 10:06:00,CAT007,AGT010,France,Email,5,Escaladé,0.6662372214492999,ORANGE — Surveiller,1,1
TKT012772,2024-01-25 14:00:00,CAT007,AGT003,Cameroun,Chat,5,Résolu,0.6659517632199248,ORANGE — Surveiller,1,1
TKT013004,2024-02-07 13:19:00,CAT007,AGT010,Belgique,Chat,5,Résolu,0.665848196289345,ORANGE — Surveiller,1,1
TKT012248,2024-01-01 10:03:00,CAT003,AGT004,CI,Web form,3,Résolu,0.6657587891678151,ORANGE — Surveiller,1,0
TKT013324,2024-02-27 03:03:00,CAT007,AGT002,Cameroun,Téléphone,5,En cours,0.6656926392605136,ORANGE — Surveiller,1,1
TKT013668,2024-03-21 13:30:00,CAT004,AGT011,CI,Téléphone,3,En cours,0.6656778142712346,ORANGE — Surveiller,1,0
TKT013061,2024-02-11 08:04:00,CAT003,AGT004,CI,Web form,3,Résolu,0.6655861605327813,ORANGE — Surveiller,1,1
TKT013080,2024-02-12 09:45:00,CAT007,AGT005,CI,Email,5,Backlog,0.6655350483319309,ORANGE — Surveiller,1,1
TKT015059,2024-06-18 11:47:00,CAT007,AGT012,CI,Email,5,Escaladé,0.6654432700354027,ORANGE — Surveiller,1,1
TKT012896,2024-01-31 14:14:00,CAT007,AGT003,Maroc,Email,5,Résolu,0.6654222370743892,ORANGE — Surveiller,1,1
TKT015207,2024-06-26 02:31:00,CAT004,AGT011,Mali,Téléphone,3,Résolu,0.6651379636891634,ORANGE — Surveiller,1,0
TKT012558,2024-01-15 22:37:00,CAT001,AGT002,Senegal,Téléphone,4,Backlog,0.6645013871071578,ORANGE — Surveiller,1,1
TKT013078,2024-02-12 11:11:00,CAT007,AGT009,CI,Chat,5,Résolu,0.6643984925107518,ORANGE — Surveiller,1,1
TKT013622,2024-03-19 11:25:00,CAT007,AGT001,Mali,Email,5,Escaladé,0.6643865957845698,ORANGE — Surveiller,1,1
TKT014335,2024-05-03 09:45:00,CAT007,AGT012,CI,Email,5,Résolu,0.6641756344322772,ORANGE — Surveiller,1,1
TKT013357,2024-02-29 15:18:00,CAT007,AGT010,Senegal,Chat,5,En cours,0.6640190085616924,ORANGE — Surveiller,1,1
TKT015049,2024-06-17 15:51:00,CAT007,AGT005,Maroc,Chat,5,Escaladé,0.6638373294973837,ORANGE — Surveiller,1,1
TKT012972,2024-02-05 10:15:00,CAT007,AGT006,Ghana,Email,5,Résolu,0.6638049838675272,ORANGE — Surveiller,1,0
TKT012647,2024-01-19 18:41:00,CAT001,AGT002,CI,Chat,4,Escaladé,0.6637476819141311,ORANGE — Surveiller,1,1
TKT012446,2024-01-09 16:07:00,CAT001,AGT002,CI,Téléphone,4,En cours,0.6636765382336471,ORANGE — Surveiller,1,1
TKT013084,2024-02-12 13:08:00,CAT007,AGT009,France,Email,5,Fermé,0.6632291743823724,ORANGE — Surveiller,1,1
TKT013937,2024-04-08 16:18:00,CAT007,AGT001,Belgique,Chat,5,Résolu,0.6632245361467681,ORANGE — Surveiller,1,1
TKT012873,2024-01-30 20:38:00,CAT006,AGT011,Senegal,Téléphone,3,Escaladé,0.6631426992853862,ORANGE — Surveiller,1,1
TKT012508,2024-01-12 12:10:00,CAT007,AGT005,Senegal,App mobile,5,Résolu,0.6629940782096169,ORANGE — Surveiller,1,0
TKT015024,2024-06-15 16:57:00,CAT007,AGT011,France,Web form,5,En cours,0.6629667292388468,ORANGE — Surveiller,1,1
TKT014380,2024-05-06 17:47:00,CAT007,AGT005,CI,Chat,5,Résolu,0.6628943075028091,ORANGE — Surveiller,1,0
TKT014717,2024-05-27 10:30:00,CAT007,AGT001,Ghana,Chat,5,Résolu,0.662826007079617,ORANGE — Surveiller,1,1
TKT014083,2024-04-17 14:11:00,CAT007,AGT001,CI,Chat,5,Résolu,0.662784958838109,ORANGE — Surveiller,1,0
TKT014173,2024-04-23 14:55:00,CAT007,AGT012,France,Web form,5,Fermé,0.6626265869146184,ORANGE — Surveiller,1,1
TKT012964,2024-02-04 00:35:00,CAT004,AGT004,CI,Email,3,En cours,0.6625551074180953,ORANGE — Surveiller,1,1
TKT013570,2024-03-15 14:50:00,CAT007,AGT010,Maroc,Téléphone,5,Escaladé,0.6623918655414556,ORANGE — Surveiller,1,1
TKT014587,2024-05-19 12:22:00,CAT007,AGT002,CI,Téléphone,5,Backlog,0.6623793942551873,ORANGE — Surveiller,1,1
TKT012757,2024-01-25 13:46:00,CAT007,AGT010,Senegal,Chat,5,Escaladé,0.6622865499117228,ORANGE — Surveiller,1,1
TKT013677,2024-03-22 02:36:00,CAT007,AGT011,Senegal,Email,5,Résolu,0.6620559218182592,ORANGE — Surveiller,1,0
TKT013335,2024-02-28 09:36:00,CAT007,AGT009,Ghana,Email,5,Fermé,0.6618810757980814,ORANGE — Surveiller,1,1
TKT015263,2024-06-28 13:07:00,CAT007,AGT008,CI,Email,5,Escaladé,0.6616636351145688,ORANGE — Surveiller,1,1
TKT012404,2024-01-08 16:54:00,CAT007,AGT007,Mali,Chat,5,Résolu,0.661597805226992,ORANGE — Surveiller,1,1
TKT013967,2024-04-10 12:49:00,CAT007,AGT001,France,Téléphone,5,En cours,0.6615853400465131,ORANGE — Surveiller,1,0
TKT012705,2024-01-23 11:40:00,CAT001,AGT011,Senegal,Web form,4,Escaladé,0.6614352645338655,ORANGE — Surveiller,1,1
TKT014922,2024-06-08 15:48:00,CAT007,AGT001,Ghana,Chat,5,Résolu,0.6611544618954599,ORANGE — Surveiller,1,1
TKT014136,2024-04-20 17:45:00,CAT007,AGT011,Belgique,Web form,5,Résolu,0.6610058791780818,ORANGE — Surveiller,1,1
TKT012600,2024-01-17 13:21:00,CAT007,AGT007,France,Email,5,Résolu,0.6609607464503169,ORANGE — Surveiller,1,1
TKT015093,2024-06-19 14:56:00,CAT001,AGT001,France,Email,4,En cours,0.6608705173292718,ORANGE — Surveiller,1,0
TKT013338,2024-02-28 11:17:00,CAT007,AGT010,Senegal,App mobile,5,Résolu,0.660777723975545,ORANGE — Surveiller,1,1
TKT012340,2024-01-04 20:29:00,CAT007,AGT012,Maroc,App mobile,5,Résolu,0.660719116348356,ORANGE — Surveiller,1,0
TKT013957,2024-04-09 14:34:00,CAT007,AGT005,CI,Chat,5,Escaladé,0.660699410320004,ORANGE — Surveiller,1,1
TKT014011,2024-04-12 12:48:00,CAT007,AGT006,Cameroun,Email,5,Résolu,0.6606468306079495,ORANGE — Surveiller,1,1
TKT012628,2024-01-18 10:10:00,CAT003,AGT011,Belgique,Chat,3,Escaladé,0.6606278322989835,ORANGE — Surveiller,1,1
TKT013346,2024-02-28 20:52:00,CAT001,AGT007,Ghana,Email,4,Escaladé,0.6605903027041532,ORANGE — Surveiller,1,1
TKT014785,2024-05-31 20:13:00,CAT001,AGT007,Ghana,App mobile,4,Escaladé,0.6605289570837602,ORANGE — Surveiller,1,1
TKT013245,2024-02-22 08:42:00,CAT007,AGT008,Senegal,Email,5,En cours,0.6603818784695568,ORANGE — Surveiller,1,1
TKT014904,2024-06-07 12:18:00,CAT007,AGT012,Maroc,Email,5,Backlog,0.660380710410422,ORANGE — Surveiller,1,1
TKT013517,2024-03-12 13:18:00,CAT001,AGT001,Senegal,Email,4,Résolu,0.6603360521174726,ORANGE — Surveiller,1,1
TKT015238,2024-06-27 10:25:00,CAT004,AGT011,CI,Email,3,En cours,0.6602521105431701,ORANGE — Surveiller,1,1
TKT013607,2024-03-18 23:15:00,CAT007,AGT001,Senegal,Chat,5,Résolu,0.6600336351053993,ORANGE — Surveiller,1,0
TKT015031,2024-06-16 18:52:00,CAT007,AGT004,Cameroun,App mobile,5,Résolu,0.6596269000973624,ORANGE — Surveiller,1,1
TKT014769,2024-05-30 14:05:00,CAT001,AGT001,Senegal,Chat,4,Résolu,0.6595950374236569,ORANGE — Surveiller,1,1
TKT014055,2024-04-15 07:20:00,CAT004,AGT002,Ghana,App mobile,3,Escaladé,0.6595772711660061,ORANGE — Surveiller,1,1
TKT013079,2024-02-12 17:49:00,CAT007,AGT012,Senegal,Chat,5,Résolu,0.6595509494438027,ORANGE — Surveiller,1,0
TKT015160,2024-06-23 12:34:00,CAT003,AGT002,CI,App mobile,3,Escaladé,0.6591816394707657,ORANGE — Surveiller,1,1
TKT015079,2024-06-19 09:01:00,CAT001,AGT001,France,Chat,4,Résolu,0.6590239773361667,ORANGE — Surveiller,1,0
TKT014395,2024-05-07 14:19:00,CAT003,AGT011,France,Téléphone,3,Résolu,0.6590061364076288,ORANGE — Surveiller,1,1
TKT012343,2024-01-04 22:34:00,CAT001,AGT009,France,App mobile,4,Backlog,0.6588244207688791,ORANGE — Surveiller,1,1
TKT015137,2024-06-21 14:54:00,CAT001,AGT009,Senegal,Email,4,Escaladé,0.6587597431552432,ORANGE — Surveiller,1,1
TKT014461,2024-05-10 13:45:00,CAT007,AGT005,France,Chat,5,Escaladé,0.6586516720474129,ORANGE — Surveiller,1,1
TKT015205,2024-06-25 04:33:00,CAT003,AGT011,Ghana,Téléphone,3,Résolu,0.6586423673505984,ORANGE — Surveiller,1,1
TKT014565,2024-05-17 20:18:00,CAT007,AGT012,Cameroun,Chat,5,Résolu,0.6585077950223527,ORANGE — Surveiller,1,0
TKT014872,2024-06-05 15:34:00,CAT007,AGT005,France,Email,5,Escaladé,0.6584951204283239,ORANGE — Surveiller,1,1
TKT013285,2024-02-24 20:02:00,CAT007,AGT007,Cameroun,Téléphone,5,Escaladé,0.6584899897482422,ORANGE — Surveiller,1,1
TKT013546,2024-03-13 19:16:00,CAT001,AGT009,Senegal,Téléphone,4,Résolu,0.658485091410421,ORANGE — Surveiller,1,1
TKT014810,2024-06-02 11:38:00,CAT001,AGT007,Ghana,App mobile,4,En cours,0.6584514320827374,ORANGE — Surveiller,1,1
TKT013503,2024-03-10 10:24:00,CAT003,AGT011,CI,Chat,3,En cours,0.6583123795282895,ORANGE — Surveiller,1,1
TKT014448,2024-05-10 14:08:00,CAT007,AGT012,Maroc,Chat,5,En cours,0.6579393014660502,ORANGE — Surveiller,1,0
TKT012308,2024-01-03 10:51:00,CAT003,AGT011,CI,Téléphone,3,Résolu,0.6578552740437198,ORANGE — Surveiller,1,0
TKT012983,2024-02-06 04:18:00,CAT007,AGT009,Maroc,Chat,5,Résolu,0.6576434276697463,ORANGE — Surveiller,1,1
TKT014709,2024-05-27 10:14:00,CAT007,AGT008,Ghana,Email,5,Résolu,0.6575688357168461,ORANGE — Surveiller,1,0
TKT013931,2024-04-08 11:47:00,CAT007,AGT008,CI,Téléphone,5,En cours,0.6571105618046886,ORANGE — Surveiller,1,0
TKT013932,2024-04-08 06:32:00,CAT007,AGT007,CI,Chat,5,Résolu,0.6569795998400438,ORANGE — Surveiller,1,0
TKT013468,2024-03-08 08:57:00,CAT007,AGT012,France,Chat,5,Escaladé,0.6565548421774724,ORANGE — Surveiller,1,1
TKT013603,2024-03-18 14:56:00,CAT007,AGT012,CI,Téléphone,5,Backlog,0.6565475580315548,ORANGE — Surveiller,1,1
TKT012483,2024-01-11 17:01:00,CAT004,AGT011,France,Chat,3,Résolu,0.6565238355812589,ORANGE — Surveiller,1,1
TKT014263,2024-04-29 17:05:00,CAT004,AGT002,France,Email,3,Résolu,0.656450152469797,ORANGE — Surveiller,1,0
TKT014363,2024-05-06 12:05:00,CAT001,AGT009,Senegal,Email,4,En cours,0.6561550655151775,ORANGE — Surveiller,1,1
TKT012979,2024-02-05 14:30:00,CAT001,AGT002,Senegal,Chat,4,Résolu,0.6560541352718521,ORANGE — Surveiller,1,1
TKT014712,2024-05-27 15:36:00,CAT007,AGT005,France,Téléphone,5,Escaladé,0.656032163788463,ORANGE — Surveiller,1,1
TKT013397,2024-03-04 11:36:00,CAT007,AGT008,CI,Téléphone,5,Escaladé,0.6559947381066104,ORANGE — Surveiller,1,1
TKT012225,2023-12-31 09:59:00,CAT007,AGT003,Cameroun,Téléphone,5,Escaladé,0.655966348535306,ORANGE — Surveiller,1,1
TKT012570,2024-01-15 08:34:00,CAT007,AGT005,Cameroun,Web form,5,Escaladé,0.6558559830587918,ORANGE — Surveiller,1,1
TKT015149,2024-06-22 09:54:00,CAT001,AGT009,Maroc,Chat,4,Escaladé,0.6558019155981265,ORANGE — Surveiller,1,1
TKT015234,2024-06-27 14:51:00,CAT007,AGT005,Ghana,Chat,5,Résolu,0.65573778289063,ORANGE — Surveiller,1,0
TKT014454,2024-05-10 13:14:00,CAT001,AGT001,Senegal,Chat,4,En cours,0.6555967069940192,ORANGE — Surveiller,1,1
TKT015239,2024-06-27 18:42:00,CAT003,AGT011,Senegal,Web form,3,Résolu,0.6554142958072298,ORANGE — Surveiller,1,0
TKT015274,2024-06-29 14:23:00,CAT001,AGT009,Senegal,Email,4,Résolu,0.655234786029856,ORANGE — Surveiller,1,1
TKT012694,2024-01-22 16:21:00,CAT007,AGT007,Maroc,Email,5,Backlog,0.6551867371324874,ORANGE — Surveiller,1,1
TKT013525,2024-03-12 10:31:00,CAT007,AGT008,CI,Email,5,Résolu,0.6550500309977839,ORANGE — Surveiller,1,0
TKT012715,2024-01-23 13:03:00,CAT006,AGT011,CI,Téléphone,3,Escaladé,0.6549099949924754,ORANGE — Surveiller,1,1
TKT013251,2024-02-22 17:02:00,CAT007,AGT001,Belgique,Téléphone,5,Résolu,0.6548558851331104,ORANGE — Surveiller,1,0
TKT014424,2024-05-09 10:01:00,CAT007,AGT012,France,Téléphone,5,Escaladé,0.6543375227295459,ORANGE — Surveiller,1,1
TKT013365,2024-03-01 10:49:00,CAT007,AGT007,Senegal,Chat,5,Résolu,0.654316035511945,ORANGE — Surveiller,1,0
TKT014614,2024-05-21 08:42:00,CAT006,AGT011,France,Web form,3,Escaladé,0.6540529368714991,ORANGE — Surveiller,1,1
TKT013430,2024-03-06 09:58:00,CAT007,AGT001,Senegal,App mobile,5,Escaladé,0.6540403601584373,ORANGE — Surveiller,1,1
TKT013924,2024-04-08 14:26:00,CAT007,AGT010,CI,App mobile,5,Backlog,0.6537776415755381,ORANGE — Surveiller,1,1
TKT013602,2024-03-18 02:55:00,CAT001,AGT010,Cameroun,Téléphone,4,Résolu,0.6537657502872655,ORANGE — Surveiller,1,0
TKT014310,2024-05-02 10:34:00,CAT001,AGT001,Cameroun,Email,4,Résolu,0.6537315689725398,ORANGE — Surveiller,1,0
TKT014213,2024-04-25 10:08:00,CAT003,AGT011,Cameroun,Chat,3,Backlog,0.6536693598315786,ORANGE — Surveiller,1,1
TKT013133,2024-02-15 11:08:00,CAT007,AGT009,France,Email,5,Résolu,0.6536588066279695,ORANGE — Surveiller,1,1
TKT013016,2024-02-08 17:46:00,CAT007,AGT012,Belgique,App mobile,5,Résolu,0.6535543205102367,ORANGE — Surveiller,1,0
TKT015180,2024-06-24 16:48:00,CAT006,AGT011,Senegal,Téléphone,3,Résolu,0.6533534392662707,ORANGE — Surveiller,1,0
TKT012239,2023-12-31 14:05:00,CAT007,AGT010,Belgique,Email,5,Résolu,0.6530280220998145,ORANGE — Surveiller,1,1
TKT012923,2024-02-01 13:44:00,CAT007,AGT006,Ghana,Web form,5,Escaladé,0.6529410366079088,ORANGE — Surveiller,1,1
TKT014006,2024-04-11 08:23:00,CAT001,AGT011,Senegal,App mobile,4,Escaladé,0.6528233635584936,ORANGE — Surveiller,1,1
TKT013656,2024-03-21 17:15:00,CAT003,AGT011,Senegal,Email,3,Résolu,0.6527040298106916,ORANGE — Surveiller,1,1
TKT013412,2024-03-05 11:33:00,CAT007,AGT012,Mali,Chat,5,Résolu,0.6526125878334564,ORANGE — Surveiller,1,1
TKT014882,2024-06-06 04:17:00,CAT004,AGT002,Ghana,Email,3,Escaladé,0.6525693802813205,ORANGE — Surveiller,1,1
TKT012538,2024-01-14 08:28:00,CAT003,AGT004,CI,Téléphone,3,Escaladé,0.6525690077288583,ORANGE — Surveiller,1,1
TKT013636,2024-03-19 10:09:00,CAT007,AGT012,Ghana,Email,5,Résolu,0.6522468244980617,ORANGE — Surveiller,1,1
TKT015115,2024-06-20 19:14:00,CAT004,AGT002,France,App mobile,3,Résolu,0.6522065933759701,ORANGE — Surveiller,1,0
TKT012835,2024-01-29 14:31:00,CAT007,AGT009,CI,Téléphone,5,Résolu,0.6522028648785549,ORANGE — Surveiller,1,1
TKT014925,2024-06-09 13:36:00,CAT007,AGT007,Senegal,Téléphone,5,Résolu,0.6519957718574076,ORANGE — Surveiller,1,1
TKT014040,2024-04-14 11:17:00,CAT007,AGT010,Senegal,Email,5,Résolu,0.6519552409834607,ORANGE — Surveiller,1,1
TKT013512,2024-03-11 11:14:00,CAT004,AGT002,France,Email,3,Résolu,0.6513964736815316,ORANGE — Surveiller,1,0
TKT013307,2024-02-26 09:43:00,CAT007,AGT012,Cameroun,Chat,5,Résolu,0.6513076764464643,ORANGE — Surveiller,1,1
TKT014964,2024-06-11 16:38:00,CAT007,AGT010,CI,Email,5,Backlog,0.6512904353840692,ORANGE — Surveiller,1,1
TKT014393,2024-05-07 15:48:00,CAT007,AGT012,France,Chat,5,Résolu,0.6512672424784348,ORANGE — Surveiller,1,1
TKT014803,2024-06-01 11:48:00,CAT004,AGT011,Ghana,Téléphone,3,Résolu,0.6511269304010141,ORANGE — Surveiller,1,0
TKT014757,2024-05-29 14:17:00,CAT001,AGT007,Maroc,App mobile,4,Escaladé,0.6510171277195305,ORANGE — Surveiller,1,1
TKT013233,2024-02-21 11:29:00,CAT007,AGT009,Ghana,Email,5,En cours,0.6509618897283338,ORANGE — Surveiller,1,0
TKT014110,2024-04-18 15:58:00,CAT007,AGT010,Senegal,Web form,5,Escaladé,0.6503226910542668,ORANGE — Surveiller,1,1
TKT012860,2024-01-30 17:54:00,CAT003,AGT011,CI,Téléphone,3,En cours,0.6502705219812824,ORANGE — Surveiller,1,1
TKT013092,2024-02-13 07:34:00,CAT001,AGT012,CI,Web form,4,Résolu,0.650229081048781,ORANGE — Surveiller,1,1
TKT014231,2024-04-26 00:42:00,CAT001,AGT011,France,Email,4,Résolu,0.6501442990088923,ORANGE — Surveiller,1,1
TKT014702,2024-05-27 05:32:00,CAT001,AGT009,Mali,Chat,4,Résolu,0.6501305043338068,ORANGE — Surveiller,1,0
TKT013428,2024-03-06 14:01:00,CAT003,AGT011,France,App mobile,3,Escaladé,0.65008589162197,ORANGE — Surveiller,1,1
TKT014954,2024-06-11 14:43:00,CAT003,AGT011,Ghana,Chat,3,En cours,0.650058478661316,ORANGE — Surveiller,1,1
TKT012848,2024-01-29 17:16:00,CAT007,AGT006,Senegal,Chat,5,Escaladé,0.6500401278255948,ORANGE — Surveiller,1,1
TKT014870,2024-06-05 18:38:00,CAT007,AGT012,France,Chat,5,Escaladé,0.6498196178850932,ORANGE — Surveiller,1,1
TKT013855,2024-04-03 21:20:00,CAT004,AGT011,Maroc,Email,3,Backlog,0.6496329519023972,ORANGE — Surveiller,1,1
TKT013484,2024-03-09 10:24:00,CAT007,AGT003,Mali,Téléphone,5,En cours,0.6495353762186648,ORANGE — Surveiller,1,1
TKT014119,2024-04-19 13:20:00,CAT001,AGT009,Senegal,Email,4,Escaladé,0.6495072075396578,ORANGE — Surveiller,1,1
TKT014729,2024-05-28 10:28:00,CAT001,AGT001,CI,Chat,4,Résolu,0.6493190757090158,ORANGE — Surveiller,1,1
TKT015122,2024-06-21 14:03:00,CAT003,AGT011,Senegal,Chat,3,Résolu,0.6491918292512229,ORANGE — Surveiller,1,1
TKT014293,2024-05-01 19:27:00,CAT007,AGT012,CI,App mobile,5,Résolu,0.6491308752883214,ORANGE — Surveiller,1,1
TKT014347,2024-05-04 23:18:00,CAT007,AGT012,CI,Chat,5,Résolu,0.6491232071722686,ORANGE — Surveiller,1,0
TKT013824,2024-04-01 11:30:00,CAT007,AGT012,Maroc,Email,5,Résolu,0.6491131490775416,ORANGE — Surveiller,1,0
TKT013764,2024-03-28 20:56:00,CAT007,AGT001,CI,Web form,5,Résolu,0.6486871289002916,ORANGE — Surveiller,1,0
TKT015057,2024-06-17 16:13:00,CAT001,AGT001,CI,Chat,4,Résolu,0.6486785864688993,ORANGE — Surveiller,1,1
TKT012771,2024-01-25 06:46:00,CAT006,AGT002,Belgique,Téléphone,3,Backlog,0.6485124884598542,ORANGE — Surveiller,1,1
TKT013865,2024-04-03 13:57:00,CAT001,AGT009,Senegal,Téléphone,4,Escaladé,0.6484461239369391,ORANGE — Surveiller,1,1
TKT015033,2024-06-16 10:31:00,CAT007,AGT011,Cameroun,Email,5,Résolu,0.64813474568473,ORANGE — Surveiller,1,1
TKT013894,2024-04-05 15:50:00,CAT007,AGT012,Belgique,Chat,5,En cours,0.6481168568042897,ORANGE — Surveiller,1,1
TKT014777,2024-05-30 04:56:00,CAT001,AGT001,CI,Chat,4,Escaladé,0.648114504678605,ORANGE — Surveiller,1,1
TKT014426,2024-05-09 07:48:00,CAT001,AGT008,Maroc,Email,4,Résolu,0.6479548033856142,ORANGE — Surveiller,1,0
TKT014620,2024-05-21 16:24:00,CAT007,AGT001,Ghana,Chat,5,Résolu,0.6477325808611089,ORANGE — Surveiller,1,1
TKT014524,2024-05-15 14:33:00,CAT003,AGT011,Senegal,Téléphone,3,Escaladé,0.6474665507382533,ORANGE — Surveiller,1,1
TKT014427,2024-05-09 06:17:00,CAT007,AGT009,Senegal,Chat,5,Résolu,0.6472267617971936,ORANGE — Surveiller,1,1
TKT013218,2024-02-20 11:26:00,CAT004,AGT011,CI,Web form,3,Résolu,0.6472177148234219,ORANGE — Surveiller,1,0
TKT013413,2024-03-05 08:56:00,CAT007,AGT008,Mali,App mobile,5,Escaladé,0.6472162515683989,ORANGE — Surveiller,1,1
TKT014856,2024-06-04 17:17:00,CAT001,AGT001,France,Email,4,Escaladé,0.6471749982560873,ORANGE — Surveiller,1,1
TKT014470,2024-05-12 14:27:00,CAT001,AGT001,Senegal,Email,4,Résolu,0.6470312483426928,ORANGE — Surveiller,1,1
TKT013892,2024-04-05 08:01:00,CAT001,AGT009,CI,Téléphone,4,Résolu,0.6468033100240145,ORANGE — Surveiller,1,0
TKT012654,2024-01-19 20:35:00,CAT001,AGT002,Senegal,Chat,4,Résolu,0.6466187190672198,ORANGE — Surveiller,1,0
TKT012680,2024-01-21 14:25:00,CAT001,AGT002,Belgique,Email,4,En cours,0.6462300491979647,ORANGE — Surveiller,1,1
TKT015100,2024-06-19 19:17:00,CAT004,AGT004,Senegal,Web form,3,Escaladé,0.6460927727357954,ORANGE — Surveiller,1,1
TKT013877,2024-04-04 16:34:00,CAT007,AGT006,Senegal,Web form,5,Escaladé,0.6460791451051026,ORANGE — Surveiller,1,1
TKT012310,2024-01-03 09:33:00,CAT007,AGT005,Ghana,App mobile,5,Escaladé,0.6460323162542566,ORANGE — Surveiller,1,1
TKT013102,2024-02-13 10:23:00,CAT007,AGT012,Ghana,Téléphone,5,En cours,0.6459808736511049,ORANGE — Surveiller,1,0
TKT015062,2024-06-18 13:12:00,CAT007,AGT008,Belgique,Téléphone,5,Escaladé,0.6456894384331922,ORANGE — Surveiller,1,1
TKT014568,2024-05-17 06:37:00,CAT003,AGT011,Senegal,Téléphone,3,Résolu,0.645344716746158,ORANGE — Surveiller,1,1
TKT013271,2024-02-23 15:50:00,CAT007,AGT010,Senegal,Web form,5,Résolu,0.6452349286338174,ORANGE — Surveiller,1,1
TKT012649,2024-01-19 09:09:00,CAT006,AGT011,Senegal,Email,3,Résolu,0.6448250784851901,ORANGE — Surveiller,1,0
TKT014080,2024-04-17 14:53:00,CAT001,AGT009,France,App mobile,4,Résolu,0.6446572584485282,ORANGE — Surveiller,1,1
TKT014214,2024-04-25 14:17:00,CAT007,AGT012,Ghana,Chat,5,Escaladé,0.6445987538709218,ORANGE — Surveiller,1,1
TKT013113,2024-02-14 13:32:00,CAT006,AGT011,Mali,Email,3,Backlog,0.6443662937259782,ORANGE — Surveiller,1,1
TKT012845,2024-01-29 14:21:00,CAT007,AGT001,Senegal,Chat,5,Résolu,0.6443284022652973,ORANGE — Surveiller,1,1
TKT014494,2024-05-13 14:19:00,CAT003,AGT002,Ghana,Email,3,Backlog,0.6443099500771852,ORANGE — Surveiller,1,1
TKT014195,2024-04-24 14:06:00,CAT001,AGT009,Belgique,Chat,4,Résolu,0.644215000440836,ORANGE — Surveiller,1,0
TKT013312,2024-02-26 10:53:00,CAT007,AGT008,Cameroun,Email,5,En cours,0.6442134623908832,ORANGE — Surveiller,1,1
TKT013248,2024-02-22 06:03:00,CAT007,AGT009,CI,Chat,5,Escaladé,0.6441726647241538,ORANGE — Surveiller,1,1
TKT013037,2024-02-09 09:45:00,CAT001,AGT001,CI,Email,4,Résolu,0.6441599840268282,ORANGE — Surveiller,1,0
TKT014648,2024-05-23 06:02:00,CAT006,AGT002,Belgique,Chat,3,Fermé,0.6441552618614277,ORANGE — Surveiller,1,1
TKT014495,2024-05-13 08:18:00,CAT001,AGT009,Cameroun,Email,4,Escaladé,0.6441079003968889,ORANGE — Surveiller,1,1
TKT014382,2024-05-06 14:46:00,CAT007,AGT008,France,Email,5,Résolu,0.644053883385492,ORANGE — Surveiller,1,0
TKT012926,2024-02-02 11:31:00,CAT007,AGT009,Senegal,App mobile,5,Escaladé,0.6438512225808617,ORANGE — Surveiller,1,1
TKT012996,2024-02-06 09:23:00,CAT001,AGT002,France,Web form,4,Résolu,0.6435953175667198,ORANGE — Surveiller,1,0
TKT012779,2024-01-26 15:17:00,CAT001,AGT002,Senegal,Chat,4,Résolu,0.6434970726013363,ORANGE — Surveiller,1,0
TKT013406,2024-03-04 15:26:00,CAT007,AGT006,Maroc,Téléphone,5,Résolu,0.6434185526440966,ORANGE — Surveiller,1,1
TKT013620,2024-03-18 17:19:00,CAT004,AGT004,Senegal,Web form,3,Résolu,0.6433014301351504,ORANGE — Surveiller,1,0
TKT013977,2024-04-10 11:46:00,CAT007,AGT008,France,Email,5,En cours,0.6430623060774137,ORANGE — Surveiller,1,1
TKT014217,2024-04-25 10:05:00,CAT001,AGT001,Maroc,Email,4,Résolu,0.6430251082762878,ORANGE — Surveiller,1,1
TKT014542,2024-05-16 14:15:00,CAT007,AGT012,France,Email,5,Résolu,0.6428455575294069,ORANGE — Surveiller,1,0
TKT012504,2024-01-12 14:09:00,CAT007,AGT003,CI,Téléphone,5,Backlog,0.6428101696470792,ORANGE — Surveiller,1,1
TKT014321,2024-05-03 20:15:00,CAT006,AGT004,France,Email,3,Escaladé,0.6428093307650162,ORANGE — Surveiller,1,1
TKT015188,2024-06-25 21:15:00,CAT001,AGT008,Senegal,Email,4,Escaladé,0.642497527919482,ORANGE — Surveiller,1,1
TKT014373,2024-05-06 13:49:00,CAT004,AGT002,Belgique,Téléphone,3,Résolu,0.6424506466162883,ORANGE — Surveiller,1,1
TKT014583,2024-05-19 15:09:00,CAT007,AGT009,France,Email,5,Escaladé,0.6424322781369454,ORANGE — Surveiller,1,1
TKT013270,2024-02-23 15:20:00,CAT001,AGT002,Senegal,Email,4,Escaladé,0.6421665861628432,ORANGE — Surveiller,1,1
TKT014750,2024-05-29 06:58:00,CAT007,AGT009,Senegal,Chat,5,Escaladé,0.6421006881514099,ORANGE — Surveiller,1,1
TKT012958,2024-02-04 14:39:00,CAT003,AGT011,Mali,Chat,3,Résolu,0.6420684340345989,ORANGE — Surveiller,1,1
TKT013759,2024-03-28 10:36:00,CAT007,AGT005,Belgique,Chat,5,Escaladé,0.6420605057143334,ORANGE — Surveiller,1,1
TKT014522,2024-05-15 17:32:00,CAT001,AGT009,CI,Chat,4,Fermé,0.6417948274870827,ORANGE — Surveiller,1,0
TKT015286,2024-06-30 10:35:00,CAT001,AGT009,Ghana,Email,4,En cours,0.6417121834424901,ORANGE — Surveiller,1,1
TKT014188,2024-04-23 06:57:00,CAT001,AGT006,Maroc,Email,4,Résolu,0.6412631275675059,ORANGE — Surveiller,1,1
TKT015009,2024-06-14 09:10:00,CAT001,AGT007,Maroc,Chat,4,Résolu,0.6412529343414426,ORANGE — Surveiller,1,0
TKT012708,2024-01-23 14:23:00,CAT007,AGT001,CI,Email,5,Résolu,0.6412373698713257,ORANGE — Surveiller,1,1
TKT013836,2024-04-02 16:24:00,CAT003,AGT002,CI,App mobile,3,Escaladé,0.6411941965759,ORANGE — Surveiller,1,1
TKT014457,2024-05-10 13:24:00,CAT007,AGT012,France,Téléphone,5,Résolu,0.6411554055216322,ORANGE — Surveiller,1,1
TKT014515,2024-05-14 10:28:00,CAT004,AGT002,France,Email,3,Résolu,0.6410882074584925,ORANGE — Surveiller,1,1
TKT012690,2024-01-22 22:46:00,CAT001,AGT012,France,Chat,4,Escaladé,0.6409450361649269,ORANGE — Surveiller,1,1
TKT014370,2024-05-06 08:24:00,CAT001,AGT009,Ghana,Téléphone,4,Escaladé,0.6409120691755309,ORANGE — Surveiller,1,1
TKT014037,2024-04-14 13:43:00,CAT003,AGT004,CI,Email,3,Escaladé,0.6408793492188338,ORANGE — Surveiller,1,1
TKT015094,2024-06-19 05:32:00,CAT006,AGT011,CI,Chat,3,En cours,0.640798528961334,ORANGE — Surveiller,1,1
TKT013447,2024-03-06 07:43:00,CAT001,AGT012,CI,Chat,4,Escaladé,0.6405113789538328,ORANGE — Surveiller,1,1
TKT013063,2024-02-11 07:06:00,CAT001,AGT011,Mali,Email,4,Résolu,0.6404042364759103,ORANGE — Surveiller,1,0
TKT014991,2024-06-13 16:55:00,CAT007,AGT006,France,Téléphone,5,Résolu,0.6403263101708278,ORANGE — Surveiller,1,0
TKT015275,2024-06-29 17:37:00,CAT004,AGT011,France,Téléphone,3,Escaladé,0.6397862215427813,ORANGE — Surveiller,1,1
TKT013300,2024-02-25 09:54:00,CAT007,AGT012,Senegal,App mobile,5,En cours,0.639670855246556,ORANGE — Surveiller,1,1
TKT013521,2024-03-12 17:58:00,CAT003,AGT002,CI,Chat,3,Escaladé,0.6396005081066325,ORANGE — Surveiller,1,1
TKT013190,2024-02-19 07:33:00,CAT001,AGT006,Senegal,Email,4,Résolu,0.6395831667806395,ORANGE — Surveiller,1,1
TKT013401,2024-03-04 21:30:00,CAT003,AGT004,CI,Téléphone,3,Escaladé,0.6395341235315904,ORANGE — Surveiller,1,1
TKT015223,2024-06-26 13:55:00,CAT001,AGT012,Senegal,App mobile,4,Résolu,0.6395105313466533,ORANGE — Surveiller,1,1
TKT014283,2024-04-30 14:13:00,CAT001,AGT001,CI,Chat,4,Escaladé,0.6395036544907318,ORANGE — Surveiller,1,1
TKT012740,2024-01-24 16:56:00,CAT001,AGT001,Senegal,Email,4,Résolu,0.6394121298730561,ORANGE — Surveiller,1,0
TKT012520,2024-01-13 12:59:00,CAT007,AGT011,France,App mobile,5,En cours,0.6393823339052215,ORANGE — Surveiller,1,1
TKT014678,2024-05-24 17:19:00,CAT001,AGT009,CI,Email,4,Résolu,0.6391419306326963,ORANGE — Surveiller,1,0
TKT013474,2024-03-08 12:44:00,CAT006,AGT004,Ghana,Téléphone,3,Résolu,0.6390466742608677,ORANGE — Surveiller,1,0
TKT014761,2024-05-29 09:58:00,CAT007,AGT009,Cameroun,Web form,5,Résolu,0.639001882800633,ORANGE — Surveiller,1,0
TKT015008,2024-06-14 14:11:00,CAT001,AGT001,France,Web form,4,Résolu,0.6389555075668109,ORANGE — Surveiller,1,1
TKT012777,2024-01-25 08:07:00,CAT007,AGT009,Maroc,Téléphone,5,Résolu,0.6388944290381591,ORANGE — Surveiller,1,0
TKT014502,2024-05-14 10:16:00,CAT003,AGT002,France,Email,3,Backlog,0.6386165174642566,ORANGE — Surveiller,1,1
TKT012254,2024-01-01 12:14:00,CAT007,AGT006,CI,Téléphone,5,En cours,0.6384934635123851,ORANGE — Surveiller,1,0
TKT014323,2024-05-03 07:45:00,CAT001,AGT007,Cameroun,Email,4,Escaladé,0.6384488095650698,ORANGE — Surveiller,1,1
TKT012911,2024-02-01 17:54:00,CAT004,AGT002,France,Email,3,Résolu,0.6380788437482159,ORANGE — Surveiller,1,0
TKT012791,2024-01-26 10:38:00,CAT007,AGT003,Ghana,Téléphone,5,Escaladé,0.6380739158493819,ORANGE — Surveiller,1,1
TKT012441,2024-01-09 15:15:00,CAT006,AGT011,CI,Email,3,En cours,0.6380386718141552,ORANGE — Surveiller,1,0
TKT015213,2024-06-26 13:49:00,CAT003,AGT011,Mali,Chat,3,En cours,0.6380064250764564,ORANGE — Surveiller,1,1
TKT012866,2024-01-30 14:50:00,CAT007,AGT006,CI,Email,5,Résolu,0.637938590376854,ORANGE — Surveiller,1,0
TKT012359,2024-01-05 18:53:00,CAT003,AGT011,Cameroun,Téléphone,3,Escaladé,0.6379231546946742,ORANGE — Surveiller,1,1
TKT012783,2024-01-26 23:40:00,CAT003,AGT002,Ghana,Email,3,Escaladé,0.6377268884561418,ORANGE — Surveiller,1,1
TKT013416,2024-03-05 10:13:00,CAT003,AGT004,CI,Téléphone,3,Escaladé,0.6377054788184637,ORANGE — Surveiller,1,1
TKT013674,2024-03-22 20:59:00,CAT007,AGT008,CI,Téléphone,5,Escaladé,0.6373206341754838,ORANGE — Surveiller,1,1
TKT015278,2024-06-30 19:55:00,CAT001,AGT001,CI,Téléphone,4,Escaladé,0.6372177836972297,ORANGE — Surveiller,1,1
TKT014602,2024-05-20 18:27:00,CAT004,AGT004,France,Web form,3,Escaladé,0.6370628993504135,ORANGE — Surveiller,1,1
TKT012954,2024-02-03 14:30:00,CAT001,AGT009,CI,Email,4,Résolu,0.6370140467374049,ORANGE — Surveiller,1,1
TKT014521,2024-05-15 18:43:00,CAT003,AGT002,France,Email,3,Escaladé,0.63689649605798,ORANGE — Surveiller,1,1
TKT013995,2024-04-11 12:23:00,CAT007,AGT012,CI,Email,5,Résolu,0.6367979055449879,ORANGE — Surveiller,1,1
TKT014316,2024-05-02 14:33:00,CAT007,AGT010,CI,Téléphone,5,Résolu,0.636716861435912,ORANGE — Surveiller,1,1
TKT013166,2024-02-17 14:25:00,CAT001,AGT002,Senegal,Email,4,Fermé,0.6366832051605562,ORANGE — Surveiller,1,1
TKT012839,2024-01-29 14:26:00,CAT004,AGT011,CI,Email,3,Résolu,0.6366794055787711,ORANGE — Surveiller,1,1
TKT012775,2024-01-25 17:24:00,CAT003,AGT011,Senegal,Chat,3,Escaladé,0.6366753633706838,ORANGE — Surveiller,1,1
TKT012886,2024-01-31 14:31:00,CAT007,AGT009,Mali,Téléphone,5,Résolu,0.6366078592680139,ORANGE — Surveiller,1,1
TKT012746,2024-01-24 07:36:00,CAT001,AGT008,France,Email,4,Résolu,0.6365452259519286,ORANGE — Surveiller,1,1
TKT014950,2024-06-11 12:34:00,CAT001,AGT012,Senegal,Chat,4,Escaladé,0.636463440903965,ORANGE — Surveiller,1,1
TKT014905,2024-06-07 18:59:00,CAT006,AGT011,Cameroun,Email,3,Backlog,0.6364566980002355,ORANGE — Surveiller,1,1
TKT014646,2024-05-23 13:38:00,CAT001,AGT007,Maroc,Email,4,Résolu,0.6362992745866438,ORANGE — Surveiller,1,0
TKT014723,2024-05-28 06:11:00,CAT001,AGT007,Ghana,Chat,4,Escaladé,0.6362181894067238,ORANGE — Surveiller,1,1
TKT013237,2024-02-21 07:29:00,CAT001,AGT001,Cameroun,Chat,4,Escaladé,0.636128965726148,ORANGE — Surveiller,1,1
TKT013955,2024-04-09 13:09:00,CAT003,AGT011,Cameroun,App mobile,3,Résolu,0.635943691216682,ORANGE — Surveiller,1,1
TKT012613,2024-01-17 07:53:00,CAT004,AGT011,CI,Téléphone,3,En cours,0.635815400935281,ORANGE — Surveiller,1,0
TKT014168,2024-04-22 08:56:00,CAT001,AGT009,Cameroun,Téléphone,4,En cours,0.6358093157658913,ORANGE — Surveiller,1,1
TKT012609,2024-01-17 17:57:00,CAT004,AGT004,CI,Email,3,Résolu,0.6356000021305221,ORANGE — Surveiller,1,1
TKT015068,2024-06-18 12:07:00,CAT001,AGT007,CI,Chat,4,Résolu,0.6355264140604527,ORANGE — Surveiller,1,0
TKT013469,2024-03-08 08:32:00,CAT001,AGT010,Belgique,Chat,4,Résolu,0.6354742565131184,ORANGE — Surveiller,1,0
TKT012869,2024-01-30 06:00:00,CAT001,AGT012,Ghana,Téléphone,4,Résolu,0.6353588839063518,ORANGE — Surveiller,1,1
TKT013348,2024-02-28 17:26:00,CAT007,AGT006,CI,Email,5,Résolu,0.6353474270293082,ORANGE — Surveiller,1,0
TKT014140,2024-04-21 13:52:00,CAT003,AGT002,CI,Chat,3,En cours,0.6352448122231362,ORANGE — Surveiller,1,0
TKT013438,2024-03-06 19:05:00,CAT007,AGT005,Ghana,Web form,5,Résolu,0.6350263688267165,ORANGE — Surveiller,1,1
TKT012612,2024-01-17 19:43:00,CAT004,AGT011,Maroc,Email,3,En cours,0.6349681435978116,ORANGE — Surveiller,1,1
TKT015072,2024-06-18 11:32:00,CAT001,AGT012,Senegal,Téléphone,4,Résolu,0.6349255733534825,ORANGE — Surveiller,1,1
TKT012281,2024-01-02 09:36:00,CAT007,AGT012,CI,Chat,5,Escaladé,0.6348404619270375,ORANGE — Surveiller,1,1
TKT012701,2024-01-22 07:43:00,CAT001,AGT007,Senegal,Chat,4,Résolu,0.6348163804306192,ORANGE — Surveiller,1,1
TKT013917,2024-04-07 12:56:00,CAT007,AGT005,France,Chat,5,Backlog,0.6346192489122939,ORANGE — Surveiller,1,1
TKT014388,2024-05-07 20:59:00,CAT001,AGT012,Senegal,App mobile,4,Résolu,0.6346126303534139,ORANGE — Surveiller,1,0
TKT013206,2024-02-20 12:18:00,CAT007,AGT005,Ghana,Email,5,Résolu,0.6344249619812311,ORANGE — Surveiller,1,1
TKT014927,2024-06-09 18:49:00,CAT001,AGT007,France,Email,4,En cours,0.6342907299163131,ORANGE — Surveiller,1,0
TKT013086,2024-02-12 10:45:00,CAT004,AGT011,Maroc,Web form,3,Résolu,0.6341306450103319,ORANGE — Surveiller,1,0
TKT012604,2024-01-17 05:12:00,CAT003,AGT004,Senegal,Web form,3,Escaladé,0.6340838565450876,ORANGE — Surveiller,1,1
TKT014966,2024-06-12 16:28:00,CAT006,AGT002,Cameroun,Email,3,Résolu,0.6340353824320638,ORANGE — Surveiller,1,0
TKT012493,2024-01-12 17:08:00,CAT007,AGT003,Maroc,Email,5,Escaladé,0.6339124796561503,ORANGE — Surveiller,1,1
TKT013751,2024-03-27 17:24:00,CAT004,AGT002,CI,Web form,3,En cours,0.6338877312408091,ORANGE — Surveiller,1,1
TKT013442,2024-03-06 11:15:00,CAT003,AGT011,Mali,Chat,3,Résolu,0.6338378760955393,ORANGE — Surveiller,1,1
TKT012475,2024-01-11 10:24:00,CAT007,AGT006,France,Email,5,Escaladé,0.6337700250689118,ORANGE — Surveiller,1,1
TKT012729,2024-01-24 10:03:00,CAT001,AGT011,Senegal,Téléphone,4,Résolu,0.6337173095027234,ORANGE — Surveiller,1,0
TKT014148,2024-04-21 08:45:00,CAT007,AGT006,CI,Téléphone,5,Escaladé,0.633623345477693,ORANGE — Surveiller,1,1
TKT014706,2024-05-27 17:25:00,CAT003,AGT004,Senegal,Chat,3,Résolu,0.633571305049255,ORANGE — Surveiller,1,1
TKT012539,2024-01-14 07:41:00,CAT001,AGT007,CI,Chat,4,Résolu,0.6335511478930723,ORANGE — Surveiller,1,0
TKT012410,2024-01-08 09:32:00,CAT003,AGT002,France,Email,3,Backlog,0.6335363382107411,ORANGE — Surveiller,1,1
TKT012773,2024-01-25 07:28:00,CAT006,AGT004,CI,Email,3,Résolu,0.633401347912913,ORANGE — Surveiller,1,1
TKT014694,2024-05-26 19:05:00,CAT007,AGT002,Cameroun,Chat,5,En cours,0.6332594799852702,ORANGE — Surveiller,1,1
TKT014177,2024-04-23 16:24:00,CAT004,AGT002,Ghana,Email,3,Escaladé,0.6331546738860686,ORANGE — Surveiller,1,1
TKT015259,2024-06-28 21:57:00,CAT001,AGT003,Senegal,Chat,4,En cours,0.6330454311625031,ORANGE — Surveiller,1,1
TKT013827,2024-04-01 14:57:00,CAT001,AGT007,CI,Chat,4,Escaladé,0.6330227859951231,ORANGE — Surveiller,1,1
TKT014422,2024-05-09 12:21:00,CAT003,AGT002,CI,Email,3,Escaladé,0.6329341815481045,ORANGE — Surveiller,1,1
TKT013376,2024-03-02 14:29:00,CAT001,AGT007,Mali,Email,4,Escaladé,0.6328811513286438,ORANGE — Surveiller,1,1
TKT015084,2024-06-19 11:17:00,CAT001,AGT012,Senegal,Téléphone,4,En cours,0.632817374819143,ORANGE — Surveiller,1,0
TKT014553,2024-05-17 14:14:00,CAT001,AGT007,France,Email,4,Escaladé,0.6327049791199317,ORANGE — Surveiller,1,1
TKT013375,2024-03-02 14:17:00,CAT007,AGT008,Belgique,Téléphone,5,Escaladé,0.6326239368831748,ORANGE — Surveiller,1,1
TKT014555,2024-05-17 07:21:00,CAT001,AGT006,Mali,Chat,4,Résolu,0.6325890771344278,ORANGE — Surveiller,1,0
TKT012854,2024-01-30 08:19:00,CAT007,AGT008,Maroc,Chat,5,Fermé,0.6325727604264992,ORANGE — Surveiller,1,1
TKT012273,2024-01-02 14:18:00,CAT007,AGT001,CI,Chat,5,En cours,0.6324856513608071,ORANGE — Surveiller,1,1
TKT012890,2024-01-31 23:35:00,CAT007,AGT012,France,Chat,5,Escaladé,0.6323564880792581,ORANGE — Surveiller,1,1
TKT014185,2024-04-23 13:37:00,CAT001,AGT009,France,Email,4,Escaladé,0.6322877225079935,ORANGE — Surveiller,1,1
TKT012318,2024-01-03 17:41:00,CAT007,AGT009,Ghana,Téléphone,5,Résolu,0.6321520396101605,ORANGE — Surveiller,1,0
TKT014838,2024-06-03 08:44:00,CAT006,AGT004,Maroc,Web form,3,Résolu,0.632115023338379,ORANGE — Surveiller,1,0
TKT014773,2024-05-30 09:51:00,CAT001,AGT012,Senegal,Téléphone,4,Résolu,0.632058398820122,ORANGE — Surveiller,1,1
TKT013515,2024-03-11 15:11:00,CAT003,AGT002,CI,Téléphone,3,Backlog,0.6318035763130682,ORANGE — Surveiller,1,1
TKT012965,2024-02-04 07:46:00,CAT002,AGT004,France,Email,2,Résolu,0.6317285876550756,ORANGE — Surveiller,1,0
TKT013968,2024-04-10 15:39:00,CAT006,AGT004,CI,Email,3,Escaladé,0.631594082713016,ORANGE — Surveiller,1,1
TKT014074,2024-04-17 13:57:00,CAT001,AGT001,France,Chat,4,Résolu,0.6315765975464276,ORANGE — Surveiller,1,1
TKT012298,2024-01-03 15:13:00,CAT007,AGT001,Belgique,Email,5,Escaladé,0.6313483212463953,ORANGE — Surveiller,1,1
TKT012569,2024-01-15 06:29:00,CAT004,AGT002,Ghana,Chat,3,Résolu,0.6313194942218436,ORANGE — Surveiller,1,1
TKT015171,2024-06-24 14:42:00,CAT004,AGT011,France,App mobile,3,Escaladé,0.6312626064305128,ORANGE — Surveiller,1,1
TKT012787,2024-01-26 11:15:00,CAT007,AGT005,Senegal,Web form,5,Résolu,0.6311221435238167,ORANGE — Surveiller,1,1
TKT015164,2024-06-24 11:40:00,CAT001,AGT007,CI,Chat,4,En cours,0.6310285700271479,ORANGE — Surveiller,1,0
TKT012920,2024-02-01 16:49:00,CAT004,AGT004,CI,Email,3,Résolu,0.6309365551700152,ORANGE — Surveiller,1,1
TKT012726,2024-01-24 12:57:00,CAT003,AGT011,Mali,Email,3,Résolu,0.6305939232842227,ORANGE — Surveiller,1,0
TKT013777,2024-03-29 16:27:00,CAT001,AGT009,Cameroun,App mobile,4,Escaladé,0.6304672477739475,ORANGE — Surveiller,1,1
TKT013618,2024-03-18 11:51:00,CAT003,AGT004,France,Email,3,Escaladé,0.6304061382387716,ORANGE — Surveiller,1,1
TKT012583,2024-01-16 13:10:00,CAT003,AGT004,Belgique,Chat,3,Résolu,0.6303142012298123,ORANGE — Surveiller,1,1
TKT014591,2024-05-20 17:40:00,CAT007,AGT010,CI,Web form,5,Escaladé,0.6301710838952714,ORANGE — Surveiller,1,1
TKT014319,2024-05-03 07:35:00,CAT001,AGT001,CI,Web form,4,Résolu,0.6301110133008365,ORANGE — Surveiller,1,1
TKT012991,2024-02-06 15:28:00,CAT004,AGT002,Belgique,Chat,3,Escaladé,0.6300984307774908,ORANGE — Surveiller,1,1
TKT014262,2024-04-29 16:51:00,CAT004,AGT011,Mali,Téléphone,3,Backlog,0.6298824129434938,ORANGE — Surveiller,1,1
TKT013613,2024-03-18 09:34:00,CAT001,AGT009,Maroc,Email,4,En cours,0.6298765791458381,ORANGE — Surveiller,1,1
TKT013627,2024-03-19 08:38:00,CAT006,AGT004,Maroc,Email,3,Résolu,0.6297715044221476,ORANGE — Surveiller,1,0
TKT012707,2024-01-23 17:54:00,CAT001,AGT003,Senegal,Email,4,Fermé,0.6296657504549473,ORANGE — Surveiller,1,1
TKT014634,2024-05-22 13:00:00,CAT006,AGT011,CI,Chat,3,Escaladé,0.6293541128896742,ORANGE — Surveiller,1,1
TKT015183,2024-06-25 13:25:00,CAT001,AGT008,Senegal,Chat,4,Escaladé,0.6293166850893372,ORANGE — Surveiller,1,1
TKT014402,2024-05-07 14:30:00,CAT004,AGT011,Maroc,Chat,3,Escaladé,0.6292653044022835,ORANGE — Surveiller,1,1
TKT012498,2024-01-12 12:07:00,CAT007,AGT009,Mali,Téléphone,5,Résolu,0.6291702315969634,ORANGE — Surveiller,1,0
TKT012369,2024-01-06 08:11:00,CAT007,AGT011,France,Chat,5,Résolu,0.6291546155284423,ORANGE — Surveiller,1,1
TKT013864,2024-04-03 10:13:00,CAT001,AGT001,Mali,Chat,4,Escaladé,0.6290826933067067,ORANGE — Surveiller,1,1
TKT013104,2024-02-13 17:30:00,CAT007,AGT012,Belgique,Email,5,Résolu,0.6290514599320152,ORANGE — Surveiller,1,0
TKT014307,2024-05-02 16:08:00,CAT003,AGT004,France,Email,3,Résolu,0.628822697318028,ORANGE — Surveiller,1,1
TKT013489,2024-03-09 10:59:00,CAT001,AGT009,Ghana,Email,4,En cours,0.6288094768733388,ORANGE — Surveiller,1,0
TKT015273,2024-06-29 15:15:00,CAT007,AGT010,Mali,Web form,5,Résolu,0.6285376600965509,ORANGE — Surveiller,1,1
TKT012794,2024-01-26 11:15:00,CAT007,AGT009,France,Téléphone,5,En cours,0.6284041647974066,ORANGE — Surveiller,1,1
TKT014711,2024-05-27 16:47:00,CAT003,AGT002,Senegal,Email,3,Résolu,0.6282656915402012,ORANGE — Surveiller,1,0
TKT014861,2024-06-04 09:48:00,CAT006,AGT002,CI,Email,3,Fermé,0.6280404365489558,ORANGE — Surveiller,1,1
TKT012447,2024-01-10 11:53:00,CAT007,AGT001,Maroc,Email,5,Résolu,0.6280367172361876,ORANGE — Surveiller,1,1
TKT012363,2024-01-05 18:04:00,CAT007,AGT012,Senegal,App mobile,5,Résolu,0.6279441580971398,ORANGE — Surveiller,1,0
TKT012575,2024-01-16 07:10:00,CAT004,AGT004,Belgique,Email,3,En cours,0.6279105421773193,ORANGE — Surveiller,1,1
TKT013719,2024-03-25 14:11:00,CAT006,AGT004,Ghana,Téléphone,3,Backlog,0.6274426568725852,ORANGE — Surveiller,1,1
TKT014435,2024-05-09 19:11:00,CAT007,AGT012,CI,Téléphone,5,Résolu,0.6273821540047518,ORANGE — Surveiller,1,0
TKT012850,2024-01-30 15:06:00,CAT007,AGT008,Senegal,Chat,5,Résolu,0.626967359091369,ORANGE — Surveiller,1,1
TKT013742,2024-03-27 14:21:00,CAT001,AGT001,Senegal,App mobile,4,Résolu,0.6269163677935523,ORANGE — Surveiller,1,1
TKT012792,2024-01-26 12:14:00,CAT007,AGT009,Maroc,Téléphone,5,Résolu,0.6267677957563335,ORANGE — Surveiller,1,1
TKT013247,2024-02-22 08:29:00,CAT003,AGT011,Maroc,Email,3,Résolu,0.6265924732601138,ORANGE — Surveiller,1,0
TKT012661,2024-01-19 22:46:00,CAT001,AGT011,Cameroun,App mobile,4,Escaladé,0.6264554013992059,ORANGE — Surveiller,1,1
TKT014949,2024-06-10 12:49:00,CAT006,AGT002,Cameroun,Email,3,Escaladé,0.6256089122707454,ORANGE — Surveiller,1,1
TKT013222,2024-02-20 12:05:00,CAT007,AGT008,France,Email,5,Escaladé,0.625353331756845,ORANGE — Surveiller,1,1
TKT013703,2024-03-24 13:21:00,CAT003,AGT004,Senegal,Téléphone,3,Résolu,0.6252361298792853,ORANGE — Surveiller,1,1
TKT014953,2024-06-11 11:05:00,CAT003,AGT011,Senegal,App mobile,3,Résolu,0.6250955193984974,ORANGE — Surveiller,1,1
TKT013726,2024-03-26 03:41:00,CAT001,AGT007,CI,Email,4,Résolu,0.6250554303306489,ORANGE — Surveiller,1,1
TKT014506,2024-05-14 06:05:00,CAT006,AGT011,CI,Chat,3,Résolu,0.6246066026825399,ORANGE — Surveiller,1,0
TKT014064,2024-04-16 14:47:00,CAT003,AGT011,Senegal,App mobile,3,Résolu,0.6245603754693668,ORANGE — Surveiller,1,0
TKT012676,2024-01-21 10:32:00,CAT003,AGT004,CI,Chat,3,En cours,0.6244227704293727,ORANGE — Surveiller,1,0
TKT012428,2024-01-09 17:09:00,CAT001,AGT012,Senegal,Téléphone,4,Escaladé,0.6244104330971795,ORANGE — Surveiller,1,1
TKT013383,2024-03-03 14:10:00,CAT007,AGT006,Mali,Email,5,Résolu,0.6243732703884977,ORANGE — Surveiller,1,0
TKT015070,2024-06-18 09:16:00,CAT001,AGT007,Senegal,App mobile,4,Backlog,0.6242847150961055,ORANGE — Surveiller,1,1
TKT014343,2024-05-04 18:41:00,CAT007,AGT012,Ghana,Email,5,Résolu,0.6240999981295561,ORANGE — Surveiller,1,0
TKT012399,2024-01-08 21:45:00,CAT001,AGT012,Maroc,Chat,4,Escaladé,0.6240833917373645,ORANGE — Surveiller,1,1
TKT013126,2024-02-14 11:21:00,CAT007,AGT005,France,Email,5,Résolu,0.6239026399267418,ORANGE — Surveiller,1,0
TKT013694,2024-03-23 13:14:00,CAT007,AGT010,Senegal,Téléphone,5,Résolu,0.6238402619842356,ORANGE — Surveiller,1,1
TKT015210,2024-06-26 18:52:00,CAT007,AGT010,CI,Téléphone,5,En cours,0.6237285597142268,ORANGE — Surveiller,1,1
TKT013441,2024-03-06 15:28:00,CAT003,AGT002,Ghana,Téléphone,3,Résolu,0.6236766993266523,ORANGE — Surveiller,1,1
TKT013089,2024-02-13 14:08:00,CAT003,AGT004,Senegal,Téléphone,3,Escaladé,0.6235355671164934,ORANGE — Surveiller,1,1
TKT014972,2024-06-12 17:57:00,CAT001,AGT008,Mali,Email,4,Résolu,0.6235293576567315,ORANGE — Surveiller,1,1
TKT012448,2024-01-10 11:04:00,CAT003,AGT004,Belgique,Email,3,Escaladé,0.6235083045464321,ORANGE — Surveiller,1,1
TKT013630,2024-03-19 12:37:00,CAT001,AGT009,Maroc,Téléphone,4,En cours,0.6233446709383004,ORANGE — Surveiller,1,0
TKT013755,2024-03-27 11:41:00,CAT004,AGT002,CI,Chat,3,Résolu,0.6233171386685248,ORANGE — Surveiller,1,0
TKT013858,2024-04-03 10:48:00,CAT001,AGT012,CI,Téléphone,4,Résolu,0.6232291301559783,ORANGE — Surveiller,1,1
TKT015097,2024-06-19 16:38:00,CAT001,AGT008,Senegal,Chat,4,En cours,0.6232171867707982,ORANGE — Surveiller,1,0
TKT012553,2024-01-14 16:49:00,CAT006,AGT011,CI,Chat,3,Escaladé,0.6231696757658112,ORANGE — Surveiller,1,1
TKT013012,2024-02-07 21:04:00,CAT003,AGT011,CI,Téléphone,3,Backlog,0.6231401469926497,ORANGE — Surveiller,1,1
TKT012335,2024-01-04 19:37:00,CAT007,AGT008,Senegal,Email,5,Escaladé,0.623106537730966,ORANGE — Surveiller,1,1
TKT013455,2024-03-07 18:28:00,CAT007,AGT012,Cameroun,Chat,5,Résolu,0.6230758271832615,ORANGE — Surveiller,1,1
TKT014334,2024-05-03 11:49:00,CAT001,AGT012,Senegal,Chat,4,Résolu,0.622953552173122,ORANGE — Surveiller,1,1
TKT014512,2024-05-14 07:57:00,CAT006,AGT004,Cameroun,Téléphone,3,Fermé,0.6228553218086847,ORANGE — Surveiller,1,1
TKT014023,2024-04-12 18:51:00,CAT001,AGT007,CI,Email,4,Escaladé,0.6227886085625609,ORANGE — Surveiller,1,1
TKT013008,2024-02-07 07:22:00,CAT001,AGT006,Senegal,Email,4,Résolu,0.6227512160890991,ORANGE — Surveiller,1,0
TKT012554,2024-01-15 11:57:00,CAT003,AGT002,Ghana,Email,3,Résolu,0.622642360715088,ORANGE — Surveiller,1,0
TKT015229,2024-06-26 08:09:00,CAT004,AGT002,Cameroun,Chat,3,Backlog,0.622475167270556,ORANGE — Surveiller,1,1
TKT012652,2024-01-19 08:44:00,CAT001,AGT009,Mali,Téléphone,4,En cours,0.6224458609766707,ORANGE — Surveiller,1,1
TKT014451,2024-05-10 09:00:00,CAT001,AGT008,CI,App mobile,4,Résolu,0.6222615822755515,ORANGE — Surveiller,1,0
TKT013743,2024-03-27 16:44:00,CAT001,AGT009,Ghana,Email,4,Backlog,0.622215454862906,ORANGE — Surveiller,1,1
TKT015086,2024-06-19 11:15:00,CAT004,AGT004,Senegal,Email,3,Résolu,0.6217270704715105,ORANGE — Surveiller,1,1
TKT014800,2024-06-01 11:13:00,CAT007,AGT006,CI,Téléphone,5,Résolu,0.6217165890901175,ORANGE — Surveiller,1,1
TKT014652,2024-05-23 13:22:00,CAT001,AGT008,France,Web form,4,En cours,0.621695578427476,ORANGE — Surveiller,1,0
TKT014115,2024-04-19 15:34:00,CAT004,AGT011,Mali,App mobile,3,Résolu,0.6215818388176457,ORANGE — Surveiller,1,1
TKT015235,2024-06-27 15:07:00,CAT001,AGT012,France,Téléphone,4,Escaladé,0.6214852026626383,ORANGE — Surveiller,1,1
TKT014957,2024-06-11 12:18:00,CAT003,AGT002,Senegal,Chat,3,Escaladé,0.6213600587708819,ORANGE — Surveiller,1,1
TKT014663,2024-05-24 18:01:00,CAT004,AGT011,France,App mobile,3,Escaladé,0.6212996987626174,ORANGE — Surveiller,1,1
TKT013516,2024-03-11 18:33:00,CAT004,AGT011,CI,Chat,3,Escaladé,0.621231226416047,ORANGE — Surveiller,1,1
TKT013407,2024-03-05 17:41:00,CAT007,AGT008,Ghana,Chat,5,Escaladé,0.6211122255201953,ORANGE — Surveiller,1,1
TKT012403,2024-01-08 16:56:00,CAT001,AGT009,Senegal,App mobile,4,Résolu,0.6210944465617826,ORANGE — Surveiller,1,0
TKT014718,2024-05-28 09:11:00,CAT001,AGT012,France,Téléphone,4,Escaladé,0.6209798825720086,ORANGE — Surveiller,1,1
TKT014604,2024-05-21 19:15:00,CAT004,AGT004,Maroc,Email,3,Escaladé,0.6209597212810439,ORANGE — Surveiller,1,1
TKT014458,2024-05-10 08:24:00,CAT001,AGT007,Senegal,Email,4,Résolu,0.6209479649700899,ORANGE — Surveiller,1,1
TKT013667,2024-03-21 11:39:00,CAT001,AGT003,Belgique,App mobile,4,Backlog,0.620937147778204,ORANGE — Surveiller,1,1
TKT014878,2024-06-05 09:18:00,CAT001,AGT003,Belgique,Email,4,Résolu,0.6207676281235537,ORANGE — Surveiller,1,1
TKT012303,2024-01-03 02:06:00,CAT001,AGT003,France,Email,4,Fermé,0.6206108445148124,ORANGE — Surveiller,1,0
TKT014708,2024-05-27 14:03:00,CAT001,AGT008,CI,Téléphone,4,Backlog,0.6205937589415859,ORANGE — Surveiller,1,1
TKT014621,2024-05-21 13:46:00,CAT001,AGT010,Maroc,Web form,4,En cours,0.6203495751774168,ORANGE — Surveiller,1,1
TKT014285,2024-04-30 14:52:00,CAT006,AGT004,CI,Email,3,En cours,0.6203450204583246,ORANGE — Surveiller,1,1
TKT013094,2024-02-13 12:35:00,CAT003,AGT002,CI,Email,3,En cours,0.6201403218002217,ORANGE — Surveiller,1,0
TKT014463,2024-05-11 17:32:00,CAT001,AGT007,France,Web form,4,Résolu,0.6201280653085349,ORANGE — Surveiller,1,0
TKT012655,2024-01-19 05:07:00,CAT007,AGT001,Maroc,Email,5,Résolu,0.6201179140707067,ORANGE — Surveiller,1,1
TKT013103,2024-02-13 13:01:00,CAT003,AGT011,Senegal,App mobile,3,Résolu,0.620112767206598,ORANGE — Surveiller,1,1
TKT012659,2024-01-19 09:38:00,CAT006,AGT004,Senegal,Email,3,Résolu,0.6199656889261963,ORANGE — Surveiller,1,1
TKT014460,2024-05-10 09:39:00,CAT001,AGT007,Senegal,Téléphone,4,Résolu,0.6198693279338082,ORANGE — Surveiller,1,0
TKT014137,2024-04-20 12:19:00,CAT001,AGT012,CI,App mobile,4,Fermé,0.6198670979964188,ORANGE — Surveiller,1,0
TKT014633,2024-05-22 10:20:00,CAT001,AGT008,Maroc,Chat,4,Résolu,0.6198091804524002,ORANGE — Surveiller,1,1
TKT012743,2024-01-24 08:54:00,CAT004,AGT002,France,Téléphone,3,Résolu,0.6197007911281057,ORANGE — Surveiller,1,1
TKT013973,2024-04-10 07:31:00,CAT001,AGT005,France,Téléphone,4,Résolu,0.6196469571297214,ORANGE — Surveiller,1,0
TKT013962,2024-04-09 09:49:00,CAT003,AGT004,Senegal,App mobile,3,Escaladé,0.6196159077402418,ORANGE — Surveiller,1,1
TKT014394,2024-05-07 17:18:00,CAT006,AGT002,CI,Téléphone,3,Fermé,0.6195320265516238,ORANGE — Surveiller,1,0
TKT013170,2024-02-17 15:20:00,CAT007,AGT007,France,Web form,5,Escaladé,0.6193668602828928,ORANGE — Surveiller,1,1
TKT013854,2024-04-03 08:38:00,CAT001,AGT012,CI,Email,4,Résolu,0.619349292159148,ORANGE — Surveiller,1,0
TKT012594,2024-01-16 18:58:00,CAT004,AGT011,Mali,Web form,3,Résolu,0.6192858885019104,ORANGE — Surveiller,1,1
TKT012443,2024-01-09 13:17:00,CAT007,AGT010,France,Téléphone,5,Escaladé,0.619281146616133,ORANGE — Surveiller,1,1
TKT014396,2024-05-07 08:34:00,CAT004,AGT011,CI,Chat,3,Résolu,0.6192436505861759,ORANGE — Surveiller,1,0
TKT015132,2024-06-21 09:29:00,CAT001,AGT008,Senegal,Web form,4,Escaladé,0.6190128774932512,ORANGE — Surveiller,1,1
TKT012610,2024-01-17 14:35:00,CAT001,AGT009,Mali,Chat,4,En cours,0.6189550858380479,ORANGE — Surveiller,1,1
TKT013989,2024-04-11 11:06:00,CAT004,AGT002,Mali,Email,3,Résolu,0.6185396423374919,ORANGE — Surveiller,1,0
TKT014868,2024-06-05 11:44:00,CAT003,AGT004,CI,Email,3,En cours,0.6184166229921503,ORANGE — Surveiller,1,1
TKT014066,2024-04-16 17:13:00,CAT004,AGT002,Cameroun,Téléphone,3,Résolu,0.6182564437282171,ORANGE — Surveiller,1,0
TKT014314,2024-05-02 09:33:00,CAT003,AGT011,Mali,App mobile,3,Escaladé,0.6180223131205895,ORANGE — Surveiller,1,1
TKT013842,2024-04-02 08:43:00,CAT001,AGT010,Ghana,Téléphone,4,Résolu,0.6179203052075674,ORANGE — Surveiller,1,0
TKT013690,2024-03-23 16:32:00,CAT007,AGT002,Maroc,Téléphone,5,Escaladé,0.6178495329393332,ORANGE — Surveiller,1,1
TKT012895,2024-01-31 08:13:00,CAT001,AGT011,Senegal,Téléphone,4,Résolu,0.6177968345167968,ORANGE — Surveiller,1,0
TKT012578,2024-01-16 12:06:00,CAT001,AGT009,CI,Email,4,Résolu,0.6177524347882538,ORANGE — Surveiller,1,0
TKT014477,2024-05-12 19:29:00,CAT001,AGT003,Senegal,Chat,4,Résolu,0.6177187715011213,ORANGE — Surveiller,1,0
TKT013083,2024-02-12 08:51:00,CAT004,AGT004,CI,Chat,3,Résolu,0.6175435256577994,ORANGE — Surveiller,1,0
TKT014269,2024-04-29 10:19:00,CAT001,AGT008,CI,Chat,4,Résolu,0.6174105661520668,ORANGE — Surveiller,1,0
TKT012397,2024-01-08 08:31:00,CAT004,AGT011,CI,Email,3,Backlog,0.6173934783017723,ORANGE — Surveiller,1,1
TKT012719,2024-01-23 08:35:00,CAT003,AGT004,Maroc,App mobile,3,Résolu,0.6171307756578175,ORANGE — Surveiller,1,1
TKT014813,2024-06-02 07:40:00,CAT001,AGT001,France,App mobile,4,Escaladé,0.6170694243132271,ORANGE — Surveiller,1,1
TKT014425,2024-05-09 07:15:00,CAT006,AGT002,CI,Téléphone,3,Fermé,0.6170049855346559,ORANGE — Surveiller,1,1
TKT013811,2024-03-31 06:40:00,CAT007,AGT006,Cameroun,Email,5,Résolu,0.6169808629198655,ORANGE — Surveiller,1,0
TKT013367,2024-03-01 07:45:00,CAT004,AGT004,CI,Chat,3,En cours,0.6169553817993096,ORANGE — Surveiller,1,0
TKT013560,2024-03-14 10:26:00,CAT006,AGT004,Maroc,Chat,3,En cours,0.6167365224808626,ORANGE — Surveiller,1,0
TKT014967,2024-06-12 15:06:00,CAT004,AGT002,Senegal,Email,3,En cours,0.6167130681521814,ORANGE — Surveiller,1,0
TKT015081,2024-06-19 15:26:00,CAT006,AGT004,Maroc,Email,3,Résolu,0.6166879967818861,ORANGE — Surveiller,1,1
TKT013302,2024-02-26 15:42:00,CAT004,AGT002,Senegal,App mobile,3,Résolu,0.6164589479380437,ORANGE — Surveiller,1,1
TKT015037,2024-06-17 15:55:00,CAT004,AGT004,Senegal,Téléphone,3,Résolu,0.6163425274432959,ORANGE — Surveiller,1,1
TKT013679,2024-03-22 16:27:00,CAT001,AGT012,Senegal,App mobile,4,Résolu,0.6163136697147773,ORANGE — Surveiller,1,0
TKT014155,2024-04-22 08:09:00,CAT003,AGT011,Maroc,Chat,3,Backlog,0.6161164067680058,ORANGE — Surveiller,1,1
TKT013164,2024-02-17 04:34:00,CAT001,AGT006,Mali,Téléphone,4,Résolu,0.6158082490022402,ORANGE — Surveiller,1,0
TKT012228,2023-12-31 16:33:00,CAT001,AGT005,France,Chat,4,Résolu,0.6157670287188308,ORANGE — Surveiller,1,0
TKT013026,2024-02-08 21:02:00,CAT003,AGT004,France,Chat,3,Escaladé,0.6155517161846003,ORANGE — Surveiller,1,1
TKT012742,2024-01-24 15:08:00,CAT007,AGT012,Maroc,Chat,5,Escaladé,0.6155053571262715,ORANGE — Surveiller,1,1
TKT013006,2024-02-07 19:42:00,CAT006,AGT002,CI,Chat,3,Escaladé,0.6153552984988984,ORANGE — Surveiller,1,1
TKT012885,2024-01-31 02:16:00,CAT002,AGT004,Maroc,Téléphone,2,Résolu,0.6153108596567428,ORANGE — Surveiller,1,1
TKT014044,2024-04-14 20:24:00,CAT007,AGT002,Ghana,Email,5,Fermé,0.6152320927819227,ORANGE — Surveiller,1,1
TKT013173,2024-02-18 11:54:00,CAT001,AGT009,Maroc,Chat,4,Escaladé,0.6150642285950316,ORANGE — Surveiller,1,1
TKT012902,2024-01-31 11:57:00,CAT001,AGT008,Senegal,Email,4,Résolu,0.6148097864625872,ORANGE — Surveiller,1,0
TKT014647,2024-05-23 11:58:00,CAT001,AGT012,Maroc,Téléphone,4,Résolu,0.6147988910152123,ORANGE — Surveiller,1,1
TKT012888,2024-01-31 08:35:00,CAT001,AGT006,France,Téléphone,4,Résolu,0.6147593328541165,ORANGE — Surveiller,1,0
TKT015255,2024-06-28 14:46:00,CAT003,AGT004,CI,Téléphone,3,Résolu,0.6147152250808091,ORANGE — Surveiller,1,0
TKT013099,2024-02-13 08:49:00,CAT004,AGT004,Senegal,Téléphone,3,Résolu,0.6145456933491718,ORANGE — Surveiller,1,1
TKT012246,2024-01-01 13:34:00,CAT001,AGT010,Senegal,Téléphone,4,Escaladé,0.6144225161987217,ORANGE — Surveiller,1,1
TKT012622,2024-01-18 15:21:00,CAT003,AGT002,CI,Téléphone,3,Résolu,0.6143010333689312,ORANGE — Surveiller,1,0
TKT015159,2024-06-23 12:28:00,CAT007,AGT006,CI,Téléphone,5,Résolu,0.6142855106864425,ORANGE — Surveiller,1,0
TKT013792,2024-03-29 17:03:00,CAT003,AGT004,Senegal,Chat,3,Résolu,0.6140490170956191,ORANGE — Surveiller,1,0
TKT013231,2024-02-21 21:07:00,CAT001,AGT008,Senegal,App mobile,4,En cours,0.6138998684187486,ORANGE — Surveiller,1,0
TKT015092,2024-06-19 16:52:00,CAT001,AGT003,Senegal,Téléphone,4,Résolu,0.6136662351266281,ORANGE — Surveiller,1,0
TKT014637,2024-05-23 11:50:00,CAT004,AGT002,Cameroun,Web form,3,Résolu,0.6134434944706644,ORANGE — Surveiller,1,1
TKT012571,2024-01-16 15:32:00,CAT001,AGT008,Ghana,Web form,4,Résolu,0.6133285445381328,ORANGE — Surveiller,1,0
TKT012737,2024-01-24 08:23:00,CAT001,AGT012,Maroc,Chat,4,Résolu,0.6132842915978342,ORANGE — Surveiller,1,0
TKT012606,2024-01-17 09:47:00,CAT003,AGT004,Senegal,Téléphone,3,Résolu,0.6132262001093981,ORANGE — Surveiller,1,0
TKT013701,2024-03-24 10:28:00,CAT007,AGT008,Maroc,Web form,5,Escaladé,0.6131700432978311,ORANGE — Surveiller,1,1
TKT012290,2024-01-02 16:37:00,CAT003,AGT011,Mali,Chat,3,Résolu,0.6131066205526072,ORANGE — Surveiller,1,0
TKT013429,2024-03-06 11:27:00,CAT001,AGT008,Maroc,Chat,4,Résolu,0.6127335567669732,ORANGE — Surveiller,1,0
TKT013488,2024-03-09 13:44:00,CAT001,AGT008,Cameroun,App mobile,4,Escaladé,0.6127263978538243,ORANGE — Surveiller,1,1
TKT014039,2024-04-14 16:39:00,CAT004,AGT011,France,Web form,3,Backlog,0.6124099347297699,ORANGE — Surveiller,1,1
TKT014499,2024-05-14 15:08:00,CAT001,AGT012,Cameroun,Téléphone,4,Escaladé,0.6122471073562729,ORANGE — Surveiller,1,1
TKT015104,2024-06-20 16:30:00,CAT001,AGT012,Ghana,Email,4,Escaladé,0.612007218158675,ORANGE — Surveiller,1,1
TKT015240,2024-06-27 05:41:00,CAT001,AGT003,Maroc,Email,4,En cours,0.6120043585909228,ORANGE — Surveiller,1,0
TKT012679,2024-01-21 20:11:00,CAT004,AGT011,CI,Email,3,Escaladé,0.6118200397860254,ORANGE — Surveiller,1,1
TKT014266,2024-04-29 22:59:00,CAT003,AGT004,CI,Téléphone,3,Résolu,0.6117001058291777,ORANGE — Surveiller,1,0
TKT012693,2024-01-22 17:17:00,CAT007,AGT005,CI,Chat,5,Résolu,0.611581444947557,ORANGE — Surveiller,1,0
TKT014484,2024-05-13 10:43:00,CAT003,AGT007,Senegal,App mobile,3,En cours,0.6114797120829439,ORANGE — Surveiller,1,1
TKT014473,2024-05-12 19:08:00,CAT007,AGT001,CI,Chat,5,Résolu,0.6113130179652004,ORANGE — Surveiller,1,1
TKT012724,2024-01-23 01:38:00,CAT001,AGT012,CI,Email,4,Résolu,0.6111060278291565,ORANGE — Surveiller,1,1
TKT012349,2024-01-05 08:56:00,CAT001,AGT008,CI,Chat,4,En cours,0.6108162375160616,ORANGE — Surveiller,1,1
TKT014557,2024-05-17 12:13:00,CAT003,AGT002,Maroc,Chat,3,Résolu,0.6107436524541024,ORANGE — Surveiller,1,0
TKT013135,2024-02-15 08:00:00,CAT001,AGT007,Senegal,Email,4,En cours,0.610610596299127,ORANGE — Surveiller,1,0
TKT012348,2024-01-05 20:36:00,CAT007,AGT010,Cameroun,Email,5,En cours,0.6102213759062085,ORANGE — Surveiller,1,0
TKT013573,2024-03-15 09:33:00,CAT003,AGT002,CI,Téléphone,3,En cours,0.6101841788832018,ORANGE — Surveiller,1,1
TKT014624,2024-05-22 11:33:00,CAT006,AGT004,CI,Email,3,Résolu,0.6099847166300522,ORANGE — Surveiller,1,0
TKT013025,2024-02-08 16:47:00,CAT001,AGT012,Maroc,Téléphone,4,Escaladé,0.6099371297620163,ORANGE — Surveiller,1,1
TKT013459,2024-03-07 09:56:00,CAT001,AGT010,Senegal,Chat,4,Escaladé,0.6098534424406514,ORANGE — Surveiller,1,1
TKT013698,2024-03-24 11:19:00,CAT002,AGT011,Cameroun,Téléphone,2,En cours,0.6094914094863475,ORANGE — Surveiller,1,1
TKT012849,2024-01-29 08:37:00,CAT001,AGT008,Mali,Email,4,Résolu,0.6093944755418115,ORANGE — Surveiller,1,1
TKT013439,2024-03-06 20:46:00,CAT003,AGT004,CI,Chat,3,Escaladé,0.6093071669748462,ORANGE — Surveiller,1,1
TKT014053,2024-04-15 01:48:00,CAT003,AGT002,Maroc,Email,3,Fermé,0.6090845038544206,ORANGE — Surveiller,1,0
TKT015003,2024-06-14 15:20:00,CAT006,AGT002,Cameroun,Téléphone,3,Backlog,0.6090382470729135,ORANGE — Surveiller,1,1
TKT014300,2024-05-01 14:36:00,CAT001,AGT010,Maroc,Téléphone,4,Résolu,0.6086871343832665,ORANGE — Surveiller,1,1
TKT012230,2023-12-31 19:48:00,CAT007,AGT001,Mali,Chat,5,Résolu,0.6086564335044113,ORANGE — Surveiller,1,0
TKT013568,2024-03-15 07:58:00,CAT004,AGT002,CI,Téléphone,3,Escaladé,0.6085251901303022,ORANGE — Surveiller,1,1
TKT013783,2024-03-29 08:49:00,CAT001,AGT007,Ghana,Email,4,Escaladé,0.6083953913624545,ORANGE — Surveiller,1,1
TKT013819,2024-04-01 14:11:00,CAT003,AGT002,Senegal,Téléphone,3,Résolu,0.608175227441532,ORANGE — Surveiller,1,0
TKT013621,2024-03-19 23:06:00,CAT001,AGT012,CI,Téléphone,4,Résolu,0.6079070027751279,ORANGE — Surveiller,1,1
TKT012764,2024-01-25 13:39:00,CAT001,AGT008,Belgique,Chat,4,Escaladé,0.6078380780441256,ORANGE — Surveiller,1,1
TKT014692,2024-05-26 16:55:00,CAT001,AGT008,CI,Chat,4,Escaladé,0.607766006340413,ORANGE — Surveiller,1,1
TKT014292,2024-05-01 18:13:00,CAT001,AGT012,France,Email,4,Backlog,0.6077408379608942,ORANGE — Surveiller,1,1
TKT014445,2024-05-10 15:29:00,CAT001,AGT008,Ghana,App mobile,4,Escaladé,0.6076710687443009,ORANGE — Surveiller,1,1
TKT013501,2024-03-10 13:04:00,CAT007,AGT006,France,Chat,5,Résolu,0.6073025991211716,ORANGE — Surveiller,1,0
TKT014065,2024-04-16 15:05:00,CAT006,AGT004,Belgique,Chat,3,Escaladé,0.6070980366172869,ORANGE — Surveiller,1,1
TKT013056,2024-02-10 14:59:00,CAT003,AGT004,Cameroun,Email,3,Résolu,0.6070547752589341,ORANGE — Surveiller,1,1
TKT012657,2024-01-19 12:58:00,CAT004,AGT002,Ghana,Web form,3,Résolu,0.607050412441356,ORANGE — Surveiller,1,0
TKT013815,2024-04-01 15:31:00,CAT001,AGT010,CI,Chat,4,Résolu,0.6066738246405516,ORANGE — Surveiller,1,0
TKT014933,2024-06-09 17:55:00,CAT001,AGT012,Cameroun,Chat,4,Résolu,0.6065910274160339,ORANGE — Surveiller,1,0
TKT014635,2024-05-22 20:02:00,CAT004,AGT002,CI,Email,3,Résolu,0.6065884508907605,ORANGE — Surveiller,1,1
TKT012577,2024-01-16 16:45:00,CAT007,AGT010,Maroc,App mobile,5,Résolu,0.6065098195880717,ORANGE — Surveiller,1,0
TKT013426,2024-03-06 15:44:00,CAT001,AGT012,Ghana,Email,4,Backlog,0.6057301877025071,ORANGE — Surveiller,1,1
TKT014730,2024-05-28 18:23:00,CAT003,AGT002,Mali,Email,3,Résolu,0.6055463661189185,ORANGE — Surveiller,1,0
TKT013576,2024-03-15 10:15:00,CAT001,AGT012,Maroc,Chat,4,Résolu,0.6053726885567183,ORANGE — Surveiller,1,0
TKT015218,2024-06-26 01:59:00,CAT001,AGT007,Maroc,Téléphone,4,Résolu,0.6053127703988092,ORANGE — Surveiller,1,1
TKT012271,2024-01-02 13:59:00,CAT003,AGT002,Senegal,Email,3,Escaladé,0.60529527522468,ORANGE — Surveiller,1,1
TKT013414,2024-03-05 10:52:00,CAT001,AGT006,CI,Email,4,En cours,0.6051525167315119,ORANGE — Surveiller,1,0
TKT013700,2024-03-24 16:21:00,CAT007,AGT008,Ghana,Téléphone,5,Escaladé,0.6051486301660506,ORANGE — Surveiller,1,1
TKT014690,2024-05-25 19:29:00,CAT003,AGT004,Senegal,Email,3,Résolu,0.6051239980226996,ORANGE — Surveiller,1,1
TKT012955,2024-02-03 12:05:00,CAT007,AGT006,Belgique,Chat,5,En cours,0.6048937384719807,ORANGE — Surveiller,1,1
TKT014342,2024-05-04 16:13:00,CAT004,AGT002,France,Email,3,Résolu,0.6048697566150801,ORANGE — Surveiller,1,1
TKT013779,2024-03-29 20:55:00,CAT006,AGT002,Cameroun,Chat,3,Escaladé,0.6045646128456996,ORANGE — Surveiller,1,1
TKT014590,2024-05-20 11:04:00,CAT003,AGT011,Cameroun,App mobile,3,Backlog,0.6042984316489873,ORANGE — Surveiller,1,1
TKT013816,2024-04-01 11:59:00,CAT001,AGT008,Mali,Chat,4,Résolu,0.604076952974206,ORANGE — Surveiller,1,0
TKT014128,2024-04-20 09:26:00,CAT004,AGT002,France,Téléphone,3,En cours,0.6039839771170973,ORANGE — Surveiller,1,1
TKT014158,2024-04-22 15:22:00,CAT006,AGT004,Cameroun,App mobile,3,Escaladé,0.6039838944102991,ORANGE — Surveiller,1,1
TKT014219,2024-04-25 01:04:00,CAT003,AGT007,CI,App mobile,3,Résolu,0.6036085741630582,ORANGE — Surveiller,1,0
TKT014822,2024-06-03 20:46:00,CAT004,AGT004,France,Chat,3,Escaladé,0.6035050531628449,ORANGE — Surveiller,1,1
TKT012294,2024-01-02 20:05:00,CAT001,AGT006,Senegal,Email,4,Escaladé,0.6034483752771012,ORANGE — Surveiller,1,1
TKT014225,2024-04-25 16:09:00,CAT004,AGT002,Mali,Téléphone,3,Escaladé,0.6033191735249193,ORANGE — Surveiller,1,1
TKT014643,2024-05-23 12:02:00,CAT006,AGT002,Senegal,Téléphone,3,Résolu,0.6032290920405788,ORANGE — Surveiller,1,1
TKT013384,2024-03-03 18:51:00,CAT007,AGT003,Senegal,Email,5,En cours,0.6028311970644413,ORANGE — Surveiller,1,0
TKT013074,2024-02-12 09:21:00,CAT001,AGT007,Ghana,Email,4,Résolu,0.6027837401504321,ORANGE — Surveiller,1,1
TKT012809,2024-01-27 07:14:00,CAT006,AGT011,Senegal,App mobile,3,Escaladé,0.6024985675870422,ORANGE — Surveiller,1,1
TKT014924,2024-06-09 08:54:00,CAT008,AGT004,Mali,Email,2,Backlog,0.6022313720984913,ORANGE — Surveiller,1,1
TKT014359,2024-05-05 12:15:00,CAT004,AGT002,France,Téléphone,3,Résolu,0.6022142528880874,ORANGE — Surveiller,1,1
TKT014540,2024-05-16 13:38:00,CAT003,AGT004,Cameroun,Chat,3,Escaladé,0.6020484933478029,ORANGE — Surveiller,1,1
TKT013152,2024-02-16 00:04:00,CAT001,AGT003,Senegal,Email,4,Résolu,0.6018142022789271,ORANGE — Surveiller,1,0
TKT014021,2024-04-12 12:52:00,CAT006,AGT004,CI,Chat,3,Escaladé,0.6015280244452823,ORANGE — Surveiller,1,1
TKT012505,2024-01-12 14:20:00,CAT004,AGT004,CI,App mobile,3,Escaladé,0.6012349341631267,ORANGE — Surveiller,1,1
TKT012643,2024-01-19 11:23:00,CAT001,AGT006,Senegal,Email,4,Résolu,0.6011753815514593,ORANGE — Surveiller,1,0
TKT015155,2024-06-23 08:50:00,CAT001,AGT012,Senegal,Email,4,Résolu,0.6010434118939544,ORANGE — Surveiller,1,1
TKT012844,2024-01-29 09:57:00,CAT001,AGT006,CI,Chat,4,Résolu,0.6010089146491909,ORANGE — Surveiller,1,1
TKT012252,2024-01-01 14:47:00,CAT003,AGT004,Maroc,Chat,3,Escaladé,0.6009969638877561,ORANGE — Surveiller,1,1
TKT012398,2024-01-08 11:59:00,CAT004,AGT004,Ghana,Téléphone,3,Escaladé,0.6008376059055097,ORANGE — Surveiller,1,1
TKT012677,2024-01-21 11:04:00,CAT001,AGT008,Senegal,Téléphone,4,Résolu,0.6008261477079255,ORANGE — Surveiller,1,0
TKT014910,2024-06-07 11:25:00,CAT006,AGT002,Cameroun,Web form,3,En cours,0.6006082910687437,ORANGE — Surveiller,1,1
TKT013807,2024-03-31 14:30:00,CAT007,AGT007,France,Email,5,Résolu,0.6005691599452738,ORANGE — Surveiller,1,1
TKT013692,2024-03-23 13:00:00,CAT004,AGT002,Ghana,Téléphone,3,Résolu,0.6005173260725399,ORANGE — Surveiller,1,0
TKT012374,2024-01-06 21:26:00,CAT007,AGT001,France,Téléphone,5,En cours,0.6003938545234143,ORANGE — Surveiller,1,1
TKT013574,2024-03-15 09:34:00,CAT001,AGT010,France,Téléphone,4,Fermé,0.6003570486565215,ORANGE — Surveiller,1,1
TKT015040,2024-06-17 12:38:00,CAT006,AGT011,CI,App mobile,3,Escaladé,0.6001130579525289,ORANGE — Surveiller,1,1
TKT015061,2024-06-18 10:34:00,CAT004,AGT004,CI,Chat,3,Résolu,0.6000202278540266,ORANGE — Surveiller,1,0
TKT014199,2024-04-24 08:13:00,CAT001,AGT006,Belgique,Téléphone,4,Résolu,0.5996391549162274,ORANGE — Surveiller,1,0
TKT012802,2024-01-26 19:28:00,CAT001,AGT001,France,Chat,4,En cours,0.599375725797392,ORANGE — Surveiller,1,1
TKT014295,2024-05-01 07:16:00,CAT003,AGT002,Maroc,Chat,3,En cours,0.5991678318395098,ORANGE — Surveiller,1,1
TKT013724,2024-03-25 15:50:00,CAT001,AGT008,Mali,Email,4,Résolu,0.5990876416872204,ORANGE — Surveiller,1,0
TKT013288,2024-02-24 19:48:00,CAT007,AGT008,Belgique,Chat,5,Backlog,0.5990705694575944,ORANGE — Surveiller,1,1
TKT013283,2024-02-24 12:44:00,CAT001,AGT001,CI,Chat,4,Résolu,0.5989094338907062,ORANGE — Surveiller,1,0
TKT012648,2024-01-19 19:21:00,CAT001,AGT001,Cameroun,Chat,4,Résolu,0.5988290322140082,ORANGE — Surveiller,1,1
TKT014130,2024-04-20 21:05:00,CAT004,AGT011,CI,Chat,3,Backlog,0.5987123356626944,ORANGE — Surveiller,1,1
TKT012257,2024-01-01 09:24:00,CAT003,AGT011,Mali,Chat,3,En cours,0.5985420590250518,ORANGE — Surveiller,1,1
TKT013217,2024-02-20 20:08:00,CAT004,AGT012,Senegal,Chat,3,Résolu,0.5982110461454054,ORANGE — Surveiller,1,0
TKT012714,2024-01-23 18:41:00,CAT004,AGT011,Senegal,App mobile,3,Fermé,0.5982063587032546,ORANGE — Surveiller,1,0
TKT014724,2024-05-28 23:10:00,CAT001,AGT012,CI,Email,4,Résolu,0.5981655511047391,ORANGE — Surveiller,1,0
TKT014771,2024-05-30 04:29:00,CAT001,AGT005,Senegal,App mobile,4,Résolu,0.5981350006156351,ORANGE — Surveiller,1,0
TKT014806,2024-06-01 13:42:00,CAT007,AGT006,Cameroun,Email,5,Résolu,0.5980764411297801,ORANGE — Surveiller,1,1
TKT015150,2024-06-22 13:54:00,CAT007,AGT010,France,Chat,5,Résolu,0.5980425002755395,ORANGE — Surveiller,1,0
TKT013223,2024-02-21 11:57:00,CAT001,AGT006,Maroc,Chat,4,Escaladé,0.5979297867893199,ORANGE — Surveiller,1,1
TKT012533,2024-01-13 15:21:00,CAT007,AGT009,Cameroun,Chat,5,Résolu,0.597799690547786,ORANGE — Surveiller,1,1
TKT013499,2024-03-10 01:51:00,CAT001,AGT001,Senegal,Chat,4,Résolu,0.5977808440441883,ORANGE — Surveiller,1,0
TKT013175,2024-02-18 14:06:00,CAT007,AGT008,Cameroun,Chat,5,Escaladé,0.5975476468181805,ORANGE — Surveiller,1,1
TKT013928,2024-04-08 14:52:00,CAT001,AGT012,Ghana,Chat,4,Résolu,0.5974861881495138,ORANGE — Surveiller,1,1
TKT013533,2024-03-13 15:09:00,CAT001,AGT003,Maroc,Email,4,Escaladé,0.5973083118706991,ORANGE — Surveiller,1,1
TKT013289,2024-02-24 09:13:00,CAT001,AGT003,Senegal,Chat,4,Résolu,0.597258512784004,ORANGE — Surveiller,1,0
TKT013052,2024-02-10 08:53:00,CAT001,AGT008,France,Web form,4,Résolu,0.5970731560108613,ORANGE — Surveiller,1,0
TKT012485,2024-01-11 10:20:00,CAT001,AGT006,Ghana,Chat,4,En cours,0.5969646336485368,ORANGE — Surveiller,1,1
TKT014469,2024-05-11 19:56:00,CAT006,AGT011,Cameroun,Téléphone,3,En cours,0.5969625766123245,ORANGE — Surveiller,1,1
TKT014560,2024-05-17 11:05:00,CAT004,AGT004,Belgique,Chat,3,Escaladé,0.5968131082323537,ORANGE — Surveiller,1,1
TKT012547,2024-01-14 12:46:00,CAT007,AGT011,Cameroun,Email,5,Escaladé,0.5965020444267942,ORANGE — Surveiller,1,1
TKT012785,2024-01-26 12:48:00,CAT003,AGT002,Senegal,Email,3,Résolu,0.5964866443066092,ORANGE — Surveiller,1,0
TKT014516,2024-05-14 21:30:00,CAT006,AGT002,Mali,Téléphone,3,Escaladé,0.5962327030885652,ORANGE — Surveiller,1,1
TKT013804,2024-03-31 20:01:00,CAT002,AGT004,Senegal,Téléphone,2,Résolu,0.5962201419580613,ORANGE — Surveiller,1,0
TKT012966,2024-02-04 11:41:00,CAT003,AGT002,Cameroun,Téléphone,3,Résolu,0.5956874852774853,ORANGE — Surveiller,1,1
TKT012551,2024-01-14 08:42:00,CAT007,AGT010,Mali,Web form,5,Résolu,0.5955766877804574,ORANGE — Surveiller,1,0
TKT013039,2024-02-09 12:32:00,CAT001,AGT010,Senegal,Chat,4,Escaladé,0.5955556106238464,ORANGE — Surveiller,1,1
TKT012245,2024-01-01 10:42:00,CAT001,AGT003,Maroc,Chat,4,Résolu,0.595265952537696,ORANGE — Surveiller,1,1
TKT013341,2024-02-28 16:22:00,CAT004,AGT002,Mali,Email,3,Résolu,0.5952271946073221,ORANGE — Surveiller,1,0
TKT012408,2024-01-08 21:59:00,CAT001,AGT006,France,Web form,4,Escaladé,0.5951344207079177,ORANGE — Surveiller,1,1
TKT014993,2024-06-13 08:26:00,CAT001,AGT005,Belgique,Web form,4,Fermé,0.5950044765660046,ORANGE — Surveiller,1,1
TKT013295,2024-02-25 15:15:00,CAT001,AGT008,Mali,Email,4,Résolu,0.5948479670884536,ORANGE — Surveiller,1,0
TKT015244,2024-06-27 15:52:00,CAT001,AGT003,Ghana,App mobile,4,Escaladé,0.5947927341909093,ORANGE — Surveiller,1,1
TKT012431,2024-01-09 15:43:00,CAT001,AGT010,France,Chat,4,Résolu,0.5943543110525153,ORANGE — Surveiller,1,0
TKT012279,2024-01-02 14:02:00,CAT001,AGT008,Ghana,Chat,4,Escaladé,0.5941644467519737,ORANGE — Surveiller,1,1
TKT013389,2024-03-03 14:47:00,CAT001,AGT008,Mali,Chat,4,Résolu,0.5940513854759831,ORANGE — Surveiller,1,1
TKT012986,2024-02-06 16:47:00,CAT003,AGT002,Maroc,Chat,3,Résolu,0.593912867071201,ORANGE — Surveiller,1,1
TKT014459,2024-05-10 09:56:00,CAT001,AGT010,CI,Téléphone,4,Escaladé,0.5938582544879669,ORANGE — Surveiller,1,1
TKT013762,2024-03-28 12:20:00,CAT001,AGT010,Cameroun,Téléphone,4,Backlog,0.593820128716161,ORANGE — Surveiller,1,1
TKT014598,2024-05-20 08:49:00,CAT006,AGT011,Cameroun,Chat,3,En cours,0.5936390305577641,ORANGE — Surveiller,1,1
TKT012417,2024-01-09 20:44:00,CAT004,AGT012,Senegal,App mobile,3,Résolu,0.5936065399837182,ORANGE — Surveiller,1,0
TKT013082,2024-02-12 13:37:00,CAT001,AGT012,Cameroun,Chat,4,Escaladé,0.5934427027594293,ORANGE — Surveiller,1,1
TKT013461,2024-03-07 13:17:00,CAT001,AGT003,France,Email,4,Résolu,0.5933019295152931,ORANGE — Surveiller,1,0
TKT014855,2024-06-04 13:08:00,CAT001,AGT003,Maroc,Chat,4,Résolu,0.593123724023155,ORANGE — Surveiller,1,1
TKT013676,2024-03-22 09:30:00,CAT001,AGT006,Senegal,Email,4,Escaladé,0.5930957579254181,ORANGE — Surveiller,1,1
TKT012419,2024-01-09 08:59:00,CAT003,AGT012,Senegal,Web form,3,Fermé,0.5928709301449382,ORANGE — Surveiller,1,1
TKT013017,2024-02-08 10:50:00,CAT004,AGT002,Maroc,Chat,3,Résolu,0.5926263546017619,ORANGE — Surveiller,1,1
TKT013184,2024-02-19 17:56:00,CAT004,AGT003,Senegal,Email,3,Résolu,0.5924294912750337,ORANGE — Surveiller,1,0
TKT014894,2024-06-07 14:12:00,CAT001,AGT010,Cameroun,Email,4,Résolu,0.5923549071416145,ORANGE — Surveiller,1,0
TKT013831,2024-04-02 16:59:00,CAT001,AGT010,Maroc,Téléphone,4,Résolu,0.591642038906785,ORANGE — Surveiller,1,0
TKT012450,2024-01-10 13:45:00,CAT006,AGT002,Maroc,Téléphone,3,Escaladé,0.591534051912765,ORANGE — Surveiller,1,1
TKT014475,2024-05-12 14:36:00,CAT002,AGT004,CI,Téléphone,2,En cours,0.5914520328862654,ORANGE — Surveiller,1,0
TKT015268,2024-06-29 12:38:00,CAT006,AGT002,CI,Chat,3,Résolu,0.5913129049360947,ORANGE — Surveiller,1,1
TKT014203,2024-04-24 13:41:00,CAT001,AGT003,CI,Chat,4,Résolu,0.5912615592636157,ORANGE — Surveiller,1,0
TKT012671,2024-01-20 19:34:00,CAT007,AGT009,Mali,Web form,5,Escaladé,0.5908333719792317,ORANGE — Surveiller,1,1
TKT014683,2024-05-25 18:18:00,CAT007,AGT010,Mali,Email,5,Résolu,0.5907872530447004,ORANGE — Surveiller,1,1
TKT013707,2024-03-24 11:15:00,CAT001,AGT010,Belgique,Chat,4,Escaladé,0.5907289602490002,ORANGE — Surveiller,1,1
TKT013481,2024-03-08 12:35:00,CAT004,AGT002,Maroc,Chat,3,En cours,0.5907161863924801,ORANGE — Surveiller,1,0
TKT013579,2024-03-15 11:01:00,CAT006,AGT002,Senegal,App mobile,3,En cours,0.5906707396164339,ORANGE — Surveiller,1,0
TKT013548,2024-03-13 13:31:00,CAT001,AGT003,CI,Chat,4,Backlog,0.5906497906728287,ORANGE — Surveiller,1,1
TKT014541,2024-05-16 19:27:00,CAT007,AGT010,Cameroun,Chat,5,Résolu,0.5899743987558016,ORANGE — Surveiller,1,1
TKT012476,2024-01-11 14:19:00,CAT001,AGT008,CI,Email,4,Résolu,0.5893284601757341,ORANGE — Surveiller,1,1
TKT013345,2024-02-28 15:50:00,CAT001,AGT010,Ghana,Email,4,Fermé,0.5892783152242184,ORANGE — Surveiller,1,0
TKT013296,2024-02-25 06:25:00,CAT007,AGT009,CI,Téléphone,5,En cours,0.5892107049650118,ORANGE — Surveiller,1,0
TKT012284,2024-01-02 20:49:00,CAT006,AGT003,Senegal,Email,3,Backlog,0.5891978567391288,ORANGE — Surveiller,1,1
TKT013290,2024-02-25 17:16:00,CAT008,AGT004,Ghana,Chat,2,Résolu,0.5887973228264323,ORANGE — Surveiller,1,0
TKT012502,2024-01-12 15:18:00,CAT001,AGT008,Senegal,App mobile,4,Résolu,0.5884709018393555,ORANGE — Surveiller,1,0
TKT013612,2024-03-18 14:02:00,CAT004,AGT008,Belgique,Web form,3,En cours,0.5881494497890024,ORANGE — Surveiller,1,1
TKT013566,2024-03-14 16:15:00,CAT001,AGT003,France,Email,4,Résolu,0.5880545630570101,ORANGE — Surveiller,1,0
TKT013526,2024-03-12 16:53:00,CAT004,AGT002,Senegal,Web form,3,Résolu,0.5879860127651366,ORANGE — Surveiller,1,0
TKT012514,2024-01-12 15:23:00,CAT007,AGT006,CI,Chat,5,Résolu,0.5879277014942399,ORANGE — Surveiller,1,1
TKT012540,2024-01-14 04:04:00,CAT007,AGT009,Maroc,Chat,5,Résolu,0.5878777980785802,ORANGE — Surveiller,1,0
TKT012605,2024-01-17 09:05:00,CAT001,AGT003,Mali,Téléphone,4,Résolu,0.5878760720725588,ORANGE — Surveiller,1,1
TKT013763,2024-03-28 04:22:00,CAT002,AGT004,Senegal,Web form,2,Escaladé,0.5875231990111331,ORANGE — Surveiller,1,1
TKT012293,2024-01-02 15:04:00,CAT001,AGT006,Senegal,Web form,4,Résolu,0.5872145856065454,ORANGE — Surveiller,1,0
TKT014270,2024-04-29 13:54:00,CAT003,AGT008,Senegal,Téléphone,3,Résolu,0.5871985992592502,ORANGE — Surveiller,1,0
TKT014552,2024-05-17 12:26:00,CAT004,AGT004,Maroc,Chat,3,Fermé,0.5868143375163108,ORANGE — Surveiller,1,0
TKT014447,2024-05-10 11:19:00,CAT001,AGT006,CI,Téléphone,4,Résolu,0.5865298081610842,ORANGE — Surveiller,1,0
TKT013070,2024-02-11 09:22:00,CAT001,AGT008,Maroc,Web form,4,Escaladé,0.5864258690006688,ORANGE — Surveiller,1,1
TKT013120,2024-02-14 03:07:00,CAT004,AGT007,Mali,App mobile,3,Escaladé,0.5862073870207025,ORANGE — Surveiller,1,1
TKT014562,2024-05-17 03:56:00,CAT002,AGT004,CI,Email,2,Backlog,0.5861339770578966,ORANGE — Surveiller,1,1
TKT012818,2024-01-28 23:58:00,CAT007,AGT002,Senegal,Web form,5,Escaladé,0.5860633989016685,ORANGE — Surveiller,1,1
TKT012681,2024-01-21 14:12:00,CAT004,AGT002,CI,Chat,3,Résolu,0.585691289953021,ORANGE — Surveiller,1,1
TKT013105,2024-02-13 14:34:00,CAT004,AGT012,Senegal,Téléphone,3,Résolu,0.5856880269338456,ORANGE — Surveiller,1,1
TKT013385,2024-03-03 18:44:00,CAT003,AGT002,Cameroun,Email,3,En cours,0.5856198784513973,ORANGE — Surveiller,1,1
TKT013228,2024-02-21 21:09:00,CAT001,AGT006,Belgique,Email,4,Résolu,0.5849053784445785,ORANGE — Surveiller,1,1
TKT012637,2024-01-19 12:43:00,CAT007,AGT012,CI,Email,5,Résolu,0.5848928878774928,ORANGE — Surveiller,1,1
TKT015025,2024-06-15 09:42:00,CAT001,AGT005,Senegal,Téléphone,4,Résolu,0.5848832844465197,ORANGE — Surveiller,1,1
TKT014917,2024-06-08 02:20:00,CAT001,AGT010,Ghana,Chat,4,Résolu,0.5847011165525668,ORANGE — Surveiller,1,1
TKT012816,2024-01-28 15:21:00,CAT007,AGT011,France,Email,5,Résolu,0.5846802273528497,ORANGE — Surveiller,1,0
TKT013150,2024-02-16 15:25:00,CAT001,AGT010,CI,Email,4,Résolu,0.5841531277588291,ORANGE — Surveiller,1,0
TKT012842,2024-01-29 19:40:00,CAT003,AGT008,Senegal,Chat,3,En cours,0.5839500325396842,ORANGE — Surveiller,1,0
TKT014710,2024-05-27 11:31:00,CAT001,AGT006,Ghana,Email,4,Résolu,0.5839243686912725,ORANGE — Surveiller,1,0
TKT013978,2024-04-10 22:46:00,CAT004,AGT003,Senegal,Téléphone,3,Résolu,0.5838811572502302,ORANGE — Surveiller,1,1
TKT014916,2024-06-08 07:04:00,CAT001,AGT010,Cameroun,Email,4,Résolu,0.5836841439148285,ORANGE — Surveiller,1,0
TKT014680,2024-05-24 20:03:00,CAT004,AGT002,CI,Chat,3,Résolu,0.5835424654098692,ORANGE — Surveiller,1,0
TKT014332,2024-05-03 20:27:00,CAT004,AGT002,CI,Chat,3,En cours,0.5835424654098692,ORANGE — Surveiller,1,1
TKT012810,2024-01-27 16:11:00,CAT007,AGT009,CI,Chat,5,Résolu,0.5833655007374363,ORANGE — Surveiller,1,0
TKT014299,2024-05-01 12:06:00,CAT003,AGT002,Mali,Téléphone,3,En cours,0.5831749406724195,ORANGE — Surveiller,1,1
TKT014144,2024-04-21 11:18:00,CAT001,AGT005,Senegal,Email,4,En cours,0.5821591513640721,ORANGE — Surveiller,1,1
TKT014594,2024-05-20 11:53:00,CAT003,AGT001,Senegal,Téléphone,3,Résolu,0.581997042315239,ORANGE — Surveiller,1,0
TKT012875,2024-01-30 16:09:00,CAT001,AGT012,Ghana,Chat,4,Escaladé,0.5819343785639212,ORANGE — Surveiller,1,1
TKT013202,2024-02-20 00:34:00,CAT001,AGT007,Senegal,Chat,4,Escaladé,0.5814046904963748,ORANGE — Surveiller,1,1
TKT014543,2024-05-16 14:59:00,CAT001,AGT006,Senegal,Email,4,Résolu,0.580788924323443,ORANGE — Surveiller,1,0
TKT013294,2024-02-25 14:04:00,CAT002,AGT011,Maroc,Téléphone,2,Escaladé,0.5807842057871416,ORANGE — Surveiller,1,1
TKT014923,2024-06-08 18:15:00,CAT002,AGT004,Belgique,Téléphone,2,En cours,0.5807343185167002,ORANGE — Surveiller,1,1
TKT014931,2024-06-09 14:48:00,CAT001,AGT005,CI,Chat,4,En cours,0.5803585070691861,ORANGE — Surveiller,1,0
TKT013693,2024-03-23 21:26:00,CAT003,AGT004,CI,Email,3,Résolu,0.5802230001995313,ORANGE — Surveiller,1,0
TKT014482,2024-05-13 10:17:00,CAT003,AGT007,Cameroun,Chat,3,Escaladé,0.5802071072025317,ORANGE — Surveiller,1,1
TKT012806,2024-01-27 16:30:00,CAT007,AGT007,France,Téléphone,5,En cours,0.580088105265926,ORANGE — Surveiller,1,1
TKT013551,2024-03-13 16:47:00,CAT001,AGT010,Senegal,App mobile,4,En cours,0.5798626556153701,ORANGE — Surveiller,1,1
TKT013313,2024-02-26 12:47:00,CAT004,AGT012,CI,Web form,3,Backlog,0.579773811366426,ORANGE — Surveiller,1,1
TKT013085,2024-02-12 23:38:00,CAT003,AGT009,CI,Téléphone,3,Escaladé,0.579168300789355,ORANGE — Surveiller,1,1
TKT014793,2024-05-31 22:48:00,CAT004,AGT008,Senegal,Email,3,Résolu,0.5790747806814671,ORANGE — Surveiller,1,1
TKT012950,2024-02-03 09:29:00,CAT002,AGT011,France,Web form,2,Résolu,0.5784529451979088,ORANGE — Surveiller,1,1
TKT014824,2024-06-03 16:10:00,CAT003,AGT008,Senegal,Chat,3,Escaladé,0.5782614064442338,ORANGE — Surveiller,1,1
TKT013065,2024-02-11 14:59:00,CAT007,AGT012,CI,Chat,5,Backlog,0.5781549283117482,ORANGE — Surveiller,1,1
TKT013293,2024-02-25 11:34:00,CAT003,AGT002,Senegal,App mobile,3,Escaladé,0.5780189780904599,ORANGE — Surveiller,1,1
TKT013075,2024-02-12 10:12:00,CAT003,AGT008,Belgique,Chat,3,Fermé,0.5777636448768912,ORANGE — Surveiller,1,0
TKT012259,2024-01-01 17:07:00,CAT007,AGT006,Mali,Chat,5,Résolu,0.5776494933251326,ORANGE — Surveiller,1,0
TKT013291,2024-02-25 12:03:00,CAT001,AGT012,Mali,Chat,4,Escaladé,0.5770694317543474,ORANGE — Surveiller,1,1
TKT013033,2024-02-09 11:53:00,CAT001,AGT003,Ghana,Téléphone,4,Escaladé,0.5770661467139484,ORANGE — Surveiller,1,1
TKT013340,2024-02-28 14:06:00,CAT003,AGT008,CI,Web form,3,Résolu,0.5767677688596351,ORANGE — Surveiller,1,0
TKT012939,2024-02-02 12:33:00,CAT001,AGT003,CI,Email,4,Résolu,0.5766442555933277,ORANGE — Surveiller,1,1
TKT013386,2024-03-03 10:19:00,CAT006,AGT002,Cameroun,Email,3,Escaladé,0.5765376580299731,ORANGE — Surveiller,1,1
TKT014329,2024-05-03 09:53:00,CAT001,AGT005,Senegal,Chat,4,Résolu,0.5763368050879781,ORANGE — Surveiller,1,1
TKT012782,2024-01-26 17:00:00,CAT006,AGT002,Maroc,App mobile,3,Escaladé,0.5759166551167643,ORANGE — Surveiller,1,1
TKT014662,2024-05-24 08:40:00,CAT001,AGT003,Maroc,Téléphone,4,Escaladé,0.5758939263427345,ORANGE — Surveiller,1,1
TKT012527,2024-01-13 11:44:00,CAT001,AGT003,Maroc,App mobile,4,Résolu,0.5757552590856166,ORANGE — Surveiller,1,0
TKT012422,2024-01-09 23:49:00,CAT004,AGT008,Belgique,Email,3,Résolu,0.5753687096430409,ORANGE — Surveiller,1,1
TKT012510,2024-01-12 17:18:00,CAT001,AGT012,France,Chat,4,Backlog,0.5751033759924935,ORANGE — Surveiller,1,1
TKT014669,2024-05-24 06:23:00,CAT003,AGT002,Maroc,Téléphone,3,Résolu,0.5750861975533027,ORANGE — Surveiller,1,1
TKT012235,2023-12-31 13:25:00,CAT008,AGT004,CI,Chat,2,En cours,0.5744462346243648,ORANGE — Surveiller,1,1
TKT012776,2024-01-25 06:22:00,CAT002,AGT004,CI,Téléphone,2,Escaladé,0.5743646055929977,ORANGE — Surveiller,1,1
TKT015065,2024-06-18 09:05:00,CAT006,AGT007,Belgique,Téléphone,3,En cours,0.574085582637641,ORANGE — Surveiller,1,1
TKT013404,2024-03-04 09:39:00,CAT004,AGT012,Senegal,Chat,3,Résolu,0.5740615632991128,ORANGE — Surveiller,1,0
TKT014141,2024-04-21 12:29:00,CAT001,AGT003,Maroc,Téléphone,4,Résolu,0.5733519883397686,ORANGE — Surveiller,1,1
TKT015114,2024-06-20 14:14:00,CAT003,AGT007,France,Chat,3,Backlog,0.5730523426945676,ORANGE — Surveiller,1,1
TKT013571,2024-03-15 06:45:00,CAT006,AGT008,Belgique,Téléphone,3,Résolu,0.5730040879083942,ORANGE — Surveiller,1,0
TKT014493,2024-05-13 15:07:00,CAT001,AGT010,Cameroun,Téléphone,4,Résolu,0.5728904253572468,ORANGE — Surveiller,1,1
TKT012231,2023-12-31 16:33:00,CAT003,AGT012,Senegal,Web form,3,Résolu,0.5728099091805388,ORANGE — Surveiller,1,0
TKT014248,2024-04-27 18:51:00,CAT003,AGT004,Cameroun,Chat,3,En cours,0.5725577409994037,ORANGE — Surveiller,1,0
TKT014220,2024-04-25 19:45:00,CAT003,AGT003,Senegal,Email,3,Résolu,0.5725155971096728,ORANGE — Surveiller,1,1
TKT013976,2024-04-10 07:10:00,CAT001,AGT005,Cameroun,App mobile,4,Résolu,0.5720665050308186,ORANGE — Surveiller,1,0
TKT014603,2024-05-20 21:43:00,CAT004,AGT011,CI,App mobile,3,Résolu,0.5719501111585357,ORANGE — Surveiller,1,0
TKT013155,2024-02-16 23:16:00,CAT004,AGT009,France,Email,3,Résolu,0.5719076253159742,ORANGE — Surveiller,1,1
TKT014686,2024-05-25 12:18:00,CAT004,AGT004,Mali,Téléphone,3,Escaladé,0.5715907563299436,ORANGE — Surveiller,1,1
TKT014212,2024-04-25 15:47:00,CAT003,AGT008,Senegal,Téléphone,3,Backlog,0.5715726119666567,ORANGE — Surveiller,1,1
TKT012385,2024-01-07 13:58:00,CAT003,AGT002,Senegal,Email,3,Résolu,0.5713953085696368,ORANGE — Surveiller,1,0
TKT012379,2024-01-07 15:53:00,CAT003,AGT002,Senegal,Chat,3,Résolu,0.5711544321522611,ORANGE — Surveiller,1,0
TKT015177,2024-06-24 16:00:00,CAT003,AGT007,France,Chat,3,Résolu,0.5707956312424798,ORANGE — Surveiller,1,0
TKT012442,2024-01-09 13:22:00,CAT001,AGT005,Senegal,Téléphone,4,Backlog,0.5705197247089445,ORANGE — Surveiller,1,1
TKT013310,2024-02-26 16:58:00,CAT001,AGT010,CI,Téléphone,4,Fermé,0.5704922180890456,ORANGE — Surveiller,1,0
TKT014688,2024-05-25 16:13:00,CAT003,AGT004,Maroc,Téléphone,3,Escaladé,0.570202467943156,ORANGE — Surveiller,1,1
TKT013486,2024-03-09 22:58:00,CAT004,AGT011,Maroc,Chat,3,Fermé,0.5699981810868506,ORANGE — Surveiller,1,1
TKT012627,2024-01-18 15:32:00,CAT003,AGT003,Senegal,Téléphone,3,Résolu,0.5698113925338693,ORANGE — Surveiller,1,0
TKT013242,2024-02-22 03:34:00,CAT004,AGT009,CI,Téléphone,3,En cours,0.5696199960002762,ORANGE — Surveiller,1,1
TKT012717,2024-01-23 15:03:00,CAT001,AGT006,Ghana,Chat,4,En cours,0.5694359168094716,ORANGE — Surveiller,1,0
TKT012949,2024-02-03 14:55:00,CAT007,AGT010,France,Email,5,Escaladé,0.5689865460181427,ORANGE — Surveiller,1,1
TKT013088,2024-02-13 04:10:00,CAT008,AGT004,Ghana,Email,2,Escaladé,0.568874945413027,ORANGE — Surveiller,1,1
TKT012861,2024-01-30 16:55:00,CAT001,AGT006,Maroc,Email,4,Résolu,0.5687571637622094,ORANGE — Surveiller,1,1
TKT013072,2024-02-12 07:51:00,CAT004,AGT009,Senegal,Email,3,Résolu,0.568610976827948,ORANGE — Surveiller,1,0
TKT012803,2024-01-27 15:52:00,CAT001,AGT008,CI,Chat,4,En cours,0.5685697798664782,ORANGE — Surveiller,1,1
TKT014844,2024-06-04 11:53:00,CAT004,AGT012,Belgique,Web form,3,Résolu,0.5685113524749594,ORANGE — Surveiller,1,0
TKT012469,2024-01-11 11:36:00,CAT003,AGT012,Senegal,Chat,3,Résolu,0.5682074689287435,ORANGE — Surveiller,1,0
TKT014487,2024-05-13 07:05:00,CAT003,AGT001,CI,Email,3,En cours,0.5678890875068853,ORANGE — Surveiller,1,0
TKT013483,2024-03-09 18:29:00,CAT001,AGT003,Cameroun,App mobile,4,En cours,0.5674481067018329,ORANGE — Surveiller,1,1
TKT012879,2024-01-30 14:27:00,CAT003,AGT007,Maroc,App mobile,3,Résolu,0.5672226258459389,ORANGE — Surveiller,1,1
TKT013007,2024-02-07 13:19:00,CAT003,AGT005,Senegal,Email,3,En cours,0.5670273909314134,ORANGE — Surveiller,1,1
TKT012961,2024-02-04 21:52:00,CAT003,AGT002,CI,Chat,3,Fermé,0.5669376950094531,ORANGE — Surveiller,1,1
TKT012621,2024-01-18 10:00:00,CAT004,AGT012,Senegal,Email,3,Escaladé,0.5665760905264147,ORANGE — Surveiller,1,1
TKT012489,2024-01-11 10:19:00,CAT004,AGT003,CI,Web form,3,Résolu,0.5665195923379036,ORANGE — Surveiller,1,0
TKT012601,2024-01-17 16:02:00,CAT003,AGT008,Senegal,Email,3,Escaladé,0.566448378658058,ORANGE — Surveiller,1,1
TKT012894,2024-01-31 10:15:00,CAT004,AGT008,Senegal,Téléphone,3,Escaladé,0.5664421465081632,ORANGE — Surveiller,1,1
TKT014748,2024-05-29 17:52:00,CAT001,AGT010,Maroc,Téléphone,4,Escaladé,0.5664296381400299,ORANGE — Surveiller,1,1
TKT013057,2024-02-10 13:11:00,CAT007,AGT010,Cameroun,Téléphone,5,En cours,0.5664094343779391,ORANGE — Surveiller,1,1
TKT013652,2024-03-20 16:01:00,CAT004,AGT005,Cameroun,Web form,3,En cours,0.566397514799972,ORANGE — Surveiller,1,1
TKT012344,2024-01-04 15:01:00,CAT006,AGT007,Belgique,Téléphone,3,En cours,0.5663623865463439,ORANGE — Surveiller,1,0
TKT014075,2024-04-17 09:31:00,CAT001,AGT005,France,Email,4,En cours,0.5661636054143648,ORANGE — Surveiller,1,0
TKT014666,2024-05-24 16:06:00,CAT003,AGT007,CI,Chat,3,En cours,0.5660502656330892,ORANGE — Surveiller,1,0
TKT013485,2024-03-09 10:32:00,CAT002,AGT011,Senegal,Téléphone,2,Résolu,0.5658521719568979,ORANGE — Surveiller,1,1
TKT013921,2024-04-07 14:27:00,CAT001,AGT010,Mali,App mobile,4,Backlog,0.5652166871782901,ORANGE — Surveiller,1,1
TKT013182,2024-02-18 19:32:00,CAT003,AGT009,Belgique,Chat,3,Fermé,0.565178682381518,ORANGE — Surveiller,1,1
TKT014423,2024-05-09 15:36:00,CAT001,AGT006,France,Email,4,Résolu,0.5651579264367347,ORANGE — Surveiller,1,0
TKT013196,2024-02-19 07:59:00,CAT004,AGT007,Maroc,Chat,3,Backlog,0.5646512674468833,ORANGE — Surveiller,1,1
TKT014374,2024-05-06 08:16:00,CAT003,AGT009,Senegal,Téléphone,3,En cours,0.5646306162059208,ORANGE — Surveiller,1,1
TKT013513,2024-03-11 09:47:00,CAT004,AGT001,Maroc,Téléphone,3,Escaladé,0.564519101114435,ORANGE — Surveiller,1,1
TKT014467,2024-05-11 10:09:00,CAT002,AGT002,Maroc,Web form,2,Résolu,0.5640667096737046,ORANGE — Surveiller,1,0
TKT014774,2024-05-30 19:18:00,CAT006,AGT007,Senegal,Chat,3,Escaladé,0.5640417985584383,ORANGE — Surveiller,1,1
TKT012634,2024-01-18 09:13:00,CAT001,AGT005,Belgique,Email,4,Escaladé,0.5639085900323644,ORANGE — Surveiller,1,1
TKT012390,2024-01-07 08:28:00,CAT003,AGT007,France,App mobile,3,Résolu,0.5638431282297137,ORANGE — Surveiller,1,1
TKT013167,2024-02-17 19:11:00,CAT003,AGT007,Maroc,Email,3,Résolu,0.5634637916741159,ORANGE — Surveiller,1,1
TKT015186,2024-06-25 15:03:00,CAT001,AGT006,Cameroun,Chat,4,Backlog,0.5634431585477464,ORANGE — Surveiller,1,1
TKT012713,2024-01-23 23:51:00,CAT008,AGT006,France,App mobile,2,Fermé,0.563122450252619,ORANGE — Surveiller,1,1
TKT013691,2024-03-23 16:27:00,CAT004,AGT004,Mali,Web form,3,Résolu,0.5630504571441327,ORANGE — Surveiller,1,0
TKT013417,2024-03-05 02:38:00,CAT002,AGT004,Maroc,Chat,2,Résolu,0.5629594284083385,ORANGE — Surveiller,1,0
TKT012364,2024-01-06 19:57:00,CAT007,AGT007,Senegal,Email,5,Résolu,0.5629288060801967,ORANGE — Surveiller,1,1
TKT012453,2024-01-10 11:11:00,CAT004,AGT005,CI,Web form,3,En cours,0.5627839404951968,ORANGE — Surveiller,1,1
TKT014399,2024-05-07 18:23:00,CAT004,AGT008,Senegal,Chat,3,Résolu,0.5624925695142298,ORANGE — Surveiller,1,0
TKT012662,2024-01-20 19:25:00,CAT003,AGT002,Maroc,Chat,3,Escaladé,0.5621619529932221,ORANGE — Surveiller,1,1
TKT014049,2024-04-15 12:02:00,CAT006,AGT001,France,Email,3,Escaladé,0.5619658293714758,ORANGE — Surveiller,1,1
TKT012992,2024-02-06 13:26:00,CAT006,AGT008,Senegal,Email,3,Résolu,0.5619008944974809,ORANGE — Surveiller,1,0
TKT015053,2024-06-17 17:06:00,CAT003,AGT007,Mali,Email,3,Escaladé,0.5618860746107996,ORANGE — Surveiller,1,1
TKT012646,2024-01-19 08:13:00,CAT004,AGT007,CI,App mobile,3,Escaladé,0.5617992583951166,ORANGE — Surveiller,1,1
TKT014731,2024-05-28 12:24:00,CAT004,AGT001,Senegal,Email,3,Fermé,0.5617550670967126,ORANGE — Surveiller,1,1
TKT012974,2024-02-05 06:41:00,CAT004,AGT009,CI,Téléphone,3,Résolu,0.5615971430019606,ORANGE — Surveiller,1,0
TKT012867,2024-01-30 07:07:00,CAT004,AGT009,Belgique,Chat,3,Escaladé,0.5615721494708042,ORANGE — Surveiller,1,1
TKT012666,2024-01-20 14:27:00,CAT002,AGT004,Mali,Email,2,Backlog,0.5614763455430541,ORANGE — Surveiller,1,1
TKT013876,2024-04-04 09:11:00,CAT003,AGT008,Senegal,Chat,3,Résolu,0.5611849504959175,ORANGE — Surveiller,1,0
TKT013250,2024-02-22 08:47:00,CAT003,AGT009,Belgique,Email,3,En cours,0.5609519342734594,ORANGE — Surveiller,1,0
TKT015089,2024-06-19 16:10:00,CAT006,AGT003,Senegal,Téléphone,3,Escaladé,0.5609078010844655,ORANGE — Surveiller,1,1
TKT013631,2024-03-19 10:15:00,CAT003,AGT001,Senegal,Téléphone,3,Résolu,0.5604651598199062,ORANGE — Surveiller,1,0
TKT013749,2024-03-27 14:12:00,CAT003,AGT003,CI,Web form,3,Résolu,0.5602859525443543,ORANGE — Surveiller,1,0
TKT012674,2024-01-21 07:03:00,CAT008,AGT007,Ghana,Email,2,Fermé,0.5601534387149187,ORANGE — Surveiller,1,1
TKT014030,2024-04-13 13:52:00,CAT002,AGT004,Maroc,Téléphone,2,En cours,0.5601005877652715,ORANGE — Surveiller,1,0
TKT012892,2024-01-31 09:41:00,CAT003,AGT001,Senegal,Chat,3,Escaladé,0.5599216330601144,ORANGE — Surveiller,1,1
TKT013453,2024-03-07 17:44:00,CAT001,AGT010,Senegal,Email,4,Résolu,0.5598726200375622,ORANGE — Surveiller,1,0
TKT013798,2024-03-30 10:05:00,CAT001,AGT006,CI,App mobile,4,Backlog,0.5596744118460127,ORANGE — Surveiller,1,1
TKT013899,2024-04-05 15:46:00,CAT003,AGT009,Belgique,Email,3,Résolu,0.5596156556305257,ORANGE — Surveiller,1,0
TKT014518,2024-05-14 10:51:00,CAT004,AGT007,Senegal,Chat,3,Résolu,0.5593956553989756,ORANGE — Surveiller,1,0
TKT012429,2024-01-09 13:37:00,CAT003,AGT007,Senegal,Email,3,En cours,0.5593907492887019,ORANGE — Surveiller,1,0
TKT014079,2024-04-17 07:08:00,CAT004,AGT005,France,Web form,3,Résolu,0.5593826677835421,ORANGE — Surveiller,1,0
TKT013956,2024-04-09 11:58:00,CAT001,AGT005,Ghana,Téléphone,4,Résolu,0.5593036204999665,ORANGE — Surveiller,1,0
TKT012487,2024-01-11 10:44:00,CAT003,AGT005,Senegal,Web form,3,Résolu,0.5592488451172271,ORANGE — Surveiller,1,0
TKT013625,2024-03-19 14:32:00,CAT006,AGT007,CI,Chat,3,Résolu,0.5592477770888833,ORANGE — Surveiller,1,1
TKT013015,2024-02-08 23:08:00,CAT003,AGT007,France,Chat,3,Escaladé,0.5592063065740934,ORANGE — Surveiller,1,1
TKT014631,2024-05-22 09:20:00,CAT006,AGT007,Ghana,Chat,3,Résolu,0.5591822375013109,ORANGE — Surveiller,1,1
TKT013194,2024-02-19 08:05:00,CAT003,AGT008,Cameroun,Email,3,Résolu,0.5589834504262208,ORANGE — Surveiller,1,1
TKT012780,2024-01-26 15:21:00,CAT006,AGT008,Senegal,Téléphone,3,Backlog,0.5589004165268201,ORANGE — Surveiller,1,1
TKT013128,2024-02-15 10:54:00,CAT004,AGT007,CI,Chat,3,Escaladé,0.5587249761066915,ORANGE — Surveiller,1,1
TKT014699,2024-05-26 17:38:00,CAT008,AGT002,France,Téléphone,2,Résolu,0.5585993025326936,ORANGE — Surveiller,1,0
TKT012366,2024-01-06 09:34:00,CAT002,AGT004,France,Email,2,Résolu,0.5583359364417706,ORANGE — Surveiller,1,0
TKT013261,2024-02-22 21:15:00,CAT004,AGT008,Mali,Web form,3,Résolu,0.5582591100868193,ORANGE — Surveiller,1,0
TKT014479,2024-05-12 14:18:00,CAT002,AGT004,Senegal,Téléphone,2,En cours,0.5581941054471699,ORANGE — Surveiller,1,1
TKT013411,2024-03-05 00:39:00,CAT002,AGT011,France,Email,2,Escaladé,0.5581289053649379,ORANGE — Surveiller,1,1
TKT013684,2024-03-22 15:23:00,CAT004,AGT012,Belgique,Téléphone,3,Résolu,0.5581059118998202,ORANGE — Surveiller,1,1
TKT012883,2024-01-31 14:59:00,CAT003,AGT008,CI,Téléphone,3,Backlog,0.5580136646684534,ORANGE — Surveiller,1,1
TKT013839,2024-04-02 10:23:00,CAT004,AGT008,CI,Téléphone,3,En cours,0.5573198042070314,ORANGE — Surveiller,1,1
TKT013747,2024-03-27 14:05:00,CAT004,AGT007,Senegal,App mobile,3,Résolu,0.5572742669002839,ORANGE — Surveiller,1,0
TKT014254,2024-04-28 00:16:00,CAT008,AGT007,Mali,Email,2,Résolu,0.5572325666392756,ORANGE — Surveiller,1,1
TKT012667,2024-01-20 12:07:00,CAT001,AGT010,CI,Email,4,En cours,0.5570034503558904,ORANGE — Surveiller,1,0
TKT014893,2024-06-07 09:39:00,CAT004,AGT007,France,Email,3,Résolu,0.5569567134997141,ORANGE — Surveiller,1,0
TKT014819,2024-06-02 19:41:00,CAT001,AGT005,Senegal,Téléphone,4,Fermé,0.5569493143484109,ORANGE — Surveiller,1,0
TKT014350,2024-05-04 18:58:00,CAT003,AGT007,Maroc,Chat,3,Escaladé,0.5564415719162721,ORANGE — Surveiller,1,1
TKT015052,2024-06-17 16:27:00,CAT003,AGT001,Mali,Web form,3,Fermé,0.556308806316313,ORANGE — Surveiller,1,1
TKT012289,2024-01-02 13:23:00,CAT004,AGT008,France,Téléphone,3,Résolu,0.5560672955817627,ORANGE — Surveiller,1,0
TKT013368,2024-03-01 12:28:00,CAT006,AGT012,Senegal,Chat,3,Résolu,0.5558006148774075,ORANGE — Surveiller,1,1
TKT012698,2024-01-22 10:22:00,CAT006,AGT008,France,Téléphone,3,En cours,0.5555486502858564,ORANGE — Surveiller,1,0
TKT014452,2024-05-10 18:31:00,CAT003,AGT001,Senegal,Chat,3,Escaladé,0.5553338235130932,ORANGE — Surveiller,1,1
TKT014133,2024-04-20 13:55:00,CAT004,AGT007,Senegal,App mobile,3,Résolu,0.5552099330492433,ORANGE — Surveiller,1,0
TKT012542,2024-01-14 20:37:00,CAT007,AGT007,France,Chat,5,Escaladé,0.5549962403601842,ORANGE — Surveiller,1,1
TKT012833,2024-01-29 11:59:00,CAT006,AGT008,France,Email,3,Résolu,0.5549797705986631,ORANGE — Surveiller,1,0
TKT012365,2024-01-06 15:51:00,CAT007,AGT002,CI,Email,5,Backlog,0.554749980842522,ORANGE — Surveiller,1,1
TKT013177,2024-02-18 14:41:00,CAT001,AGT010,Maroc,Chat,4,Résolu,0.5547480293664766,ORANGE — Surveiller,1,1
TKT013258,2024-02-22 11:51:00,CAT003,AGT008,CI,Téléphone,3,Résolu,0.554437469147285,ORANGE — Surveiller,1,0
TKT013320,2024-02-27 13:10:00,CAT003,AGT007,CI,Email,3,Backlog,0.5544086291186637,ORANGE — Surveiller,1,1
TKT014658,2024-05-23 10:49:00,CAT003,AGT003,Senegal,Chat,3,Résolu,0.5542159347985693,ORANGE — Surveiller,1,0
TKT015182,2024-06-25 03:18:00,CAT003,AGT001,Senegal,App mobile,3,En cours,0.5541901663335491,ORANGE — Surveiller,1,1
TKT013658,2024-03-21 12:39:00,CAT004,AGT007,Maroc,Email,3,Résolu,0.5539281114089122,ORANGE — Surveiller,1,0
TKT013642,2024-03-20 13:20:00,CAT006,AGT008,Senegal,Chat,3,Résolu,0.553840495663099,ORANGE — Surveiller,1,0
TKT014533,2024-05-15 11:28:00,CAT004,AGT007,CI,Chat,3,En cours,0.5536851849002932,ORANGE — Surveiller,1,0
TKT012987,2024-02-06 15:19:00,CAT001,AGT005,CI,Téléphone,4,Escaladé,0.5536060586028008,ORANGE — Surveiller,1,1
TKT012672,2024-01-20 14:36:00,CAT004,AGT002,Senegal,Chat,3,En cours,0.5535591528420378,ORANGE — Surveiller,1,1
TKT013933,2024-04-08 17:20:00,CAT003,AGT008,Ghana,Téléphone,3,En cours,0.5534824762154661,ORANGE — Surveiller,1,1
TKT013998,2024-04-11 07:04:00,CAT003,AGT001,Belgique,App mobile,3,Escaladé,0.5533780732482758,ORANGE — Surveiller,1,1
TKT013487,2024-03-09 12:42:00,CAT002,AGT002,Maroc,Téléphone,2,Escaladé,0.5533646066535255,ORANGE — Surveiller,1,1
TKT013544,2024-03-13 12:56:00,CAT004,AGT007,Senegal,App mobile,3,Résolu,0.5532547377238647,ORANGE — Surveiller,1,0
TKT012528,2024-01-13 16:51:00,CAT007,AGT008,Cameroun,Chat,5,Escaladé,0.5529877671795016,ORANGE — Surveiller,1,1
TKT014901,2024-06-07 18:53:00,CAT001,AGT010,CI,Web form,4,Résolu,0.5529866078923874,ORANGE — Surveiller,1,0
TKT012383,2024-01-07 11:57:00,CAT001,AGT012,Ghana,Chat,4,Résolu,0.5528062418990825,ORANGE — Surveiller,1,1
TKT013463,2024-03-07 07:04:00,CAT004,AGT003,CI,Web form,3,Escaladé,0.5527378299274832,ORANGE — Surveiller,1,1
TKT012602,2024-01-17 16:08:00,CAT004,AGT001,CI,Web form,3,Escaladé,0.5526801910337324,ORANGE — Surveiller,1,1
TKT012368,2024-01-06 10:35:00,CAT002,AGT002,Ghana,Email,2,En cours,0.5525490749345702,ORANGE — Surveiller,1,0
TKT012704,2024-01-22 17:04:00,CAT001,AGT006,France,Chat,4,Escaladé,0.5524903674852838,ORANGE — Surveiller,1,1
TKT013205,2024-02-20 12:50:00,CAT004,AGT007,CI,Chat,3,Résolu,0.552229474037505,ORANGE — Surveiller,1,0
TKT012712,2024-01-23 08:12:00,CAT001,AGT005,Mali,Chat,4,Résolu,0.5522138270315287,ORANGE — Surveiller,1,1
TKT013846,2024-04-02 09:11:00,CAT006,AGT008,CI,Téléphone,3,En cours,0.552118985495989,ORANGE — Surveiller,1,1
TKT013362,2024-03-01 18:28:00,CAT006,AGT007,Senegal,Téléphone,3,Escaladé,0.5520859535759776,ORANGE — Surveiller,1,1
TKT014716,2024-05-27 08:07:00,CAT003,AGT008,Ghana,Email,3,En cours,0.5519728544364012,ORANGE — Surveiller,1,1
TKT012880,2024-01-31 09:02:00,CAT004,AGT001,Senegal,Chat,3,Résolu,0.5518899342025249,ORANGE — Surveiller,1,1
TKT014125,2024-04-19 11:58:00,CAT003,AGT007,Senegal,Email,3,En cours,0.5518409155215892,ORANGE — Surveiller,1,1
TKT013828,2024-04-01 11:56:00,CAT003,AGT009,CI,Téléphone,3,Résolu,0.551719220116405,ORANGE — Surveiller,1,1
TKT014401,2024-05-07 15:36:00,CAT006,AGT007,CI,Chat,3,Résolu,0.5516954095161539,ORANGE — Surveiller,1,0
TKT013101,2024-02-13 13:45:00,CAT003,AGT001,Ghana,Web form,3,Escaladé,0.551616465775691,ORANGE — Surveiller,1,1
TKT015189,2024-06-25 08:30:00,CAT004,AGT005,Senegal,Chat,3,Escaladé,0.5515881203141719,ORANGE — Surveiller,1,1
TKT014595,2024-05-20 02:00:00,CAT002,AGT011,Maroc,Téléphone,2,Résolu,0.5515023033576942,ORANGE — Surveiller,1,0
TKT013664,2024-03-21 10:15:00,CAT003,AGT001,Cameroun,Téléphone,3,Escaladé,0.5514660996254769,ORANGE — Surveiller,1,1
TKT015287,2024-06-30 20:34:00,CAT001,AGT005,Mali,Téléphone,4,Backlog,0.5512299523060034,ORANGE — Surveiller,1,1
TKT013451,2024-03-07 11:42:00,CAT004,AGT008,Mali,Email,3,En cours,0.5511120230455908,ORANGE — Surveiller,1,1
TKT013139,2024-02-15 11:58:00,CAT003,AGT007,CI,Téléphone,3,Résolu,0.5510630643604805,ORANGE — Surveiller,1,1
TKT013334,2024-02-28 18:52:00,CAT004,AGT005,Senegal,Chat,3,Résolu,0.5508374559429816,ORANGE — Surveiller,1,0
TKT013187,2024-02-19 01:32:00,CAT004,AGT008,Maroc,Email,3,Résolu,0.5506976874648841,ORANGE — Surveiller,1,0
TKT012847,2024-01-29 12:31:00,CAT004,AGT008,France,Chat,3,Résolu,0.5506975432673594,ORANGE — Surveiller,1,0
TKT013443,2024-03-06 12:06:00,CAT006,AGT007,Senegal,Chat,3,Résolu,0.550577456673231,ORANGE — Surveiller,1,0
TKT014896,2024-06-07 11:49:00,CAT004,AGT008,CI,Email,3,Escaladé,0.5504197705026634,ORANGE — Surveiller,1,1
TKT015267,2024-06-28 13:56:00,CAT006,AGT008,CI,Email,3,Résolu,0.5502077505990866,ORANGE — Surveiller,1,0
TKT014315,2024-05-02 18:44:00,CAT004,AGT007,CI,Chat,3,Escaladé,0.5501943622835066,ORANGE — Surveiller,1,1
TKT013666,2024-03-21 22:15:00,CAT003,AGT001,Ghana,Téléphone,3,Résolu,0.5501202400106759,ORANGE — Surveiller,1,0
TKT012817,2024-01-28 12:29:00,CAT003,AGT001,Senegal,Chat,3,Résolu,0.5499874075106314,ORANGE — Surveiller,1,0
TKT012488,2024-01-11 07:35:00,CAT003,AGT007,Cameroun,Téléphone,3,Escaladé,0.5498276651902043,ORANGE — Surveiller,1,1
TKT012696,2024-01-22 01:24:00,CAT008,AGT011,Belgique,Email,2,Résolu,0.5496546722470841,ORANGE — Surveiller,1,0
TKT012261,2024-01-01 09:29:00,CAT003,AGT012,CI,Téléphone,3,Résolu,0.5495334981727266,ORANGE — Surveiller,1,0
TKT013832,2024-04-02 17:45:00,CAT003,AGT007,France,Email,3,Résolu,0.5494965780928203,ORANGE — Surveiller,1,1
TKT014230,2024-04-26 08:27:00,CAT001,AGT005,CI,Chat,4,Escaladé,0.5492479100439057,ORANGE — Surveiller,1,1
TKT013055,2024-02-10 20:51:00,CAT001,AGT010,France,Email,4,En cours,0.5491938950699643,ORANGE — Surveiller,1,1
TKT015270,2024-06-29 13:00:00,CAT006,AGT001,CI,Téléphone,3,En cours,0.549152225936443,ORANGE — Surveiller,1,0
TKT013944,2024-04-08 10:02:00,CAT001,AGT005,CI,Chat,4,Backlog,0.5490517274777802,ORANGE — Surveiller,1,1
TKT013171,2024-02-17 16:28:00,CAT008,AGT004,Ghana,Email,2,Résolu,0.5489620438425233,ORANGE — Surveiller,1,0
TKT012932,2024-02-02 16:28:00,CAT003,AGT003,CI,Web form,3,Résolu,0.5489339054762682,ORANGE — Surveiller,1,0
TKT013531,2024-03-12 12:20:00,CAT003,AGT001,France,App mobile,3,En cours,0.5488085704027221,ORANGE — Surveiller,1,1
TKT014755,2024-05-29 11:27:00,CAT004,AGT001,Ghana,Email,3,Résolu,0.5487843698412884,ORANGE — Surveiller,1,0
TKT013975,2024-04-10 08:38:00,CAT006,AGT007,CI,Web form,3,Résolu,0.5487236313368558,ORANGE — Surveiller,1,0
TKT014123,2024-04-19 10:48:00,CAT003,AGT008,CI,Chat,3,Résolu,0.5486711975459792,ORANGE — Surveiller,1,1
TKT013774,2024-03-28 12:25:00,CAT003,AGT007,Senegal,Téléphone,3,En cours,0.5481939752740271,ORANGE — Surveiller,1,1
TKT014127,2024-04-20 13:12:00,CAT006,AGT002,Mali,Chat,3,En cours,0.5481762430503818,ORANGE — Surveiller,1,0
TKT014326,2024-05-03 20:48:00,CAT003,AGT007,France,Chat,3,En cours,0.5480745014762008,ORANGE — Surveiller,1,0
TKT014566,2024-05-17 13:17:00,CAT003,AGT009,Senegal,Chat,3,Escaladé,0.5480194345441669,ORANGE — Surveiller,1,1
TKT013787,2024-03-29 11:46:00,CAT004,AGT007,Maroc,Téléphone,3,En cours,0.5479213708547583,ORANGE — Surveiller,1,1
TKT014741,2024-05-29 06:09:00,CAT004,AGT008,Senegal,Téléphone,3,Escaladé,0.5478782148684239,ORANGE — Surveiller,1,1
TKT014003,2024-04-11 17:21:00,CAT003,AGT008,CI,Chat,3,Escaladé,0.5477761555554439,ORANGE — Surveiller,1,1
TKT014313,2024-05-02 09:32:00,CAT003,AGT001,CI,Email,3,Résolu,0.5477149463165855,ORANGE — Surveiller,1,0
TKT015147,2024-06-22 17:49:00,CAT001,AGT010,Maroc,Chat,4,En cours,0.5476354376340445,ORANGE — Surveiller,1,1
TKT014996,2024-06-13 17:11:00,CAT003,AGT001,France,Téléphone,3,Résolu,0.5476178952180034,ORANGE — Surveiller,1,0
TKT012800,2024-01-26 02:11:00,CAT003,AGT012,Belgique,Téléphone,3,Résolu,0.5476075691946253,ORANGE — Surveiller,1,1
TKT015109,2024-06-20 22:14:00,CAT006,AGT009,Maroc,Téléphone,3,En cours,0.5475611041104952,ORANGE — Surveiller,1,1
TKT015247,2024-06-27 13:43:00,CAT004,AGT001,France,Web form,3,Résolu,0.5473275139277844,ORANGE — Surveiller,1,1
TKT012262,2024-01-01 12:58:00,CAT004,AGT008,Maroc,Chat,3,Fermé,0.5473018499188813,ORANGE — Surveiller,1,1
TKT012474,2024-01-11 13:29:00,CAT003,AGT001,Ghana,App mobile,3,En cours,0.547243043631469,ORANGE — Surveiller,1,1
TKT013444,2024-03-06 07:51:00,CAT004,AGT003,Senegal,Email,3,Résolu,0.5471337042723166,ORANGE — Surveiller,1,0
TKT013165,2024-02-17 15:27:00,CAT001,AGT010,Maroc,Chat,4,Résolu,0.547048098849087,ORANGE — Surveiller,1,0
TKT014002,2024-04-11 11:48:00,CAT006,AGT008,Mali,Email,3,En cours,0.5470058593275573,ORANGE — Surveiller,1,1
TKT013380,2024-03-02 10:44:00,CAT008,AGT004,CI,Email,2,Fermé,0.5469880843043319,ORANGE — Surveiller,1,1
TKT014001,2024-04-11 18:45:00,CAT001,AGT010,CI,Téléphone,4,Backlog,0.5469830184482517,ORANGE — Surveiller,1,1
TKT012585,2024-01-16 10:18:00,CAT006,AGT012,Ghana,Téléphone,3,Résolu,0.5469444609144222,ORANGE — Surveiller,1,0
TKT013185,2024-02-19 17:46:00,CAT003,AGT008,CI,App mobile,3,En cours,0.5467838659003814,ORANGE — Surveiller,1,1
TKT012568,2024-01-15 08:21:00,CAT004,AGT009,CI,Téléphone,3,Résolu,0.5466756621035086,ORANGE — Surveiller,1,1
TKT014715,2024-05-27 21:56:00,CAT003,AGT008,Ghana,Email,3,Résolu,0.5466256010461705,ORANGE — Surveiller,1,0
TKT013695,2024-03-23 11:07:00,CAT001,AGT010,Cameroun,Chat,4,Backlog,0.546551697542859,ORANGE — Surveiller,1,1
TKT013534,2024-03-13 14:38:00,CAT003,AGT001,France,App mobile,3,Escaladé,0.5465351861537269,ORANGE — Surveiller,1,1
TKT013446,2024-03-06 19:14:00,CAT004,AGT007,Senegal,Email,3,Résolu,0.5465064377424418,ORANGE — Surveiller,1,0
TKT013044,2024-02-09 07:05:00,CAT004,AGT009,France,Email,3,Résolu,0.5464946081067413,ORANGE — Surveiller,1,0
TKT015102,2024-06-19 08:11:00,CAT006,AGT012,Senegal,Email,3,En cours,0.5464338993365174,ORANGE — Surveiller,1,0
TKT013328,2024-02-27 16:22:00,CAT001,AGT005,France,Téléphone,4,Résolu,0.5464323461010657,ORANGE — Surveiller,1,1
TKT013671,2024-03-22 14:18:00,CAT003,AGT007,Senegal,Web form,3,Escaladé,0.5463470128539674,ORANGE — Surveiller,1,1
TKT014015,2024-04-12 16:24:00,CAT006,AGT007,Ghana,Email,3,Résolu,0.5461085458816676,ORANGE — Surveiller,1,1
TKT012703,2024-01-22 10:17:00,CAT004,AGT009,Ghana,Téléphone,3,Résolu,0.5459766805013883,ORANGE — Surveiller,1,1
TKT014375,2024-05-06 14:26:00,CAT003,AGT007,CI,Web form,3,Résolu,0.545885563070673,ORANGE — Surveiller,1,0
TKT013930,2024-04-08 09:04:00,CAT006,AGT008,Cameroun,Téléphone,3,Escaladé,0.5458481309205264,ORANGE — Surveiller,1,1
TKT012711,2024-01-23 10:54:00,CAT003,AGT007,Mali,Email,3,Résolu,0.5458112558396866,ORANGE — Surveiller,1,1
TKT012338,2024-01-04 12:44:00,CAT006,AGT007,Senegal,Chat,3,Escaladé,0.545788857367314,ORANGE — Surveiller,1,1
TKT014820,2024-06-03 14:01:00,CAT006,AGT007,CI,Email,3,Résolu,0.5454922210591516,ORANGE — Surveiller,1,0
TKT015023,2024-06-15 08:03:00,CAT006,AGT002,Maroc,Email,3,Résolu,0.5454766276866646,ORANGE — Surveiller,1,1
TKT013163,2024-02-17 13:30:00,CAT006,AGT008,Senegal,Téléphone,3,Résolu,0.5454515775656666,ORANGE — Surveiller,1,0
TKT013689,2024-03-23 11:55:00,CAT003,AGT007,Ghana,Email,3,Résolu,0.545122416975153,ORANGE — Surveiller,1,0
TKT012969,2024-02-05 12:03:00,CAT006,AGT009,Senegal,Téléphone,3,Résolu,0.545065947591856,ORANGE — Surveiller,1,1
TKT014841,2024-06-04 13:45:00,CAT004,AGT008,CI,Chat,3,Escaladé,0.5450545835570101,ORANGE — Surveiller,1,1
TKT014241,2024-04-27 12:13:00,CAT002,AGT007,Senegal,Téléphone,2,Escaladé,0.5450177757956056,ORANGE — Surveiller,1,1
TKT013875,2024-04-04 10:01:00,CAT003,AGT007,Mali,Téléphone,3,En cours,0.5449462702116584,ORANGE — Surveiller,1,0
TKT014754,2024-05-29 07:49:00,CAT003,AGT012,Senegal,Email,3,Escaladé,0.5449424718368998,ORANGE — Surveiller,1,1
TKT013688,2024-03-23 11:04:00,CAT004,AGT007,CI,Email,3,En cours,0.5448743508834223,ORANGE — Surveiller,1,1
TKT014348,2024-05-04 09:30:00,CAT002,AGT007,Mali,Téléphone,2,Résolu,0.5448417216044271,ORANGE — Surveiller,1,0
TKT012935,2024-02-02 17:32:00,CAT004,AGT001,Senegal,Chat,3,Résolu,0.5444998321950508,ORANGE — Surveiller,1,0
TKT013244,2024-02-22 17:17:00,CAT003,AGT007,Cameroun,Email,3,Backlog,0.5442386604319971,ORANGE — Surveiller,1,1
TKT012339,2024-01-04 08:07:00,CAT003,AGT008,France,Email,3,Résolu,0.5442214662356086,ORANGE — Surveiller,1,0
TKT012337,2024-01-04 02:43:00,CAT004,AGT009,Mali,Chat,3,Escaladé,0.5441584921423666,ORANGE — Surveiller,1,1
TKT014087,2024-04-17 15:39:00,CAT004,AGT009,Senegal,Chat,3,Résolu,0.5441335186760756,ORANGE — Surveiller,1,0
TKT015254,2024-06-28 19:51:00,CAT001,AGT010,CI,Chat,4,Résolu,0.5441180180205268,ORANGE — Surveiller,1,0
TKT012319,2024-01-03 08:53:00,CAT003,AGT007,Cameroun,Email,3,Escaladé,0.5440518024917652,ORANGE — Surveiller,1,1
TKT013909,2024-04-06 18:35:00,CAT003,AGT009,Senegal,Téléphone,3,Résolu,0.5440364636481652,ORANGE — Surveiller,1,0
TKT012282,2024-01-02 08:22:00,CAT004,AGT006,Maroc,Chat,3,En cours,0.5439918567361436,ORANGE — Surveiller,1,1
TKT015054,2024-06-17 16:50:00,CAT004,AGT007,Cameroun,Email,3,Résolu,0.5439467974897023,ORANGE — Surveiller,1,1
TKT012942,2024-02-02 06:03:00,CAT008,AGT011,CI,Email,2,En cours,0.5439379357661259,ORANGE — Surveiller,1,1
TKT015076,2024-06-18 17:00:00,CAT003,AGT001,CI,Email,3,En cours,0.5439358692148497,ORANGE — Surveiller,1,1
TKT012768,2024-01-25 17:33:00,CAT006,AGT007,CI,Chat,3,En cours,0.5436884732518691,ORANGE — Surveiller,1,1
TKT012909,2024-02-01 16:46:00,CAT003,AGT007,Cameroun,Email,3,Résolu,0.5434494119712031,ORANGE — Surveiller,1,0
TKT012506,2024-01-12 18:45:00,CAT006,AGT001,CI,Email,3,Résolu,0.5433555615780766,ORANGE — Surveiller,1,0
TKT012240,2023-12-31 10:26:00,CAT002,AGT004,Senegal,Email,2,Résolu,0.5432719738193242,ORANGE — Surveiller,1,1
TKT013985,2024-04-10 08:45:00,CAT003,AGT008,Mali,Email,3,Backlog,0.5431010337288715,ORANGE — Surveiller,1,1
TKT014450,2024-05-10 11:06:00,CAT003,AGT008,Cameroun,Téléphone,3,En cours,0.5430752337349534,ORANGE — Surveiller,1,1
TKT014298,2024-05-01 16:44:00,CAT006,AGT006,Belgique,Web form,3,Backlog,0.5429358287121611,ORANGE — Surveiller,1,1
TKT012244,2024-01-01 09:18:00,CAT004,AGT009,Maroc,Email,3,Résolu,0.5427566574822165,ORANGE — Surveiller,1,1
TKT012797,2024-01-26 03:00:00,CAT003,AGT001,Ghana,Chat,3,Résolu,0.5426527764326239,ORANGE — Surveiller,1,1
TKT014443,2024-05-10 10:30:00,CAT003,AGT001,Senegal,Chat,3,Escaladé,0.5424585841939724,ORANGE — Surveiller,1,1
TKT014940,2024-06-10 09:16:00,CAT004,AGT009,CI,Téléphone,3,Résolu,0.5424314798066787,ORANGE — Surveiller,1,0
TKT012255,2024-01-01 19:00:00,CAT006,AGT008,CI,Web form,3,Backlog,0.54237081583082,ORANGE — Surveiller,1,1
TKT012486,2024-01-11 17:37:00,CAT007,AGT010,France,App mobile,5,Escaladé,0.5422110747392901,ORANGE — Surveiller,1,1
TKT014480,2024-05-13 01:24:00,CAT002,AGT001,Senegal,Email,2,Backlog,0.5421974505630769,ORANGE — Surveiller,1,1
TKT013372,2024-03-01 14:21:00,CAT001,AGT005,CI,Téléphone,4,Escaladé,0.542183779851185,ORANGE — Surveiller,1,1
TKT012813,2024-01-27 18:36:00,CAT003,AGT001,Maroc,Chat,3,Résolu,0.5419349207169986,ORANGE — Surveiller,1,0
TKT014960,2024-06-11 15:55:00,CAT004,AGT009,Senegal,Email,3,Résolu,0.541916569696873,ORANGE — Surveiller,1,1
TKT012910,2024-02-01 13:43:00,CAT004,AGT008,France,Chat,3,Escaladé,0.5418907311167329,ORANGE — Surveiller,1,1
TKT014668,2024-05-24 16:09:00,CAT003,AGT008,CI,Téléphone,3,Fermé,0.5417615792170107,ORANGE — Surveiller,1,0
TKT013505,2024-03-11 03:21:00,CAT003,AGT012,France,Web form,3,Résolu,0.54174733753702,ORANGE — Surveiller,1,0
TKT012499,2024-01-12 09:22:00,CAT003,AGT001,Mali,Email,3,Escaladé,0.5417248507431506,ORANGE — Surveiller,1,1
TKT014059,2024-04-16 20:22:00,CAT003,AGT001,Maroc,App mobile,3,Résolu,0.5417244963995781,ORANGE — Surveiller,1,1
TKT014783,2024-05-31 11:40:00,CAT004,AGT001,CI,Email,3,Résolu,0.5416854728486782,ORANGE — Surveiller,1,0
TKT013109,2024-02-13 12:06:00,CAT003,AGT009,Senegal,Téléphone,3,Backlog,0.5412820637243038,ORANGE — Surveiller,1,1
TKT013806,2024-03-31 07:03:00,CAT004,AGT008,Belgique,Téléphone,3,Résolu,0.5411445897354176,ORANGE — Surveiller,1,1
TKT013124,2024-02-14 08:16:00,CAT002,AGT004,CI,App mobile,2,Escaladé,0.5410483093235723,ORANGE — Surveiller,1,1
TKT014005,2024-04-11 11:25:00,CAT001,AGT005,CI,App mobile,4,Résolu,0.5410275121319499,ORANGE — Surveiller,1,0
TKT013325,2024-02-27 13:25:00,CAT006,AGT005,Maroc,Email,3,Escaladé,0.5409671972231498,ORANGE — Surveiller,1,1
TKT012820,2024-01-28 14:47:00,CAT004,AGT007,Cameroun,App mobile,3,Résolu,0.5408193553151981,ORANGE — Surveiller,1,1
TKT014034,2024-04-13 11:04:00,CAT001,AGT006,Ghana,Chat,4,En cours,0.540765780470585,ORANGE — Surveiller,1,0
TKT015224,2024-06-26 16:28:00,CAT003,AGT001,CI,Chat,3,En cours,0.5407475770990476,ORANGE — Surveiller,1,0
TKT013776,2024-03-29 05:25:00,CAT008,AGT007,Senegal,Téléphone,2,Résolu,0.5406645672386654,ORANGE — Surveiller,1,0
TKT014468,2024-05-11 12:51:00,CAT003,AGT007,Cameroun,Web form,3,Escaladé,0.5405828095099209,ORANGE — Surveiller,1,1
TKT013552,2024-03-13 15:09:00,CAT004,AGT001,Ghana,Web form,3,Escaladé,0.5405547973692623,ORANGE — Surveiller,1,1
TKT012906,2024-02-01 16:05:00,CAT003,AGT005,Senegal,Chat,3,Backlog,0.5405546370777551,ORANGE — Surveiller,1,1
TKT012947,2024-02-03 13:00:00,CAT003,AGT009,Ghana,Email,3,Résolu,0.5405215551571293,ORANGE — Surveiller,1,1
TKT014912,2024-06-08 12:31:00,CAT001,AGT006,Ghana,Chat,4,Résolu,0.5404915135008352,ORANGE — Surveiller,1,1
TKT015266,2024-06-28 12:46:00,CAT004,AGT001,Senegal,Chat,3,En cours,0.5404048524546012,ORANGE — Surveiller,1,1
TKT014523,2024-05-15 10:31:00,CAT003,AGT007,Cameroun,Téléphone,3,Escaladé,0.5403037832672333,ORANGE — Surveiller,1,1
TKT013002,2024-02-07 16:41:00,CAT001,AGT005,France,Chat,4,Escaladé,0.5402808508716538,ORANGE — Surveiller,1,1
TKT012243,2024-01-01 13:50:00,CAT004,AGT008,Mali,App mobile,3,Résolu,0.5401199420642522,ORANGE — Surveiller,1,0
TKT015126,2024-06-21 11:06:00,CAT006,AGT001,Maroc,Email,3,Résolu,0.5400806605586245,ORANGE — Surveiller,1,0
TKT014325,2024-05-03 13:09:00,CAT006,AGT009,Cameroun,Email,3,Backlog,0.540039188123442,ORANGE — Surveiller,1,1
TKT015202,2024-06-25 01:01:00,CAT006,AGT006,France,Email,3,Escaladé,0.54002762683464,ORANGE — Surveiller,1,1
TKT012386,2024-01-07 09:00:00,CAT003,AGT001,France,Web form,3,Résolu,0.53997977973023,ORANGE — Surveiller,1,0
TKT013963,2024-04-09 16:08:00,CAT003,AGT001,Ghana,App mobile,3,Backlog,0.5397085001018064,ORANGE — Surveiller,1,1
TKT013257,2024-02-22 09:09:00,CAT001,AGT005,Maroc,Chat,4,Backlog,0.5395174658435734,ORANGE — Surveiller,1,1
TKT014888,2024-06-06 12:52:00,CAT003,AGT008,CI,App mobile,3,Résolu,0.5393790756455457,ORANGE — Surveiller,1,1
TKT013110,2024-02-14 07:49:00,CAT002,AGT011,France,Téléphone,2,Escaladé,0.5393213042301266,ORANGE — Surveiller,1,1
TKT014440,2024-05-10 08:53:00,CAT008,AGT004,Senegal,Web form,2,Résolu,0.539260870730775,ORANGE — Surveiller,1,0
TKT015011,2024-06-14 09:18:00,CAT004,AGT008,Maroc,Chat,3,Escaladé,0.5392607646846704,ORANGE — Surveiller,1,1
TKT014509,2024-05-14 14:54:00,CAT003,AGT009,CI,App mobile,3,Résolu,0.5392170363524172,ORANGE — Surveiller,1,0
TKT013860,2024-04-03 11:21:00,CAT004,AGT012,Mali,Email,3,Backlog,0.5392100372496376,ORANGE — Surveiller,1,1
TKT014176,2024-04-23 17:49:00,CAT004,AGT001,CI,Téléphone,3,En cours,0.5390685648732968,ORANGE — Surveiller,1,1
TKT012327,2024-01-04 11:54:00,CAT003,AGT001,CI,Chat,3,Résolu,0.5390133376918798,ORANGE — Surveiller,1,1
TKT012669,2024-01-20 10:46:00,CAT003,AGT008,CI,Email,3,Résolu,0.5389884341850192,ORANGE — Surveiller,1,0
TKT014271,2024-04-29 00:43:00,CAT002,AGT011,France,Email,2,Résolu,0.5388079912873025,ORANGE — Surveiller,1,0
TKT012865,2024-01-30 16:24:00,CAT004,AGT001,France,Téléphone,3,Fermé,0.5384574618821373,ORANGE — Surveiller,1,1
TKT014372,2024-05-06 21:03:00,CAT006,AGT005,Maroc,Chat,3,Escaladé,0.5382696145471252,ORANGE — Surveiller,1,1
TKT012732,2024-01-24 08:11:00,CAT002,AGT004,CI,Email,2,Résolu,0.5381229390772316,ORANGE — Surveiller,1,0
TKT014951,2024-06-11 12:37:00,CAT004,AGT007,Ghana,Email,3,Résolu,0.5380881068200123,ORANGE — Surveiller,1,1
TKT015219,2024-06-26 16:48:00,CAT006,AGT012,Cameroun,Email,3,En cours,0.5380444371095824,ORANGE — Surveiller,1,1
TKT013054,2024-02-10 14:47:00,CAT004,AGT009,CI,Email,3,En cours,0.5380389732208745,ORANGE — Surveiller,1,0
TKT012919,2024-02-01 08:16:00,CAT003,AGT012,France,Téléphone,3,Résolu,0.5379362521952463,ORANGE — Surveiller,1,0
TKT013001,2024-02-07 14:56:00,CAT006,AGT006,France,Chat,3,Résolu,0.5375472709871955,ORANGE — Surveiller,1,1
TKT013500,2024-03-10 11:07:00,CAT003,AGT007,Senegal,App mobile,3,Résolu,0.5375353972275865,ORANGE — Surveiller,1,0
TKT012336,2024-01-04 11:07:00,CAT004,AGT001,Belgique,App mobile,3,Résolu,0.5374312500459485,ORANGE — Surveiller,1,0
TKT012263,2024-01-01 06:40:00,CAT004,AGT012,Senegal,App mobile,3,Résolu,0.53736451356581,ORANGE — Surveiller,1,0
TKT014235,2024-04-26 09:38:00,CAT006,AGT009,Maroc,Email,3,Résolu,0.5370180041193773,ORANGE — Surveiller,1,0
TKT014681,2024-05-24 15:09:00,CAT004,AGT012,France,Téléphone,3,Résolu,0.5368944361542092,ORANGE — Surveiller,1,0
TKT015242,2024-06-27 10:42:00,CAT003,AGT010,Cameroun,Web form,3,Résolu,0.536712603564658,ORANGE — Surveiller,1,1
TKT012944,2024-02-02 07:26:00,CAT003,AGT008,CI,Téléphone,3,En cours,0.5366119882731811,ORANGE — Surveiller,1,1
TKT014132,2024-04-20 11:02:00,CAT003,AGT005,CI,Web form,3,Résolu,0.5366053513230815,ORANGE — Surveiller,1,0
TKT014507,2024-05-14 16:52:00,CAT004,AGT001,Mali,App mobile,3,Fermé,0.5364941178004643,ORANGE — Surveiller,1,0
TKT013650,2024-03-20 14:07:00,CAT003,AGT001,France,Chat,3,Résolu,0.5364606061574823,ORANGE — Surveiller,1,0
TKT012752,2024-01-25 22:48:00,CAT001,AGT005,CI,Chat,4,Résolu,0.5364048431617867,ORANGE — Surveiller,1,0
TKT013651,2024-03-20 10:27:00,CAT003,AGT007,Senegal,Web form,3,Escaladé,0.5364031506965621,ORANGE — Surveiller,1,1
TKT013477,2024-03-08 17:31:00,CAT004,AGT003,Belgique,Téléphone,3,Fermé,0.5362685235740281,ORANGE — Surveiller,1,0
TKT015156,2024-06-23 12:19:00,CAT002,AGT007,Senegal,Téléphone,2,Résolu,0.5362398968558151,ORANGE — Surveiller,1,1
TKT012269,2024-01-02 12:39:00,CAT004,AGT006,Maroc,Chat,3,Escaladé,0.5361934510601798,ORANGE — Surveiller,1,1
TKT012608,2024-01-17 07:59:00,CAT004,AGT006,Senegal,Téléphone,3,En cours,0.5361654970753054,ORANGE — Surveiller,1,0
TKT014907,2024-06-07 07:10:00,CAT004,AGT009,CI,Email,3,Escaladé,0.5360777514704396,ORANGE — Surveiller,1,1
TKT013112,2024-02-14 09:37:00,CAT006,AGT003,CI,Email,3,Résolu,0.5360135228512934,ORANGE — Surveiller,1,0
TKT013031,2024-02-08 13:48:00,CAT006,AGT009,Senegal,Chat,3,Résolu,0.535954246541362,ORANGE — Surveiller,1,0
TKT015136,2024-06-21 03:27:00,CAT003,AGT008,CI,Téléphone,3,Résolu,0.5359423785202436,ORANGE — Surveiller,1,0
TKT012275,2024-01-02 09:15:00,CAT003,AGT009,CI,Téléphone,3,En cours,0.53585143016356,ORANGE — Surveiller,1,1
TKT013897,2024-04-05 02:10:00,CAT008,AGT001,CI,Web form,2,Résolu,0.535829754894062,ORANGE — Surveiller,1,0
TKT014389,2024-05-07 12:25:00,CAT006,AGT001,Maroc,Chat,3,Résolu,0.5358092218186576,ORANGE — Surveiller,1,0
TKT012433,2024-01-09 19:11:00,CAT006,AGT001,France,Email,3,Escaladé,0.5358021591315946,ORANGE — Surveiller,1,1
TKT014306,2024-05-02 19:55:00,CAT004,AGT001,Maroc,App mobile,3,En cours,0.5354522680402825,ORANGE — Surveiller,1,1
TKT013369,2024-03-01 12:32:00,CAT006,AGT001,CI,Chat,3,Résolu,0.5354381619734995,ORANGE — Surveiller,1,1
TKT013871,2024-04-04 11:29:00,CAT004,AGT005,France,Téléphone,3,Résolu,0.535372551774373,ORANGE — Surveiller,1,0
TKT014028,2024-04-13 16:21:00,CAT003,AGT001,Senegal,Téléphone,3,Backlog,0.5353043772746581,ORANGE — Surveiller,1,1
TKT014032,2024-04-13 23:26:00,CAT002,AGT006,CI,App mobile,2,Résolu,0.5352738690915823,ORANGE — Surveiller,1,1
TKT014135,2024-04-20 12:16:00,CAT002,AGT004,CI,App mobile,2,Résolu,0.5350475210586076,ORANGE — Surveiller,1,0
TKT013581,2024-03-16 10:55:00,CAT002,AGT004,Senegal,Email,2,Résolu,0.5350166355500108,ORANGE — Surveiller,1,0
TKT014139,2024-04-21 13:05:00,CAT008,AGT007,Ghana,Téléphone,2,Résolu,0.5349625104562193,ORANGE — Surveiller,1,0
TKT013058,2024-02-10 15:18:00,CAT004,AGT001,France,App mobile,3,En cours,0.5347970827530206,ORANGE — Surveiller,1,1
TKT013514,2024-03-11 17:29:00,CAT004,AGT009,Mali,Chat,3,Escaladé,0.5347623500320055,ORANGE — Surveiller,1,1
TKT013958,2024-04-09 17:24:00,CAT006,AGT008,France,Chat,3,Résolu,0.5344693749648206,ORANGE — Surveiller,1,0
TKT012728,2024-01-24 14:40:00,CAT003,AGT009,Senegal,Téléphone,3,Résolu,0.5343998225522563,ORANGE — Surveiller,1,1
TKT012370,2024-01-06 19:43:00,CAT007,AGT001,France,Chat,5,Résolu,0.5342374366457657,ORANGE — Surveiller,1,0
TKT014801,2024-06-01 14:40:00,CAT003,AGT007,CI,Email,3,Escaladé,0.534159752977711,ORANGE — Surveiller,1,1
TKT012515,2024-01-12 17:59:00,CAT006,AGT010,Belgique,Email,3,En cours,0.5340840783447414,ORANGE — Surveiller,1,0
TKT012641,2024-01-19 11:06:00,CAT003,AGT001,Maroc,Email,3,Résolu,0.5340146084245914,ORANGE — Surveiller,1,1
TKT013018,2024-02-08 15:57:00,CAT003,AGT001,France,Chat,3,Backlog,0.5339557030810118,ORANGE — Surveiller,1,1
TKT013472,2024-03-08 08:03:00,CAT003,AGT001,France,Chat,3,Résolu,0.5339312490202146,ORANGE — Surveiller,1,0
TKT013038,2024-02-09 08:07:00,CAT004,AGT008,Cameroun,Chat,3,En cours,0.53383902244238,ORANGE — Surveiller,1,1
TKT014605,2024-05-21 18:51:00,CAT004,AGT001,Belgique,Chat,3,En cours,0.5337687908802278,ORANGE — Surveiller,1,1
TKT013286,2024-02-24 12:45:00,CAT008,AGT007,Ghana,App mobile,2,Résolu,0.5336915804310276,ORANGE — Surveiller,1,0
TKT014496,2024-05-13 20:15:00,CAT004,AGT008,Maroc,App mobile,3,Résolu,0.533663712871638,ORANGE — Surveiller,1,0
TKT013059,2024-02-10 17:34:00,CAT004,AGT008,Ghana,Email,3,Résolu,0.5336511344413577,ORANGE — Surveiller,1,1
TKT013046,2024-02-10 19:56:00,CAT001,AGT010,Senegal,Chat,4,Escaladé,0.5336082063916102,ORANGE — Surveiller,1,1
TKT015161,2024-06-23 16:27:00,CAT001,AGT010,Maroc,Email,4,Escaladé,0.5334290579909872,ORANGE — Surveiller,1,1
TKT013035,2024-02-09 07:35:00,CAT006,AGT008,Senegal,Email,3,Résolu,0.5333760876698571,ORANGE — Surveiller,1,0
TKT012332,2024-01-04 06:41:00,CAT004,AGT003,Senegal,Email,3,Résolu,0.5333475258555239,ORANGE — Surveiller,1,1
TKT013541,2024-03-13 07:05:00,CAT008,AGT011,CI,Email,2,Résolu,0.5332740536145919,ORANGE — Surveiller,1,1
TKT012412,2024-01-08 14:44:00,CAT001,AGT005,CI,Email,4,Escaladé,0.5332576174950003,ORANGE — Surveiller,1,1
TKT012497,2024-01-12 17:10:00,CAT006,AGT010,France,Web form,3,Escaladé,0.5331612703836223,ORANGE — Surveiller,1,1
TKT014336,2024-05-03 10:12:00,CAT004,AGT009,Maroc,Téléphone,3,En cours,0.5329608216373898,ORANGE — Surveiller,1,0
TKT014529,2024-05-15 09:50:00,CAT004,AGT010,Senegal,Chat,3,Escaladé,0.5328204123317645,ORANGE — Surveiller,1,1
TKT013269,2024-02-23 12:31:00,CAT001,AGT005,France,Téléphone,4,Résolu,0.532567092356318,ORANGE — Surveiller,1,1
TKT014517,2024-05-14 10:02:00,CAT004,AGT012,Ghana,Chat,3,Escaladé,0.5325064283446989,ORANGE — Surveiller,1,1
TKT014474,2024-05-12 11:53:00,CAT003,AGT009,CI,App mobile,3,Résolu,0.5322357111896027,ORANGE — Surveiller,1,1
TKT013744,2024-03-27 18:45:00,CAT004,AGT007,CI,Email,3,En cours,0.5321837088977233,ORANGE — Surveiller,1,0
TKT013528,2024-03-12 18:07:00,CAT003,AGT009,Cameroun,App mobile,3,Résolu,0.5321705832558564,ORANGE — Surveiller,1,0
TKT014391,2024-05-07 18:56:00,CAT001,AGT005,CI,Email,4,Escaladé,0.5320664724252067,ORANGE — Surveiller,1,1
TKT012853,2024-01-30 10:51:00,CAT003,AGT012,Cameroun,Email,3,Résolu,0.5320432704289422,ORANGE — Surveiller,1,0
TKT013011,2024-02-07 07:13:00,CAT004,AGT009,CI,Email,3,Résolu,0.531877418132845,ORANGE — Surveiller,1,1
TKT012438,2024-01-09 17:04:00,CAT004,AGT012,Ghana,Téléphone,3,Résolu,0.5318558375810055,ORANGE — Surveiller,1,0
TKT015056,2024-06-17 21:21:00,CAT003,AGT005,France,Téléphone,3,Résolu,0.5316387671218462,ORANGE — Surveiller,1,0
TKT012933,2024-02-02 11:42:00,CAT004,AGT012,CI,Email,3,Fermé,0.5315663485907224,ORANGE — Surveiller,1,1
TKT014980,2024-06-12 02:32:00,CAT003,AGT009,CI,Email,3,Escaladé,0.5314661606481932,ORANGE — Surveiller,1,1
TKT012981,2024-02-06 18:37:00,CAT004,AGT009,Senegal,App mobile,3,Résolu,0.5313380633545556,ORANGE — Surveiller,1,1
TKT013614,2024-03-18 10:48:00,CAT006,AGT012,Maroc,Chat,3,Escaladé,0.5310888561930575,ORANGE — Surveiller,1,1
TKT014876,2024-06-05 19:01:00,CAT003,AGT003,Belgique,Téléphone,3,En cours,0.5309543488508629,ORANGE — Surveiller,1,1
TKT012477,2024-01-11 20:09:00,CAT004,AGT001,Mali,Chat,3,En cours,0.5309503534990823,ORANGE — Surveiller,1,1
TKT012814,2024-01-27 15:07:00,CAT008,AGT002,Senegal,Téléphone,2,Résolu,0.5308953156785052,ORANGE — Surveiller,1,1
TKT015019,2024-06-15 16:14:00,CAT006,AGT005,CI,Web form,3,En cours,0.5307689574114122,ORANGE — Surveiller,1,0
TKT013736,2024-03-26 08:39:00,CAT004,AGT009,France,App mobile,3,Escaladé,0.5307391164339705,ORANGE — Surveiller,1,1
TKT012862,2024-01-30 06:08:00,CAT004,AGT010,Senegal,Téléphone,3,Résolu,0.530570123895238,ORANGE — Surveiller,1,0
TKT012268,2024-01-02 10:47:00,CAT006,AGT003,CI,Email,3,Résolu,0.5304545038469465,ORANGE — Surveiller,1,1
TKT013181,2024-02-18 13:51:00,CAT002,AGT007,France,Email,2,Escaladé,0.5303654860841419,ORANGE — Surveiller,1,1
TKT014832,2024-06-03 14:21:00,CAT003,AGT012,France,Email,3,Escaladé,0.5300942273017979,ORANGE — Surveiller,1,1
TKT012788,2024-01-26 13:29:00,CAT006,AGT012,Ghana,Chat,3,Résolu,0.5300248992597801,ORANGE — Surveiller,1,1
TKT012753,2024-01-25 15:26:00,CAT006,AGT009,CI,Email,3,Résolu,0.5300192368344345,ORANGE — Surveiller,1,0
TKT013837,2024-04-02 10:33:00,CAT006,AGT006,CI,Téléphone,3,Backlog,0.5298707474187724,ORANGE — Surveiller,1,1
TKT013951,2024-04-09 16:18:00,CAT006,AGT005,Mali,Téléphone,3,Fermé,0.5298641683972235,ORANGE — Surveiller,1,0
TKT014201,2024-04-24 14:30:00,CAT003,AGT012,France,Chat,3,Résolu,0.5298578387188979,ORANGE — Surveiller,1,1
TKT014311,2024-05-02 21:41:00,CAT003,AGT008,CI,Email,3,Résolu,0.5298449040334128,ORANGE — Surveiller,1,0
TKT013660,2024-03-21 13:16:00,CAT004,AGT001,CI,Chat,3,En cours,0.5297702607695765,ORANGE — Surveiller,1,0
TKT014789,2024-05-31 20:34:00,CAT004,AGT009,CI,Téléphone,3,Résolu,0.5296662841342994,ORANGE — Surveiller,1,0
TKT012541,2024-01-14 13:04:00,CAT006,AGT008,Senegal,Chat,3,Résolu,0.529635972378865,ORANGE — Surveiller,1,0
TKT013545,2024-03-13 09:58:00,CAT002,AGT011,Senegal,Téléphone,2,Escaladé,0.5295188929277455,ORANGE — Surveiller,1,1
TKT014863,2024-06-05 09:22:00,CAT004,AGT012,France,Chat,3,En cours,0.5294823330839697,ORANGE — Surveiller,1,1
TKT014339,2024-05-03 04:22:00,CAT002,AGT007,France,Téléphone,2,Résolu,0.5294562917670588,ORANGE — Surveiller,1,0
TKT012675,2024-01-21 08:34:00,CAT004,AGT008,Senegal,Chat,3,En cours,0.5294516828804969,ORANGE — Surveiller,1,1
TKT014036,2024-04-14 19:51:00,CAT003,AGT001,CI,Email,3,En cours,0.5292701877622494,ORANGE — Surveiller,1,0
TKT013911,2024-04-06 16:54:00,CAT003,AGT001,CI,Web form,3,Résolu,0.5291676315255164,ORANGE — Surveiller,1,0
TKT012435,2024-01-09 21:45:00,CAT003,AGT012,Cameroun,Email,3,Résolu,0.5291276815576074,ORANGE — Surveiller,1,0
TKT014740,2024-05-28 14:26:00,CAT003,AGT005,France,Téléphone,3,Résolu,0.5291199041530582,ORANGE — Surveiller,1,1
TKT014520,2024-05-15 13:23:00,CAT003,AGT003,Maroc,Téléphone,3,Résolu,0.5291160322796423,ORANGE — Surveiller,1,1
TKT013750,2024-03-27 14:10:00,CAT004,AGT003,Senegal,App mobile,3,Résolu,0.5290469614388027,ORANGE — Surveiller,1,0
TKT014070,2024-04-16 08:32:00,CAT006,AGT010,Cameroun,Téléphone,3,Backlog,0.529031006625647,ORANGE — Surveiller,1,1
TKT014976,2024-06-12 21:53:00,CAT006,AGT008,Ghana,Téléphone,3,Résolu,0.5288905530741033,ORANGE — Surveiller,1,0
TKT013585,2024-03-16 13:58:00,CAT002,AGT007,Senegal,Web form,2,Résolu,0.5288659234915961,ORANGE — Surveiller,1,1
TKT012871,2024-01-30 08:08:00,CAT006,AGT009,Ghana,Email,3,Résolu,0.5287144848359211,ORANGE — Surveiller,1,0
TKT014763,2024-05-30 07:47:00,CAT003,AGT005,France,Téléphone,3,Escaladé,0.5286145104215604,ORANGE — Surveiller,1,1
TKT012301,2024-01-03 07:30:00,CAT003,AGT005,Ghana,Téléphone,3,Résolu,0.528413748623095,ORANGE — Surveiller,1,0
TKT014226,2024-04-26 07:42:00,CAT004,AGT008,CI,Email,3,Résolu,0.5283873137370562,ORANGE — Surveiller,1,1
TKT013129,2024-02-15 08:31:00,CAT003,AGT003,Senegal,App mobile,3,Résolu,0.5283431211553244,ORANGE — Surveiller,1,0
TKT012587,2024-01-16 17:13:00,CAT003,AGT006,Maroc,Web form,3,Résolu,0.5283314253664187,ORANGE — Surveiller,1,1
TKT015143,2024-06-22 12:16:00,CAT008,AGT002,CI,Email,2,Résolu,0.5282643219381595,ORANGE — Surveiller,1,0
TKT012722,2024-01-23 12:07:00,CAT003,AGT012,CI,Chat,3,En cours,0.5281956682026369,ORANGE — Surveiller,1,1
TKT013801,2024-03-30 15:08:00,CAT006,AGT009,Senegal,Email,3,Résolu,0.5281836824180529,ORANGE — Surveiller,1,1
TKT013350,2024-02-29 12:42:00,CAT003,AGT008,Ghana,App mobile,3,Résolu,0.5281818974260005,ORANGE — Surveiller,1,1
TKT012376,2024-01-06 16:54:00,CAT004,AGT009,Cameroun,Chat,3,Backlog,0.528078412412167,ORANGE — Surveiller,1,1
TKT012401,2024-01-08 08:50:00,CAT003,AGT003,Belgique,App mobile,3,Résolu,0.5279118647218032,ORANGE — Surveiller,1,1
TKT014243,2024-04-27 17:14:00,CAT002,AGT004,Maroc,Chat,2,Escaladé,0.5278321968159038,ORANGE — Surveiller,1,1
TKT015063,2024-06-18 18:57:00,CAT003,AGT012,France,Chat,3,Escaladé,0.5276773625610118,ORANGE — Surveiller,1,1
TKT012796,2024-01-26 01:21:00,CAT002,AGT008,Ghana,Chat,2,Résolu,0.5275898419455907,ORANGE — Surveiller,1,1
TKT014210,2024-04-25 13:43:00,CAT004,AGT012,CI,App mobile,3,Backlog,0.5274515953283198,ORANGE — Surveiller,1,1
TKT013108,2024-02-13 10:04:00,CAT004,AGT009,CI,Email,3,En cours,0.5274159996371002,ORANGE — Surveiller,1,1
TKT013373,2024-03-01 06:01:00,CAT003,AGT001,France,Email,3,Résolu,0.5273311930385414,ORANGE — Surveiller,1,0
TKT014252,2024-04-28 08:07:00,CAT002,AGT007,CI,Email,2,Escaladé,0.5272960385957977,ORANGE — Surveiller,1,1
TKT015016,2024-06-14 17:04:00,CAT006,AGT009,Ghana,Chat,3,Résolu,0.527258625732896,ORANGE — Surveiller,1,0
TKT014431,2024-05-09 14:40:00,CAT004,AGT009,CI,Téléphone,3,En cours,0.5272282090787449,ORANGE — Surveiller,1,1
TKT013558,2024-03-14 10:38:00,CAT003,AGT009,Maroc,Chat,3,Résolu,0.5270327323129728,ORANGE — Surveiller,1,0
TKT012373,2024-01-06 16:39:00,CAT008,AGT002,Ghana,Téléphone,2,Résolu,0.5266867653211219,ORANGE — Surveiller,1,1
TKT013311,2024-02-26 09:34:00,CAT003,AGT003,CI,Chat,3,Escaladé,0.5265712714288859,ORANGE — Surveiller,1,1
TKT015075,2024-06-18 11:12:00,CAT003,AGT005,CI,Email,3,Résolu,0.5265580179098892,ORANGE — Surveiller,1,1
TKT014734,2024-05-28 09:00:00,CAT006,AGT012,France,Chat,3,Résolu,0.5265335302627292,ORANGE — Surveiller,1,0
TKT013715,2024-03-25 14:20:00,CAT006,AGT006,Maroc,Chat,3,Escaladé,0.5262857626243881,ORANGE — Surveiller,1,1
TKT014775,2024-05-30 09:55:00,CAT004,AGT009,France,Chat,3,Escaladé,0.5261983390594088,ORANGE — Surveiller,1,1
TKT014687,2024-05-25 18:09:00,CAT003,AGT001,France,Email,3,Résolu,0.5261760699997912,ORANGE — Surveiller,1,0
TKT013841,2024-04-02 11:40:00,CAT003,AGT012,Cameroun,Chat,3,En cours,0.5260357248095742,ORANGE — Surveiller,1,0
TKT012509,2024-01-12 16:09:00,CAT004,AGT009,Mali,App mobile,3,Résolu,0.5259928324200426,ORANGE — Surveiller,1,0
TKT014607,2024-05-21 19:56:00,CAT003,AGT012,CI,Téléphone,3,En cours,0.52594779059413,ORANGE — Surveiller,1,0
TKT013492,2024-03-10 09:58:00,CAT003,AGT009,Ghana,App mobile,3,Résolu,0.5258746195824524,ORANGE — Surveiller,1,0
TKT015167,2024-06-24 19:20:00,CAT003,AGT012,CI,Chat,3,Escaladé,0.5258076507589814,ORANGE — Surveiller,1,1
TKT012286,2024-01-02 07:58:00,CAT003,AGT005,Cameroun,Téléphone,3,Escaladé,0.5257958952114659,ORANGE — Surveiller,1,1
TKT014995,2024-06-13 09:58:00,CAT003,AGT012,Cameroun,App mobile,3,Escaladé,0.5257813840267351,ORANGE — Surveiller,1,1
TKT013752,2024-03-27 16:58:00,CAT004,AGT005,CI,Email,3,Backlog,0.5256582498069519,ORANGE — Surveiller,1,1
TKT013833,2024-04-02 19:14:00,CAT001,AGT005,Mali,Téléphone,4,Résolu,0.5256529806144377,ORANGE — Surveiller,1,0
TKT014860,2024-06-04 13:06:00,CAT004,AGT005,CI,Email,3,Backlog,0.5254321871077127,ORANGE — Surveiller,1,1
TKT014733,2024-05-28 08:11:00,CAT003,AGT009,CI,Web form,3,Résolu,0.5253212389842762,ORANGE — Surveiller,1,1
TKT013586,2024-03-16 09:11:00,CAT004,AGT008,Maroc,Email,3,Backlog,0.5250074292709224,ORANGE — Surveiller,1,1
TKT012951,2024-02-03 17:17:00,CAT003,AGT012,Maroc,Téléphone,3,Escaladé,0.5249769591950738,ORANGE — Surveiller,1,1
TKT013870,2024-04-04 19:42:00,CAT006,AGT012,Belgique,Email,3,Résolu,0.5248509720688197,ORANGE — Surveiller,1,0
TKT013559,2024-03-14 10:11:00,CAT004,AGT003,Maroc,Email,3,Escaladé,0.5248344686756845,ORANGE — Surveiller,1,1
TKT014911,2024-06-07 07:58:00,CAT008,AGT011,France,Email,2,Résolu,0.5246974713237534,ORANGE — Surveiller,1,0
TKT013565,2024-03-14 08:55:00,CAT006,AGT009,Senegal,Chat,3,Escaladé,0.5246357210785273,ORANGE — Surveiller,1,1
TKT014554,2024-05-17 04:37:00,CAT002,AGT001,France,Téléphone,2,En cours,0.5244941927692182,ORANGE — Surveiller,1,0
TKT012490,2024-01-11 12:57:00,CAT003,AGT009,France,Chat,3,Résolu,0.5244866031024776,ORANGE — Surveiller,1,1
TKT013265,2024-02-23 17:29:00,CAT001,AGT006,Mali,Téléphone,4,Résolu,0.5242683925346714,ORANGE — Surveiller,1,1
TKT012463,2024-01-11 08:39:00,CAT004,AGT012,CI,Email,3,Résolu,0.5241025783056369,ORANGE — Surveiller,1,0
TKT012678,2024-01-21 15:09:00,CAT003,AGT007,Cameroun,Email,3,Résolu,0.5240849611971601,ORANGE — Surveiller,1,1
TKT012291,2024-01-02 06:25:00,CAT006,AGT001,Senegal,Chat,3,Résolu,0.5239733925479427,ORANGE — Surveiller,1,1
TKT014386,2024-05-07 11:55:00,CAT003,AGT009,Ghana,Email,3,Résolu,0.523894661086196,ORANGE — Surveiller,1,1
TKT014094,2024-04-18 05:37:00,CAT006,AGT012,Senegal,Téléphone,3,Escaladé,0.5238280868586788,ORANGE — Surveiller,1,1
TKT013789,2024-03-29 11:07:00,CAT004,AGT012,Maroc,App mobile,3,Fermé,0.5238192454099085,ORANGE — Surveiller,1,0
TKT013722,2024-03-25 22:28:00,CAT008,AGT006,CI,Email,2,Résolu,0.5237096636051077,ORANGE — Surveiller,1,0
TKT012830,2024-01-29 21:19:00,CAT004,AGT009,CI,Web form,3,Résolu,0.5236716904133545,ORANGE — Surveiller,1,0
TKT012747,2024-01-24 09:35:00,CAT002,AGT004,Maroc,Chat,2,Résolu,0.5235593280967142,ORANGE — Surveiller,1,1
TKT013159,2024-02-17 23:14:00,CAT002,AGT010,Maroc,Email,2,Résolu,0.5232522985791548,ORANGE — Surveiller,1,0
TKT014429,2024-05-09 10:05:00,CAT006,AGT009,CI,App mobile,3,Backlog,0.5231312820355153,ORANGE — Surveiller,1,1
TKT012790,2024-01-26 17:22:00,CAT006,AGT006,Senegal,Email,3,Résolu,0.523103023385375,ORANGE — Surveiller,1,1
TKT013583,2024-03-16 14:34:00,CAT004,AGT008,France,Email,3,En cours,0.5229569050897948,ORANGE — Surveiller,1,0
TKT012471,2024-01-11 16:14:00,CAT004,AGT009,Cameroun,Web form,3,Escaladé,0.522942038244016,ORANGE — Surveiller,1,1
TKT014513,2024-05-14 15:49:00,CAT003,AGT009,France,Email,3,Résolu,0.5228768857455575,ORANGE — Surveiller,1,1
TKT012371,2024-01-06 07:21:00,CAT003,AGT005,Senegal,Email,3,Résolu,0.5228366097366616,ORANGE — Surveiller,1,1
TKT013408,2024-03-05 13:30:00,CAT004,AGT010,CI,Téléphone,3,Escaladé,0.52277577253292,ORANGE — Surveiller,1,1
TKT012826,2024-01-28 05:05:00,CAT007,AGT007,France,Email,5,Escaladé,0.5227379335444983,ORANGE — Surveiller,1,1
TKT014197,2024-04-24 10:16:00,CAT002,AGT011,CI,App mobile,2,Résolu,0.5225084610039366,ORANGE — Surveiller,1,0
TKT013047,2024-02-10 16:59:00,CAT004,AGT008,CI,Chat,3,Résolu,0.5224996603743982,ORANGE — Surveiller,1,0
TKT013929,2024-04-08 07:48:00,CAT003,AGT006,Belgique,Web form,3,Résolu,0.5224456475860081,ORANGE — Surveiller,1,1
TKT012827,2024-01-28 11:55:00,CAT004,AGT001,Mali,Téléphone,3,En cours,0.5223489665969674,ORANGE — Surveiller,1,1
TKT015197,2024-06-25 10:48:00,CAT003,AGT010,Senegal,App mobile,3,Résolu,0.5222098510686255,ORANGE — Surveiller,1,0
TKT012851,2024-01-30 06:53:00,CAT004,AGT010,CI,Téléphone,3,En cours,0.5220615980288438,ORANGE — Surveiller,1,0
TKT013905,2024-04-06 09:25:00,CAT004,AGT009,France,Web form,3,Résolu,0.5220521588018597,ORANGE — Surveiller,1,0
TKT012295,2024-01-03 04:50:00,CAT006,AGT003,Mali,Email,3,Backlog,0.5220157998168977,ORANGE — Surveiller,1,1
TKT012640,2024-01-19 19:24:00,CAT004,AGT007,France,Téléphone,3,En cours,0.5218774298852371,ORANGE — Surveiller,1,0
TKT012492,2024-01-12 06:18:00,CAT006,AGT008,Cameroun,Chat,3,Backlog,0.5217915622261874,ORANGE — Surveiller,1,1
TKT012589,2024-01-16 14:39:00,CAT004,AGT010,Senegal,Chat,3,Escaladé,0.5214748425863996,ORANGE — Surveiller,1,1
TKT013538,2024-03-13 05:40:00,CAT003,AGT012,France,Téléphone,3,Résolu,0.521465050359008,ORANGE — Surveiller,1,0
TKT012326,2024-01-04 11:07:00,CAT004,AGT012,Cameroun,Chat,3,Résolu,0.5213146385165794,ORANGE — Surveiller,1,0
TKT014205,2024-04-24 19:08:00,CAT004,AGT007,CI,Email,3,Escaladé,0.5211550545795475,ORANGE — Surveiller,1,1
TKT013154,2024-02-16 18:08:00,CAT004,AGT009,Maroc,App mobile,3,Escaladé,0.521096982760842,ORANGE — Surveiller,1,1
TKT013991,2024-04-11 18:09:00,CAT004,AGT001,CI,Chat,3,Résolu,0.5210510667105636,ORANGE — Surveiller,1,0
TKT013284,2024-02-24 10:21:00,CAT002,AGT011,Cameroun,Email,2,Escaladé,0.5209802016345655,ORANGE — Surveiller,1,1
TKT012265,2024-01-01 17:30:00,CAT004,AGT009,France,App mobile,3,Résolu,0.5209498062227312,ORANGE — Surveiller,1,0
TKT014341,2024-05-04 10:56:00,CAT003,AGT009,CI,Chat,3,Fermé,0.5209354263226538,ORANGE — Surveiller,1,0
TKT013491,2024-03-10 11:29:00,CAT004,AGT005,Senegal,Chat,3,Escaladé,0.5208480713040301,ORANGE — Surveiller,1,1
TKT012532,2024-01-13 18:28:00,CAT004,AGT001,Maroc,Chat,3,Résolu,0.5207049887919503,ORANGE — Surveiller,1,0
TKT013316,2024-02-27 07:32:00,CAT002,AGT011,Mali,Chat,2,En cours,0.5205578965497528,ORANGE — Surveiller,1,1
TKT012745,2024-01-24 14:56:00,CAT004,AGT003,Cameroun,Email,3,Résolu,0.5202277648237227,ORANGE — Surveiller,1,0
TKT012304,2024-01-03 20:15:00,CAT006,AGT007,Cameroun,Email,3,Backlog,0.5202176943361804,ORANGE — Surveiller,1,1
TKT012437,2024-01-09 06:10:00,CAT006,AGT010,CI,Chat,3,Résolu,0.5201357192968294,ORANGE — Surveiller,1,0
TKT014357,2024-05-05 16:46:00,CAT004,AGT009,Senegal,Téléphone,3,Résolu,0.5199911244635436,ORANGE — Surveiller,1,0
TKT012411,2024-01-08 15:28:00,CAT004,AGT012,CI,App mobile,3,Escaladé,0.5199685997474037,ORANGE — Surveiller,1,1
TKT013440,2024-03-06 02:04:00,CAT003,AGT012,CI,App mobile,3,Résolu,0.5199589869766906,ORANGE — Surveiller,1,1
TKT013172,2024-02-17 12:21:00,CAT002,AGT007,CI,Téléphone,2,Résolu,0.5198327919763711,ORANGE — Surveiller,1,1
TKT012434,2024-01-09 01:32:00,CAT003,AGT010,Ghana,Téléphone,3,Escaladé,0.5197863828036078,ORANGE — Surveiller,1,1
TKT014629,2024-05-22 12:36:00,CAT004,AGT009,CI,Téléphone,3,Backlog,0.5196562603848721,ORANGE — Surveiller,1,1
TKT012267,2024-01-02 07:42:00,CAT004,AGT012,Maroc,Chat,3,Résolu,0.5194161311372616,ORANGE — Surveiller,1,1
TKT013327,2024-02-27 13:30:00,CAT006,AGT003,CI,Chat,3,Résolu,0.5193018224047846,ORANGE — Surveiller,1,0
TKT014982,2024-06-12 09:22:00,CAT006,AGT009,CI,Email,3,Backlog,0.5191341550369849,ORANGE — Surveiller,1,1
TKT012313,2024-01-03 09:07:00,CAT004,AGT005,CI,Chat,3,Résolu,0.5189764864527769,ORANGE — Surveiller,1,0
TKT012311,2024-01-03 10:52:00,CAT004,AGT006,Cameroun,Chat,3,Résolu,0.5189270826481247,ORANGE — Surveiller,1,0
TKT012387,2024-01-07 11:19:00,CAT003,AGT008,France,Chat,3,Backlog,0.5188991276084625,ORANGE — Surveiller,1,1
TKT014732,2024-05-28 10:31:00,CAT006,AGT009,France,Email,3,Résolu,0.5188922149980272,ORANGE — Surveiller,1,1
TKT014276,2024-04-29 07:12:00,CAT004,AGT012,Mali,Email,3,Résolu,0.5187952391246344,ORANGE — Surveiller,1,0
TKT013216,2024-02-20 07:10:00,CAT006,AGT003,CI,Email,3,Escaladé,0.5187242393835783,ORANGE — Surveiller,1,1
TKT014268,2024-04-29 14:04:00,CAT004,AGT012,Cameroun,App mobile,3,Escaladé,0.5185279147981532,ORANGE — Surveiller,1,1
TKT014743,2024-05-29 07:33:00,CAT003,AGT009,France,Email,3,Résolu,0.5183883885869939,ORANGE — Surveiller,1,0
TKT012283,2024-01-02 08:49:00,CAT004,AGT003,CI,Chat,3,Résolu,0.5183813155276901,ORANGE — Surveiller,1,1
TKT013863,2024-04-03 14:19:00,CAT008,AGT011,Maroc,Web form,2,Escaladé,0.518300252327658,ORANGE — Surveiller,1,1
TKT014828,2024-06-03 20:29:00,CAT004,AGT005,Mali,Téléphone,3,Escaladé,0.5182568221143086,ORANGE — Surveiller,1,1
TKT012521,2024-01-13 06:12:00,CAT006,AGT008,CI,Téléphone,3,En cours,0.5180909831465081,ORANGE — Surveiller,1,0
TKT014811,2024-06-02 11:53:00,CAT006,AGT007,France,Email,3,Résolu,0.5180282749811963,ORANGE — Surveiller,1,0
TKT013361,2024-03-01 10:11:00,CAT006,AGT005,Cameroun,Chat,3,Résolu,0.5177122460663156,ORANGE — Surveiller,1,0
TKT012391,2024-01-07 13:40:00,CAT003,AGT012,Senegal,App mobile,3,Résolu,0.5176740526919756,ORANGE — Surveiller,1,0
TKT012316,2024-01-03 13:01:00,CAT003,AGT003,Senegal,App mobile,3,Résolu,0.5174907861684598,ORANGE — Surveiller,1,1
TKT012611,2024-01-17 07:48:00,CAT004,AGT006,France,Email,3,Résolu,0.517266173772431,ORANGE — Surveiller,1,0
TKT013234,2024-02-21 06:56:00,CAT004,AGT012,CI,Téléphone,3,Escaladé,0.5171546438462135,ORANGE — Surveiller,1,1
TKT014275,2024-04-29 15:13:00,CAT003,AGT005,CI,Email,3,Résolu,0.5171427827897468,ORANGE — Surveiller,1,0
TKT014630,2024-05-22 04:23:00,CAT004,AGT009,Maroc,Email,3,Escaladé,0.517096738679029,ORANGE — Surveiller,1,1
TKT012478,2024-01-11 13:24:00,CAT004,AGT003,CI,Email,3,Fermé,0.5169755119262317,ORANGE — Surveiller,1,0
TKT015283,2024-06-30 19:08:00,CAT008,AGT004,Senegal,Email,2,Résolu,0.5168510872998175,ORANGE — Surveiller,1,1
TKT014258,2024-04-28 13:50:00,CAT004,AGT005,Senegal,Chat,3,Escaladé,0.5167640989227746,ORANGE — Surveiller,1,1
TKT013273,2024-02-23 19:13:00,CAT003,AGT009,CI,Email,3,Résolu,0.5164468401523509,ORANGE — Surveiller,1,0
TKT012346,2024-01-05 16:28:00,CAT006,AGT005,Mali,Chat,3,Résolu,0.5158362953821599,ORANGE — Surveiller,1,1
TKT013207,2024-02-20 21:52:00,CAT002,AGT006,CI,Email,2,Résolu,0.5157932123994577,ORANGE — Surveiller,1,0
TKT014649,2024-05-23 09:58:00,CAT008,AGT004,Senegal,Chat,2,Escaladé,0.5156529439888881,ORANGE — Surveiller,1,1
TKT013506,2024-03-11 08:58:00,CAT003,AGT005,Maroc,Email,3,Résolu,0.5155357794752088,ORANGE — Surveiller,1,0
TKT012916,2024-02-01 08:19:00,CAT003,AGT010,Ghana,Email,3,En cours,0.5154956406653257,ORANGE — Surveiller,1,1
TKT014138,2024-04-21 17:31:00,CAT003,AGT009,CI,Email,3,Résolu,0.515423716679936,ORANGE — Surveiller,1,0
TKT012470,2024-01-11 07:13:00,CAT002,AGT007,CI,Téléphone,2,Escaladé,0.5153256092930414,ORANGE — Surveiller,1,1
TKT013435,2024-03-06 16:18:00,CAT008,AGT004,Belgique,App mobile,2,Résolu,0.5151269310626236,ORANGE — Surveiller,1,0
TKT014284,2024-04-30 16:15:00,CAT006,AGT012,CI,App mobile,3,Résolu,0.5149261530808408,ORANGE — Surveiller,1,1
TKT013678,2024-03-22 16:44:00,CAT003,AGT005,Maroc,Téléphone,3,Résolu,0.5147856040286909,ORANGE — Surveiller,1,0
TKT012256,2024-01-01 18:18:00,CAT003,AGT006,Maroc,Email,3,Résolu,0.5147387635105907,ORANGE — Surveiller,1,1
TKT014561,2024-05-17 21:37:00,CAT006,AGT008,CI,App mobile,3,En cours,0.5146295803423081,ORANGE — Surveiller,1,0
TKT013042,2024-02-09 10:09:00,CAT006,AGT010,Ghana,Chat,3,En cours,0.51462246262987,ORANGE — Surveiller,1,1
TKT015281,2024-06-30 14:03:00,CAT002,AGT007,France,Email,2,Escaladé,0.5145669189987158,ORANGE — Surveiller,1,1
TKT013448,2024-03-06 20:00:00,CAT003,AGT009,CI,App mobile,3,Escaladé,0.5144731084577654,ORANGE — Surveiller,1,1
TKT012697,2024-01-22 14:04:00,CAT006,AGT012,Maroc,App mobile,3,Résolu,0.5143817020109183,ORANGE — Surveiller,1,0
TKT012750,2024-01-25 09:52:00,CAT003,AGT006,France,Email,3,Résolu,0.5142822142924486,ORANGE — Surveiller,1,0
TKT013032,2024-02-08 16:21:00,CAT003,AGT009,CI,Email,3,Escaladé,0.5140557943325077,ORANGE — Surveiller,1,1
TKT013889,2024-04-05 00:59:00,CAT004,AGT009,Senegal,Chat,3,Résolu,0.5139658707253963,ORANGE — Surveiller,1,1
TKT015248,2024-06-27 09:42:00,CAT004,AGT005,CI,Chat,3,Backlog,0.5139520133977894,ORANGE — Surveiller,1,1
TKT015066,2024-06-18 14:15:00,CAT003,AGT010,Senegal,Email,3,Résolu,0.5139156744770663,ORANGE — Surveiller,1,0
TKT012427,2024-01-09 08:55:00,CAT003,AGT006,CI,Email,3,En cours,0.5136790880999158,ORANGE — Surveiller,1,1
TKT012893,2024-01-31 17:30:00,CAT003,AGT003,France,Chat,3,Fermé,0.5136554181952091,ORANGE — Surveiller,1,0
TKT013427,2024-03-06 21:30:00,CAT004,AGT003,Cameroun,Chat,3,Escaladé,0.5135495108150036,ORANGE — Surveiller,1,1
TKT014385,2024-05-06 10:17:00,CAT004,AGT003,Maroc,Chat,3,Backlog,0.5130372660384169,ORANGE — Surveiller,1,1
TKT014462,2024-05-11 07:17:00,CAT002,AGT001,Ghana,Web form,2,Résolu,0.5129876151713451,ORANGE — Surveiller,1,0
TKT013281,2024-02-24 18:03:00,CAT003,AGT012,Mali,Téléphone,3,Escaladé,0.5129141585899,ORANGE — Surveiller,1,1
TKT013596,2024-03-17 12:33:00,CAT004,AGT007,Senegal,Téléphone,3,Escaladé,0.5126373535958618,ORANGE — Surveiller,1,1
TKT014398,2024-05-07 12:14:00,CAT006,AGT006,CI,App mobile,3,Fermé,0.5124036552766522,ORANGE — Surveiller,1,1
TKT015139,2024-06-21 06:15:00,CAT003,AGT005,Ghana,Email,3,Résolu,0.512358046032678,ORANGE — Surveiller,1,0
TKT012395,2024-01-07 11:04:00,CAT007,AGT005,Cameroun,Chat,5,Backlog,0.5123043759429051,ORANGE — Surveiller,1,1
TKT013890,2024-04-05 07:31:00,CAT006,AGT012,CI,Téléphone,3,Résolu,0.512019241643603,ORANGE — Surveiller,1,0
TKT014112,2024-04-18 11:39:00,CAT004,AGT003,CI,Email,3,Escaladé,0.51190575376391,ORANGE — Surveiller,1,1
TKT013467,2024-03-08 09:04:00,CAT002,AGT004,Senegal,Email,2,Résolu,0.5118614744795472,ORANGE — Surveiller,1,1
TKT013299,2024-02-25 09:56:00,CAT006,AGT008,Ghana,Chat,3,Backlog,0.5117097062814591,ORANGE — Surveiller,1,1
TKT012960,2024-02-04 03:30:00,CAT006,AGT001,France,Web form,3,Résolu,0.5114754882096711,ORANGE — Surveiller,1,0
TKT015256,2024-06-28 19:27:00,CAT003,AGT003,France,Téléphone,3,Escaladé,0.511467687418809,ORANGE — Surveiller,1,1
TKT014038,2024-04-14 15:11:00,CAT006,AGT007,Mali,Téléphone,3,En cours,0.5112079046877543,ORANGE — Surveiller,1,1
TKT014362,2024-05-05 16:07:00,CAT004,AGT007,Cameroun,Email,3,Résolu,0.5110351062065435,ORANGE — Surveiller,1,1
TKT014253,2024-04-28 11:02:00,CAT006,AGT001,Maroc,Téléphone,3,Résolu,0.5106119694571281,ORANGE — Surveiller,1,1
TKT015201,2024-06-25 18:44:00,CAT003,AGT009,CI,Web form,3,Résolu,0.5106098532889665,ORANGE — Surveiller,1,1
TKT014157,2024-04-22 16:23:00,CAT003,AGT010,Cameroun,Web form,3,Résolu,0.510560823994492,ORANGE — Surveiller,1,1
TKT014024,2024-04-12 01:12:00,CAT004,AGT010,Maroc,Téléphone,3,En cours,0.510079166935576,ORANGE — Surveiller,1,1
TKT014488,2024-05-13 09:08:00,CAT006,AGT010,CI,Chat,3,Escaladé,0.5100673110612183,ORANGE — Surveiller,1,1
TKT013938,2024-04-08 11:11:00,CAT006,AGT010,France,Email,3,Résolu,0.509948688650304,ORANGE — Surveiller,1,0
TKT014788,2024-05-31 04:21:00,CAT008,AGT007,CI,Chat,2,En cours,0.5099022498070144,ORANGE — Surveiller,1,1
TKT015195,2024-06-25 10:25:00,CAT006,AGT006,CI,App mobile,3,Résolu,0.5095535207788928,ORANGE — Surveiller,1,1
TKT013490,2024-03-09 10:05:00,CAT004,AGT012,CI,Chat,3,Résolu,0.5094427540757164,ORANGE — Surveiller,1,1
TKT013619,2024-03-18 11:00:00,CAT003,AGT005,Cameroun,Email,3,Résolu,0.5091030318510146,ORANGE — Surveiller,1,0
TKT013119,2024-02-14 10:06:00,CAT008,AGT011,CI,Chat,2,Résolu,0.5090724232938524,ORANGE — Surveiller,1,1
TKT012372,2024-01-06 16:59:00,CAT007,AGT010,Cameroun,Chat,5,Résolu,0.5088440011436192,ORANGE — Surveiller,1,0
TKT012530,2024-01-13 15:58:00,CAT002,AGT002,CI,Chat,2,Résolu,0.5087481011024371,ORANGE — Surveiller,1,1
TKT014071,2024-04-16 08:39:00,CAT006,AGT012,CI,App mobile,3,Escaladé,0.5082762294952927,ORANGE — Surveiller,1,1
TKT013754,2024-03-27 09:25:00,CAT002,AGT011,Senegal,Email,2,Backlog,0.5082681618550873,ORANGE — Surveiller,1,1
TKT014742,2024-05-29 15:59:00,CAT004,AGT003,France,Chat,3,En cours,0.5078713595657773,ORANGE — Surveiller,1,1
TKT014581,2024-05-19 16:36:00,CAT004,AGT008,CI,Email,3,En cours,0.5075426131765676,ORANGE — Surveiller,1,0
TKT014546,2024-05-16 12:16:00,CAT002,AGT004,Maroc,Web form,2,Résolu,0.5075123394905343,ORANGE — Surveiller,1,0
TKT014407,2024-05-08 15:16:00,CAT003,AGT010,Senegal,Email,3,Résolu,0.5074547692532981,ORANGE — Surveiller,1,0
TKT013648,2024-03-20 15:57:00,CAT008,AGT011,Maroc,Téléphone,2,Résolu,0.5072529531221,ORANGE — Surveiller,1,0
TKT013344,2024-02-28 17:16:00,CAT002,AGT004,Belgique,App mobile,2,Fermé,0.5071696119693957,ORANGE — Surveiller,1,1
TKT012664,2024-01-20 03:25:00,CAT002,AGT009,Cameroun,Web form,2,Résolu,0.5071169711660743,ORANGE — Surveiller,1,0
TKT012405,2024-01-08 17:44:00,CAT003,AGT006,Senegal,App mobile,3,En cours,0.5070314816159205,ORANGE — Surveiller,1,0
TKT014984,2024-06-12 11:37:00,CAT004,AGT003,Maroc,Chat,3,En cours,0.5069754199217235,ORANGE — Surveiller,1,0
TKT014223,2024-04-25 12:51:00,CAT008,AGT004,Mali,Téléphone,2,Résolu,0.5067374963369461,ORANGE — Surveiller,1,1
TKT013224,2024-02-21 07:39:00,CAT008,AGT002,CI,Web form,2,Résolu,0.5066086477978855,ORANGE — Surveiller,1,0
TKT014432,2024-05-09 15:17:00,CAT004,AGT006,CI,Email,3,Résolu,0.5065093045222163,ORANGE — Surveiller,1,1
TKT014956,2024-06-11 22:32:00,CAT006,AGT010,Belgique,Email,3,Résolu,0.5063576650669431,ORANGE — Surveiller,1,1
TKT014952,2024-06-11 07:06:00,CAT002,AGT007,Ghana,Téléphone,2,Résolu,0.5061633906771822,ORANGE — Surveiller,1,0
TKT012424,2024-01-09 11:04:00,CAT003,AGT006,CI,Chat,3,Résolu,0.5061120142410959,ORANGE — Surveiller,1,1
TKT014779,2024-05-30 10:32:00,CAT004,AGT003,Maroc,Chat,3,Résolu,0.5060829977295733,ORANGE — Surveiller,1,0
TKT013445,2024-03-06 07:12:00,CAT004,AGT006,CI,Chat,3,Résolu,0.5059261304556694,ORANGE — Surveiller,1,0
TKT013826,2024-04-01 08:15:00,CAT004,AGT005,France,Chat,3,Escaladé,0.5057243183430108,ORANGE — Surveiller,1,1
TKT014722,2024-05-28 14:55:00,CAT004,AGT003,France,Chat,3,Résolu,0.5056767022615487,ORANGE — Surveiller,1,1
TKT013686,2024-03-23 10:23:00,CAT004,AGT005,Maroc,Email,3,Résolu,0.5056626136582087,ORANGE — Surveiller,1,1
TKT013866,2024-04-03 11:16:00,CAT002,AGT011,Ghana,Email,2,Résolu,0.5055340200800634,ORANGE — Surveiller,1,0
TKT012956,2024-02-03 09:12:00,CAT002,AGT007,CI,Email,2,Résolu,0.5055044986539854,ORANGE — Surveiller,1,1
TKT013628,2024-03-19 10:36:00,CAT008,AGT011,CI,App mobile,2,Résolu,0.5054723987915143,ORANGE — Surveiller,1,1
TKT012770,2024-01-25 11:20:00,CAT008,AGT011,Senegal,Téléphone,2,Escaladé,0.5053594442143113,ORANGE — Surveiller,1,1
TKT013635,2024-03-19 17:11:00,CAT002,AGT006,Mali,App mobile,2,Backlog,0.5052915966642295,ORANGE — Surveiller,1,1
TKT014411,2024-05-08 04:20:00,CAT008,AGT002,Maroc,Chat,2,Résolu,0.5052595892843638,ORANGE — Surveiller,1,1
TKT012454,2024-01-10 06:59:00,CAT004,AGT010,Ghana,Chat,3,Résolu,0.5051457818956053,ORANGE — Surveiller,1,0
TKT012466,2024-01-11 07:24:00,CAT003,AGT006,Senegal,Téléphone,3,En cours,0.5051028726425403,ORANGE — Surveiller,1,0
TKT012917,2024-02-01 10:17:00,CAT003,AGT006,Mali,Email,3,Résolu,0.5050902754810072,ORANGE — Surveiller,1,1
TKT013542,2024-03-13 21:50:00,CAT003,AGT005,CI,Email,3,Escaladé,0.5049497579748585,ORANGE — Surveiller,1,1
TKT013685,2024-03-23 19:19:00,CAT002,AGT002,France,Email,2,Résolu,0.5049460645408037,ORANGE — Surveiller,1,0
TKT013981,2024-04-10 15:47:00,CAT004,AGT003,CI,App mobile,3,En cours,0.5049018291061893,ORANGE — Surveiller,1,0
TKT013593,2024-03-17 04:23:00,CAT004,AGT009,France,Chat,3,Résolu,0.5048477132075077,ORANGE — Surveiller,1,0
TKT013835,2024-04-02 11:49:00,CAT003,AGT006,CI,App mobile,3,Résolu,0.5048440731229534,ORANGE — Surveiller,1,0
TKT015030,2024-06-16 11:29:00,CAT006,AGT008,France,Email,3,Escaladé,0.5046427416199689,ORANGE — Surveiller,1,1
TKT013504,2024-03-11 02:16:00,CAT008,AGT002,Maroc,Email,2,Résolu,0.5045974971424458,ORANGE — Surveiller,1,0
TKT012550,2024-01-14 15:35:00,CAT004,AGT005,Senegal,Téléphone,3,Résolu,0.5044682865941045,ORANGE — Surveiller,1,1
TKT015175,2024-06-24 11:59:00,CAT006,AGT010,Mali,Chat,3,Résolu,0.5044614882366321,ORANGE — Surveiller,1,0
TKT014249,2024-04-28 09:33:00,CAT003,AGT008,Mali,Chat,3,Résolu,0.5039500839106601,ORANGE — Surveiller,1,0
TKT012660,2024-01-19 01:47:00,CAT008,AGT006,Senegal,Chat,2,Résolu,0.5035074822410234,ORANGE — Surveiller,1,0
TKT014859,2024-06-04 06:10:00,CAT006,AGT003,Mali,Chat,3,En cours,0.5035011066783289,ORANGE — Surveiller,1,1
TKT014939,2024-06-10 19:37:00,CAT006,AGT005,CI,Téléphone,3,Résolu,0.5034779056895199,ORANGE — Surveiller,1,0
TKT014974,2024-06-12 12:55:00,CAT004,AGT006,CI,Email,3,Résolu,0.50342788305787,ORANGE — Surveiller,1,0
TKT014101,2024-04-18 08:02:00,CAT004,AGT010,France,Chat,3,Résolu,0.5030289569041223,ORANGE — Surveiller,1,0
TKT012924,2024-02-01 14:21:00,CAT003,AGT010,Senegal,Email,3,Escaladé,0.5029547714226738,ORANGE — Surveiller,1,1
TKT013160,2024-02-17 10:57:00,CAT002,AGT011,CI,App mobile,2,Résolu,0.5028803828184301,ORANGE — Surveiller,1,1
TKT013498,2024-03-10 15:46:00,CAT002,AGT007,CI,App mobile,2,En cours,0.502741626845509,ORANGE — Surveiller,1,1
TKT013382,2024-03-02 20:53:00,CAT003,AGT001,Maroc,Chat,3,Résolu,0.5026372615446673,ORANGE — Surveiller,1,0
TKT014930,2024-06-09 20:28:00,CAT006,AGT009,Ghana,Chat,3,Résolu,0.5025053154998654,ORANGE — Surveiller,1,0
TKT014327,2024-05-03 09:37:00,CAT004,AGT003,Maroc,Téléphone,3,Résolu,0.5025010215176414,ORANGE — Surveiller,1,1
TKT014684,2024-05-25 09:10:00,CAT003,AGT012,CI,Email,3,Escaladé,0.5022055482530692,ORANGE — Surveiller,1,1
TKT014918,2024-06-08 14:48:00,CAT006,AGT012,Mali,Téléphone,3,Fermé,0.5021659140399879,ORANGE — Surveiller,1,1
TKT012494,2024-01-12 10:17:00,CAT003,AGT005,Maroc,App mobile,3,Backlog,0.5021197350037925,ORANGE — Surveiller,1,1
TKT013278,2024-02-23 07:29:00,CAT003,AGT012,CI,Chat,3,Résolu,0.5021023440136428,ORANGE — Surveiller,1,0
TKT013896,2024-04-05 11:18:00,CAT008,AGT004,CI,Téléphone,2,Escaladé,0.5020270530575904,ORANGE — Surveiller,1,1
TKT012584,2024-01-16 19:16:00,CAT003,AGT005,Maroc,Chat,3,Escaladé,0.5019299389455203,ORANGE — Surveiller,1,1
TKT014682,2024-05-25 12:43:00,CAT002,AGT002,Belgique,Chat,2,En cours,0.5012438813880794,ORANGE — Surveiller,1,1
TKT013587,2024-03-16 19:21:00,CAT004,AGT008,France,Téléphone,3,Escaladé,0.500980200636628,ORANGE — Surveiller,1,1
TKT014889,2024-06-06 18:26:00,CAT006,AGT003,France,Email,3,Escaladé,0.5009304035221592,ORANGE — Surveiller,1,1
TKT013925,2024-04-08 09:53:00,CAT008,AGT004,Senegal,App mobile,2,Escaladé,0.5006610118975837,ORANGE — Surveiller,1,1
TKT012644,2024-01-19 10:29:00,CAT004,AGT005,CI,Email,3,Résolu,0.5003700908906346,ORANGE — Surveiller,1,1
TKT012426,2024-01-09 12:42:00,CAT008,AGT011,Senegal,Téléphone,2,En cours,0.5003546362566332,ORANGE — Surveiller,1,1
TKT014891,2024-06-06 12:25:00,CAT004,AGT006,Ghana,Chat,3,En cours,0.5002019887946809,ORANGE — Surveiller,1,1
TKT014351,2024-05-04 13:48:00,CAT003,AGT012,Cameroun,Email,3,Résolu,0.4998583453176693,ORANGE — Surveiller,1,0
TKT013936,2024-04-08 09:00:00,CAT002,AGT004,CI,Web form,2,Résolu,0.49968517532198237,ORANGE — Surveiller,1,0
TKT014944,2024-06-10 16:15:00,CAT004,AGT006,Senegal,Email,3,Résolu,0.49959217094088665,ORANGE — Surveiller,1,1
TKT014885,2024-06-06 11:03:00,CAT008,AGT004,Senegal,Téléphone,2,En cours,0.49921693483844315,ORANGE — Surveiller,1,1
TKT014968,2024-06-12 18:46:00,CAT004,AGT003,France,Chat,3,En cours,0.4990323085169869,ORANGE — Surveiller,1,0
TKT013049,2024-02-10 18:18:00,CAT003,AGT012,France,Email,3,Résolu,0.49903142930206795,ORANGE — Surveiller,1,1
TKT014935,2024-06-10 11:47:00,CAT004,AGT006,France,Email,3,Résolu,0.4989568364961832,ORANGE — Surveiller,1,1
TKT014656,2024-05-23 14:00:00,CAT002,AGT011,Senegal,Chat,2,Résolu,0.4988101757901178,ORANGE — Surveiller,1,0
TKT013588,2024-03-16 09:00:00,CAT004,AGT012,CI,App mobile,3,Résolu,0.4986498201402572,ORANGE — Surveiller,1,1
TKT013753,2024-03-27 03:40:00,CAT002,AGT001,Mali,Chat,2,Résolu,0.4984457980265985,ORANGE — Surveiller,1,0
TKT013536,2024-03-13 23:03:00,CAT008,AGT010,Mali,Chat,2,Escaladé,0.4982870406474175,ORANGE — Surveiller,1,1
TKT014007,2024-04-11 13:59:00,CAT006,AGT003,France,App mobile,3,Résolu,0.4981796640285021,ORANGE — Surveiller,1,0
TKT014580,2024-05-18 16:09:00,CAT008,AGT007,Ghana,Téléphone,2,Résolu,0.4981227779867063,ORANGE — Surveiller,1,0
TKT014786,2024-05-31 14:01:00,CAT004,AGT006,Senegal,Email,3,Escaladé,0.4980679966689814,ORANGE — Surveiller,1,1
TKT014150,2024-04-21 10:17:00,CAT003,AGT003,Senegal,Chat,3,En cours,0.4980600275695926,ORANGE — Surveiller,1,0
TKT013748,2024-03-27 13:47:00,CAT002,AGT011,CI,Chat,2,Résolu,0.497689664448233,ORANGE — Surveiller,1,1
TKT014192,2024-04-24 12:42:00,CAT002,AGT004,France,Téléphone,2,Résolu,0.49762442103157106,ORANGE — Surveiller,1,1
TKT013081,2024-02-12 08:00:00,CAT003,AGT010,Mali,Email,3,En cours,0.4974824632664714,ORANGE — Surveiller,1,1
TKT015262,2024-06-28 19:05:00,CAT004,AGT005,Maroc,Email,3,Résolu,0.4973339094682884,ORANGE — Surveiller,1,0
TKT013770,2024-03-28 09:46:00,CAT002,AGT004,Cameroun,Téléphone,2,Résolu,0.49733141166147843,ORANGE — Surveiller,1,1
TKT013019,2024-02-08 15:27:00,CAT003,AGT006,CI,App mobile,3,En cours,0.4972740733125295,ORANGE — Surveiller,1,0
TKT013066,2024-02-11 02:37:00,CAT004,AGT006,Senegal,Chat,3,En cours,0.49725977978553265,ORANGE — Surveiller,1,0
TKT012315,2024-01-03 14:56:00,CAT004,AGT010,Senegal,App mobile,3,Escaladé,0.4971020972651434,ORANGE — Surveiller,1,1
TKT013210,2024-02-20 00:11:00,CAT003,AGT010,Senegal,Téléphone,3,Résolu,0.4968720007643059,ORANGE — Surveiller,1,0
TKT015220,2024-06-26 10:32:00,CAT003,AGT006,CI,Chat,3,Résolu,0.49676733265939205,ORANGE — Surveiller,1,0
TKT013100,2024-02-13 17:59:00,CAT004,AGT006,CI,App mobile,3,Résolu,0.4966527647893501,ORANGE — Surveiller,1,1
TKT015173,2024-06-24 14:21:00,CAT004,AGT005,CI,App mobile,3,Résolu,0.49659740654095574,ORANGE — Surveiller,1,0
TKT014698,2024-05-26 16:57:00,CAT006,AGT003,Belgique,App mobile,3,Escaladé,0.4965125379111178,ORANGE — Surveiller,1,1
TKT013895,2024-04-05 14:31:00,CAT006,AGT003,Maroc,App mobile,3,Résolu,0.49647116237435673,ORANGE — Surveiller,1,0
TKT012774,2024-01-25 09:32:00,CAT002,AGT011,CI,Chat,2,Résolu,0.49615936466488536,ORANGE — Surveiller,1,0
TKT012889,2024-01-31 12:04:00,CAT003,AGT003,Maroc,App mobile,3,Résolu,0.4957824791650913,ORANGE — Surveiller,1,0
TKT013809,2024-03-31 16:33:00,CAT004,AGT012,CI,Web form,3,Résolu,0.49567449651516166,ORANGE — Surveiller,1,0
TKT014626,2024-05-22 14:05:00,CAT008,AGT011,Maroc,Chat,2,Résolu,0.4956358963169204,ORANGE — Surveiller,1,1
TKT015108,2024-06-20 11:52:00,CAT006,AGT003,Cameroun,Chat,3,En cours,0.4956333891962268,ORANGE — Surveiller,1,0
TKT013728,2024-03-26 08:51:00,CAT002,AGT011,Senegal,Email,2,En cours,0.4953814009178781,ORANGE — Surveiller,1,1
TKT014026,2024-04-12 18:18:00,CAT006,AGT010,Maroc,Chat,3,Backlog,0.49521766228532416,ORANGE — Surveiller,1,1
TKT015029,2024-06-16 18:08:00,CAT002,AGT011,Ghana,Chat,2,En cours,0.49498087201308727,ORANGE — Surveiller,1,0
TKT014232,2024-04-26 18:26:00,CAT006,AGT005,CI,App mobile,3,Résolu,0.494970624976303,ORANGE — Surveiller,1,1
TKT012904,2024-01-31 07:01:00,CAT003,AGT010,France,Téléphone,3,En cours,0.4948340572959226,ORANGE — Surveiller,1,1
TKT014019,2024-04-12 10:53:00,CAT004,AGT006,France,Téléphone,3,Résolu,0.4946160192848025,ORANGE — Surveiller,1,0
TKT012668,2024-01-20 03:01:00,CAT004,AGT012,Ghana,Téléphone,3,Escaladé,0.494534062121662,ORANGE — Surveiller,1,1
TKT014261,2024-04-29 18:09:00,CAT003,AGT006,Senegal,App mobile,3,Escaladé,0.4940797170615962,ORANGE — Surveiller,1,1
TKT014308,2024-05-02 08:11:00,CAT002,AGT011,France,Email,2,Escaladé,0.4936532310561901,ORANGE — Surveiller,1,1
TKT014126,2024-04-20 08:58:00,CAT003,AGT005,France,Chat,3,Résolu,0.49333873108767756,ORANGE — Surveiller,1,0
TKT013189,2024-02-19 07:39:00,CAT004,AGT003,Cameroun,App mobile,3,Résolu,0.4929631581561756,ORANGE — Surveiller,1,0
TKT013123,2024-02-14 06:28:00,CAT002,AGT008,Senegal,Chat,2,Backlog,0.4928574761711805,ORANGE — Surveiller,1,1
TKT014796,2024-05-31 09:55:00,CAT004,AGT010,Ghana,Téléphone,3,Escaladé,0.4925665095599271,ORANGE — Surveiller,1,1
TKT015157,2024-06-23 02:47:00,CAT004,AGT003,Senegal,Téléphone,3,Backlog,0.49250371898293344,ORANGE — Surveiller,1,1
TKT013179,2024-02-18 07:54:00,CAT002,AGT008,CI,Téléphone,2,Escaladé,0.492492430926662,ORANGE — Surveiller,1,1
TKT014046,2024-04-15 07:00:00,CAT003,AGT012,CI,App mobile,3,Résolu,0.49216869226357235,ORANGE — Surveiller,1,1
TKT013900,2024-04-05 07:16:00,CAT003,AGT012,CI,App mobile,3,Résolu,0.49174941536506894,ORANGE — Surveiller,1,0
TKT013381,2024-03-02 19:11:00,CAT001,AGT006,Senegal,Téléphone,4,En cours,0.49146703834160715,ORANGE — Surveiller,1,0
TKT014333,2024-05-03 03:11:00,CAT008,AGT012,Maroc,Téléphone,2,Backlog,0.4913929577069867,ORANGE — Surveiller,1,1
TKT012423,2024-01-09 20:59:00,CAT008,AGT006,CI,App mobile,2,Résolu,0.49121447767149357,ORANGE — Surveiller,1,0
TKT015226,2024-06-26 09:32:00,CAT003,AGT006,Cameroun,Email,3,Résolu,0.49112107826674894,ORANGE — Surveiller,1,0
TKT013522,2024-03-12 17:12:00,CAT003,AGT010,Mali,Téléphone,3,En cours,0.4906783249294737,ORANGE — Surveiller,1,0
TKT014251,2024-04-28 09:38:00,CAT006,AGT009,CI,Chat,3,En cours,0.49059076623584374,ORANGE — Surveiller,1,0
TKT012673,2024-01-20 07:19:00,CAT002,AGT009,Maroc,Téléphone,2,Résolu,0.49051598118352724,ORANGE — Surveiller,1,0
TKT014204,2024-04-24 17:02:00,CAT004,AGT010,Ghana,Téléphone,3,En cours,0.49049288035896976,ORANGE — Surveiller,1,0
TKT013130,2024-02-15 10:04:00,CAT003,AGT010,France,App mobile,3,Escaladé,0.49025811264888813,ORANGE — Surveiller,1,1
TKT014727,2024-05-28 09:25:00,CAT002,AGT011,Maroc,Chat,2,En cours,0.4898584988320422,ORANGE — Surveiller,1,0
TKT015206,2024-06-25 07:25:00,CAT002,AGT011,CI,Email,2,En cours,0.48984000543052986,ORANGE — Surveiller,1,1
TKT013034,2024-02-09 16:11:00,CAT004,AGT006,CI,Téléphone,3,Résolu,0.48935685194004075,ORANGE — Surveiller,1,0
TKT015044,2024-06-17 18:12:00,CAT004,AGT006,France,Web form,3,Résolu,0.48916923313142824,ORANGE — Surveiller,1,0
TKT014305,2024-05-02 18:48:00,CAT003,AGT005,CI,App mobile,3,Escaladé,0.48889736818003304,ORANGE — Surveiller,1,1
TKT012495,2024-01-12 10:47:00,CAT003,AGT010,Maroc,Téléphone,3,Résolu,0.4886975105949006,ORANGE — Surveiller,1,0
TKT012242,2024-01-01 13:57:00,CAT003,AGT010,Maroc,Email,3,En cours,0.48856857438940815,ORANGE — Surveiller,1,1
TKT012247,2024-01-01 12:49:00,CAT003,AGT010,Mali,Chat,3,Escaladé,0.4885432384583796,ORANGE — Surveiller,1,1
TKT012507,2024-01-12 04:01:00,CAT004,AGT010,Senegal,Téléphone,3,Résolu,0.4880318832670967,ORANGE — Surveiller,1,0
TKT013116,2024-02-14 15:35:00,CAT003,AGT010,CI,App mobile,3,Résolu,0.48794866397979036,ORANGE — Surveiller,1,0
TKT013711,2024-03-25 11:53:00,CAT003,AGT006,Cameroun,Téléphone,3,Backlog,0.48793480099139336,ORANGE — Surveiller,1,1
TKT013268,2024-02-23 06:33:00,CAT008,AGT010,Maroc,Chat,2,Escaladé,0.48759018135905763,ORANGE — Surveiller,1,1
TKT013847,2024-04-02 07:58:00,CAT003,AGT006,CI,Téléphone,3,Résolu,0.4874609996520845,ORANGE — Surveiller,1,0
TKT012516,2024-01-12 06:01:00,CAT004,AGT003,Mali,Téléphone,3,Escaladé,0.4874525906384569,ORANGE — Surveiller,1,1
TKT012811,2024-01-27 09:33:00,CAT006,AGT012,Mali,Chat,3,Résolu,0.48726323336823496,ORANGE — Surveiller,1,1
TKT012549,2024-01-14 08:49:00,CAT003,AGT010,Senegal,Chat,3,Résolu,0.4860804390434746,ORANGE — Surveiller,1,0
TKT013918,2024-04-07 17:07:00,CAT003,AGT005,CI,Téléphone,3,En cours,0.48588434850418133,ORANGE — Surveiller,1,0
TKT013221,2024-02-20 09:30:00,CAT008,AGT004,CI,Email,2,Escaladé,0.4857299931406689,ORANGE — Surveiller,1,1
TKT013421,2024-03-05 12:01:00,CAT002,AGT011,CI,Email,2,Résolu,0.48510132039928683,ORANGE — Surveiller,1,1
TKT012645,2024-01-19 11:52:00,CAT002,AGT011,CI,App mobile,2,Backlog,0.48497959486775843,ORANGE — Surveiller,1,1
TKT014850,2024-06-04 11:11:00,CAT003,AGT006,Belgique,Téléphone,3,En cours,0.48474459453797386,ORANGE — Surveiller,1,0
TKT013969,2024-04-10 06:07:00,CAT006,AGT003,CI,App mobile,3,Escaladé,0.48469885413740454,ORANGE — Surveiller,1,1
TKT015085,2024-06-19 11:11:00,CAT003,AGT006,CI,App mobile,3,Résolu,0.4846972058733827,ORANGE — Surveiller,1,0
TKT015216,2024-06-26 13:55:00,CAT003,AGT010,CI,Email,3,Résolu,0.48469317082963587,ORANGE — Surveiller,1,1
TKT014802,2024-06-01 18:20:00,CAT002,AGT002,France,Chat,2,Backlog,0.4845348499765608,ORANGE — Surveiller,1,1
TKT013201,2024-02-20 07:51:00,CAT008,AGT008,Senegal,Email,2,Résolu,0.4844576658830777,ORANGE — Surveiller,1,0
TKT014928,2024-06-09 02:02:00,CAT002,AGT003,France,Téléphone,2,Résolu,0.4844495533931453,ORANGE — Surveiller,1,0
TKT014093,2024-04-18 16:28:00,CAT004,AGT010,Maroc,App mobile,3,Résolu,0.48408435892848667,ORANGE — Surveiller,1,0
TKT013857,2024-04-03 20:19:00,CAT002,AGT004,France,Téléphone,2,En cours,0.48389143704360066,ORANGE — Surveiller,1,0
TKT014013,2024-04-12 11:38:00,CAT003,AGT010,France,App mobile,3,Escaladé,0.4836947877523459,ORANGE — Surveiller,1,1
TKT014179,2024-04-23 16:48:00,CAT003,AGT010,CI,Chat,3,Backlog,0.48331016525184345,ORANGE — Surveiller,1,1
TKT014547,2024-05-16 16:22:00,CAT004,AGT010,CI,Email,3,Résolu,0.48320099108699266,ORANGE — Surveiller,1,0
TKT013240,2024-02-21 18:55:00,CAT004,AGT006,CI,Téléphone,3,Résolu,0.48310439425217777,ORANGE — Surveiller,1,0
TKT013733,2024-03-26 07:32:00,CAT002,AGT005,Senegal,Téléphone,2,Fermé,0.4831001108285603,ORANGE — Surveiller,1,1
TKT014027,2024-04-12 19:02:00,CAT003,AGT005,Ghana,Téléphone,3,Backlog,0.4830883629364051,ORANGE — Surveiller,1,1
TKT015153,2024-06-23 10:29:00,CAT003,AGT006,Senegal,Email,3,En cours,0.4829171312423724,ORANGE — Surveiller,1,0
TKT013812,2024-04-01 06:09:00,CAT003,AGT005,Maroc,App mobile,3,Backlog,0.4824885300648969,ORANGE — Surveiller,1,1
TKT015151,2024-06-22 07:37:00,CAT002,AGT008,Senegal,Téléphone,2,En cours,0.48242159409439994,ORANGE — Surveiller,1,0
TKT013597,2024-03-17 17:39:00,CAT004,AGT012,France,App mobile,3,Escaladé,0.4823865868136002,ORANGE — Surveiller,1,1
TKT012805,2024-01-27 22:14:00,CAT004,AGT003,France,Chat,3,Résolu,0.48224523894132176,ORANGE — Surveiller,1,1
TKT013524,2024-03-12 11:33:00,CAT008,AGT004,Cameroun,App mobile,2,Résolu,0.48221803021816856,ORANGE — Surveiller,1,0
TKT013604,2024-03-18 10:03:00,CAT003,AGT010,Cameroun,Chat,3,Backlog,0.482105787370238,ORANGE — Surveiller,1,1
TKT012934,2024-02-02 17:14:00,CAT004,AGT006,France,Chat,3,Résolu,0.48194874704701085,ORANGE — Surveiller,1,0
TKT013805,2024-03-31 11:31:00,CAT003,AGT005,CI,Chat,3,Escaladé,0.48176064486927883,ORANGE — Surveiller,1,1
TKT014575,2024-05-18 18:46:00,CAT002,AGT002,CI,Email,2,Résolu,0.48146438234936034,ORANGE — Surveiller,1,0
TKT014124,2024-04-19 12:16:00,CAT002,AGT004,CI,Email,2,Résolu,0.4814434463149073,ORANGE — Surveiller,1,1
TKT014238,2024-04-26 14:25:00,CAT004,AGT010,Ghana,Téléphone,3,Résolu,0.48136177994681345,ORANGE — Surveiller,1,0
TKT012314,2024-01-03 18:07:00,CAT003,AGT010,CI,Téléphone,3,Résolu,0.4813566201173216,ORANGE — Surveiller,1,1
TKT013114,2024-02-14 13:48:00,CAT002,AGT004,Senegal,Chat,2,Backlog,0.48098995948157686,ORANGE — Surveiller,1,1
TKT013794,2024-03-30 09:57:00,CAT003,AGT006,France,App mobile,3,En cours,0.48097431706772353,ORANGE — Surveiller,1,1
TKT014792,2024-05-31 14:22:00,CAT003,AGT010,Maroc,Chat,3,Résolu,0.48086928174222765,ORANGE — Surveiller,1,0
TKT012682,2024-01-21 11:22:00,CAT002,AGT001,Maroc,Téléphone,2,Résolu,0.48077482327808474,ORANGE — Surveiller,1,0
TKT013452,2024-03-07 02:19:00,CAT009,AGT002,Belgique,Chat,1,Escaladé,0.48035197096403853,ORANGE — Surveiller,1,1
TKT015174,2024-06-24 13:19:00,CAT006,AGT006,CI,App mobile,3,Résolu,0.4799064104034517,ORANGE — Surveiller,1,0
TKT013874,2024-04-04 13:53:00,CAT008,AGT011,Cameroun,Email,2,Résolu,0.4797916637302131,ORANGE — Surveiller,1,1
TKT012560,2024-01-15 11:18:00,CAT008,AGT008,Belgique,Chat,2,Résolu,0.47954297401300316,ORANGE — Surveiller,1,0
TKT012524,2024-01-13 10:19:00,CAT004,AGT006,Senegal,Web form,3,Résolu,0.4794197465726117,ORANGE — Surveiller,1,0
TKT014664,2024-05-24 06:01:00,CAT008,AGT008,CI,Web form,2,Escaladé,0.4791785515282625,ORANGE — Surveiller,1,1
TKT012943,2024-02-02 07:05:00,CAT008,AGT006,Senegal,Téléphone,2,Résolu,0.4791311028254412,ORANGE — Surveiller,1,1
TKT012822,2024-01-28 16:42:00,CAT003,AGT012,Mali,Téléphone,3,Résolu,0.4785703840331042,ORANGE — Surveiller,1,1
TKT012823,2024-01-28 03:38:00,CAT002,AGT010,Maroc,Téléphone,2,Résolu,0.4784840482103295,ORANGE — Surveiller,1,1
TKT012276,2024-01-02 00:05:00,CAT002,AGT010,CI,Email,2,Résolu,0.4784610902255654,ORANGE — Surveiller,1,0
TKT012881,2024-01-31 15:25:00,CAT002,AGT004,Maroc,Chat,2,Escaladé,0.4784045628966887,ORANGE — Surveiller,1,1
TKT013260,2024-02-22 10:17:00,CAT002,AGT010,Ghana,Email,2,Résolu,0.4783997047763184,ORANGE — Surveiller,1,0
TKT012940,2024-02-02 07:18:00,CAT002,AGT005,Senegal,Téléphone,2,Escaladé,0.4778507932157891,ORANGE — Surveiller,1,1
TKT015251,2024-06-27 19:37:00,CAT003,AGT010,CI,Web form,3,Résolu,0.47772680895141933,ORANGE — Surveiller,1,1
TKT013410,2024-03-05 20:29:00,CAT008,AGT011,Senegal,Téléphone,2,Résolu,0.4776783015826806,ORANGE — Surveiller,1,0
TKT013687,2024-03-23 13:40:00,CAT008,AGT010,France,App mobile,2,En cours,0.4771625544568491,ORANGE — Surveiller,1,1
TKT014142,2024-04-21 10:18:00,CAT006,AGT012,Mali,Email,3,Escaladé,0.4770838405490751,ORANGE — Surveiller,1,1
TKT015230,2024-06-26 16:36:00,CAT003,AGT006,France,Email,3,Escaladé,0.4768607726554719,ORANGE — Surveiller,1,1
TKT014379,2024-05-06 09:23:00,CAT002,AGT011,CI,Email,2,En cours,0.47667616513948247,ORANGE — Surveiller,1,1
TKT014073,2024-04-17 08:44:00,CAT008,AGT007,Mali,Chat,2,Résolu,0.4765729521246177,ORANGE — Surveiller,1,0
TKT013276,2024-02-23 06:13:00,CAT002,AGT003,Senegal,Web form,2,Résolu,0.47650333177411514,ORANGE — Surveiller,1,0
TKT012503,2024-01-12 20:05:00,CAT004,AGT003,CI,App mobile,3,Escaladé,0.47634510193164303,ORANGE — Surveiller,1,1
TKT013745,2024-03-27 18:54:00,CAT003,AGT010,Ghana,App mobile,3,Résolu,0.4762759015281162,ORANGE — Surveiller,1,0
TKT012529,2024-01-13 06:05:00,CAT004,AGT012,CI,App mobile,3,Résolu,0.47603602836230224,ORANGE — Surveiller,1,1
TKT012970,2024-02-05 12:41:00,CAT003,AGT010,France,Chat,3,Backlog,0.4758659504860501,ORANGE — Surveiller,1,1
TKT012224,2023-12-31 15:41:00,CAT004,AGT006,CI,Chat,3,Escaladé,0.4754664476069944,ORANGE — Surveiller,1,1
TKT013366,2024-03-01 15:44:00,CAT008,AGT006,Maroc,Email,2,Résolu,0.4749692941254555,ORANGE — Surveiller,1,0
TKT013982,2024-04-10 18:28:00,CAT008,AGT004,Mali,Téléphone,2,Escaladé,0.47495109068230384,ORANGE — Surveiller,1,1
TKT013264,2024-02-22 13:03:00,CAT002,AGT011,Ghana,Email,2,Résolu,0.47418507724583564,ORANGE — Surveiller,1,1
TKT012863,2024-01-30 18:19:00,CAT003,AGT010,France,Chat,3,Escaladé,0.47408991827414515,ORANGE — Surveiller,1,1
TKT013718,2024-03-25 17:24:00,CAT002,AGT006,Maroc,Chat,2,Résolu,0.47404358715720996,ORANGE — Surveiller,1,0
TKT013287,2024-02-24 12:48:00,CAT002,AGT001,France,Téléphone,2,En cours,0.4739375233226979,ORANGE — Surveiller,1,0
TKT015271,2024-06-29 10:37:00,CAT004,AGT006,Senegal,Web form,3,Escaladé,0.4737958453573931,ORANGE — Surveiller,1,1
TKT013646,2024-03-20 19:33:00,CAT006,AGT010,Belgique,App mobile,3,En cours,0.47362753655547424,ORANGE — Surveiller,1,1
TKT014286,2024-04-30 11:29:00,CAT002,AGT007,Senegal,Téléphone,2,Escaladé,0.4733646566806932,ORANGE — Surveiller,1,1
TKT015078,2024-06-18 23:47:00,CAT002,AGT010,France,Chat,2,Escaladé,0.47335952001123865,ORANGE — Surveiller,1,1
TKT012769,2024-01-25 17:42:00,CAT003,AGT010,Ghana,Téléphone,3,Escaladé,0.4732880373011426,ORANGE — Surveiller,1,1
TKT012700,2024-01-22 11:59:00,CAT002,AGT007,France,Web form,2,Résolu,0.47317643004649396,ORANGE — Surveiller,1,0
TKT014245,2024-04-27 12:08:00,CAT006,AGT006,Maroc,Email,3,Fermé,0.47287088498532076,ORANGE — Surveiller,1,1
TKT014798,2024-06-01 11:12:00,CAT003,AGT003,Ghana,App mobile,3,Escaladé,0.4726012388160356,ORANGE — Surveiller,1,1
TKT015017,2024-06-14 05:49:00,CAT004,AGT010,Mali,Téléphone,3,En cours,0.4724999908231215,ORANGE — Surveiller,1,1
TKT012841,2024-01-29 12:11:00,CAT002,AGT011,Cameroun,Chat,2,Escaladé,0.4724416641409001,ORANGE — Surveiller,1,1
TKT012523,2024-01-13 07:42:00,CAT006,AGT005,CI,Chat,3,En cours,0.47239295178461327,ORANGE — Surveiller,1,0
TKT013880,2024-04-04 16:02:00,CAT004,AGT010,Cameroun,App mobile,3,Résolu,0.47172296240857237,ORANGE — Surveiller,1,1
TKT013682,2024-03-22 08:26:00,CAT002,AGT001,Ghana,Téléphone,2,En cours,0.4716699910160719,ORANGE — Surveiller,1,0
TKT013229,2024-02-21 17:37:00,CAT002,AGT006,Cameroun,App mobile,2,Backlog,0.4715741803973812,ORANGE — Surveiller,1,1
TKT014056,2024-04-15 12:39:00,CAT002,AGT011,CI,Téléphone,2,Résolu,0.47115321068107874,ORANGE — Surveiller,1,1
TKT013791,2024-03-29 20:30:00,CAT002,AGT011,France,Téléphone,2,Escaladé,0.4707231378758853,ORANGE — Surveiller,1,1
TKT013769,2024-03-28 15:15:00,CAT008,AGT004,Senegal,Chat,2,En cours,0.47071159552902103,ORANGE — Surveiller,1,0
TKT012367,2024-01-06 08:07:00,CAT006,AGT012,France,App mobile,3,Escaladé,0.47046487259500536,ORANGE — Surveiller,1,1
TKT012334,2024-01-04 22:26:00,CAT004,AGT010,Ghana,Email,3,Backlog,0.47044475460637136,ORANGE — Surveiller,1,1
TKT012260,2024-01-01 17:05:00,CAT008,AGT004,CI,Chat,2,Résolu,0.4703330375239188,ORANGE — Surveiller,1,0
TKT013387,2024-03-03 17:20:00,CAT002,AGT009,Ghana,Chat,2,Résolu,0.47029586188790773,ORANGE — Surveiller,1,1
TKT014572,2024-05-18 22:21:00,CAT006,AGT006,CI,Email,3,Résolu,0.47004227339002164,ORANGE — Surveiller,1,0
TKT013992,2024-04-11 14:41:00,CAT002,AGT004,Maroc,Chat,2,Backlog,0.46996973989498875,ORANGE — Surveiller,1,1
TKT014645,2024-05-23 09:26:00,CAT008,AGT007,Ghana,Téléphone,2,Escaladé,0.46941105577290543,ORANGE — Surveiller,1,1
TKT014312,2024-05-02 00:24:00,CAT002,AGT010,Mali,Chat,2,Résolu,0.46927718845661687,ORANGE — Surveiller,1,1
TKT012393,2024-01-07 10:58:00,CAT003,AGT005,France,Email,3,En cours,0.4692109273624737,ORANGE — Surveiller,1,0
TKT012545,2024-01-14 19:30:00,CAT004,AGT003,Maroc,App mobile,3,En cours,0.4691706041455214,ORANGE — Surveiller,1,0
TKT014403,2024-05-07 06:11:00,CAT003,AGT006,France,Email,3,Escaladé,0.4689878864557824,ORANGE — Surveiller,1,1
TKT013699,2024-03-24 16:35:00,CAT003,AGT005,France,Email,3,Escaladé,0.4689687923980303,ORANGE — Surveiller,1,1
TKT013069,2024-02-11 07:47:00,CAT002,AGT012,France,Web form,2,Escaladé,0.4689202570654896,ORANGE — Surveiller,1,1
TKT013563,2024-03-14 11:45:00,CAT002,AGT002,Senegal,Email,2,Résolu,0.46881607843018636,ORANGE — Surveiller,1,0
TKT014485,2024-05-13 09:30:00,CAT002,AGT011,Senegal,Email,2,Résolu,0.46842417149725135,ORANGE — Surveiller,1,0
TKT012756,2024-01-25 01:51:00,CAT005,AGT004,France,Chat,1,Résolu,0.4683805709918309,ORANGE — Surveiller,1,0
TKT014942,2024-06-10 10:04:00,CAT008,AGT001,Maroc,Téléphone,2,Résolu,0.467791538645046,ORANGE — Surveiller,1,0
TKT012402,2024-01-08 17:39:00,CAT008,AGT011,Maroc,Chat,2,Résolu,0.46777952804846157,ORANGE — Surveiller,1,0
TKT013945,2024-04-08 07:24:00,CAT008,AGT002,Cameroun,Téléphone,2,Résolu,0.4677448073145418,ORANGE — Surveiller,1,0
TKT015261,2024-06-28 16:00:00,CAT004,AGT006,Senegal,Email,3,Résolu,0.46678987306417885,ORANGE — Surveiller,1,1
TKT015265,2024-06-28 01:04:00,CAT004,AGT003,France,Email,3,Résolu,0.4664577753697254,ORANGE — Surveiller,1,1
TKT014721,2024-05-28 08:06:00,CAT002,AGT007,Senegal,Chat,2,Résolu,0.46629156311995673,ORANGE — Surveiller,1,0
TKT013903,2024-04-05 15:59:00,CAT008,AGT004,CI,Téléphone,2,Résolu,0.4660875891796094,ORANGE — Surveiller,1,0
TKT013495,2024-03-10 15:45:00,CAT004,AGT006,CI,Email,3,Escaladé,0.465998848355861,ORANGE — Surveiller,1,1
TKT014330,2024-05-03 12:40:00,CAT003,AGT010,Ghana,Téléphone,3,En cours,0.46555716487315274,ORANGE — Surveiller,1,0
TKT015140,2024-06-21 00:19:00,CAT002,AGT003,Mali,Chat,2,Résolu,0.46551658507013877,ORANGE — Surveiller,1,1
TKT013060,2024-02-10 06:17:00,CAT009,AGT004,France,Chat,1,En cours,0.46542298915699376,ORANGE — Surveiller,1,0
TKT014653,2024-05-23 18:34:00,CAT003,AGT010,CI,Téléphone,3,Résolu,0.46486203239309587,ORANGE — Surveiller,1,0
TKT012421,2024-01-09 07:39:00,CAT002,AGT006,Senegal,Email,2,Résolu,0.46476524966033006,ORANGE — Surveiller,1,0
TKT013980,2024-04-10 18:52:00,CAT008,AGT011,Mali,Email,2,Résolu,0.46468327374511353,ORANGE — Surveiller,1,1
TKT014539,2024-05-16 11:10:00,CAT002,AGT007,France,Téléphone,2,Résolu,0.46468230894591783,ORANGE — Surveiller,1,0
TKT013697,2024-03-24 08:25:00,CAT004,AGT006,CI,Téléphone,3,Résolu,0.46466765540742716,ORANGE — Surveiller,1,0
TKT013672,2024-03-22 10:47:00,CAT002,AGT002,Senegal,Email,2,Résolu,0.46464489053844765,ORANGE — Surveiller,1,0
TKT012552,2024-01-14 06:27:00,CAT002,AGT010,France,Chat,2,Escaladé,0.4645490350150689,ORANGE — Surveiller,1,1
TKT012347,2024-01-05 13:59:00,CAT008,AGT011,France,Email,2,Résolu,0.46432899560728097,ORANGE — Surveiller,1,0
TKT014625,2024-05-22 09:46:00,CAT002,AGT007,CI,Web form,2,En cours,0.4637689437805415,ORANGE — Surveiller,1,1
TKT012731,2024-01-24 10:53:00,CAT002,AGT007,CI,App mobile,2,Résolu,0.46348526759796144,ORANGE — Surveiller,1,1
TKT013014,2024-02-07 12:48:00,CAT008,AGT004,Ghana,Email,2,Fermé,0.4633880968519135,ORANGE — Surveiller,1,0
TKT012825,2024-01-28 14:54:00,CAT002,AGT001,France,Email,2,Backlog,0.4630342296522687,ORANGE — Surveiller,1,1
TKT014190,2024-04-23 18:59:00,CAT008,AGT007,Mali,Web form,2,Escaladé,0.46293769912246513,ORANGE — Surveiller,1,1
TKT013555,2024-03-14 13:55:00,CAT008,AGT004,CI,Email,2,Backlog,0.46257689779603234,ORANGE — Surveiller,1,1
TKT012945,2024-02-03 11:20:00,CAT002,AGT006,Ghana,Email,2,Résolu,0.4623614169664667,ORANGE — Surveiller,1,0
TKT013599,2024-03-17 14:39:00,CAT002,AGT009,France,Email,2,Résolu,0.461760421906215,ORANGE — Surveiller,1,0
TKT013321,2024-02-27 17:57:00,CAT002,AGT004,Senegal,Chat,2,Backlog,0.46165742366024615,ORANGE — Surveiller,1,1
TKT012905,2024-02-01 20:18:00,CAT008,AGT006,Senegal,Email,2,En cours,0.46141131944409464,ORANGE — Surveiller,1,0
TKT014519,2024-05-14 20:34:00,CAT006,AGT006,Mali,Téléphone,3,Résolu,0.4611913770477522,ORANGE — Surveiller,1,0
TKT014042,2024-04-14 05:09:00,CAT002,AGT005,CI,Téléphone,2,Résolu,0.4610748882358148,ORANGE — Surveiller,1,0
TKT012710,2024-01-23 08:46:00,CAT008,AGT008,Ghana,Téléphone,2,Fermé,0.46102312562244463,ORANGE — Surveiller,1,0
TKT013161,2024-02-17 12:21:00,CAT003,AGT006,CI,Email,3,En cours,0.46056138439545236,ORANGE — Surveiller,1,1
TKT014674,2024-05-24 09:19:00,CAT002,AGT002,Senegal,Email,2,Escaladé,0.46046989705463853,ORANGE — Surveiller,1,1
TKT013589,2024-03-16 09:07:00,CAT003,AGT010,France,Web form,3,Backlog,0.4604498648338109,ORANGE — Surveiller,1,1
TKT013780,2024-03-29 06:24:00,CAT008,AGT003,Senegal,Email,2,Résolu,0.46039894405190124,ORANGE — Surveiller,1,0
TKT012971,2024-02-05 18:47:00,CAT008,AGT009,Ghana,Email,2,Résolu,0.4603001409315861,ORANGE — Surveiller,1,0
TKT013592,2024-03-17 07:15:00,CAT002,AGT008,CI,Chat,2,Escaladé,0.46025160183304775,ORANGE — Surveiller,1,1
TKT013633,2024-03-19 10:49:00,CAT002,AGT006,Senegal,Téléphone,2,Escaladé,0.4598747119775695,ORANGE — Surveiller,1,1
TKT013908,2024-04-06 00:36:00,CAT008,AGT001,CI,Chat,2,Fermé,0.4597974977649073,ORANGE — Surveiller,1,0
TKT013696,2024-03-24 08:18:00,CAT003,AGT006,France,Téléphone,3,Résolu,0.4597644630770173,ORANGE — Surveiller,1,0
TKT013199,2024-02-19 14:26:00,CAT008,AGT011,Mali,Téléphone,2,Résolu,0.4597579142591963,ORANGE — Surveiller,1,1
TKT014016,2024-04-12 05:22:00,CAT002,AGT003,France,Téléphone,2,En cours,0.4593189711152149,ORANGE — Surveiller,1,0
TKT013649,2024-03-20 02:42:00,CAT010,AGT004,Senegal,Email,1,Escaladé,0.45918625636872584,ORANGE — Surveiller,1,1
TKT014704,2024-05-27 07:20:00,CAT008,AGT004,France,Chat,2,En cours,0.4587934730935748,ORANGE — Surveiller,1,1
TKT015154,2024-06-23 21:11:00,CAT004,AGT006,Maroc,Web form,3,Fermé,0.4587030514813829,ORANGE — Surveiller,1,1
TKT014826,2024-06-03 09:06:00,CAT008,AGT011,Senegal,Chat,2,Résolu,0.4586464904859613,ORANGE — Surveiller,1,0
TKT012322,2024-01-04 08:13:00,CAT002,AGT002,France,Email,2,Escaladé,0.45856958101043505,ORANGE — Surveiller,1,1
TKT012484,2024-01-11 05:41:00,CAT002,AGT001,Senegal,Email,2,Résolu,0.45847002883466864,ORANGE — Surveiller,1,0
TKT014349,2024-05-04 07:20:00,CAT008,AGT008,CI,Email,2,En cours,0.4583953349070447,ORANGE — Surveiller,1,1
TKT013087,2024-02-12 11:03:00,CAT008,AGT007,Ghana,Email,2,Escaladé,0.45830813581589763,ORANGE — Surveiller,1,1
TKT013494,2024-03-10 13:06:00,CAT002,AGT008,CI,Téléphone,2,Backlog,0.4582920530742742,ORANGE — Surveiller,1,1
TKT014244,2024-04-27 18:19:00,CAT002,AGT007,Mali,Email,2,En cours,0.4582782164921031,ORANGE — Surveiller,1,0
TKT013280,2024-02-24 14:36:00,CAT008,AGT003,Mali,Téléphone,2,En cours,0.45814568697623514,ORANGE — Surveiller,1,0
TKT013040,2024-02-09 15:14:00,CAT002,AGT007,Mali,Téléphone,2,Escaladé,0.45795041919500207,ORANGE — Surveiller,1,1
TKT015111,2024-06-20 17:15:00,CAT003,AGT010,France,Chat,3,Résolu,0.4576244962646585,ORANGE — Surveiller,1,0
TKT014705,2024-05-27 14:40:00,CAT002,AGT011,CI,Téléphone,2,Escaladé,0.4576204363723525,ORANGE — Surveiller,1,1
TKT013784,2024-03-29 18:37:00,CAT008,AGT004,Maroc,Téléphone,2,Résolu,0.4575282599302677,ORANGE — Surveiller,1,0
TKT013734,2024-03-26 14:25:00,CAT002,AGT010,Maroc,Email,2,En cours,0.4574561947365481,ORANGE — Surveiller,1,1
TKT012480,2024-01-11 09:50:00,CAT008,AGT002,Mali,Email,2,Résolu,0.4573699944357589,ORANGE — Surveiller,1,0
TKT012302,2024-01-03 09:50:00,CAT002,AGT002,Belgique,Chat,2,Fermé,0.45702099874624175,ORANGE — Surveiller,1,1
TKT013845,2024-04-02 10:54:00,CAT008,AGT002,Senegal,Téléphone,2,Résolu,0.4569332683523004,ORANGE — Surveiller,1,1
TKT013282,2024-02-24 15:03:00,CAT008,AGT012,CI,Email,2,Résolu,0.4567737953705626,ORANGE — Surveiller,1,0
TKT012706,2024-01-23 01:13:00,CAT002,AGT005,CI,Chat,2,Résolu,0.4566931979911945,ORANGE — Surveiller,1,1
TKT014183,2024-04-23 16:16:00,CAT002,AGT011,France,Email,2,Escaladé,0.45654807116824797,ORANGE — Surveiller,1,1
TKT013947,2024-04-08 07:09:00,CAT002,AGT007,Cameroun,App mobile,2,Résolu,0.45653318907603335,ORANGE — Surveiller,1,0
TKT015125,2024-06-21 11:54:00,CAT008,AGT007,CI,Téléphone,2,Backlog,0.4559736992087728,ORANGE — Surveiller,1,1
TKT013547,2024-03-13 08:01:00,CAT008,AGT003,Senegal,Email,2,Résolu,0.4559299531448327,ORANGE — Surveiller,1,0
TKT015088,2024-06-19 14:15:00,CAT008,AGT004,Cameroun,Téléphone,2,Escaladé,0.4558343370124532,ORANGE — Surveiller,1,1
TKT013705,2024-03-24 18:41:00,CAT002,AGT007,Senegal,Email,2,Résolu,0.4555600804660771,ORANGE — Surveiller,1,0
TKT014186,2024-04-23 13:50:00,CAT002,AGT007,Senegal,Téléphone,2,Résolu,0.4554432773382263,ORANGE — Surveiller,1,0
TKT012897,2024-01-31 09:38:00,CAT002,AGT010,Senegal,Téléphone,2,Backlog,0.4553269916517256,ORANGE — Surveiller,1,1
TKT014892,2024-06-07 16:26:00,CAT008,AGT004,CI,App mobile,2,En cours,0.45526766195298385,ORANGE — Surveiller,1,1
TKT012467,2024-01-11 14:05:00,CAT008,AGT006,Maroc,Email,2,Résolu,0.45485317107653794,ORANGE — Surveiller,1,0
TKT013419,2024-03-05 12:23:00,CAT002,AGT002,Senegal,Chat,2,Résolu,0.4548203194889674,ORANGE — Surveiller,1,0
TKT012899,2024-01-31 14:54:00,CAT002,AGT007,Senegal,Téléphone,2,Résolu,0.45479387572769175,ORANGE — Surveiller,1,0
TKT012460,2024-01-11 09:43:00,CAT002,AGT003,Senegal,Chat,2,Résolu,0.4547879147692111,ORANGE — Surveiller,1,1
TKT013539,2024-03-13 10:51:00,CAT002,AGT010,Maroc,Téléphone,2,Backlog,0.4546839963947296,ORANGE — Surveiller,1,1
TKT012963,2024-02-04 07:10:00,CAT002,AGT010,Belgique,Téléphone,2,Escaladé,0.4543724766007989,ORANGE — Surveiller,1,1
TKT012531,2024-01-13 11:03:00,CAT003,AGT003,CI,App mobile,3,Résolu,0.45420803221847755,ORANGE — Surveiller,1,0
TKT012819,2024-01-28 16:24:00,CAT006,AGT005,France,App mobile,3,Résolu,0.45393524533119683,ORANGE — Surveiller,1,0
TKT012864,2024-01-30 10:22:00,CAT002,AGT007,Ghana,Email,2,Résolu,0.4538898865028097,ORANGE — Surveiller,1,0
TKT014058,2024-04-16 10:33:00,CAT008,AGT001,France,Web form,2,Résolu,0.4538355570902889,ORANGE — Surveiller,1,0
TKT013884,2024-04-04 07:31:00,CAT002,AGT012,France,Téléphone,2,Escaladé,0.4537454259392423,ORANGE — Surveiller,1,1
TKT013405,2024-03-04 14:17:00,CAT008,AGT009,France,Email,2,Résolu,0.4535700521309799,ORANGE — Surveiller,1,0
TKT013127,2024-02-14 14:38:00,CAT008,AGT007,Senegal,Téléphone,2,En cours,0.45356044071300183,ORANGE — Surveiller,1,0
TKT014169,2024-04-22 08:07:00,CAT002,AGT009,Mali,Email,2,Résolu,0.4535402124062258,ORANGE — Surveiller,1,1
TKT015036,2024-06-17 11:39:00,CAT008,AGT007,Cameroun,Téléphone,2,Résolu,0.4535352961624415,ORANGE — Surveiller,1,0
TKT012557,2024-01-15 17:02:00,CAT002,AGT007,Maroc,Téléphone,2,Résolu,0.45351434404663565,ORANGE — Surveiller,1,1
TKT014381,2024-05-06 14:58:00,CAT008,AGT001,France,Téléphone,2,Résolu,0.45347605875365227,ORANGE — Surveiller,1,0
TKT013778,2024-03-29 13:21:00,CAT002,AGT003,Mali,Chat,2,Résolu,0.45331100245663597,ORANGE — Surveiller,1,0
TKT013062,2024-02-11 13:44:00,CAT002,AGT001,Ghana,Email,2,Escaladé,0.45325096347928634,ORANGE — Surveiller,1,1
TKT013465,2024-03-07 17:50:00,CAT002,AGT004,Senegal,Email,2,Résolu,0.45291491552344054,ORANGE — Surveiller,1,1
TKT014689,2024-05-25 12:51:00,CAT008,AGT001,CI,Web form,2,En cours,0.45283575825335853,ORANGE — Surveiller,1,0
TKT012409,2024-01-08 15:27:00,CAT002,AGT001,Senegal,Email,2,Escaladé,0.45250195538054905,ORANGE — Surveiller,1,1
TKT014615,2024-05-21 09:53:00,CAT002,AGT001,Ghana,Email,2,Résolu,0.4524129659754661,ORANGE — Surveiller,1,0
TKT012812,2024-01-27 17:01:00,CAT002,AGT010,France,Chat,2,Résolu,0.45229932779807613,ORANGE — Surveiller,1,1
TKT012445,2024-01-09 15:59:00,CAT002,AGT008,CI,Email,2,Résolu,0.45207779123030983,ORANGE — Surveiller,1,0
TKT013131,2024-02-15 09:32:00,CAT008,AGT007,CI,Email,2,Résolu,0.45184308336084067,ORANGE — Surveiller,1,1
TKT012723,2024-01-23 06:31:00,CAT008,AGT001,France,Email,2,Escaladé,0.4517469732699712,ORANGE — Surveiller,1,1
TKT012472,2024-01-11 23:26:00,CAT003,AGT010,France,App mobile,3,En cours,0.45170348261319143,ORANGE — Surveiller,1,0
TKT014131,2024-04-20 15:40:00,CAT003,AGT010,CI,App mobile,3,Résolu,0.45168021731615093,ORANGE — Surveiller,1,0
TKT013803,2024-03-31 15:38:00,CAT004,AGT006,Cameroun,Téléphone,3,Résolu,0.4513942790001344,ORANGE — Surveiller,1,0
TKT014490,2024-05-13 13:14:00,CAT002,AGT007,Maroc,Téléphone,2,Escaladé,0.4513446456154935,ORANGE — Surveiller,1,1
TKT014978,2024-06-12 03:03:00,CAT002,AGT007,Cameroun,App mobile,2,Résolu,0.4513370237859402,ORANGE — Surveiller,1,0
TKT015123,2024-06-21 13:31:00,CAT008,AGT008,Ghana,Chat,2,Escaladé,0.45054540100796203,ORANGE — Surveiller,1,1
TKT012525,2024-01-13 21:22:00,CAT003,AGT006,Senegal,Chat,3,Escaladé,0.4505400757674687,ORANGE — Surveiller,1,1
TKT014242,2024-04-27 09:12:00,CAT002,AGT008,France,Email,2,Résolu,0.4505310824284486,ORANGE — Surveiller,1,0
TKT013458,2024-03-07 10:10:00,CAT002,AGT008,CI,Email,2,Résolu,0.4504502278849221,ORANGE — Surveiller,1,0
TKT012754,2024-01-25 09:44:00,CAT002,AGT009,Ghana,Téléphone,2,Résolu,0.4504024045473791,ORANGE — Surveiller,1,1
TKT014259,2024-04-29 16:33:00,CAT002,AGT004,CI,Téléphone,2,Backlog,0.4503949479730515,ORANGE — Surveiller,1,1
TKT014700,2024-05-26 14:49:00,CAT008,AGT003,Ghana,Chat,2,Escaladé,0.45038342477022886,ORANGE — Surveiller,1,1
TKT013253,2024-02-22 12:02:00,CAT002,AGT008,CI,Email,2,Résolu,0.45035939759917276,ORANGE — Surveiller,1,0
TKT012921,2024-02-01 12:55:00,CAT002,AGT007,CI,Email,2,Résolu,0.4502390558448197,ORANGE — Surveiller,1,0
TKT013363,2024-03-01 08:50:00,CAT008,AGT003,Mali,Email,2,Résolu,0.4501857392080607,ORANGE — Surveiller,1,0
TKT012699,2024-01-22 09:59:00,CAT008,AGT007,Maroc,Email,2,En cours,0.4501767448544426,ORANGE — Surveiller,1,0
TKT014109,2024-04-18 08:48:00,CAT002,AGT007,CI,Chat,2,Résolu,0.4501639949426619,ORANGE — Surveiller,1,0
TKT013305,2024-02-26 01:19:00,CAT002,AGT012,Ghana,App mobile,2,Escaladé,0.45003274008014543,ORANGE — Surveiller,1,1
TKT012544,2024-01-14 05:55:00,CAT006,AGT005,Ghana,Chat,3,Escaladé,0.4492777650952898,JAUNE — Attention,1,1
TKT014534,2024-05-15 08:19:00,CAT002,AGT010,Senegal,Web form,2,Résolu,0.44927477383786213,JAUNE — Attention,1,1
TKT012778,2024-01-25 17:39:00,CAT002,AGT008,Cameroun,Chat,2,Résolu,0.44923454420276315,JAUNE — Attention,1,0
TKT013394,2024-03-04 11:18:00,CAT002,AGT004,CI,Chat,2,Résolu,0.4491524404348863,JAUNE — Attention,1,0
TKT013215,2024-02-20 09:01:00,CAT002,AGT008,Ghana,App mobile,2,Résolu,0.4490893797839544,JAUNE — Attention,1,1
TKT012491,2024-01-12 06:00:00,CAT002,AGT003,Maroc,Téléphone,2,Escaladé,0.44890795286847096,JAUNE — Attention,1,1
TKT014988,2024-06-13 19:16:00,CAT002,AGT004,CI,Téléphone,2,Escaladé,0.4488703908183245,JAUNE — Attention,1,1
TKT013067,2024-02-11 11:11:00,CAT002,AGT012,Ghana,Email,2,Résolu,0.44880714763146934,JAUNE — Attention,1,0
TKT012763,2024-01-25 10:39:00,CAT002,AGT008,France,Téléphone,2,Escaladé,0.4487013368462269,JAUNE — Attention,1,1
TKT013364,2024-03-01 11:35:00,CAT002,AGT003,Maroc,Email,2,Résolu,0.4486781736623124,JAUNE — Attention,1,1
TKT012918,2024-02-01 11:25:00,CAT008,AGT007,CI,Téléphone,2,Backlog,0.44864674270171784,JAUNE — Attention,1,1
TKT014198,2024-04-24 16:29:00,CAT002,AGT007,Senegal,Email,2,Résolu,0.44862216128191834,JAUNE — Attention,1,0
TKT013657,2024-03-21 17:46:00,CAT002,AGT008,France,Email,2,Escaladé,0.4486052459258028,JAUNE — Attention,1,1
TKT014582,2024-05-19 13:06:00,CAT002,AGT001,CI,Téléphone,2,Résolu,0.4485848705617471,JAUNE — Attention,1,0
TKT013301,2024-02-25 09:45:00,CAT008,AGT003,Ghana,Email,2,Escaladé,0.44858071262143895,JAUNE — Attention,1,1
TKT012907,2024-02-01 18:04:00,CAT002,AGT010,Senegal,App mobile,2,Escaladé,0.44856908220436104,JAUNE — Attention,1,1
TKT014170,2024-04-22 06:42:00,CAT002,AGT001,Mali,Chat,2,Résolu,0.4485630673362975,JAUNE — Attention,1,0
TKT015284,2024-06-30 08:41:00,CAT008,AGT008,Senegal,Téléphone,2,Résolu,0.44852744073848,JAUNE — Attention,1,0
TKT013021,2024-02-08 16:45:00,CAT002,AGT008,CI,Chat,2,Résolu,0.44820516080754447,JAUNE — Attention,1,1
TKT014577,2024-05-18 02:31:00,CAT002,AGT006,Mali,Web form,2,Backlog,0.4481555100810145,JAUNE — Attention,1,1
TKT012829,2024-01-29 17:42:00,CAT002,AGT008,France,Email,2,Escaladé,0.44814402774403667,JAUNE — Attention,1,1
TKT012651,2024-01-19 19:25:00,CAT002,AGT004,Mali,Chat,2,Escaladé,0.44787124503408193,JAUNE — Attention,1,1
TKT012688,2024-01-22 16:08:00,CAT008,AGT009,Ghana,Chat,2,En cours,0.447814881176128,JAUNE — Attention,1,0
TKT012625,2024-01-18 11:43:00,CAT002,AGT007,Ghana,Email,2,Résolu,0.44771163209497045,JAUNE — Attention,1,1
TKT013508,2024-03-11 11:50:00,CAT002,AGT007,Cameroun,Téléphone,2,En cours,0.44766553915628515,JAUNE — Attention,1,1
TKT014551,2024-05-16 13:49:00,CAT002,AGT005,Ghana,Téléphone,2,Résolu,0.4474110745276622,JAUNE — Attention,1,1
TKT013851,2024-04-03 13:43:00,CAT008,AGT007,Maroc,Chat,2,En cours,0.4472674598770695,JAUNE — Attention,1,1
TKT012898,2024-01-31 06:16:00,CAT008,AGT001,CI,Email,2,Résolu,0.44720335507304254,JAUNE — Attention,1,0
TKT013680,2024-03-22 15:11:00,CAT008,AGT008,France,Téléphone,2,Résolu,0.4470767050716821,JAUNE — Attention,1,1
TKT013356,2024-02-29 08:45:00,CAT002,AGT002,Ghana,Chat,2,Escaladé,0.4470142164617338,JAUNE — Attention,1,1
TKT012801,2024-01-26 16:10:00,CAT002,AGT011,France,Email,2,Fermé,0.44695650222331496,JAUNE — Attention,1,0
TKT012736,2024-01-24 21:28:00,CAT002,AGT002,Senegal,Téléphone,2,Escaladé,0.44689049625422833,JAUNE — Attention,1,1
TKT014200,2024-04-24 17:53:00,CAT002,AGT004,France,Email,2,Résolu,0.44685615402958434,JAUNE — Attention,1,0
TKT012537,2024-01-14 12:25:00,CAT003,AGT003,Ghana,Chat,3,Résolu,0.44676792368846,JAUNE — Attention,1,0
TKT013192,2024-02-19 13:58:00,CAT008,AGT008,France,Téléphone,2,Résolu,0.4466888042293868,JAUNE — Attention,1,0
TKT015166,2024-06-24 09:24:00,CAT008,AGT011,France,Chat,2,Résolu,0.44649981220723517,JAUNE — Attention,1,1
TKT012762,2024-01-25 11:25:00,CAT008,AGT001,Senegal,Web form,2,En cours,0.44635882968435814,JAUNE — Attention,1,1
TKT014696,2024-05-26 14:20:00,CAT008,AGT012,France,Email,2,En cours,0.4463225117916339,JAUNE — Attention,1,1
TKT013027,2024-02-08 12:32:00,CAT008,AGT003,France,Chat,2,Résolu,0.44581648700634263,JAUNE — Attention,1,1
TKT012360,2024-01-05 14:17:00,CAT008,AGT004,Cameroun,Email,2,Escaladé,0.44575934250161325,JAUNE — Attention,1,1
TKT015272,2024-06-29 09:15:00,CAT008,AGT001,CI,Web form,2,Résolu,0.44572855334198946,JAUNE — Attention,1,0
TKT012592,2024-01-16 15:31:00,CAT008,AGT004,France,Téléphone,2,Résolu,0.445676048797132,JAUNE — Attention,1,0
TKT013735,2024-03-26 09:22:00,CAT008,AGT012,Senegal,Téléphone,2,Résolu,0.44560607271447816,JAUNE — Attention,1,0
TKT013315,2024-02-26 09:23:00,CAT002,AGT007,Cameroun,Email,2,Résolu,0.4453437363992137,JAUNE — Attention,1,0
TKT012353,2024-01-05 13:30:00,CAT008,AGT001,Maroc,Téléphone,2,Escaladé,0.4452821980793641,JAUNE — Attention,1,1
TKT013702,2024-03-24 00:42:00,CAT008,AGT005,CI,Email,2,Résolu,0.4452386158730739,JAUNE — Attention,1,0
TKT012309,2024-01-03 09:34:00,CAT002,AGT003,Maroc,Chat,2,Résolu,0.44521393001081216,JAUNE — Attention,1,1
TKT013358,2024-02-29 17:00:00,CAT002,AGT008,CI,Téléphone,2,Résolu,0.4451236347537484,JAUNE — Attention,1,0
TKT012836,2024-01-29 15:57:00,CAT008,AGT009,Mali,App mobile,2,En cours,0.4449518722017781,JAUNE — Attention,1,0
TKT013236,2024-02-21 20:47:00,CAT003,AGT010,CI,Téléphone,3,Résolu,0.4448669128567633,JAUNE — Attention,1,1
TKT012320,2024-01-04 11:05:00,CAT008,AGT006,France,Email,2,Escaladé,0.4448595322677369,JAUNE — Attention,1,1
TKT013594,2024-03-17 16:22:00,CAT002,AGT001,Senegal,Email,2,En cours,0.4447740156845466,JAUNE — Attention,1,1
TKT013332,2024-02-28 21:08:00,CAT008,AGT007,CI,Téléphone,2,Résolu,0.4445163230678999,JAUNE — Attention,1,0
TKT013725,2024-03-25 15:23:00,CAT002,AGT012,CI,Téléphone,2,Résolu,0.4445001265330672,JAUNE — Attention,1,1
TKT012928,2024-02-02 17:10:00,CAT002,AGT004,Ghana,App mobile,2,Résolu,0.4444051470591881,JAUNE — Attention,1,0
TKT013274,2024-02-23 09:14:00,CAT002,AGT006,CI,App mobile,2,En cours,0.444345199781842,JAUNE — Attention,1,0
TKT014491,2024-05-13 07:07:00,CAT008,AGT009,Belgique,Email,2,Résolu,0.4442947551519143,JAUNE — Attention,1,0
TKT014035,2024-04-13 03:17:00,CAT002,AGT003,Ghana,Chat,2,Résolu,0.4441351753884688,JAUNE — Attention,1,0
TKT014318,2024-05-02 09:42:00,CAT008,AGT003,Maroc,Téléphone,2,Escaladé,0.44411380824842056,JAUNE — Attention,1,1
TKT013473,2024-03-08 12:34:00,CAT002,AGT008,CI,App mobile,2,Résolu,0.4440644044481271,JAUNE — Attention,1,0
TKT014535,2024-05-15 15:55:00,CAT002,AGT007,CI,Email,2,Résolu,0.44396601666147634,JAUNE — Attention,1,0
TKT014610,2024-05-21 07:11:00,CAT008,AGT006,Senegal,Email,2,En cours,0.44390441046685747,JAUNE — Attention,1,1
TKT013255,2024-02-22 15:36:00,CAT008,AGT008,CI,Email,2,Résolu,0.4437526816786644,JAUNE — Attention,1,0
TKT013457,2024-03-07 12:54:00,CAT002,AGT008,Mali,Chat,2,En cours,0.44371257308494433,JAUNE — Attention,1,1
TKT014247,2024-04-27 09:28:00,CAT002,AGT008,Belgique,Email,2,Résolu,0.44358706048963187,JAUNE — Attention,1,0
TKT014977,2024-06-12 09:54:00,CAT008,AGT009,Ghana,Email,2,Résolu,0.44351007143529597,JAUNE — Attention,1,0
TKT013449,2024-03-06 16:03:00,CAT008,AGT004,France,Chat,2,En cours,0.4431974511787168,JAUNE — Attention,1,1
TKT012479,2024-01-11 08:38:00,CAT002,AGT003,Ghana,Téléphone,2,Escaladé,0.44315675345334865,JAUNE — Attention,1,1
TKT014617,2024-05-21 10:50:00,CAT002,AGT006,Ghana,App mobile,2,En cours,0.44314348150290156,JAUNE — Attention,1,0
TKT014667,2024-05-24 11:33:00,CAT008,AGT001,Senegal,Téléphone,2,Résolu,0.4431167730283226,JAUNE — Attention,1,1
TKT013765,2024-03-28 13:13:00,CAT008,AGT010,Mali,Téléphone,2,Backlog,0.44310915766172004,JAUNE — Attention,1,1
TKT014650,2024-05-23 10:54:00,CAT002,AGT009,Maroc,Email,2,Résolu,0.44301495854454503,JAUNE — Attention,1,1
TKT014569,2024-05-17 13:59:00,CAT002,AGT005,Ghana,Téléphone,2,Résolu,0.4428992473566618,JAUNE — Attention,1,0
TKT012846,2024-01-29 10:43:00,CAT002,AGT009,France,Email,2,Résolu,0.44272109402682264,JAUNE — Attention,1,0
TKT013768,2024-03-28 10:47:00,CAT008,AGT008,Maroc,Email,2,Escaladé,0.44267593548283446,JAUNE — Attention,1,1
TKT013557,2024-03-14 13:20:00,CAT008,AGT012,Ghana,Email,2,En cours,0.4425964547074722,JAUNE — Attention,1,0
TKT012978,2024-02-05 21:40:00,CAT002,AGT010,Maroc,Email,2,Escaladé,0.44254739689238215,JAUNE — Attention,1,1
TKT013048,2024-02-10 14:05:00,CAT002,AGT001,France,Email,2,En cours,0.4425417989470346,JAUNE — Attention,1,0
TKT013169,2024-02-17 15:24:00,CAT009,AGT004,Ghana,Email,1,Escaladé,0.4424747164147619,JAUNE — Attention,1,1
TKT014720,2024-05-28 08:06:00,CAT002,AGT001,Ghana,Chat,2,Résolu,0.4424417290433839,JAUNE — Attention,1,0
TKT014436,2024-05-09 12:20:00,CAT008,AGT001,France,Téléphone,2,Résolu,0.4422902478415765,JAUNE — Attention,1,0
TKT014640,2024-05-23 09:53:00,CAT008,AGT002,Ghana,Chat,2,Résolu,0.44228560362714925,JAUNE — Attention,1,0
TKT012985,2024-02-06 11:45:00,CAT008,AGT007,Belgique,Téléphone,2,Résolu,0.4422494468676681,JAUNE — Attention,1,0
TKT012356,2024-01-05 21:50:00,CAT006,AGT010,France,Email,3,Résolu,0.44221857472939463,JAUNE — Attention,1,1
TKT014145,2024-04-21 12:47:00,CAT002,AGT009,Maroc,Email,2,Backlog,0.4421821966072453,JAUNE — Attention,1,1
TKT012325,2024-01-04 15:09:00,CAT002,AGT010,Ghana,Chat,2,Résolu,0.4418961651379087,JAUNE — Attention,1,0
TKT014816,2024-06-02 05:22:00,CAT008,AGT001,Senegal,Email,2,Résolu,0.4418870254944713,JAUNE — Attention,1,0
TKT014628,2024-05-22 09:20:00,CAT002,AGT008,Mali,Chat,2,Résolu,0.4416776741597291,JAUNE — Attention,1,1
TKT013051,2024-02-10 15:58:00,CAT008,AGT003,CI,Email,2,Résolu,0.44164081385157206,JAUNE — Attention,1,0
TKT014134,2024-04-20 05:19:00,CAT008,AGT003,Senegal,Email,2,Résolu,0.4415454565943663,JAUNE — Attention,1,1
TKT014328,2024-05-03 11:57:00,CAT002,AGT003,Ghana,Email,2,Résolu,0.44153200261577125,JAUNE — Attention,1,1
TKT012381,2024-01-07 14:22:00,CAT008,AGT008,CI,Chat,2,Résolu,0.44148978800737665,JAUNE — Attention,1,0
TKT015199,2024-06-25 21:00:00,CAT002,AGT006,CI,Email,2,Résolu,0.4413716382399431,JAUNE — Attention,1,1
TKT013518,2024-03-12 10:10:00,CAT008,AGT002,CI,Chat,2,Backlog,0.4413491701536267,JAUNE — Attention,1,1
TKT013965,2024-04-10 18:05:00,CAT002,AGT008,Belgique,Téléphone,2,Résolu,0.4412842205108703,JAUNE — Attention,1,1
TKT013964,2024-04-10 10:08:00,CAT008,AGT009,Senegal,Email,2,Escaladé,0.4411899609214477,JAUNE — Attention,1,1
TKT014067,2024-04-16 09:09:00,CAT008,AGT003,Mali,Chat,2,Escaladé,0.44110147787319953,JAUNE — Attention,1,1
TKT012333,2024-01-04 12:08:00,CAT002,AGT012,CI,Téléphone,2,Escaladé,0.44102947849191354,JAUNE — Attention,1,1
TKT012837,2024-01-29 04:27:00,CAT002,AGT010,CI,Téléphone,2,Résolu,0.4409893190170974,JAUNE — Attention,1,1
TKT014794,2024-05-31 09:43:00,CAT002,AGT003,Senegal,Téléphone,2,Résolu,0.4409793171729221,JAUNE — Attention,1,0
TKT013795,2024-03-30 18:58:00,CAT003,AGT010,France,App mobile,3,Résolu,0.44089606258282577,JAUNE — Attention,1,1
TKT012952,2024-02-03 14:49:00,CAT002,AGT010,CI,Email,2,Résolu,0.44088537136739914,JAUNE — Attention,1,1
TKT014791,2024-05-31 10:55:00,CAT008,AGT005,Maroc,Téléphone,2,Résolu,0.44085483018347077,JAUNE — Attention,1,0
TKT013476,2024-03-08 17:46:00,CAT008,AGT003,France,Chat,2,Résolu,0.4408438080601757,JAUNE — Attention,1,0
TKT013354,2024-02-29 17:55:00,CAT002,AGT003,France,Téléphone,2,Backlog,0.44082009109856635,JAUNE — Attention,1,1
TKT012342,2024-01-04 16:21:00,CAT008,AGT004,Ghana,Téléphone,2,En cours,0.4407879768340349,JAUNE — Attention,1,1
TKT012564,2024-01-15 08:59:00,CAT002,AGT008,Cameroun,Téléphone,2,Escaladé,0.4405218113259655,JAUNE — Attention,1,1
TKT013580,2024-03-15 09:09:00,CAT002,AGT008,France,App mobile,2,Fermé,0.4405175312709823,JAUNE — Attention,1,0
TKT013437,2024-03-06 09:23:00,CAT002,AGT008,CI,Téléphone,2,Résolu,0.4405049072926016,JAUNE — Attention,1,0
TKT013020,2024-02-08 14:03:00,CAT002,AGT005,Ghana,App mobile,2,Escaladé,0.44044054143438294,JAUNE — Attention,1,1
TKT012456,2024-01-10 18:27:00,CAT002,AGT007,Ghana,Web form,2,Backlog,0.44024391505418925,JAUNE — Attention,1,1
TKT015193,2024-06-25 12:51:00,CAT002,AGT008,Ghana,App mobile,2,Fermé,0.44014604065377827,JAUNE — Attention,1,0
TKT012821,2024-01-28 11:48:00,CAT002,AGT012,France,Chat,2,Escaladé,0.43980616054898236,JAUNE — Attention,1,1
TKT012458,2024-01-10 09:12:00,CAT002,AGT008,Maroc,Chat,2,Résolu,0.4396870335997191,JAUNE — Attention,1,1
TKT015282,2024-06-30 12:59:00,CAT003,AGT006,Cameroun,App mobile,3,Backlog,0.4396464926197069,JAUNE — Attention,1,1
TKT012586,2024-01-16 10:49:00,CAT002,AGT003,Maroc,Téléphone,2,Résolu,0.43953253636110745,JAUNE — Attention,1,0
TKT013005,2024-02-07 16:41:00,CAT008,AGT003,Maroc,App mobile,2,Résolu,0.43932928567257357,JAUNE — Attention,1,0
TKT014345,2024-05-04 01:38:00,CAT002,AGT003,Mali,Chat,2,Résolu,0.43927457971728956,JAUNE — Attention,1,1
TKT013760,2024-03-28 12:53:00,CAT002,AGT009,Maroc,Chat,2,Escaladé,0.43912045759979534,JAUNE — Attention,1,1
TKT013829,2024-04-01 11:50:00,CAT002,AGT004,Cameroun,Email,2,Escaladé,0.43902169501799626,JAUNE — Attention,1,1
TKT014122,2024-04-19 18:35:00,CAT002,AGT006,Ghana,App mobile,2,Escaladé,0.4389256478662146,JAUNE — Attention,1,1
TKT014571,2024-05-18 14:07:00,CAT002,AGT003,Senegal,Téléphone,2,Résolu,0.43885514517697205,JAUNE — Attention,1,0
TKT014921,2024-06-08 17:50:00,CAT002,AGT001,CI,Téléphone,2,Escaladé,0.4388395290789954,JAUNE — Attention,1,1
TKT015194,2024-06-25 10:25:00,CAT002,AGT005,Maroc,Téléphone,2,Backlog,0.4388035257572405,JAUNE — Attention,1,1
TKT015152,2024-06-23 14:14:00,CAT008,AGT009,Senegal,Email,2,Résolu,0.4387828342729979,JAUNE — Attention,1,0
TKT012420,2024-01-09 03:31:00,CAT008,AGT012,France,Chat,2,Résolu,0.4387464729815384,JAUNE — Attention,1,0
TKT014879,2024-06-05 12:30:00,CAT008,AGT008,Ghana,App mobile,2,Fermé,0.4385894390087925,JAUNE — Attention,1,0
TKT012656,2024-01-19 17:07:00,CAT008,AGT007,Maroc,Web form,2,Escaladé,0.4385110108036323,JAUNE — Attention,1,1
TKT014437,2024-05-09 12:34:00,CAT008,AGT003,Mali,Téléphone,2,Backlog,0.4384423717366741,JAUNE — Attention,1,1
TKT014340,2024-05-04 09:58:00,CAT002,AGT001,France,Chat,2,En cours,0.43834499256202514,JAUNE — Attention,1,0
TKT013766,2024-03-28 18:51:00,CAT002,AGT006,Senegal,Téléphone,2,Résolu,0.4383318496914055,JAUNE — Attention,1,0
TKT014556,2024-05-17 06:54:00,CAT002,AGT001,CI,Email,2,En cours,0.4383198495763269,JAUNE — Attention,1,0
TKT013535,2024-03-13 15:28:00,CAT008,AGT009,France,Email,2,Escaladé,0.438253456120822,JAUNE — Attention,1,1
TKT012807,2024-01-27 12:20:00,CAT008,AGT012,CI,Téléphone,2,Résolu,0.43808123851643943,JAUNE — Attention,1,0
TKT012590,2024-01-16 16:57:00,CAT002,AGT003,Senegal,Email,2,Résolu,0.4380291541639812,JAUNE — Attention,1,0
TKT014147,2024-04-21 12:26:00,CAT004,AGT003,CI,Chat,3,Résolu,0.43776376768086434,JAUNE — Attention,1,0
TKT013683,2024-03-22 09:31:00,CAT008,AGT001,Senegal,Chat,2,Résolu,0.43775184623235064,JAUNE — Attention,1,0
TKT013970,2024-04-10 14:47:00,CAT008,AGT007,France,Chat,2,Backlog,0.437719222256685,JAUNE — Attention,1,1
TKT013893,2024-04-05 15:16:00,CAT002,AGT008,France,Email,2,Résolu,0.43756204845010394,JAUNE — Attention,1,1
TKT014009,2024-04-12 08:16:00,CAT008,AGT008,CI,Email,2,Backlog,0.4374923472340491,JAUNE — Attention,1,1
TKT014644,2024-05-23 21:56:00,CAT002,AGT009,Mali,Téléphone,2,En cours,0.4374527096365196,JAUNE — Attention,1,0
TKT013400,2024-03-04 12:50:00,CAT008,AGT007,Maroc,Chat,2,Résolu,0.43743844637597695,JAUNE — Attention,1,0
TKT013322,2024-02-27 17:29:00,CAT002,AGT003,Maroc,Email,2,Résolu,0.4373837293770646,JAUNE — Attention,1,0
TKT014818,2024-06-02 06:32:00,CAT002,AGT012,Senegal,Email,2,Résolu,0.43722081415065644,JAUNE — Attention,1,0
TKT013023,2024-02-08 12:11:00,CAT002,AGT003,Maroc,Web form,2,Résolu,0.43715307806072706,JAUNE — Attention,1,0
TKT013673,2024-03-22 14:09:00,CAT008,AGT006,CI,Web form,2,En cours,0.4370348752514889,JAUNE — Attention,1,1
TKT014973,2024-06-12 09:56:00,CAT002,AGT008,Senegal,Chat,2,En cours,0.4366232571656802,JAUNE — Attention,1,1
TKT013741,2024-03-26 10:28:00,CAT008,AGT009,Mali,Chat,2,Résolu,0.4366229015287453,JAUNE — Attention,1,1
TKT013543,2024-03-13 17:50:00,CAT008,AGT005,Ghana,Chat,2,Backlog,0.4366186276228431,JAUNE — Attention,1,1
TKT014412,2024-05-08 10:19:00,CAT002,AGT009,Mali,App mobile,2,Résolu,0.4366112960001962,JAUNE — Attention,1,0
TKT013902,2024-04-05 18:38:00,CAT008,AGT002,Ghana,Téléphone,2,Escaladé,0.4366036548257827,JAUNE — Attention,1,1
TKT013370,2024-03-01 17:02:00,CAT002,AGT009,Ghana,Chat,2,Escaladé,0.43632390686687716,JAUNE — Attention,1,1
TKT013623,2024-03-19 09:34:00,CAT002,AGT012,Senegal,Chat,2,Backlog,0.4362166913430607,JAUNE — Attention,1,1
TKT013584,2024-03-16 09:19:00,CAT006,AGT010,Ghana,Téléphone,3,Escaladé,0.43615612133831283,JAUNE — Attention,1,1
TKT012636,2024-01-18 14:19:00,CAT002,AGT009,Ghana,Email,2,En cours,0.43613657902646785,JAUNE — Attention,1,1
TKT013540,2024-03-13 14:51:00,CAT002,AGT012,Mali,Chat,2,En cours,0.4359907671188434,JAUNE — Attention,1,1
TKT012546,2024-01-14 08:07:00,CAT008,AGT012,Maroc,Téléphone,2,Résolu,0.43591465970556675,JAUNE — Attention,1,0
TKT013306,2024-02-26 15:09:00,CAT002,AGT007,CI,Chat,2,Résolu,0.435824141031819,JAUNE — Attention,1,0
TKT013226,2024-02-21 13:26:00,CAT002,AGT007,Maroc,Chat,2,Résolu,0.4357716476747526,JAUNE — Attention,1,0
TKT014505,2024-05-14 12:11:00,CAT002,AGT003,Mali,Téléphone,2,Résolu,0.43573172675138616,JAUNE — Attention,1,1
TKT014301,2024-05-01 18:56:00,CAT008,AGT009,Mali,Email,2,En cours,0.43572101059514323,JAUNE — Attention,1,0
TKT015012,2024-06-14 10:55:00,CAT008,AGT008,Maroc,Téléphone,2,En cours,0.43570684114915165,JAUNE — Attention,1,0
TKT014873,2024-06-05 09:31:00,CAT008,AGT002,Belgique,App mobile,2,Résolu,0.4356932141513024,JAUNE — Attention,1,0
TKT012702,2024-01-22 12:58:00,CAT002,AGT003,Senegal,Email,2,Escaladé,0.43546711534902416,JAUNE — Attention,1,1
TKT012868,2024-01-30 17:10:00,CAT002,AGT008,France,Téléphone,2,Escaladé,0.4354564549324179,JAUNE — Attention,1,1
TKT014290,2024-04-30 11:38:00,CAT008,AGT009,Senegal,App mobile,2,Escaladé,0.4353378243778234,JAUNE — Attention,1,1
TKT012967,2024-02-05 09:45:00,CAT002,AGT003,Senegal,Email,2,Fermé,0.4353340454075682,JAUNE — Attention,1,0
TKT014304,2024-05-02 18:33:00,CAT002,AGT007,Ghana,Email,2,Résolu,0.4352926786206974,JAUNE — Attention,1,0
TKT013530,2024-03-12 13:29:00,CAT002,AGT002,CI,Web form,2,Résolu,0.4352530312253532,JAUNE — Attention,1,0
TKT012280,2024-01-02 14:20:00,CAT002,AGT007,CI,Chat,2,Résolu,0.43521528913092244,JAUNE — Attention,1,1
TKT012900,2024-01-31 12:39:00,CAT002,AGT006,France,Email,2,En cours,0.4352143628948311,JAUNE — Attention,1,0
TKT013626,2024-03-19 11:24:00,CAT002,AGT012,Senegal,Email,2,Résolu,0.4351878501383641,JAUNE — Attention,1,1
TKT012324,2024-01-04 15:26:00,CAT008,AGT003,France,Téléphone,2,Résolu,0.4351738244789498,JAUNE — Attention,1,0
TKT013493,2024-03-10 08:48:00,CAT004,AGT003,CI,Chat,3,En cours,0.4351310823190453,JAUNE — Attention,1,0
TKT014018,2024-04-12 17:18:00,CAT002,AGT007,Cameroun,Téléphone,2,Résolu,0.43501036469120846,JAUNE — Attention,1,1
TKT014255,2024-04-28 11:56:00,CAT006,AGT003,France,Téléphone,3,Résolu,0.4348860274407745,JAUNE — Attention,1,0
TKT014767,2024-05-30 17:44:00,CAT002,AGT009,Mali,Chat,2,Fermé,0.43485815274272094,JAUNE — Attention,1,1
TKT012297,2024-01-03 20:58:00,CAT003,AGT010,Senegal,Chat,3,Fermé,0.4348059486923352,JAUNE — Attention,1,1
TKT012922,2024-02-01 19:44:00,CAT002,AGT008,Cameroun,Email,2,Résolu,0.43478412003562783,JAUNE — Attention,1,0
TKT013788,2024-03-29 22:39:00,CAT002,AGT007,CI,Web form,2,Résolu,0.43476911231505655,JAUNE — Attention,1,0
TKT014805,2024-06-01 14:12:00,CAT002,AGT009,Maroc,Chat,2,Résolu,0.43472882105414457,JAUNE — Attention,1,1
TKT014854,2024-06-04 18:50:00,CAT002,AGT011,CI,Email,2,Résolu,0.4346065908948408,JAUNE — Attention,1,0
TKT012856,2024-01-30 18:14:00,CAT002,AGT009,France,Email,2,Résolu,0.43453223291154186,JAUNE — Attention,1,1
TKT012439,2024-01-09 05:00:00,CAT008,AGT012,Cameroun,Email,2,Résolu,0.4342541614875442,JAUNE — Attention,1,0
TKT012415,2024-01-09 14:24:00,CAT002,AGT012,CI,Email,2,Résolu,0.43423022594412414,JAUNE — Attention,1,1
TKT012392,2024-01-07 08:47:00,CAT004,AGT003,CI,Chat,3,Résolu,0.4342288329595165,JAUNE — Attention,1,1
TKT014355,2024-05-05 08:09:00,CAT004,AGT010,France,Chat,3,Résolu,0.4340781584396526,JAUNE — Attention,1,0
TKT013885,2024-04-04 17:11:00,CAT002,AGT007,CI,Email,2,Résolu,0.43405707261706455,JAUNE — Attention,1,0
TKT012351,2024-01-05 19:44:00,CAT003,AGT010,CI,Téléphone,3,Escaladé,0.43405089541720865,JAUNE — Attention,1,1
TKT014532,2024-05-15 16:14:00,CAT008,AGT004,France,Chat,2,Escaladé,0.4340456443723513,JAUNE — Attention,1,1
TKT013988,2024-04-10 15:59:00,CAT008,AGT006,France,App mobile,2,Résolu,0.4339756034050589,JAUNE — Attention,1,0
TKT013214,2024-02-20 17:03:00,CAT002,AGT010,Cameroun,Chat,2,Résolu,0.43387790041710944,JAUNE — Attention,1,0
TKT014208,2024-04-25 14:30:00,CAT002,AGT002,Senegal,Chat,2,Escaladé,0.43375711700321395,JAUNE — Attention,1,1
TKT013529,2024-03-12 13:08:00,CAT002,AGT012,Mali,Chat,2,Résolu,0.4337074820175635,JAUNE — Attention,1,0
TKT014117,2024-04-19 11:22:00,CAT002,AGT010,France,Chat,2,Résolu,0.4336781453104386,JAUNE — Attention,1,0
TKT013174,2024-02-18 14:02:00,CAT002,AGT003,Senegal,Chat,2,Résolu,0.43366953227888155,JAUNE — Attention,1,0
TKT013756,2024-03-27 19:15:00,CAT002,AGT010,Ghana,Email,2,Résolu,0.43365902492807024,JAUNE — Attention,1,0
TKT012994,2024-02-06 19:38:00,CAT003,AGT006,Ghana,Téléphone,3,Escaladé,0.4336358498135962,JAUNE — Attention,1,1
TKT013730,2024-03-26 10:13:00,CAT002,AGT008,France,App mobile,2,Escaladé,0.43335703542697246,JAUNE — Attention,1,1
TKT013351,2024-02-29 18:44:00,CAT002,AGT003,CI,Web form,2,En cours,0.4333481695987572,JAUNE — Attention,1,0
TKT014999,2024-06-13 13:59:00,CAT002,AGT008,France,Téléphone,2,Résolu,0.43316360092970396,JAUNE — Attention,1,0
TKT015204,2024-06-25 19:19:00,CAT002,AGT004,CI,Email,2,Escaladé,0.433124829594302,JAUNE — Attention,1,1
TKT013471,2024-03-08 10:03:00,CAT002,AGT001,France,Chat,2,Fermé,0.4329074871454361,JAUNE — Attention,1,1
TKT012543,2024-01-14 14:58:00,CAT008,AGT006,Senegal,Chat,2,Escaladé,0.4328375483552118,JAUNE — Attention,1,1
TKT013267,2024-02-23 17:53:00,CAT002,AGT004,CI,Email,2,Escaladé,0.43274480603855153,JAUNE — Attention,1,1
TKT013840,2024-04-02 17:55:00,CAT002,AGT001,France,Téléphone,2,Résolu,0.4327296967191402,JAUNE — Attention,1,1
TKT013567,2024-03-14 08:06:00,CAT002,AGT001,France,Chat,2,Escaladé,0.4324923340962145,JAUNE — Attention,1,1
TKT015135,2024-06-21 17:37:00,CAT002,AGT007,Senegal,Email,2,En cours,0.43244518561266854,JAUNE — Attention,1,1
TKT014320,2024-05-03 14:55:00,CAT008,AGT009,France,Email,2,Résolu,0.43221716249800324,JAUNE — Attention,1,0
TKT012878,2024-01-30 13:06:00,CAT008,AGT012,Senegal,Email,2,Résolu,0.43218201370870024,JAUNE — Attention,1,0
TKT013460,2024-03-07 15:30:00,CAT002,AGT005,Mali,Chat,2,En cours,0.4321432235165383,JAUNE — Attention,1,0
TKT012317,2024-01-03 21:54:00,CAT002,AGT002,CI,Web form,2,Résolu,0.4321120465693919,JAUNE — Attention,1,0
TKT013939,2024-04-08 17:27:00,CAT002,AGT007,Maroc,Email,2,En cours,0.4320260723437037,JAUNE — Attention,1,0
TKT014618,2024-05-21 13:44:00,CAT002,AGT001,Maroc,Email,2,En cours,0.4318112413887249,JAUNE — Attention,1,0
TKT012591,2024-01-16 13:47:00,CAT002,AGT010,Senegal,Téléphone,2,Résolu,0.43170136531155506,JAUNE — Attention,1,0
TKT012914,2024-02-01 11:27:00,CAT002,AGT009,Maroc,Chat,2,Résolu,0.43169550511941773,JAUNE — Attention,1,0
TKT015087,2024-06-19 14:57:00,CAT008,AGT006,Mali,App mobile,2,Résolu,0.43134250815898817,JAUNE — Attention,1,1
TKT013331,2024-02-27 10:06:00,CAT008,AGT008,Maroc,Chat,2,Résolu,0.4311561666954006,JAUNE — Attention,1,0
TKT014776,2024-05-30 13:09:00,CAT008,AGT007,France,Chat,2,Résolu,0.43112550446023823,JAUNE — Attention,1,0
TKT014596,2024-05-20 08:55:00,CAT008,AGT009,Cameroun,Email,2,Résolu,0.43112004015687516,JAUNE — Attention,1,0
TKT013243,2024-02-22 15:33:00,CAT002,AGT004,Cameroun,Web form,2,En cours,0.4310562879869115,JAUNE — Attention,1,1
TKT013249,2024-02-22 17:46:00,CAT002,AGT012,Mali,Chat,2,Résolu,0.43066511051933326,JAUNE — Attention,1,0
TKT013966,2024-04-10 15:03:00,CAT008,AGT008,Maroc,Téléphone,2,Résolu,0.43058026544929306,JAUNE — Attention,1,0
TKT012535,2024-01-14 14:41:00,CAT008,AGT006,CI,App mobile,2,Fermé,0.4304637185953314,JAUNE — Attention,1,0
TKT015187,2024-06-25 19:32:00,CAT002,AGT007,Maroc,Téléphone,2,Résolu,0.4304037536839889,JAUNE — Attention,1,0
TKT013610,2024-03-18 09:23:00,CAT002,AGT010,Senegal,Email,2,Backlog,0.4303336042324249,JAUNE — Attention,1,1
TKT012250,2024-01-01 08:10:00,CAT002,AGT002,Cameroun,Chat,2,En cours,0.43029453498782433,JAUNE — Attention,1,0
TKT013162,2024-02-17 12:23:00,CAT002,AGT005,France,Chat,2,En cours,0.43027880205769337,JAUNE — Attention,1,0
TKT014636,2024-05-22 14:56:00,CAT002,AGT006,Maroc,Chat,2,Escaladé,0.4300970471351521,JAUNE — Attention,1,1
TKT012793,2024-01-26 09:13:00,CAT008,AGT005,Senegal,Email,2,Résolu,0.4297743760579042,JAUNE — Attention,1,0
TKT013454,2024-03-07 10:27:00,CAT002,AGT009,Maroc,App mobile,2,Résolu,0.4297685509966564,JAUNE — Attention,1,1
TKT015047,2024-06-17 16:06:00,CAT002,AGT001,France,Email,2,Escaladé,0.42971107302549255,JAUNE — Attention,1,1
TKT015144,2024-06-22 12:56:00,CAT008,AGT010,Senegal,Chat,2,Résolu,0.42966381056856584,JAUNE — Attention,1,0
TKT014676,2024-05-24 11:46:00,CAT002,AGT010,Mali,Téléphone,2,Backlog,0.42957574041068064,JAUNE — Attention,1,1
TKT013912,2024-04-07 09:55:00,CAT002,AGT010,CI,Téléphone,2,Résolu,0.4294675146064796,JAUNE — Attention,1,1
TKT013727,2024-03-26 12:39:00,CAT002,AGT006,Cameroun,Chat,2,Backlog,0.42926327915600765,JAUNE — Attention,1,1
TKT015212,2024-06-26 11:42:00,CAT002,AGT008,France,Téléphone,2,Résolu,0.4288741105833482,JAUNE — Attention,1,1
TKT012241,2023-12-31 10:32:00,CAT002,AGT008,France,Email,2,En cours,0.42882980723661335,JAUNE — Attention,1,0
TKT013479,2024-03-08 14:21:00,CAT002,AGT005,Maroc,App mobile,2,Résolu,0.42879625772126373,JAUNE — Attention,1,1
TKT013409,2024-03-05 11:06:00,CAT002,AGT005,CI,Téléphone,2,Escaladé,0.4287335441024846,JAUNE — Attention,1,1
TKT013195,2024-02-19 10:53:00,CAT002,AGT009,France,App mobile,2,Résolu,0.4286405179861595,JAUNE — Attention,1,0
TKT014919,2024-06-08 17:26:00,CAT002,AGT009,France,Chat,2,Escaladé,0.4286150396802951,JAUNE — Attention,1,1
TKT012629,2024-01-18 10:03:00,CAT002,AGT012,France,Téléphone,2,Escaladé,0.4285468825262865,JAUNE — Attention,1,1
TKT013758,2024-03-28 07:09:00,CAT002,AGT012,Senegal,App mobile,2,Résolu,0.428383738430685,JAUNE — Attention,1,0
TKT014983,2024-06-12 08:02:00,CAT008,AGT001,Mali,Chat,2,Escaladé,0.4283117068447375,JAUNE — Attention,1,1
TKT012270,2024-01-02 14:08:00,CAT008,AGT008,Senegal,Chat,2,En cours,0.4282337911806753,JAUNE — Attention,1,0
TKT013272,2024-02-23 16:25:00,CAT008,AGT008,Maroc,Chat,2,En cours,0.4281198151302825,JAUNE — Attention,1,1
TKT012884,2024-01-31 15:00:00,CAT008,AGT003,France,Téléphone,2,Escaladé,0.42810873204272176,JAUNE — Attention,1,1
TKT014369,2024-05-06 19:06:00,CAT002,AGT007,France,Email,2,En cours,0.42807029039734834,JAUNE — Attention,1,0
TKT012345,2024-01-05 14:58:00,CAT008,AGT007,Cameroun,Email,2,Résolu,0.4280656510833943,JAUNE — Attention,1,1
TKT014881,2024-06-06 10:26:00,CAT002,AGT006,Senegal,Téléphone,2,Backlog,0.4278907472268212,JAUNE — Attention,1,1
TKT013883,2024-04-04 18:56:00,CAT002,AGT007,Ghana,Chat,2,Escaladé,0.4278629670705197,JAUNE — Attention,1,1
TKT014377,2024-05-06 11:23:00,CAT002,AGT009,Maroc,Chat,2,Résolu,0.4277516219736385,JAUNE — Attention,1,0
TKT013654,2024-03-20 15:08:00,CAT008,AGT010,Cameroun,App mobile,2,Escaladé,0.42772279266435265,JAUNE — Attention,1,1
TKT014884,2024-06-06 12:07:00,CAT002,AGT008,Senegal,Téléphone,2,Fermé,0.42771542207824836,JAUNE — Attention,1,0
TKT012735,2024-01-24 11:28:00,CAT002,AGT003,CI,Chat,2,Résolu,0.4277138622552938,JAUNE — Attention,1,0
TKT013378,2024-03-02 11:28:00,CAT008,AGT003,CI,Email,2,Résolu,0.4276196880894031,JAUNE — Attention,1,0
TKT014456,2024-05-10 12:06:00,CAT008,AGT010,Mali,Email,2,Résolu,0.42760095856618646,JAUNE — Attention,1,0
TKT012296,2024-01-03 06:30:00,CAT008,AGT001,France,Chat,2,Résolu,0.42758704304213924,JAUNE — Attention,1,0
TKT012755,2024-01-25 09:59:00,CAT008,AGT012,France,Chat,2,Escaladé,0.42739946562330394,JAUNE — Attention,1,1
TKT012449,2024-01-10 10:39:00,CAT002,AGT012,CI,Chat,2,Résolu,0.42720611200057407,JAUNE — Attention,1,0
TKT013475,2024-03-08 21:39:00,CAT002,AGT007,Mali,Email,2,Résolu,0.42683732088230153,JAUNE — Attention,1,0
TKT015146,2024-06-22 16:09:00,CAT003,AGT006,France,Téléphone,3,En cours,0.42644934760898684,JAUNE — Attention,1,1
TKT012784,2024-01-26 08:31:00,CAT008,AGT010,CI,Chat,2,Résolu,0.4264456995869563,JAUNE — Attention,1,1
TKT012555,2024-01-15 02:30:00,CAT002,AGT003,Mali,Chat,2,Résolu,0.4263646726095543,JAUNE — Attention,1,0
TKT014400,2024-05-07 10:03:00,CAT008,AGT012,France,Web form,2,Backlog,0.42613409841473077,JAUNE — Attention,1,1
TKT013436,2024-03-06 22:30:00,CAT008,AGT004,Maroc,Chat,2,Résolu,0.42610437222831477,JAUNE — Attention,1,0
TKT015245,2024-06-27 14:27:00,CAT002,AGT002,France,Téléphone,2,Résolu,0.42607309306442326,JAUNE — Attention,1,1
TKT012341,2024-01-04 17:02:00,CAT002,AGT007,France,App mobile,2,Escaladé,0.4260165570662599,JAUNE — Attention,1,1
TKT013125,2024-02-14 13:21:00,CAT002,AGT003,Cameroun,Chat,2,Résolu,0.4260039129191728,JAUNE — Attention,1,1
TKT014827,2024-06-03 11:09:00,CAT002,AGT004,Ghana,Téléphone,2,Backlog,0.4259696392284523,JAUNE — Attention,1,1
TKT012786,2024-01-26 14:57:00,CAT008,AGT005,Maroc,Téléphone,2,Backlog,0.425941469575574,JAUNE — Attention,1,1
TKT013142,2024-02-15 14:01:00,CAT002,AGT001,Mali,Email,2,Fermé,0.42584437060143526,JAUNE — Attention,1,1
TKT015285,2024-06-30 11:12:00,CAT006,AGT010,Cameroun,Email,3,Résolu,0.4255755307556162,JAUNE — Attention,1,1
TKT014453,2024-05-10 15:15:00,CAT008,AGT003,France,Téléphone,2,En cours,0.42554466805408525,JAUNE — Attention,1,0
TKT013757,2024-03-28 17:33:00,CAT002,AGT001,Maroc,Téléphone,2,Résolu,0.4255303186288075,JAUNE — Attention,1,0
TKT014945,2024-06-10 09:22:00,CAT002,AGT008,CI,Téléphone,2,Résolu,0.42545311657049567,JAUNE — Attention,1,0
TKT012959,2024-02-04 08:05:00,CAT002,AGT009,CI,Web form,2,Backlog,0.42535154191662855,JAUNE — Attention,1,1
TKT013740,2024-03-26 08:37:00,CAT008,AGT009,Ghana,App mobile,2,Résolu,0.4253037680417344,JAUNE — Attention,1,0
TKT014172,2024-04-22 16:34:00,CAT008,AGT006,Senegal,Chat,2,Escaladé,0.425184569456701,JAUNE — Attention,1,1
TKT012350,2024-01-05 14:19:00,CAT002,AGT008,Maroc,Email,2,Résolu,0.42508518466180056,JAUNE — Attention,1,0
TKT014508,2024-05-14 16:08:00,CAT002,AGT003,Senegal,Email,2,Escaladé,0.4247683939449762,JAUNE — Attention,1,1
TKT012913,2024-02-01 16:34:00,CAT002,AGT002,Mali,Email,2,Résolu,0.4247393439934112,JAUNE — Attention,1,0
TKT014500,2024-05-14 17:40:00,CAT002,AGT009,Senegal,Chat,2,En cours,0.424640103283134,JAUNE — Attention,1,1
TKT013095,2024-02-13 19:44:00,CAT008,AGT004,CI,Email,2,Résolu,0.42455708720705565,JAUNE — Attention,1,0
TKT014187,2024-04-23 09:58:00,CAT002,AGT008,CI,Email,2,En cours,0.42455692463056954,JAUNE — Attention,1,1
TKT014419,2024-05-08 10:09:00,CAT002,AGT003,France,Chat,2,Escaladé,0.42454139745814784,JAUNE — Attention,1,1
TKT014685,2024-05-25 12:03:00,CAT008,AGT003,CI,Email,2,Résolu,0.42451461196250917,JAUNE — Attention,1,1
TKT012658,2024-01-19 11:38:00,CAT002,AGT006,Cameroun,Email,2,Résolu,0.42432673638722024,JAUNE — Attention,1,0
TKT012562,2024-01-15 10:22:00,CAT002,AGT003,Maroc,Téléphone,2,Résolu,0.4242927601938853,JAUNE — Attention,1,0
TKT012274,2024-01-02 13:07:00,CAT008,AGT006,France,Email,2,Résolu,0.4241778399839526,JAUNE — Attention,1,0
TKT014584,2024-05-19 10:36:00,CAT002,AGT003,Senegal,Chat,2,Escaladé,0.4241719816061377,JAUNE — Attention,1,1
TKT013211,2024-02-20 09:34:00,CAT002,AGT012,Maroc,App mobile,2,Escaladé,0.4241227163531908,JAUNE — Attention,1,1
TKT012229,2023-12-31 10:56:00,CAT002,AGT009,Senegal,Chat,2,En cours,0.42408288033977415,JAUNE — Attention,1,0
TKT013520,2024-03-12 17:37:00,CAT008,AGT001,France,Chat,2,Résolu,0.4240799735022336,JAUNE — Attention,1,1
TKT012299,2024-01-03 07:32:00,CAT002,AGT001,Cameroun,Email,2,Résolu,0.42392809662444514,JAUNE — Attention,1,0
TKT013617,2024-03-18 11:50:00,CAT002,AGT003,France,Téléphone,2,Résolu,0.42388448620127195,JAUNE — Attention,1,1
TKT012683,2024-01-21 05:59:00,CAT003,AGT003,Ghana,Téléphone,3,Résolu,0.42387601505602823,JAUNE — Attention,1,0
TKT014354,2024-05-05 14:53:00,CAT002,AGT010,Senegal,Téléphone,2,En cours,0.42383277651871987,JAUNE — Attention,1,0
TKT014022,2024-04-12 17:47:00,CAT002,AGT008,Maroc,Chat,2,Résolu,0.4234528529501251,JAUNE — Attention,1,0
TKT013891,2024-04-05 15:52:00,CAT002,AGT001,Senegal,Chat,2,En cours,0.42337623302236926,JAUNE — Attention,1,1
TKT013003,2024-02-07 13:35:00,CAT002,AGT001,Maroc,Email,2,Escaladé,0.42322419526093846,JAUNE — Attention,1,1
TKT014578,2024-05-18 12:51:00,CAT002,AGT012,CI,Téléphone,2,Escaladé,0.42313953667889703,JAUNE — Attention,1,1
TKT015060,2024-06-18 15:49:00,CAT002,AGT003,Ghana,Web form,2,Résolu,0.4231185266368606,JAUNE — Attention,1,1
TKT014619,2024-05-21 12:19:00,CAT002,AGT012,Mali,Email,2,En cours,0.42308947423632537,JAUNE — Attention,1,0
TKT014536,2024-05-15 18:09:00,CAT008,AGT009,Senegal,Chat,2,Escaladé,0.4230788191677087,JAUNE — Attention,1,1
TKT012840,2024-01-29 06:44:00,CAT002,AGT012,Cameroun,Email,2,En cours,0.4229482619725809,JAUNE — Attention,1,0
TKT012388,2024-01-07 17:13:00,CAT002,AGT006,Ghana,Email,2,Escaladé,0.42282521253297944,JAUNE — Attention,1,1
TKT013393,2024-03-04 20:09:00,CAT008,AGT008,Maroc,Téléphone,2,Escaladé,0.42273058482879916,JAUNE — Attention,1,1
TKT012759,2024-01-25 14:44:00,CAT002,AGT010,Cameroun,Chat,2,Résolu,0.4227251018535389,JAUNE — Attention,1,0
TKT012430,2024-01-09 19:15:00,CAT008,AGT003,CI,Chat,2,En cours,0.4227238986490452,JAUNE — Attention,1,0
TKT012891,2024-01-31 14:08:00,CAT002,AGT012,Cameroun,Chat,2,En cours,0.42270307740837715,JAUNE — Attention,1,1
TKT013117,2024-02-14 16:34:00,CAT008,AGT005,France,Web form,2,Backlog,0.42225790842540567,JAUNE — Attention,1,1
TKT014593,2024-05-20 13:37:00,CAT002,AGT002,Senegal,Téléphone,2,Résolu,0.4222438554111556,JAUNE — Attention,1,1
TKT013790,2024-03-29 11:47:00,CAT002,AGT010,Belgique,Chat,2,Backlog,0.42215146994344466,JAUNE — Attention,1,1
TKT013710,2024-03-25 11:46:00,CAT008,AGT003,Belgique,Téléphone,2,Résolu,0.42189681941009566,JAUNE — Attention,1,0
TKT014207,2024-04-25 16:30:00,CAT008,AGT001,Maroc,Chat,2,Résolu,0.42189162568252425,JAUNE — Attention,1,0
TKT012436,2024-01-09 09:13:00,CAT002,AGT002,France,App mobile,2,Résolu,0.42188874874390875,JAUNE — Attention,1,0
TKT015127,2024-06-21 13:36:00,CAT008,AGT002,Cameroun,Téléphone,2,Escaladé,0.42178361653668694,JAUNE — Attention,1,1
TKT015215,2024-06-26 19:52:00,CAT008,AGT009,Senegal,Chat,2,Résolu,0.4217832311045803,JAUNE — Attention,1,0
TKT015227,2024-06-26 16:42:00,CAT008,AGT009,France,Web form,2,Résolu,0.4217359654901406,JAUNE — Attention,1,1
TKT014043,2024-04-14 17:01:00,CAT004,AGT010,Ghana,Email,3,En cours,0.42169550909434017,JAUNE — Attention,1,0
TKT013511,2024-03-11 08:29:00,CAT002,AGT005,Ghana,Web form,2,Fermé,0.4215652604319965,JAUNE — Attention,1,1
TKT014434,2024-05-09 13:14:00,CAT008,AGT010,Ghana,Téléphone,2,Escaladé,0.4215002394741866,JAUNE — Attention,1,1
TKT012930,2024-02-02 15:13:00,CAT008,AGT001,Mali,Email,2,Fermé,0.4214182782034264,JAUNE — Attention,1,1
TKT012451,2024-01-10 08:26:00,CAT008,AGT012,Ghana,App mobile,2,Résolu,0.42125970711451804,JAUNE — Attention,1,0
TKT014239,2024-04-26 07:14:00,CAT008,AGT003,CI,Email,2,Backlog,0.42115254620729614,JAUNE — Attention,1,1
TKT014096,2024-04-18 10:32:00,CAT008,AGT001,CI,Téléphone,2,Résolu,0.42103438146516386,JAUNE — Attention,1,0
TKT012615,2024-01-17 15:31:00,CAT002,AGT007,France,Chat,2,En cours,0.4208583303436878,JAUNE — Attention,1,0
TKT014737,2024-05-28 16:29:00,CAT002,AGT001,Senegal,Chat,2,Résolu,0.4207530457081979,JAUNE — Attention,1,1
TKT013737,2024-03-26 16:00:00,CAT008,AGT005,Belgique,Téléphone,2,Escaladé,0.42072221851297625,JAUNE — Attention,1,1
TKT014651,2024-05-23 14:15:00,CAT008,AGT006,Maroc,Email,2,En cours,0.42059432199656677,JAUNE — Attention,1,0
TKT013993,2024-04-11 08:55:00,CAT002,AGT009,CI,Email,2,Résolu,0.4205762540006526,JAUNE — Attention,1,0
TKT014985,2024-06-13 15:19:00,CAT002,AGT007,Cameroun,Email,2,Résolu,0.4205727926245737,JAUNE — Attention,1,1
TKT015015,2024-06-14 18:59:00,CAT008,AGT002,Senegal,Email,2,En cours,0.42053002496588054,JAUNE — Attention,1,1
TKT014146,2024-04-21 06:54:00,CAT002,AGT006,CI,App mobile,2,Résolu,0.4205103962783966,JAUNE — Attention,1,0
TKT014281,2024-04-30 12:35:00,CAT002,AGT005,CI,Téléphone,2,Résolu,0.42048744527965937,JAUNE — Attention,1,0
TKT014297,2024-05-01 15:29:00,CAT008,AGT012,Mali,Web form,2,Fermé,0.4201267069045047,JAUNE — Attention,1,0
TKT012354,2024-01-05 16:17:00,CAT002,AGT010,Maroc,Email,2,Résolu,0.42012269238633343,JAUNE — Attention,1,0
TKT013317,2024-02-27 11:55:00,CAT002,AGT005,France,Chat,2,Escaladé,0.41977680588179495,JAUNE — Attention,1,1
TKT013713,2024-03-25 21:34:00,CAT002,AGT009,Senegal,Email,2,En cours,0.41966101918911264,JAUNE — Attention,1,0
TKT014898,2024-06-07 14:27:00,CAT008,AGT010,Senegal,Téléphone,2,Escaladé,0.4194296645363697,JAUNE — Attention,1,1
TKT015277,2024-06-30 14:13:00,CAT002,AGT005,Senegal,Téléphone,2,Résolu,0.4192922741311158,JAUNE — Attention,1,0
TKT013775,2024-03-29 16:05:00,CAT008,AGT012,Maroc,Chat,2,Résolu,0.4191994623367137,JAUNE — Attention,1,0
TKT013927,2024-04-08 11:36:00,CAT002,AGT009,Cameroun,Chat,2,Résolu,0.41918525859223443,JAUNE — Attention,1,0
TKT013275,2024-02-23 07:13:00,CAT008,AGT003,CI,App mobile,2,Backlog,0.4189481664149931,JAUNE — Attention,1,1
TKT015258,2024-06-28 09:44:00,CAT002,AGT009,Cameroun,Email,2,Résolu,0.418815124914553,JAUNE — Attention,1,0
TKT015269,2024-06-29 10:58:00,CAT002,AGT001,Belgique,Chat,2,Résolu,0.418725485263236,JAUNE — Attention,1,0
TKT013168,2024-02-17 10:40:00,CAT008,AGT012,CI,Téléphone,2,Escaladé,0.4185591558367202,JAUNE — Attention,1,1
TKT015005,2024-06-14 11:57:00,CAT002,AGT001,France,Email,2,Backlog,0.41850810028980306,JAUNE — Attention,1,1
TKT013662,2024-03-21 19:51:00,CAT002,AGT007,Ghana,Chat,2,Résolu,0.4184965558805354,JAUNE — Attention,1,1
TKT014414,2024-05-08 04:47:00,CAT002,AGT005,France,Chat,2,Résolu,0.4182068509598998,JAUNE — Attention,1,0
TKT014823,2024-06-03 14:53:00,CAT002,AGT001,France,App mobile,2,Escaladé,0.4180431528918858,JAUNE — Attention,1,1
TKT013391,2024-03-04 14:24:00,CAT008,AGT002,Maroc,Email,2,En cours,0.41795176258342387,JAUNE — Attention,1,1
TKT012331,2024-01-04 10:35:00,CAT002,AGT010,Cameroun,Email,2,En cours,0.4177539892628297,JAUNE — Attention,1,0
TKT014159,2024-04-22 09:58:00,CAT008,AGT008,France,Chat,2,Résolu,0.4176077855810712,JAUNE — Attention,1,1
TKT013330,2024-02-27 14:27:00,CAT002,AGT003,CI,App mobile,2,Résolu,0.41756234349321714,JAUNE — Attention,1,1
TKT015098,2024-06-19 14:51:00,CAT002,AGT008,Mali,Email,2,Résolu,0.41733388193002496,JAUNE — Attention,1,0
TKT013843,2024-04-02 19:49:00,CAT002,AGT010,Ghana,Email,2,Résolu,0.4170749881927207,JAUNE — Attention,1,0
TKT012581,2024-01-16 09:01:00,CAT008,AGT001,CI,Chat,2,Résolu,0.41700809161142255,JAUNE — Attention,1,1
TKT014277,2024-04-29 11:38:00,CAT008,AGT012,France,Chat,2,Résolu,0.4169419168839605,JAUNE — Attention,1,0
TKT013132,2024-02-15 19:26:00,CAT002,AGT009,Cameroun,Téléphone,2,En cours,0.41687167624596894,JAUNE — Attention,1,0
TKT014189,2024-04-23 07:09:00,CAT002,AGT005,Ghana,Email,2,Résolu,0.41685717522752663,JAUNE — Attention,1,1
TKT013036,2024-02-09 13:55:00,CAT002,AGT002,Mali,App mobile,2,Résolu,0.41681847266135486,JAUNE — Attention,1,1
TKT013464,2024-03-07 07:31:00,CAT010,AGT004,CI,Email,1,En cours,0.4167026213348553,JAUNE — Attention,1,1
TKT014256,2024-04-28 15:56:00,CAT002,AGT005,Cameroun,Web form,2,Résolu,0.41670159092349485,JAUNE — Attention,1,1
TKT013188,2024-02-19 10:36:00,CAT008,AGT005,Senegal,Chat,2,Résolu,0.416641854546119,JAUNE — Attention,1,0
TKT012567,2024-01-15 15:22:00,CAT002,AGT006,Mali,Téléphone,2,Résolu,0.4165490572268651,JAUNE — Attention,1,1
TKT015178,2024-06-24 12:12:00,CAT002,AGT001,CI,Chat,2,Résolu,0.4164754846644067,JAUNE — Attention,1,0
TKT014929,2024-06-09 12:42:00,CAT004,AGT010,Ghana,Téléphone,3,En cours,0.41635893380111816,JAUNE — Attention,1,1
TKT014701,2024-05-27 10:02:00,CAT008,AGT008,Senegal,Email,2,Escaladé,0.41632947410101195,JAUNE — Attention,1,1
TKT015191,2024-06-25 18:37:00,CAT008,AGT008,France,Email,2,Résolu,0.416232544736855,JAUNE — Attention,1,0
TKT013333,2024-02-28 12:24:00,CAT008,AGT001,France,App mobile,2,Résolu,0.4159911028065631,JAUNE — Attention,1,1
TKT015145,2024-06-22 14:38:00,CAT002,AGT003,Maroc,App mobile,2,Résolu,0.415872629073394,JAUNE — Attention,1,0
TKT012357,2024-01-05 14:39:00,CAT002,AGT012,Cameroun,Téléphone,2,Résolu,0.41584155735439343,JAUNE — Attention,1,0
TKT012653,2024-01-19 11:25:00,CAT008,AGT006,CI,Email,2,Résolu,0.41574183385977853,JAUNE — Attention,1,0
TKT013527,2024-03-12 18:01:00,CAT002,AGT008,Senegal,Email,2,Résolu,0.41562429130379874,JAUNE — Attention,1,0
TKT014997,2024-06-13 18:17:00,CAT002,AGT007,Ghana,Chat,2,En cours,0.41536362298539486,JAUNE — Attention,1,0
TKT014852,2024-06-04 16:02:00,CAT008,AGT009,France,Chat,2,Résolu,0.4150051578086586,JAUNE — Attention,1,1
TKT014060,2024-04-16 16:40:00,CAT002,AGT010,France,Email,2,En cours,0.4148043916138008,JAUNE — Attention,1,0
TKT014106,2024-04-18 09:13:00,CAT002,AGT005,Maroc,Email,2,Escaladé,0.4145304438873197,JAUNE — Attention,1,1
TKT015163,2024-06-23 17:54:00,CAT002,AGT001,Senegal,App mobile,2,Résolu,0.4145104959987559,JAUNE — Attention,1,0
TKT013064,2024-02-11 10:18:00,CAT002,AGT003,CI,Email,2,Backlog,0.4144798175485996,JAUNE — Attention,1,1
TKT012852,2024-01-30 15:34:00,CAT008,AGT002,France,Téléphone,2,Escaladé,0.41446310827271554,JAUNE — Attention,1,1
TKT014216,2024-04-25 15:02:00,CAT002,AGT003,CI,Chat,2,Résolu,0.41440740929491715,JAUNE — Attention,1,0
TKT014430,2024-05-09 16:35:00,CAT002,AGT003,France,App mobile,2,En cours,0.4142700173215881,JAUNE — Attention,1,1
TKT014707,2024-05-27 20:57:00,CAT008,AGT012,CI,Téléphone,2,Résolu,0.4140610006932671,JAUNE — Attention,1,1
TKT014588,2024-05-19 07:49:00,CAT002,AGT009,CI,Chat,2,En cours,0.4138982089565848,JAUNE — Attention,1,0
TKT014413,2024-05-08 17:54:00,CAT008,AGT006,Mali,Email,2,Résolu,0.41374944081124065,JAUNE — Attention,1,0
TKT014378,2024-05-06 11:47:00,CAT002,AGT008,CI,Chat,2,Résolu,0.41370252460273926,JAUNE — Attention,1,0
TKT012444,2024-01-09 21:14:00,CAT008,AGT003,Mali,Email,2,En cours,0.41357316015884005,JAUNE — Attention,1,0
TKT013279,2024-02-24 11:24:00,CAT002,AGT012,CI,Web form,2,Escaladé,0.4135564931544354,JAUNE — Attention,1,1
TKT012855,2024-01-30 12:05:00,CAT008,AGT010,Cameroun,Chat,2,Résolu,0.41332487852372196,JAUNE — Attention,1,1
TKT014428,2024-05-09 12:50:00,CAT008,AGT012,CI,Chat,2,Escaladé,0.41319042629666575,JAUNE — Attention,1,1
TKT014338,2024-05-03 12:41:00,CAT008,AGT010,France,Email,2,Backlog,0.4128614808459282,JAUNE — Attention,1,1
TKT013639,2024-03-19 20:50:00,CAT008,AGT003,Senegal,Téléphone,2,Résolu,0.41278245491426424,JAUNE — Attention,1,0
TKT013497,2024-03-10 09:23:00,CAT008,AGT006,Maroc,Email,2,Résolu,0.41245445879269144,JAUNE — Attention,1,0
TKT015198,2024-06-25 19:54:00,CAT008,AGT007,Senegal,Chat,2,Escaladé,0.4124021997711937,JAUNE — Attention,1,1
TKT014367,2024-05-06 08:49:00,CAT008,AGT003,Senegal,Téléphone,2,Résolu,0.4123928643787207,JAUNE — Attention,1,0
TKT013926,2024-04-08 15:07:00,CAT002,AGT012,France,Chat,2,Résolu,0.41229144559870073,JAUNE — Attention,1,0
TKT012285,2024-01-02 20:36:00,CAT008,AGT003,Ghana,Email,2,Escaladé,0.4119830607537511,JAUNE — Attention,1,1
TKT012870,2024-01-30 18:16:00,CAT002,AGT005,Mali,Téléphone,2,Escaladé,0.41196773033367906,JAUNE — Attention,1,1
TKT012595,2024-01-16 23:36:00,CAT002,AGT011,Ghana,Chat,2,Résolu,0.4118871734104963,JAUNE — Attention,1,0
TKT013772,2024-03-28 15:03:00,CAT008,AGT005,Cameroun,Email,2,Résolu,0.41177452088705757,JAUNE — Attention,1,0
TKT012639,2024-01-19 16:14:00,CAT002,AGT005,France,Email,2,Escaladé,0.4113824379020472,JAUNE — Attention,1,1
TKT013872,2024-04-04 10:27:00,CAT002,AGT005,Senegal,Chat,2,Fermé,0.411212302131647,JAUNE — Attention,1,1
TKT013994,2024-04-11 13:08:00,CAT002,AGT003,CI,Téléphone,2,Backlog,0.41119934163071464,JAUNE — Attention,1,1
TKT014714,2024-05-27 09:32:00,CAT008,AGT001,CI,Chat,2,Résolu,0.41117351433596616,JAUNE — Attention,1,0
TKT012384,2024-01-07 09:27:00,CAT002,AGT006,CI,Email,2,Résolu,0.4111139723406037,JAUNE — Attention,1,0
TKT014679,2024-05-24 08:10:00,CAT002,AGT009,CI,App mobile,2,Escaladé,0.4110767756123941,JAUNE — Attention,1,1
TKT013852,2024-04-03 09:46:00,CAT008,AGT001,CI,Email,2,Escaladé,0.41104617020145007,JAUNE — Attention,1,1
TKT013675,2024-03-22 18:52:00,CAT002,AGT012,Senegal,Email,2,Escaladé,0.4110235788819488,JAUNE — Attention,1,1
TKT014068,2024-04-16 09:08:00,CAT002,AGT010,Cameroun,Téléphone,2,En cours,0.4106249655388936,JAUNE — Attention,1,0
TKT013309,2024-02-26 12:59:00,CAT002,AGT005,Maroc,Email,2,En cours,0.4103064156945615,JAUNE — Attention,1,0
TKT015276,2024-06-29 14:34:00,CAT002,AGT001,CI,App mobile,2,Résolu,0.4102793934313959,JAUNE — Attention,1,1
TKT014433,2024-05-09 21:03:00,CAT003,AGT006,CI,Téléphone,3,Résolu,0.4102772967126251,JAUNE — Attention,1,0
TKT013655,2024-03-20 13:38:00,CAT002,AGT005,Cameroun,Email,2,En cours,0.41008982344421363,JAUNE — Attention,1,1
TKT014738,2024-05-28 11:38:00,CAT002,AGT001,CI,Email,2,Escaladé,0.4098414150692085,JAUNE — Attention,1,1
TKT013979,2024-04-10 16:02:00,CAT008,AGT012,Senegal,Chat,2,Résolu,0.4097816177747795,JAUNE — Attention,1,0
TKT013009,2024-02-07 20:52:00,CAT002,AGT007,CI,App mobile,2,Résolu,0.40976702201187487,JAUNE — Attention,1,0
TKT013898,2024-04-05 10:47:00,CAT002,AGT012,CI,Email,2,Résolu,0.40956271683987183,JAUNE — Attention,1,1
TKT014632,2024-05-22 19:12:00,CAT002,AGT003,CI,Chat,2,Résolu,0.40952846541930105,JAUNE — Attention,1,0
TKT014052,2024-04-15 11:35:00,CAT002,AGT003,France,Chat,2,Résolu,0.40947417873764413,JAUNE — Attention,1,0
TKT014227,2024-04-26 12:20:00,CAT002,AGT009,CI,Chat,2,Résolu,0.4092726386445056,JAUNE — Attention,1,1
TKT013916,2024-04-07 20:00:00,CAT002,AGT005,CI,App mobile,2,Escaladé,0.4092596182977681,JAUNE — Attention,1,1
TKT012418,2024-01-09 02:41:00,CAT010,AGT012,Maroc,Chat,1,Résolu,0.4091876770723072,JAUNE — Attention,1,0
TKT015048,2024-06-17 13:39:00,CAT002,AGT009,CI,App mobile,2,Backlog,0.4088900112148183,JAUNE — Attention,1,1
TKT013029,2024-02-08 15:20:00,CAT008,AGT005,CI,Web form,2,Résolu,0.4084719956836363,JAUNE — Attention,1,0
TKT012561,2024-01-15 10:10:00,CAT002,AGT006,Senegal,Téléphone,2,Escaladé,0.4083483777986987,JAUNE — Attention,1,1
TKT012607,2024-01-17 11:42:00,CAT008,AGT005,France,Email,2,En cours,0.408218074181804,JAUNE — Attention,1,1
TKT014938,2024-06-10 15:04:00,CAT002,AGT002,France,Email,2,Résolu,0.4082004232089292,JAUNE — Attention,1,0
TKT014497,2024-05-13 11:45:00,CAT008,AGT012,CI,Chat,2,Résolu,0.4080591753819098,JAUNE — Attention,1,0
TKT013208,2024-02-20 13:07:00,CAT002,AGT005,CI,Email,2,Résolu,0.408038212340121,JAUNE — Attention,1,0
TKT013337,2024-02-28 09:18:00,CAT008,AGT009,CI,Chat,2,En cours,0.40800274370351935,JAUNE — Attention,1,0
TKT012292,2024-01-02 19:13:00,CAT002,AGT007,France,App mobile,2,Résolu,0.4079751700726246,JAUNE — Attention,1,1
TKT014768,2024-05-30 10:45:00,CAT008,AGT003,CI,Téléphone,2,Résolu,0.4079344333082004,JAUNE — Attention,1,0
TKT015214,2024-06-26 20:46:00,CAT008,AGT006,Senegal,Web form,2,Résolu,0.40780576913231753,JAUNE — Attention,1,1
TKT013336,2024-02-28 12:43:00,CAT008,AGT001,CI,Téléphone,2,Résolu,0.4076562857868201,JAUNE — Attention,1,0
TKT012223,2023-12-31 12:43:00,CAT008,AGT001,France,Email,2,Résolu,0.4076542642378309,JAUNE — Attention,1,0
TKT012361,2024-01-05 16:43:00,CAT002,AGT006,Belgique,Téléphone,2,Escaladé,0.4073915183939787,JAUNE — Attention,1,1
TKT013661,2024-03-21 20:20:00,CAT008,AGT007,France,Chat,2,Backlog,0.40737399269935176,JAUNE — Attention,1,1
TKT015071,2024-06-18 20:43:00,CAT008,AGT005,Ghana,Téléphone,2,En cours,0.40676512735811726,JAUNE — Attention,1,0
TKT013359,2024-02-29 09:55:00,CAT002,AGT005,CI,Chat,2,Backlog,0.40663092426026004,JAUNE — Attention,1,1
TKT012565,2024-01-15 16:04:00,CAT009,AGT004,CI,Email,1,Fermé,0.40630350924247155,JAUNE — Attention,1,1
TKT012266,2024-01-01 18:05:00,CAT002,AGT006,CI,Email,2,Résolu,0.4062772619611907,JAUNE — Attention,1,0
TKT012632,2024-01-18 13:00:00,CAT002,AGT009,Belgique,App mobile,2,Résolu,0.4061748689733223,JAUNE — Attention,1,1
TKT015043,2024-06-17 16:50:00,CAT002,AGT006,Mali,Chat,2,Résolu,0.4061433855331336,JAUNE — Attention,1,0
TKT014780,2024-05-30 12:09:00,CAT002,AGT001,CI,Email,2,Backlog,0.40591902018492704,JAUNE — Attention,1,1
TKT014228,2024-04-26 15:53:00,CAT002,AGT001,Senegal,App mobile,2,Escaladé,0.40591172635109374,JAUNE — Attention,1,1
TKT014900,2024-06-07 23:50:00,CAT008,AGT008,Senegal,Téléphone,2,Résolu,0.40590406901643683,JAUNE — Attention,1,1
TKT012518,2024-01-12 16:43:00,CAT002,AGT009,CI,Téléphone,2,En cours,0.40584580695669703,JAUNE — Attention,1,1
TKT014008,2024-04-11 14:16:00,CAT008,AGT005,Mali,Chat,2,Backlog,0.4057279759878587,JAUNE — Attention,1,1
TKT012738,2024-01-24 20:11:00,CAT003,AGT010,Cameroun,App mobile,3,Résolu,0.40556640887717615,JAUNE — Attention,1,0
TKT013732,2024-03-26 19:57:00,CAT002,AGT005,Senegal,Téléphone,2,Résolu,0.4055645372206537,JAUNE — Attention,1,0
TKT014851,2024-06-04 19:25:00,CAT002,AGT009,Ghana,App mobile,2,Résolu,0.4054867835243408,JAUNE — Attention,1,0
TKT015128,2024-06-21 16:13:00,CAT008,AGT005,France,Téléphone,2,Fermé,0.40548159713440657,JAUNE — Attention,1,0
TKT014353,2024-05-05 18:12:00,CAT002,AGT005,CI,Téléphone,2,Résolu,0.40525136080877994,JAUNE — Attention,1,1
TKT014622,2024-05-21 16:48:00,CAT002,AGT010,Senegal,App mobile,2,Résolu,0.4052337734106785,JAUNE — Attention,1,0
TKT014012,2024-04-12 13:00:00,CAT008,AGT001,Belgique,Téléphone,2,Résolu,0.40498636866268645,JAUNE — Attention,1,0
TKT013371,2024-03-01 20:17:00,CAT003,AGT010,CI,App mobile,3,En cours,0.4047603478642801,JAUNE — Attention,1,1
TKT014236,2024-04-26 14:31:00,CAT002,AGT009,CI,App mobile,2,Backlog,0.40460492880890003,JAUNE — Attention,1,1
TKT012513,2024-01-12 16:33:00,CAT008,AGT009,CI,Email,2,Résolu,0.40424735502176057,JAUNE — Attention,1,0
TKT014282,2024-04-30 19:10:00,CAT008,AGT005,Belgique,Web form,2,Résolu,0.4041515035854918,JAUNE — Attention,1,1
TKT013118,2024-02-14 16:49:00,CAT002,AGT001,Maroc,App mobile,2,En cours,0.4040206965656863,JAUNE — Attention,1,0
TKT014915,2024-06-08 06:46:00,CAT008,AGT006,Maroc,Téléphone,2,Escaladé,0.403776908744976,JAUNE — Attention,1,1
TKT014772,2024-05-30 14:36:00,CAT002,AGT010,France,Web form,2,Résolu,0.40326723033955036,JAUNE — Attention,1,0
TKT014623,2024-05-21 18:52:00,CAT008,AGT005,Senegal,Téléphone,2,Escaladé,0.4032466432403398,JAUNE — Attention,1,1
TKT014537,2024-05-15 18:41:00,CAT002,AGT009,CI,Email,2,Résolu,0.4032212013805647,JAUNE — Attention,1,1
TKT014809,2024-06-02 18:42:00,CAT002,AGT008,Maroc,Email,2,Résolu,0.40302637547990533,JAUNE — Attention,1,0
TKT014895,2024-06-07 20:12:00,CAT008,AGT003,CI,Chat,2,Résolu,0.4028961196490628,JAUNE — Attention,1,1
TKT014444,2024-05-10 12:56:00,CAT008,AGT001,CI,Email,2,Résolu,0.4025374147477254,JAUNE — Attention,1,0
TKT014514,2024-05-14 16:57:00,CAT002,AGT003,CI,Téléphone,2,En cours,0.40240333992954946,JAUNE — Attention,1,0
TKT013729,2024-03-26 10:37:00,CAT002,AGT009,CI,App mobile,2,Fermé,0.4023818720521854,JAUNE — Attention,1,0
TKT015120,2024-06-20 16:08:00,CAT002,AGT009,Cameroun,App mobile,2,Résolu,0.4022255033105216,JAUNE — Attention,1,0
TKT015018,2024-06-15 11:38:00,CAT002,AGT003,CI,Chat,2,En cours,0.4021424158756431,JAUNE — Attention,1,0
TKT014797,2024-06-01 00:08:00,CAT005,AGT003,Maroc,Email,1,En cours,0.4021296535540777,JAUNE — Attention,1,0
TKT014853,2024-06-04 08:46:00,CAT002,AGT005,Ghana,Email,2,Résolu,0.40203746113803207,JAUNE — Attention,1,1
TKT012572,2024-01-16 13:40:00,CAT008,AGT010,CI,Web form,2,En cours,0.40201306726114727,JAUNE — Attention,1,1
TKT014975,2024-06-12 08:01:00,CAT008,AGT005,Belgique,Téléphone,2,En cours,0.40188680770357366,JAUNE — Attention,1,0
TKT012798,2024-01-26 16:14:00,CAT008,AGT012,France,Web form,2,Résolu,0.40160660629376266,JAUNE — Attention,1,0
TKT015169,2024-06-24 18:20:00,CAT002,AGT004,Senegal,Chat,2,Résolu,0.4015694148581063,JAUNE — Attention,1,0
TKT013157,2024-02-16 19:10:00,CAT008,AGT009,Cameroun,Email,2,Résolu,0.4015467711215519,JAUNE — Attention,1,0
TKT014766,2024-05-30 15:12:00,CAT008,AGT005,Senegal,Email,2,Escaladé,0.40138982084413194,JAUNE — Attention,1,1
TKT014181,2024-04-23 16:14:00,CAT002,AGT001,CI,Email,2,Résolu,0.4010056829756941,JAUNE — Attention,1,1
TKT014735,2024-05-28 10:16:00,CAT002,AGT003,CI,Téléphone,2,En cours,0.40099849472345567,JAUNE — Attention,1,0
TKT012741,2024-01-24 13:23:00,CAT002,AGT006,CI,Email,2,En cours,0.4009468421771787,JAUNE — Attention,1,0
TKT013030,2024-02-08 14:27:00,CAT008,AGT001,CI,Téléphone,2,En cours,0.4009300997053956,JAUNE — Attention,1,0
TKT012362,2024-01-05 16:03:00,CAT008,AGT009,CI,App mobile,2,Backlog,0.40080233576853197,JAUNE — Attention,1,1
TKT015010,2024-06-14 11:53:00,CAT008,AGT012,CI,Email,2,Escaladé,0.4007678724164245,JAUNE — Attention,1,1
TKT014215,2024-04-25 15:29:00,CAT008,AGT005,Ghana,App mobile,2,Résolu,0.400702942094524,JAUNE — Attention,1,0
TKT014476,2024-05-12 16:10:00,CAT008,AGT010,CI,Web form,2,Résolu,0.40067453284085586,JAUNE — Attention,1,0
TKT014848,2024-06-04 14:26:00,CAT002,AGT005,Belgique,Téléphone,2,Résolu,0.40065433851931254,JAUNE — Attention,1,1
TKT014661,2024-05-24 19:43:00,CAT002,AGT006,Ghana,Email,2,Résolu,0.40040533470741957,JAUNE — Attention,1,0
TKT014415,2024-05-08 12:34:00,CAT002,AGT001,CI,Chat,2,Résolu,0.4003279548021095,JAUNE — Attention,1,1
TKT014061,2024-04-16 17:06:00,CAT008,AGT003,CI,Chat,2,Fermé,0.40024720450377077,JAUNE — Attention,1,0
TKT013942,2024-04-08 15:07:00,CAT002,AGT009,CI,Chat,2,Résolu,0.400216837246966,JAUNE — Attention,1,1
TKT014525,2024-05-15 08:18:00,CAT002,AGT012,Cameroun,Téléphone,2,Résolu,0.40011898339584917,JAUNE — Attention,1,0
TKT012874,2024-01-30 17:06:00,CAT002,AGT002,France,Chat,2,Escaladé,0.39993482756021065,JAUNE — Attention,1,1
TKT014719,2024-05-28 17:28:00,CAT008,AGT010,France,Email,2,En cours,0.39965511168461076,JAUNE — Attention,1,0
TKT015119,2024-06-20 10:39:00,CAT002,AGT012,CI,Chat,2,Escaladé,0.3995148851244754,JAUNE — Attention,1,1
TKT013106,2024-02-13 21:21:00,CAT002,AGT005,France,Email,2,En cours,0.39922935087558353,JAUNE — Attention,1,1
TKT014291,2024-05-01 08:11:00,CAT008,AGT012,CI,Email,2,Résolu,0.39875906953784573,JAUNE — Attention,1,0
TKT015113,2024-06-20 19:27:00,CAT002,AGT006,CI,Web form,2,Fermé,0.3986790019556103,JAUNE — Attention,1,1
TKT012616,2024-01-17 09:52:00,CAT002,AGT005,Cameroun,Chat,2,Résolu,0.39814876450894,JAUNE — Attention,1,1
TKT013881,2024-04-04 09:26:00,CAT008,AGT003,CI,Web form,2,En cours,0.39801121597448536,JAUNE — Attention,1,1
TKT013608,2024-03-18 18:24:00,CAT002,AGT010,Belgique,Téléphone,2,Escaladé,0.39796823028231765,JAUNE — Attention,1,1
TKT014077,2024-04-17 19:25:00,CAT008,AGT012,CI,Téléphone,2,Résolu,0.39781255457109366,JAUNE — Attention,1,1
TKT015006,2024-06-14 08:19:00,CAT008,AGT006,Maroc,Email,2,Résolu,0.39775457366801625,JAUNE — Attention,1,0
TKT014337,2024-05-03 13:12:00,CAT002,AGT005,France,Chat,2,En cours,0.39760243909537246,JAUNE — Attention,1,1
TKT014118,2024-04-19 08:01:00,CAT008,AGT003,CI,Chat,2,Résolu,0.3975892758480119,JAUNE — Attention,1,0
TKT014466,2024-05-11 09:02:00,CAT002,AGT012,Senegal,App mobile,2,Résolu,0.3973148404072561,JAUNE — Attention,1,0
TKT012748,2024-01-24 16:20:00,CAT008,AGT010,Maroc,Web form,2,Résolu,0.3972624642786044,JAUNE — Attention,1,0
TKT014033,2024-04-13 08:49:00,CAT002,AGT006,Mali,App mobile,2,Résolu,0.3971315961746683,JAUNE — Attention,1,0
TKT014154,2024-04-22 19:50:00,CAT002,AGT003,Senegal,Email,2,Résolu,0.39709859911124423,JAUNE — Attention,1,0
TKT013238,2024-02-21 11:01:00,CAT002,AGT001,CI,Email,2,Escaladé,0.3970313175319395,JAUNE — Attention,1,1
TKT014693,2024-05-26 13:50:00,CAT008,AGT005,Maroc,Email,2,Résolu,0.3967091313317976,JAUNE — Attention,1,1
TKT014963,2024-06-11 18:52:00,CAT008,AGT001,Ghana,Chat,2,En cours,0.39652424310745993,JAUNE — Attention,1,0
TKT014417,2024-05-08 13:44:00,CAT002,AGT005,Mali,App mobile,2,Résolu,0.3963679447256505,JAUNE — Attention,1,1
TKT012765,2024-01-25 11:00:00,CAT002,AGT010,CI,Téléphone,2,Résolu,0.3962511021178499,JAUNE — Attention,1,1
TKT014324,2024-05-03 11:09:00,CAT002,AGT012,CI,App mobile,2,Résolu,0.39605770825964115,JAUNE — Attention,1,0
TKT013554,2024-03-14 18:21:00,CAT002,AGT005,Cameroun,Email,2,Escaladé,0.39598549201819966,JAUNE — Attention,1,1
TKT013352,2024-02-29 19:11:00,CAT002,AGT001,Mali,Chat,2,Résolu,0.3959640988435638,JAUNE — Attention,1,1
TKT012623,2024-01-18 16:41:00,CAT002,AGT005,CI,App mobile,2,Résolu,0.39567942127248346,JAUNE — Attention,1,0
TKT014193,2024-04-24 18:12:00,CAT008,AGT010,CI,Chat,2,Backlog,0.39555340016656454,JAUNE — Attention,1,1
TKT014526,2024-05-15 19:10:00,CAT002,AGT010,France,Téléphone,2,Résolu,0.39534903045327324,JAUNE — Attention,1,0
TKT014420,2024-05-08 08:46:00,CAT002,AGT003,CI,Email,2,Résolu,0.39508416758708614,JAUNE — Attention,1,0
TKT015046,2024-06-17 11:13:00,CAT002,AGT005,Ghana,Email,2,Résolu,0.3950735122560307,JAUNE — Attention,1,0
TKT014538,2024-05-15 06:47:00,CAT002,AGT005,France,Chat,2,Résolu,0.39504511681334475,JAUNE — Attention,1,1
TKT014029,2024-04-13 07:12:00,CAT010,AGT004,France,Téléphone,1,Escaladé,0.3948454459833101,JAUNE — Attention,1,1
TKT012249,2024-01-01 19:37:00,CAT008,AGT010,Ghana,Chat,2,Résolu,0.394204120702464,JAUNE — Attention,1,1
TKT014890,2024-06-06 15:28:00,CAT002,AGT010,France,Email,2,En cours,0.3940897220740188,JAUNE — Attention,1,0
TKT014069,2024-04-16 15:19:00,CAT002,AGT012,CI,App mobile,2,Résolu,0.39395400370454814,JAUNE — Attention,1,1
TKT015228,2024-06-26 07:35:00,CAT002,AGT012,Cameroun,Chat,2,En cours,0.39320636131307024,JAUNE — Attention,1,0
TKT014202,2024-04-24 18:31:00,CAT008,AGT012,Cameroun,Téléphone,2,En cours,0.39248896038325304,JAUNE — Attention,1,0
TKT014959,2024-06-11 12:21:00,CAT002,AGT012,CI,App mobile,2,Résolu,0.392444274584718,JAUNE — Attention,1,0
TKT013145,2024-02-16 18:23:00,CAT002,AGT001,Senegal,Téléphone,2,Résolu,0.39225559518318837,JAUNE — Attention,1,0
TKT013151,2024-02-16 16:59:00,CAT002,AGT001,CI,Chat,2,En cours,0.3917943435018438,JAUNE — Attention,1,0
TKT015028,2024-06-15 19:01:00,CAT002,AGT012,Senegal,Email,2,Résolu,0.3914676033232724,JAUNE — Attention,1,1
TKT014206,2024-04-24 07:27:00,CAT002,AGT005,France,Chat,2,Résolu,0.39128299285385515,JAUNE — Attention,1,0
TKT014753,2024-05-29 17:56:00,CAT002,AGT006,CI,App mobile,2,Escaladé,0.39097611283712685,JAUNE — Attention,1,1
TKT015236,2024-06-27 09:36:00,CAT002,AGT005,France,Email,2,Escaladé,0.3905348651945901,JAUNE — Attention,1,1
TKT015200,2024-06-25 23:55:00,CAT002,AGT009,CI,Téléphone,2,Résolu,0.39012227131022753,JAUNE — Attention,1,0
TKT013043,2024-02-09 22:58:00,CAT002,AGT004,Cameroun,Email,2,Résolu,0.3897236427213421,JAUNE — Attention,1,1
TKT012968,2024-02-05 05:34:00,CAT008,AGT005,Cameroun,Chat,2,En cours,0.38969825249243334,JAUNE — Attention,1,1
TKT013200,2024-02-20 21:08:00,CAT008,AGT009,CI,Web form,2,En cours,0.3896118571696261,JAUNE — Attention,1,1
TKT014576,2024-05-18 12:42:00,CAT008,AGT005,Senegal,App mobile,2,En cours,0.38928305625913184,JAUNE — Attention,1,1
TKT012761,2024-01-25 20:56:00,CAT008,AGT010,Maroc,Chat,2,Résolu,0.3889895322313859,JAUNE — Attention,1,0
TKT013156,2024-02-16 13:07:00,CAT009,AGT004,CI,Email,1,Résolu,0.38887147984526804,JAUNE — Attention,1,0
TKT015091,2024-06-19 22:36:00,CAT002,AGT012,Senegal,Web form,2,Résolu,0.38883419067378183,JAUNE — Attention,1,0
TKT015105,2024-06-20 20:32:00,CAT008,AGT010,France,Chat,2,Résolu,0.38874951486524373,JAUNE — Attention,1,1
TKT015190,2024-06-25 17:32:00,CAT008,AGT005,Cameroun,Téléphone,2,Escaladé,0.38854891367202193,JAUNE — Attention,1,1
TKT014808,2024-06-01 16:28:00,CAT008,AGT006,France,Email,2,Résolu,0.388314255324166,JAUNE — Attention,1,0
TKT014483,2024-05-13 14:52:00,CAT008,AGT006,Cameroun,Chat,2,Escaladé,0.3879747524888772,JAUNE — Attention,1,1
TKT014866,2024-06-05 20:16:00,CAT008,AGT006,France,Chat,2,Résolu,0.38793229831922715,JAUNE — Attention,1,1
TKT015041,2024-06-17 14:06:00,CAT002,AGT003,CI,Téléphone,2,Escaladé,0.38719589209654537,JAUNE — Attention,1,1
TKT014864,2024-06-05 18:27:00,CAT002,AGT010,Senegal,Chat,2,Résolu,0.3871506953973283,JAUNE — Attention,1,0
TKT015231,2024-06-26 16:42:00,CAT002,AGT001,Belgique,App mobile,2,Résolu,0.38675783785598744,JAUNE — Attention,1,0
TKT015172,2024-06-24 08:51:00,CAT008,AGT012,Cameroun,Email,2,En cours,0.386604969576007,JAUNE — Attention,1,1
TKT012548,2024-01-14 08:57:00,CAT008,AGT006,Ghana,Téléphone,2,Résolu,0.38605319330393945,JAUNE — Attention,1,0
TKT015038,2024-06-17 16:19:00,CAT002,AGT003,Cameroun,Email,2,Escaladé,0.38599666253800713,JAUNE — Attention,1,1
TKT014660,2024-05-24 07:07:00,CAT008,AGT012,Belgique,Chat,2,En cours,0.3851351083301986,JAUNE — Attention,1,1
TKT013825,2024-04-01 08:05:00,CAT002,AGT010,Cameroun,App mobile,2,Résolu,0.38491694481888206,JAUNE — Attention,1,0
TKT013252,2024-02-22 10:05:00,CAT002,AGT009,Belgique,Chat,2,En cours,0.3848836868343152,JAUNE — Attention,1,0
TKT013045,2024-02-10 08:47:00,CAT002,AGT005,CI,Chat,2,Résolu,0.3846126786056083,JAUNE — Attention,1,0
TKT014492,2024-05-13 16:33:00,CAT002,AGT010,Ghana,Email,2,En cours,0.3840382000928575,JAUNE — Attention,1,1
TKT014877,2024-06-05 21:39:00,CAT002,AGT012,Senegal,Chat,2,Résolu,0.38384662170519546,JAUNE — Attention,1,0
TKT013834,2024-04-02 18:23:00,CAT008,AGT001,CI,Email,2,Résolu,0.3832357270843125,JAUNE — Attention,1,0
TKT014611,2024-05-21 12:15:00,CAT002,AGT010,Cameroun,Téléphone,2,Résolu,0.38224040349655497,JAUNE — Attention,1,0
TKT013415,2024-03-05 16:39:00,CAT002,AGT002,Ghana,App mobile,2,Escaladé,0.3820288800440246,JAUNE — Attention,1,1
TKT015032,2024-06-16 12:40:00,CAT002,AGT005,Senegal,Chat,2,Escaladé,0.38164386479653245,JAUNE — Attention,1,1
TKT014756,2024-05-29 19:11:00,CAT002,AGT006,France,Téléphone,2,En cours,0.38151920388805505,JAUNE — Attention,1,0
TKT013913,2024-04-07 09:31:00,CAT008,AGT006,Senegal,Chat,2,Résolu,0.3814790612056983,JAUNE — Attention,1,1
TKT012815,2024-01-28 08:44:00,CAT008,AGT006,France,Chat,2,Escaladé,0.38131590290385026,JAUNE — Attention,1,1
TKT013028,2024-02-08 16:50:00,CAT005,AGT002,Ghana,Email,1,Résolu,0.3812425257468778,JAUNE — Attention,1,0
TKT015243,2024-06-27 22:25:00,CAT002,AGT012,Ghana,Chat,2,Backlog,0.38114934450502225,JAUNE — Attention,1,1
TKT014567,2024-05-17 15:06:00,CAT008,AGT005,CI,Email,2,Résolu,0.3808515459820748,JAUNE — Attention,1,1
TKT014405,2024-05-08 10:01:00,CAT002,AGT005,CI,Chat,2,Backlog,0.3805828109681798,JAUNE — Attention,1,1
TKT014442,2024-05-10 12:03:00,CAT002,AGT006,CI,Email,2,Résolu,0.3804873207734836,JAUNE — Attention,1,0
TKT012323,2024-01-04 04:12:00,CAT005,AGT012,Belgique,Chat,1,Résolu,0.38022991658830796,JAUNE — Attention,1,0
TKT015118,2024-06-20 16:28:00,CAT008,AGT005,CI,Web form,2,Escaladé,0.3797877976470371,JAUNE — Attention,1,1
TKT014746,2024-05-29 20:31:00,CAT002,AGT010,Senegal,Email,2,En cours,0.3797365634849113,JAUNE — Attention,1,0
TKT014441,2024-05-10 17:23:00,CAT002,AGT006,CI,Email,2,Escaladé,0.3793190794356147,JAUNE — Attention,1,1
TKT012258,2024-01-01 19:51:00,CAT008,AGT005,Cameroun,Email,2,Résolu,0.37926476710455687,JAUNE — Attention,1,0
TKT015162,2024-06-23 21:08:00,CAT005,AGT004,Maroc,Téléphone,1,En cours,0.3788098235294837,JAUNE — Attention,1,0
TKT012563,2024-01-15 11:24:00,CAT002,AGT006,CI,Email,2,Résolu,0.3787538709710832,JAUNE — Attention,1,0
TKT014990,2024-06-13 22:35:00,CAT002,AGT007,France,Chat,2,Backlog,0.37818390938933427,JAUNE — Attention,1,1
TKT012375,2024-01-06 08:58:00,CAT005,AGT006,Cameroun,Email,1,Escaladé,0.3779916068163887,JAUNE — Attention,1,1
TKT014946,2024-06-10 15:09:00,CAT008,AGT010,Senegal,Email,2,Résolu,0.377593256112688,JAUNE — Attention,1,1
TKT012975,2024-02-05 22:49:00,CAT008,AGT002,Maroc,App mobile,2,Escaladé,0.3775927024213936,JAUNE — Attention,1,1
TKT012432,2024-01-09 14:28:00,CAT009,AGT004,France,Email,1,Résolu,0.37702146283135646,JAUNE — Attention,1,1
TKT013960,2024-04-09 13:46:00,CAT008,AGT010,CI,App mobile,2,Résolu,0.37692792666529307,JAUNE — Attention,1,0
TKT014099,2024-04-18 20:23:00,CAT002,AGT009,CI,App mobile,2,En cours,0.3762743669897711,JAUNE — Attention,1,1
TKT015014,2024-06-14 19:29:00,CAT008,AGT012,CI,Chat,2,Résolu,0.3759231482071076,JAUNE — Attention,1,1
TKT015042,2024-06-17 15:44:00,CAT002,AGT003,CI,App mobile,2,En cours,0.37560434994000697,JAUNE — Attention,1,0
TKT015257,2024-06-28 18:53:00,CAT002,AGT012,France,App mobile,2,En cours,0.3755862746457286,JAUNE — Attention,1,0
TKT014613,2024-05-21 13:37:00,CAT008,AGT005,Belgique,Chat,2,Résolu,0.37486858387923694,JAUNE — Attention,1,0
TKT013919,2024-04-07 13:34:00,CAT002,AGT006,Maroc,Téléphone,2,Résolu,0.37417507094078334,JAUNE — Attention,1,0
TKT013600,2024-03-18 21:52:00,CAT002,AGT005,Mali,Téléphone,2,Résolu,0.3738937624869626,JAUNE — Attention,1,0
TKT012522,2024-01-13 13:19:00,CAT010,AGT006,Mali,Email,1,Résolu,0.3735065148651033,JAUNE — Attention,1,0
TKT013808,2024-03-31 11:20:00,CAT009,AGT002,Senegal,Téléphone,1,Résolu,0.3734344271464762,JAUNE — Attention,1,0
TKT014842,2024-06-04 15:38:00,CAT002,AGT005,CI,Chat,2,En cours,0.37241705735534114,JAUNE — Attention,1,0
TKT014874,2024-06-05 13:05:00,CAT002,AGT005,CI,Chat,2,Résolu,0.3721940762071037,JAUNE — Attention,1,1
TKT015237,2024-06-27 19:22:00,CAT008,AGT010,Cameroun,Email,2,Résolu,0.37184815509307706,JAUNE — Attention,1,1
TKT014691,2024-05-25 19:08:00,CAT002,AGT009,CI,Email,2,Résolu,0.37174199996832025,JAUNE — Attention,1,1
TKT012496,2024-01-12 19:41:00,CAT002,AGT001,CI,Email,2,Résolu,0.37170706958859456,JAUNE — Attention,1,0
TKT015203,2024-06-25 16:26:00,CAT008,AGT005,Senegal,App mobile,2,Escaladé,0.3705605833039872,JAUNE — Attention,1,1
TKT013178,2024-02-18 16:54:00,CAT005,AGT011,CI,Chat,1,Résolu,0.37032325008073136,JAUNE — Attention,1,0
TKT012936,2024-02-02 15:59:00,CAT005,AGT011,Belgique,Email,1,Backlog,0.3702444662285433,JAUNE — Attention,1,1
TKT013138,2024-02-15 16:03:00,CAT010,AGT011,Ghana,Email,1,Résolu,0.36985207675161874,JAUNE — Attention,1,0
TKT014302,2024-05-01 09:42:00,CAT008,AGT006,CI,Téléphone,2,En cours,0.3693440983161401,JAUNE — Attention,1,0
TKT013319,2024-02-27 19:55:00,CAT002,AGT009,Belgique,Email,2,Backlog,0.3687783525456816,JAUNE — Attention,1,1
TKT012795,2024-01-26 10:06:00,CAT005,AGT010,France,Email,1,Résolu,0.36746209290647075,JAUNE — Attention,1,0
TKT014196,2024-04-24 13:26:00,CAT008,AGT005,Belgique,App mobile,2,Résolu,0.3672331996962421,JAUNE — Attention,1,0
TKT014936,2024-06-10 18:13:00,CAT002,AGT005,France,Email,2,Fermé,0.36686685882776177,JAUNE — Attention,1,1
TKT015106,2024-06-20 17:43:00,CAT008,AGT010,CI,Chat,2,Résolu,0.36655173298279675,JAUNE — Attention,1,0
TKT012389,2024-01-07 12:06:00,CAT005,AGT004,CI,Chat,1,Résolu,0.365210016635425,JAUNE — Attention,1,0
TKT012288,2024-01-02 20:46:00,CAT002,AGT012,Maroc,Email,2,Résolu,0.36502153642133783,JAUNE — Attention,1,0
TKT014360,2024-05-05 16:21:00,CAT002,AGT006,France,Email,2,Résolu,0.36481993204335184,JAUNE — Attention,1,1
TKT012452,2024-01-10 19:28:00,CAT005,AGT002,Ghana,Téléphone,1,Fermé,0.3645902547399389,JAUNE — Attention,1,1
TKT014725,2024-05-28 16:51:00,CAT002,AGT005,CI,App mobile,2,Résolu,0.36369843577971545,JAUNE — Attention,1,0
TKT015241,2024-06-27 14:27:00,CAT002,AGT005,CI,App mobile,2,Escaladé,0.36330198936716146,JAUNE — Attention,1,1
TKT015090,2024-06-19 08:31:00,CAT008,AGT005,CI,Chat,2,Fermé,0.36297106456208733,JAUNE — Attention,1,0
TKT015051,2024-06-17 20:31:00,CAT002,AGT005,Maroc,Téléphone,2,Backlog,0.36261799233649117,JAUNE — Attention,1,1
TKT015211,2024-06-26 12:19:00,CAT002,AGT006,CI,Email,2,Résolu,0.36253620102809386,JAUNE — Attention,1,1
TKT014031,2024-04-13 08:08:00,CAT002,AGT005,Cameroun,Chat,2,Résolu,0.3624091057150041,JAUNE — Attention,1,0
TKT012931,2024-02-02 11:46:00,CAT009,AGT002,Belgique,Email,1,En cours,0.3617155538459278,JAUNE — Attention,1,1
TKT013143,2024-02-16 08:08:00,CAT010,AGT010,Belgique,Chat,1,Résolu,0.3614489597527313,JAUNE — Attention,1,0
TKT012767,2024-01-25 10:22:00,CAT010,AGT006,Maroc,Email,1,En cours,0.361040561039052,JAUNE — Attention,1,1
TKT014478,2024-05-12 22:19:00,CAT002,AGT001,Senegal,Email,2,Résolu,0.3608178283497682,JAUNE — Attention,1,0
TKT012588,2024-01-16 03:23:00,CAT005,AGT008,Cameroun,Téléphone,1,En cours,0.3598493154353421,JAUNE — Attention,1,0
TKT014000,2024-04-11 18:10:00,CAT002,AGT005,Belgique,Email,2,Résolu,0.3596530247846508,JAUNE — Attention,1,0
TKT012559,2024-01-15 06:50:00,CAT009,AGT010,Senegal,Téléphone,1,Backlog,0.35898755244113095,JAUNE — Attention,1,1
TKT014178,2024-04-23 04:03:00,CAT005,AGT004,Senegal,Téléphone,1,Backlog,0.35862968903375175,JAUNE — Attention,1,1
TKT013923,2024-04-08 21:51:00,CAT002,AGT005,Maroc,Web form,2,Résolu,0.35674738624253277,JAUNE — Attention,1,0
TKT012457,2024-01-10 15:18:00,CAT010,AGT010,Senegal,App mobile,1,En cours,0.3566253376960758,JAUNE — Attention,1,1
TKT012619,2024-01-17 14:58:00,CAT005,AGT012,Senegal,App mobile,1,Escaladé,0.35491572353653966,JAUNE — Attention,1,1
TKT013814,2024-04-01 08:34:00,CAT008,AGT006,France,Téléphone,2,Résolu,0.35191414949371286,JAUNE — Attention,1,0
TKT013817,2024-04-01 17:18:00,CAT009,AGT002,Senegal,Web form,1,Escaladé,0.3502926664327276,JAUNE — Attention,1,1
TKT012614,2024-01-17 09:22:00,CAT005,AGT012,Senegal,Chat,1,Escaladé,0.3481551020985138,JAUNE — Attention,1,1
TKT013050,2024-02-10 13:25:00,CAT010,AGT004,Senegal,Email,1,Backlog,0.347867171315186,JAUNE — Attention,1,1
TKT012781,2024-01-26 20:21:00,CAT002,AGT001,Maroc,App mobile,2,Résolu,0.34757742186641855,JAUNE — Attention,1,1
TKT012834,2024-01-29 09:16:00,CAT009,AGT004,France,Chat,1,Résolu,0.347571212862346,JAUNE — Attention,1,0
TKT014371,2024-05-06 18:55:00,CAT002,AGT010,CI,Téléphone,2,Escaladé,0.3472216787604722,JAUNE — Attention,1,1
TKT014941,2024-06-10 11:34:00,CAT009,AGT008,Ghana,App mobile,1,Résolu,0.3470211540577377,JAUNE — Attention,1,0
TKT013569,2024-03-15 20:15:00,CAT008,AGT001,Cameroun,Chat,2,Backlog,0.346563537449666,JAUNE — Attention,1,1
TKT012473,2024-01-11 15:46:00,CAT009,AGT012,Cameroun,App mobile,1,Résolu,0.34622423924717866,JAUNE — Attention,1,0
TKT012413,2024-01-08 17:28:00,CAT005,AGT002,CI,Téléphone,1,Résolu,0.3461128300651537,JAUNE — Attention,1,0
TKT012599,2024-01-17 12:01:00,CAT005,AGT006,Maroc,Email,1,Résolu,0.3452563038415548,JAUNE — Attention,1,0
TKT012464,2024-01-11 11:40:00,CAT005,AGT009,Belgique,Web form,1,Résolu,0.34297013820372996,JAUNE — Attention,1,0
TKT012321,2024-01-04 17:21:00,CAT010,AGT008,Ghana,App mobile,1,Résolu,0.3428956203337475,JAUNE — Attention,1,1
TKT013262,2024-02-22 16:32:00,CAT009,AGT004,France,Chat,1,En cours,0.342570221704304,JAUNE — Attention,1,0
TKT012330,2024-01-04 19:00:00,CAT010,AGT008,Ghana,Chat,1,Escaladé,0.34163881578357375,JAUNE — Attention,1,1
TKT014472,2024-05-12 08:14:00,CAT005,AGT004,France,Chat,1,Escaladé,0.34132328470521534,JAUNE — Attention,1,1
TKT012957,2024-02-04 17:41:00,CAT005,AGT007,France,Email,1,Escaladé,0.34116203919537974,JAUNE — Attention,1,1
TKT013326,2024-02-27 19:29:00,CAT005,AGT002,CI,Chat,1,Résolu,0.34111842582031043,JAUNE — Attention,1,0
TKT012461,2024-01-11 15:11:00,CAT005,AGT006,Mali,Chat,1,Escaladé,0.339740946186876,JAUNE — Attention,1,1
TKT012733,2024-01-24 17:39:00,CAT010,AGT003,Ghana,Chat,1,Résolu,0.33939409945244026,JAUNE — Attention,1,0
TKT013076,2024-02-12 22:39:00,CAT009,AGT002,Senegal,Chat,1,Résolu,0.3393476280669755,JAUNE — Attention,1,0
TKT012300,2024-01-03 08:19:00,CAT010,AGT010,CI,Chat,1,Résolu,0.3383432993919274,JAUNE — Attention,1,0
TKT012598,2024-01-17 12:38:00,CAT005,AGT010,Maroc,App mobile,1,Escaladé,0.3377290205490104,JAUNE — Attention,1,1
TKT014390,2024-05-07 08:58:00,CAT010,AGT004,CI,Chat,1,Escaladé,0.3377065768528377,JAUNE — Attention,1,1
TKT012501,2024-01-12 17:36:00,CAT005,AGT003,Ghana,Téléphone,1,En cours,0.33705763225578417,JAUNE — Attention,1,0
TKT012684,2024-01-22 18:28:00,CAT010,AGT011,Mali,Chat,1,Résolu,0.33696907805360915,JAUNE — Attention,1,0
TKT012650,2024-01-19 13:58:00,CAT010,AGT002,Cameroun,Email,1,Backlog,0.3369449931428406,JAUNE — Attention,1,1
TKT013254,2024-02-22 02:50:00,CAT010,AGT001,France,Chat,1,Résolu,0.3362196557222332,JAUNE — Attention,1,0
TKT012734,2024-01-24 11:59:00,CAT010,AGT002,France,Email,1,Résolu,0.3359282111075519,JAUNE — Attention,1,0
TKT013239,2024-02-21 02:30:00,CAT005,AGT012,Ghana,Web form,1,Résolu,0.3354385364655182,JAUNE — Attention,1,0
TKT013147,2024-02-16 10:43:00,CAT010,AGT012,Senegal,Chat,1,Résolu,0.3353273434828886,JAUNE — Attention,1,0
TKT012725,2024-01-24 19:35:00,CAT010,AGT011,Senegal,Web form,1,Résolu,0.3340359799503247,JAUNE — Attention,1,0
TKT013575,2024-03-15 13:53:00,CAT005,AGT011,CI,Chat,1,Fermé,0.33305915740812575,JAUNE — Attention,1,0
TKT012663,2024-01-20 17:32:00,CAT005,AGT003,Maroc,Email,1,En cours,0.3330254429308953,JAUNE — Attention,1,0
TKT013972,2024-04-10 16:57:00,CAT005,AGT004,CI,Chat,1,Résolu,0.3329955652950432,JAUNE — Attention,1,0
TKT012459,2024-01-10 20:02:00,CAT005,AGT004,Senegal,Email,1,Résolu,0.33243908588961796,JAUNE — Attention,1,1
TKT013480,2024-03-08 08:02:00,CAT005,AGT012,France,App mobile,1,Résolu,0.33235370507832995,JAUNE — Attention,1,0
TKT012744,2024-01-24 13:21:00,CAT005,AGT002,CI,Chat,1,Résolu,0.33220818281084036,JAUNE — Attention,1,0
TKT013644,2024-03-20 11:12:00,CAT009,AGT004,Cameroun,Email,1,Résolu,0.33190839874579725,JAUNE — Attention,1,0
TKT012804,2024-01-27 19:09:00,CAT005,AGT008,Senegal,Email,1,Backlog,0.33177874410045827,JAUNE — Attention,1,1
TKT012633,2024-01-18 20:50:00,CAT009,AGT012,Mali,Téléphone,1,En cours,0.33161411080631936,JAUNE — Attention,1,0
TKT014998,2024-06-13 13:22:00,CAT010,AGT004,CI,App mobile,1,Résolu,0.3307290254063744,JAUNE — Attention,1,0
TKT012306,2024-01-03 07:20:00,CAT005,AGT002,CI,Email,1,Backlog,0.32900444547231794,JAUNE — Attention,1,1
TKT012481,2024-01-11 17:30:00,CAT005,AGT005,France,Chat,1,Escaladé,0.32886452022528767,JAUNE — Attention,1,1
TKT013868,2024-04-03 08:10:00,CAT010,AGT012,Senegal,Web form,1,En cours,0.328769567536348,JAUNE — Attention,1,0
TKT014880,2024-06-05 16:42:00,CAT005,AGT011,CI,App mobile,1,Résolu,0.3277959007805356,JAUNE — Attention,1,0
TKT012982,2024-02-06 16:14:00,CAT010,AGT008,Maroc,Email,1,Résolu,0.32766056902042545,JAUNE — Attention,1,1
TKT013256,2024-02-22 19:23:00,CAT010,AGT009,Ghana,Email,1,En cours,0.3274287145239319,JAUNE — Attention,1,0
TKT012882,2024-01-31 09:22:00,CAT005,AGT008,Belgique,Email,1,Résolu,0.32712588512124957,JAUNE — Attention,1,0
TKT014264,2024-04-29 07:03:00,CAT005,AGT004,Senegal,Téléphone,1,Résolu,0.32703591506421936,JAUNE — Attention,1,0
TKT013263,2024-02-22 14:14:00,CAT005,AGT002,CI,Téléphone,1,Résolu,0.32524689595284095,JAUNE — Attention,1,0
TKT012789,2024-01-26 12:08:00,CAT010,AGT007,CI,Chat,1,Résolu,0.32499582428631507,JAUNE — Attention,1,0
TKT014641,2024-05-23 17:23:00,CAT010,AGT011,Belgique,Chat,1,Escaladé,0.32469974425501236,JAUNE — Attention,1,1
TKT013241,2024-02-22 06:55:00,CAT009,AGT012,Senegal,Email,1,Résolu,0.3242035230528759,JAUNE — Attention,1,0
TKT012716,2024-01-23 09:51:00,CAT009,AGT002,Cameroun,Email,1,Escaladé,0.3237793949318557,JAUNE — Attention,1,1
TKT013424,2024-03-05 11:32:00,CAT009,AGT008,France,Email,1,Résolu,0.32377021735797906,JAUNE — Attention,1,0
TKT014558,2024-05-17 22:18:00,CAT002,AGT001,CI,App mobile,2,Escaladé,0.32370605528057456,JAUNE — Attention,1,1
TKT012695,2024-01-22 17:25:00,CAT010,AGT009,Cameroun,Chat,1,Résolu,0.32331885675870575,JAUNE — Attention,1,0
TKT013013,2024-02-07 12:00:00,CAT010,AGT004,Maroc,Email,1,Escaladé,0.32319732342870966,JAUNE — Attention,1,1
TKT014531,2024-05-15 19:23:00,CAT005,AGT006,Belgique,Téléphone,1,Escaladé,0.3230664300468548,JAUNE — Attention,1,1
TKT014051,2024-04-15 17:47:00,CAT010,AGT011,CI,Chat,1,Escaladé,0.32301697332383417,JAUNE — Attention,1,1
TKT013420,2024-03-05 16:40:00,CAT005,AGT012,France,Chat,1,Résolu,0.322752525950808,JAUNE — Attention,1,0
TKT012305,2024-01-03 12:56:00,CAT005,AGT006,Maroc,Téléphone,1,Résolu,0.3226837221423039,JAUNE — Attention,1,0
TKT012236,2023-12-31 19:45:00,CAT008,AGT006,Maroc,Téléphone,2,Résolu,0.321112149707608,JAUNE — Attention,1,0
TKT012414,2024-01-08 15:53:00,CAT005,AGT002,CI,Chat,1,Escaladé,0.3208355031335134,JAUNE — Attention,1,1
TKT014392,2024-05-07 15:32:00,CAT005,AGT004,Senegal,App mobile,1,Backlog,0.3203391578604684,JAUNE — Attention,1,1
TKT013496,2024-03-10 22:39:00,CAT005,AGT012,France,Chat,1,Backlog,0.31971472753757735,JAUNE — Attention,1,1
TKT013886,2024-04-04 08:27:00,CAT005,AGT012,Cameroun,App mobile,1,Résolu,0.3194229824316126,JAUNE — Attention,1,0
TKT014672,2024-05-24 08:10:00,CAT005,AGT004,CI,Téléphone,1,Résolu,0.31824792672496044,JAUNE — Attention,1,0
TKT013519,2024-03-12 12:59:00,CAT005,AGT004,Senegal,Chat,1,Résolu,0.31784452169950533,JAUNE — Attention,1,1
TKT014795,2024-05-31 10:37:00,CAT005,AGT012,Senegal,Téléphone,1,Backlog,0.3174534497077978,JAUNE — Attention,1,1
TKT012593,2024-01-16 12:30:00,CAT005,AGT003,Senegal,Téléphone,1,Fermé,0.3169479200875129,JAUNE — Attention,1,0
TKT013153,2024-02-16 15:59:00,CAT009,AGT010,France,App mobile,1,Résolu,0.316920451545497,JAUNE — Attention,1,0
TKT012687,2024-01-22 16:01:00,CAT005,AGT003,Maroc,Téléphone,1,Résolu,0.31683307474660866,JAUNE — Attention,1,0
TKT012760,2024-01-25 16:04:00,CAT005,AGT003,CI,Chat,1,Résolu,0.3165684934189004,JAUNE — Attention,1,0
TKT013115,2024-02-14 01:42:00,CAT010,AGT009,Ghana,Chat,1,Résolu,0.31651294482084114,JAUNE — Attention,1,0
TKT014116,2024-04-19 17:42:00,CAT010,AGT008,Cameroun,App mobile,1,Escaladé,0.31601964783259673,JAUNE — Attention,1,1
TKT012638,2024-01-19 15:26:00,CAT010,AGT009,CI,Téléphone,1,Escaladé,0.31598449833485137,JAUNE — Attention,1,1
TKT015007,2024-06-14 09:40:00,CAT005,AGT012,Senegal,App mobile,1,Escaladé,0.3158953825997574,JAUNE — Attention,1,1
TKT012993,2024-02-06 12:19:00,CAT010,AGT002,Ghana,Chat,1,En cours,0.3146884338945549,JAUNE — Attention,1,1
TKT012272,2024-01-02 12:18:00,CAT010,AGT009,Cameroun,Email,1,Résolu,0.3143005100101934,JAUNE — Attention,1,0
TKT013024,2024-02-08 06:07:00,CAT010,AGT008,CI,Email,1,Résolu,0.3142174613424866,JAUNE — Attention,1,0
TKT012720,2024-01-23 02:39:00,CAT005,AGT006,Belgique,Web form,1,Résolu,0.31393273282269507,JAUNE — Attention,1,0
TKT014165,2024-04-22 16:42:00,CAT010,AGT004,CI,App mobile,1,Résolu,0.31333013734401655,JAUNE — Attention,1,1
TKT013146,2024-02-16 11:43:00,CAT010,AGT003,Senegal,Email,1,Résolu,0.31331247570824,JAUNE — Attention,1,0
TKT012937,2024-02-02 17:00:00,CAT010,AGT007,Senegal,Email,1,Résolu,0.3122921331243507,JAUNE — Attention,1,0
TKT012264,2024-01-01 01:38:00,CAT010,AGT006,France,Chat,1,Résolu,0.3121013887000689,JAUNE — Attention,1,1
TKT012579,2024-01-16 13:48:00,CAT010,AGT006,Senegal,Email,1,Résolu,0.3118891233066378,JAUNE — Attention,1,1
TKT014835,2024-06-03 18:00:00,CAT005,AGT008,Maroc,Email,1,Résolu,0.31163871395086307,JAUNE — Attention,1,0
TKT012407,2024-01-08 08:11:00,CAT005,AGT002,CI,Chat,1,En cours,0.3113783020057275,JAUNE — Attention,1,0
TKT013213,2024-02-20 19:14:00,CAT010,AGT004,France,Chat,1,Escaladé,0.3112862761222282,JAUNE — Attention,1,1
TKT013090,2024-02-13 09:08:00,CAT005,AGT012,France,Chat,1,Résolu,0.3106104767293504,JAUNE — Attention,1,0
TKT012576,2024-01-16 07:52:00,CAT010,AGT008,France,Chat,1,Résolu,0.31039357917467575,JAUNE — Attention,1,0
TKT012838,2024-01-29 10:29:00,CAT005,AGT008,Cameroun,Téléphone,1,Résolu,0.3103641201981748,JAUNE — Attention,1,0
TKT014616,2024-05-21 17:01:00,CAT010,AGT012,Maroc,Téléphone,1,Escaladé,0.31022544631058324,JAUNE — Attention,1,1
TKT012618,2024-01-17 16:23:00,CAT009,AGT002,France,Email,1,Résolu,0.3101640872520639,JAUNE — Attention,1,1
TKT012512,2024-01-12 19:54:00,CAT005,AGT012,CI,Email,1,En cours,0.3098260307974981,JAUNE — Attention,1,0
TKT013598,2024-03-17 16:07:00,CAT005,AGT007,Ghana,Chat,1,Résolu,0.3096880578332395,JAUNE — Attention,1,1
TKT013716,2024-03-25 13:09:00,CAT010,AGT004,CI,Chat,1,Résolu,0.3094665379650905,JAUNE — Attention,1,0
TKT013183,2024-02-19 16:26:00,CAT010,AGT008,France,Email,1,Résolu,0.30926344433643604,JAUNE — Attention,1,0
TKT014837,2024-06-03 17:21:00,CAT009,AGT004,Senegal,Email,1,Résolu,0.30913974742591904,JAUNE — Attention,1,0
TKT013974,2024-04-10 22:56:00,CAT010,AGT011,Maroc,Téléphone,1,Résolu,0.30846684972742827,JAUNE — Attention,1,0
TKT014089,2024-04-18 19:43:00,CAT005,AGT004,Cameroun,Chat,1,Résolu,0.3079759177408419,JAUNE — Attention,1,1
TKT012995,2024-02-06 09:29:00,CAT005,AGT012,CI,Web form,1,Escaladé,0.30789863955816843,JAUNE — Attention,1,1
TKT012455,2024-01-10 13:02:00,CAT005,AGT008,France,Chat,1,Résolu,0.3078525523621208,JAUNE — Attention,1,0
TKT013663,2024-03-21 15:04:00,CAT010,AGT012,CI,Email,1,En cours,0.30766179164793295,JAUNE — Attention,1,0
TKT013556,2024-03-14 10:17:00,CAT005,AGT003,Mali,Email,1,Backlog,0.3067656277476046,JAUNE — Attention,1,1
TKT012915,2024-02-01 12:27:00,CAT005,AGT007,Ghana,Chat,1,Résolu,0.3060892470870113,JAUNE — Attention,1,0
TKT013137,2024-02-15 17:11:00,CAT005,AGT009,Maroc,Email,1,Résolu,0.30578866989156755,JAUNE — Attention,1,0
TKT012828,2024-01-29 17:35:00,CAT010,AGT005,Maroc,Téléphone,1,Escaladé,0.3053498457898196,JAUNE — Attention,1,1
TKT012597,2024-01-17 13:59:00,CAT010,AGT009,Cameroun,Email,1,Résolu,0.3052077191064823,JAUNE — Attention,1,0
TKT013122,2024-02-14 15:43:00,CAT005,AGT003,Cameroun,Chat,1,Résolu,0.3046987285145436,JAUNE — Attention,1,0
TKT014048,2024-04-15 21:49:00,CAT009,AGT012,Ghana,Email,1,Résolu,0.3046394180665494,JAUNE — Attention,1,0
TKT014671,2024-05-24 14:50:00,CAT010,AGT004,France,Chat,1,Résolu,0.3040425012642559,JAUNE — Attention,1,1
TKT015039,2024-06-17 18:55:00,CAT005,AGT011,France,Email,1,Backlog,0.3039912014263669,JAUNE — Attention,1,1
TKT013431,2024-03-06 13:19:00,CAT005,AGT003,Senegal,Email,1,Résolu,0.30350869335893227,JAUNE — Attention,1,1
TKT014747,2024-05-29 09:03:00,CAT005,AGT012,Senegal,Chat,1,Résolu,0.3034455758278856,JAUNE — Attention,1,1
TKT013342,2024-02-28 06:23:00,CAT005,AGT008,Cameroun,Chat,1,Résolu,0.30337724919576275,JAUNE — Attention,1,1
TKT015121,2024-06-20 08:45:00,CAT005,AGT011,CI,Chat,1,Escaladé,0.3031663407880542,JAUNE — Attention,1,1
TKT014589,2024-05-20 07:33:00,CAT009,AGT005,CI,Téléphone,1,Résolu,0.3028203991307118,JAUNE — Attention,1,0
TKT013984,2024-04-10 06:06:00,CAT005,AGT003,Mali,Chat,1,Résolu,0.3026727475683256,JAUNE — Attention,1,0
TKT014948,2024-06-10 07:14:00,CAT010,AGT004,Ghana,Téléphone,1,Résolu,0.3023103958418568,JAUNE — Attention,1,0
TKT014211,2024-04-25 18:59:00,CAT005,AGT008,Mali,Téléphone,1,Résolu,0.30198044264686025,JAUNE — Attention,1,0
TKT014091,2024-04-18 18:14:00,CAT005,AGT008,CI,Chat,1,Résolu,0.30189749514061026,JAUNE — Attention,1,0
TKT013191,2024-02-19 09:59:00,CAT009,AGT001,Senegal,Web form,1,Escaladé,0.3018089417549637,JAUNE — Attention,1,1
TKT013077,2024-02-12 16:07:00,CAT005,AGT004,Maroc,App mobile,1,Résolu,0.3017466508751711,JAUNE — Attention,1,0
TKT013225,2024-02-21 11:05:00,CAT005,AGT007,Mali,Email,1,Résolu,0.30174234376301173,JAUNE — Attention,1,0
TKT014265,2024-04-29 09:38:00,CAT009,AGT012,Senegal,Chat,1,En cours,0.3016294830167154,JAUNE — Attention,1,1
TKT013121,2024-02-14 13:46:00,CAT005,AGT012,Ghana,Web form,1,Escaladé,0.3015781168077898,JAUNE — Attention,1,1
TKT013997,2024-04-11 14:46:00,CAT010,AGT012,Belgique,Chat,1,Résolu,0.3014047773856994,JAUNE — Attention,1,0
TKT015168,2024-06-24 14:48:00,CAT005,AGT004,CI,Email,1,Résolu,0.3012410046170434,JAUNE — Attention,1,0
TKT013641,2024-03-20 12:42:00,CAT005,AGT012,France,Chat,1,Backlog,0.3012404711149791,JAUNE — Attention,1,1
TKT013093,2024-02-13 14:51:00,CAT009,AGT012,Ghana,Téléphone,1,Escaladé,0.30041290422206113,JAUNE — Attention,1,1
TKT014655,2024-05-23 09:54:00,CAT005,AGT008,CI,Email,1,Résolu,0.30012698421772255,JAUNE — Attention,1,0
TKT013329,2024-02-27 08:05:00,CAT005,AGT001,France,Email,1,En cours,0.30011759167204755,JAUNE — Attention,1,0
TKT013959,2024-04-09 09:04:00,CAT009,AGT011,Maroc,Web form,1,Résolu,0.2998440861475908,JAUNE — Attention,0,0
TKT014418,2024-05-08 03:03:00,CAT005,AGT010,Senegal,Téléphone,1,Résolu,0.2997612072180288,JAUNE — Attention,0,0
TKT012670,2024-01-20 10:08:00,CAT009,AGT012,Mali,Email,1,En cours,0.29974980920501637,JAUNE — Attention,0,0
TKT013971,2024-04-10 15:06:00,CAT010,AGT011,Maroc,Chat,1,Résolu,0.29895373008754444,JAUNE — Attention,0,0
TKT014897,2024-06-07 15:13:00,CAT005,AGT003,Ghana,Téléphone,1,Escaladé,0.2989071143973437,JAUNE — Attention,0,1
TKT014129,2024-04-20 07:51:00,CAT005,AGT012,Cameroun,Chat,1,Escaladé,0.2988007064896303,JAUNE — Attention,0,1
TKT012617,2024-01-17 10:52:00,CAT005,AGT001,CI,Chat,1,Escaladé,0.2985321212878848,JAUNE — Attention,0,1
TKT013466,2024-03-07 17:20:00,CAT010,AGT003,Cameroun,App mobile,1,Résolu,0.29852025923679393,JAUNE — Attention,0,0
TKT015209,2024-06-26 12:48:00,CAT009,AGT012,Senegal,Chat,1,Résolu,0.2982512723921678,JAUNE — Attention,0,0
TKT013298,2024-02-25 06:37:00,CAT005,AGT003,Mali,App mobile,1,Résolu,0.297647752350597,JAUNE — Attention,0,0
TKT014004,2024-04-11 23:26:00,CAT005,AGT012,Senegal,Email,1,Résolu,0.2975003317630274,JAUNE — Attention,0,0
TKT014847,2024-06-04 05:31:00,CAT010,AGT010,Ghana,Chat,1,Résolu,0.2974086956949462,JAUNE — Attention,0,1
TKT013353,2024-02-29 10:17:00,CAT005,AGT011,Maroc,Email,1,Escaladé,0.2973810427324998,JAUNE — Attention,0,1
TKT014102,2024-04-18 17:06:00,CAT005,AGT002,France,Email,1,Résolu,0.29711206616437164,JAUNE — Attention,0,0
TKT013507,2024-03-11 18:30:00,CAT010,AGT012,CI,Téléphone,1,Escaladé,0.2968732151624585,JAUNE — Attention,0,1
TKT014057,2024-04-15 18:15:00,CAT010,AGT008,Ghana,Chat,1,Résolu,0.29680923182000635,JAUNE — Attention,0,0
TKT012998,2024-02-07 14:06:00,CAT010,AGT009,Ghana,Téléphone,1,Escaladé,0.29666018010458894,JAUNE — Attention,0,1
TKT012631,2024-01-18 17:50:00,CAT009,AGT009,Ghana,Web form,1,Résolu,0.29657057835847445,JAUNE — Attention,0,0
TKT013810,2024-03-31 06:09:00,CAT005,AGT005,CI,Email,1,Résolu,0.29635377200208773,JAUNE — Attention,0,1
TKT012278,2024-01-02 10:59:00,CAT005,AGT011,CI,Téléphone,1,Résolu,0.2955512450680903,JAUNE — Attention,0,0
TKT013796,2024-03-30 09:16:00,CAT010,AGT008,Senegal,Email,1,Résolu,0.2949959617194994,JAUNE — Attention,0,0
TKT012580,2024-01-16 10:56:00,CAT005,AGT007,Senegal,Chat,1,Résolu,0.2946355211107232,JAUNE — Attention,0,0
TKT014510,2024-05-14 13:29:00,CAT010,AGT008,Senegal,Téléphone,1,Escaladé,0.2943260519209313,JAUNE — Attention,0,1
TKT013425,2024-03-05 14:23:00,CAT009,AGT003,France,Chat,1,Résolu,0.2940133425839814,JAUNE — Attention,0,0
TKT012251,2024-01-01 10:36:00,CAT010,AGT005,Maroc,Email,1,Résolu,0.2939590452752602,JAUNE — Attention,0,0
TKT014114,2024-04-19 16:02:00,CAT005,AGT004,CI,Téléphone,1,Résolu,0.29395545220858244,JAUNE — Attention,0,0
TKT014175,2024-04-23 13:15:00,CAT009,AGT008,Cameroun,Email,1,Résolu,0.2939487769011571,JAUNE — Attention,0,0
TKT013071,2024-02-11 09:01:00,CAT010,AGT011,Maroc,Chat,1,Résolu,0.2934790500064027,JAUNE — Attention,0,1
TKT014289,2024-04-30 15:52:00,CAT005,AGT010,Mali,Chat,1,Résolu,0.2931899232620036,JAUNE — Attention,0,0
TKT012843,2024-01-29 08:54:00,CAT005,AGT001,Ghana,Web form,1,Résolu,0.29307012008032085,JAUNE — Attention,0,0
TKT012946,2024-02-03 08:15:00,CAT010,AGT009,Senegal,Email,1,Escaladé,0.29303877784982074,JAUNE — Attention,0,1
TKT014088,2024-04-17 14:45:00,CAT005,AGT008,Ghana,Téléphone,1,Escaladé,0.29273048906679067,JAUNE — Attention,0,1
TKT015142,2024-06-21 09:07:00,CAT009,AGT009,Senegal,Chat,1,Résolu,0.29246942905012285,JAUNE — Attention,0,0
TKT013935,2024-04-08 06:08:00,CAT005,AGT007,Cameroun,Téléphone,1,Backlog,0.29243922394674543,JAUNE — Attention,0,1
TKT014548,2024-05-16 17:42:00,CAT005,AGT002,Senegal,Chat,1,Résolu,0.292156500239706,JAUNE — Attention,0,0
TKT014409,2024-05-08 10:39:00,CAT005,AGT008,France,App mobile,1,Résolu,0.29168064585706693,JAUNE — Attention,0,0
TKT014020,2024-04-12 07:04:00,CAT010,AGT007,CI,Chat,1,Résolu,0.2916376939071701,JAUNE — Attention,0,1
TKT014677,2024-05-24 14:18:00,CAT005,AGT008,CI,Chat,1,Backlog,0.29125645519927734,JAUNE — Attention,0,1
TKT014397,2024-05-07 16:49:00,CAT010,AGT009,France,Chat,1,Résolu,0.2912445320982739,JAUNE — Attention,0,1
TKT013390,2024-03-04 18:46:00,CAT010,AGT008,Senegal,App mobile,1,En cours,0.29108299106085556,JAUNE — Attention,0,0
TKT013022,2024-02-08 13:29:00,CAT005,AGT005,CI,App mobile,1,Résolu,0.29097192746358147,JAUNE — Attention,0,1
TKT014833,2024-06-03 14:32:00,CAT005,AGT012,Maroc,Chat,1,Résolu,0.2909046744079027,JAUNE — Attention,0,0
TKT014446,2024-05-10 16:38:00,CAT010,AGT007,CI,App mobile,1,En cours,0.2906470064021942,JAUNE — Attention,0,1
TKT015074,2024-06-18 09:52:00,CAT005,AGT008,CI,Chat,1,Résolu,0.2906084294627283,JAUNE — Attention,0,0
TKT013996,2024-04-11 19:44:00,CAT005,AGT003,Cameroun,Email,1,Résolu,0.29045445837645806,JAUNE — Attention,0,0
TKT013605,2024-03-18 14:10:00,CAT005,AGT012,Maroc,Web form,1,Résolu,0.2903373838226989,JAUNE — Attention,0,0
TKT012482,2024-01-11 22:59:00,CAT010,AGT010,Mali,Chat,1,Résolu,0.29007190143016204,JAUNE — Attention,0,1
TKT013053,2024-02-10 09:11:00,CAT010,AGT009,Senegal,Email,1,Escaladé,0.29000004107076877,JAUNE — Attention,0,1
TKT014778,2024-05-30 09:47:00,CAT010,AGT008,Senegal,Téléphone,1,Résolu,0.28989723172068205,JAUNE — Attention,0,0
TKT014085,2024-04-17 12:08:00,CAT005,AGT008,Senegal,Téléphone,1,En cours,0.2898164466804064,JAUNE — Attention,0,1
TKT013706,2024-03-24 13:58:00,CAT005,AGT002,Senegal,Téléphone,1,En cours,0.28952436058773695,JAUNE — Attention,0,0
TKT013073,2024-02-12 23:17:00,CAT010,AGT012,Senegal,Téléphone,1,Résolu,0.2894012467334501,JAUNE — Attention,0,0
TKT014171,2024-04-22 12:07:00,CAT010,AGT012,Cameroun,Email,1,En cours,0.28939440807875505,JAUNE — Attention,0,0
TKT012689,2024-01-22 13:13:00,CAT005,AGT003,Ghana,Email,1,Résolu,0.28910187685535416,JAUNE — Attention,0,0
TKT012685,2024-01-22 12:29:00,CAT010,AGT012,CI,Email,1,Résolu,0.28906187584624016,JAUNE — Attention,0,0
TKT014834,2024-06-03 11:22:00,CAT009,AGT007,Senegal,Email,1,Résolu,0.28793560552166464,JAUNE — Attention,0,0
TKT012329,2024-01-04 17:14:00,CAT009,AGT007,CI,App mobile,1,Escaladé,0.2876561219369485,JAUNE — Attention,0,1
TKT012799,2024-01-26 14:27:00,CAT009,AGT003,Mali,Chat,1,En cours,0.28761750585939444,JAUNE — Attention,0,0
TKT012665,2024-01-20 10:12:00,CAT005,AGT012,CI,Chat,1,Résolu,0.2875936498382388,JAUNE — Attention,0,0
TKT013246,2024-02-22 08:03:00,CAT009,AGT003,CI,Email,1,Résolu,0.28759324244851153,JAUNE — Attention,0,0
TKT013111,2024-02-14 10:00:00,CAT005,AGT009,France,Chat,1,Résolu,0.2872551226492088,JAUNE — Attention,0,0
TKT012808,2024-01-27 11:55:00,CAT010,AGT008,Ghana,Email,1,Résolu,0.28684552573285094,JAUNE — Attention,0,1
TKT014934,2024-06-09 03:54:00,CAT009,AGT010,Cameroun,Téléphone,1,Backlog,0.2865645657085157,JAUNE — Attention,0,1
TKT013297,2024-02-25 16:03:00,CAT009,AGT007,France,Email,1,Résolu,0.28647682356676624,JAUNE — Attention,0,0
TKT013096,2024-02-13 15:26:00,CAT005,AGT007,Maroc,App mobile,1,Résolu,0.28637682680869864,JAUNE — Attention,0,0
TKT014670,2024-05-24 17:36:00,CAT010,AGT007,France,Chat,1,Escaladé,0.28637026615247135,JAUNE — Attention,0,1
TKT013659,2024-03-21 08:29:00,CAT005,AGT001,France,Email,1,Résolu,0.28633721462437245,JAUNE — Attention,0,1
TKT014846,2024-06-04 12:07:00,CAT010,AGT008,CI,Chat,1,Résolu,0.2858534078871738,JAUNE — Attention,0,0
TKT013640,2024-03-19 08:43:00,CAT009,AGT005,CI,Email,1,En cours,0.2856204276587367,JAUNE — Attention,0,0
TKT012727,2024-01-24 10:25:00,CAT005,AGT001,Maroc,Téléphone,1,Résolu,0.28537176397713737,JAUNE — Attention,0,0
TKT015246,2024-06-27 17:03:00,CAT005,AGT007,CI,Email,1,Résolu,0.28459156933009677,JAUNE — Attention,0,1
TKT012938,2024-02-02 16:59:00,CAT009,AGT008,CI,Chat,1,Résolu,0.2845601878593163,JAUNE — Attention,0,0
TKT013634,2024-03-19 12:49:00,CAT005,AGT009,Cameroun,Téléphone,1,Résolu,0.2845337890047992,JAUNE — Attention,0,0
TKT013653,2024-03-20 13:06:00,CAT005,AGT001,France,Chat,1,Backlog,0.28441362993358915,JAUNE — Attention,0,1
TKT012534,2024-01-14 09:12:00,CAT005,AGT002,CI,Email,1,En cours,0.28428049172565645,JAUNE — Attention,0,0
TKT013347,2024-02-28 12:34:00,CAT010,AGT003,Cameroun,App mobile,1,Résolu,0.28402163985356466,JAUNE — Attention,0,1
TKT014770,2024-05-30 15:50:00,CAT005,AGT007,Cameroun,Email,1,Résolu,0.28377980564963884,JAUNE — Attention,0,0
TKT014530,2024-05-15 10:19:00,CAT005,AGT012,CI,Email,1,Résolu,0.28374974485020515,JAUNE — Attention,0,0
TKT014383,2024-05-06 16:22:00,CAT005,AGT002,CI,Téléphone,1,Résolu,0.2836894687421424,JAUNE — Attention,0,0
TKT015217,2024-06-26 07:28:00,CAT010,AGT010,Mali,Téléphone,1,Résolu,0.2834795313467023,JAUNE — Attention,0,0
TKT012352,2024-01-05 11:45:00,CAT009,AGT005,CI,Email,1,Backlog,0.2832646765400828,JAUNE — Attention,0,1
TKT013904,2024-04-05 22:50:00,CAT005,AGT011,Maroc,Chat,1,Résolu,0.28295472038736685,JAUNE — Attention,0,0
TKT013577,2024-03-15 09:54:00,CAT010,AGT007,Maroc,Téléphone,1,Résolu,0.2828850167106831,JAUNE — Attention,0,0
TKT013681,2024-03-22 12:18:00,CAT010,AGT010,Maroc,Chat,1,Escaladé,0.28248381579653165,JAUNE — Attention,0,1
TKT012396,2024-01-08 18:42:00,CAT010,AGT010,France,Email,1,Résolu,0.2820805593051805,JAUNE — Attention,0,0
TKT013450,2024-03-07 10:21:00,CAT005,AGT007,CI,Chat,1,Escaladé,0.2815002110401735,JAUNE — Attention,0,1
TKT014365,2024-05-06 20:32:00,CAT005,AGT011,Senegal,Email,1,Fermé,0.2814498579601838,JAUNE — Attention,0,0
TKT015022,2024-06-15 10:11:00,CAT005,AGT003,Mali,Téléphone,1,Résolu,0.2813414584908167,JAUNE — Attention,0,0
TKT012831,2024-01-29 17:21:00,CAT010,AGT001,Maroc,Email,1,Résolu,0.28130777266775014,JAUNE — Attention,0,0
TKT014092,2024-04-18 06:44:00,CAT010,AGT010,CI,Téléphone,1,Résolu,0.28070074568083814,JAUNE — Attention,0,0
TKT015192,2024-06-25 11:49:00,CAT010,AGT003,Mali,Email,1,Résolu,0.2803282454771672,JAUNE — Attention,0,0
TKT013782,2024-03-29 14:45:00,CAT005,AGT005,CI,Email,1,Résolu,0.28031387819832004,JAUNE — Attention,0,0
TKT013609,2024-03-18 17:34:00,CAT010,AGT003,France,Chat,1,Résolu,0.2801450806601931,JAUNE — Attention,0,0
TKT012394,2024-01-07 07:43:00,CAT010,AGT011,Senegal,Email,1,Résolu,0.2798740828120174,JAUNE — Attention,0,0
TKT013879,2024-04-04 17:25:00,CAT005,AGT009,CI,Email,1,Résolu,0.2791114915761509,JAUNE — Attention,0,1
TKT013669,2024-03-21 21:54:00,CAT010,AGT009,CI,Chat,1,Résolu,0.27889120871669953,JAUNE — Attention,0,1
TKT012857,2024-01-30 08:26:00,CAT005,AGT006,Senegal,Téléphone,1,Résolu,0.2788875028516599,JAUNE — Attention,0,0
TKT015116,2024-06-20 16:03:00,CAT005,AGT002,Senegal,Téléphone,1,Résolu,0.2782454559489811,JAUNE — Attention,0,0
TKT012999,2024-02-07 18:12:00,CAT005,AGT005,France,Email,1,Résolu,0.2780451633320888,JAUNE — Attention,0,0
TKT015021,2024-06-15 12:01:00,CAT005,AGT002,France,Chat,1,Résolu,0.2777546687994182,JAUNE — Attention,0,1
TKT013704,2024-03-24 07:22:00,CAT009,AGT003,Mali,Web form,1,Résolu,0.27719514649799093,JAUNE — Attention,0,0
TKT014726,2024-05-28 08:41:00,CAT009,AGT005,CI,Téléphone,1,Résolu,0.2769673011163108,JAUNE — Attention,0,0
TKT013395,2024-03-04 08:28:00,CAT005,AGT007,Cameroun,Email,1,Escaladé,0.2763492690021323,JAUNE — Attention,0,1
TKT014421,2024-05-09 07:47:00,CAT005,AGT007,Cameroun,Web form,1,Backlog,0.27618165712233855,JAUNE — Attention,0,1
TKT014149,2024-04-21 10:09:00,CAT010,AGT007,Senegal,Email,1,En cours,0.27606466023408677,JAUNE — Attention,0,0
TKT013799,2024-03-30 08:27:00,CAT005,AGT010,Mali,Chat,1,Escaladé,0.27551752285618886,JAUNE — Attention,0,1
TKT014825,2024-06-03 08:19:00,CAT005,AGT007,Maroc,Web form,1,Résolu,0.2754524826695497,JAUNE — Attention,0,1
TKT014563,2024-05-17 08:09:00,CAT010,AGT009,CI,Chat,1,Résolu,0.27531249212481407,JAUNE — Attention,0,1
TKT012400,2024-01-08 10:31:00,CAT009,AGT010,Maroc,Chat,1,Résolu,0.27509179842484494,JAUNE — Attention,0,0
TKT015050,2024-06-17 18:45:00,CAT005,AGT002,Maroc,Email,1,Résolu,0.27454820680999054,JAUNE — Attention,0,0
TKT014749,2024-05-29 19:00:00,CAT010,AGT002,Maroc,Téléphone,1,Fermé,0.2745304404965825,JAUNE — Attention,0,1
TKT013379,2024-03-02 03:57:00,CAT010,AGT001,Senegal,Téléphone,1,Résolu,0.2743637586178505,JAUNE — Attention,0,0
TKT012912,2024-02-01 15:53:00,CAT005,AGT010,France,Email,1,Résolu,0.27417045427247033,JAUNE — Attention,0,0
TKT014887,2024-06-06 18:01:00,CAT010,AGT002,CI,Téléphone,1,Backlog,0.27389948396993347,JAUNE — Attention,0,1
TKT014744,2024-05-29 10:59:00,CAT010,AGT003,Ghana,Chat,1,Escaladé,0.2737719063442798,JAUNE — Attention,0,1
TKT014550,2024-05-16 10:32:00,CAT005,AGT006,Senegal,Web form,1,Escaladé,0.27334073483659566,JAUNE — Attention,0,1
TKT013873,2024-04-04 08:13:00,CAT010,AGT011,Maroc,Chat,1,Résolu,0.2731605931660446,JAUNE — Attention,0,0
TKT014665,2024-05-24 20:47:00,CAT009,AGT009,France,Web form,1,Résolu,0.2728626813930474,JAUNE — Attention,0,0
TKT014489,2024-05-13 18:26:00,CAT010,AGT002,France,Téléphone,1,Résolu,0.27255711276312106,JAUNE — Attention,0,0
TKT014807,2024-06-01 18:42:00,CAT005,AGT003,France,Téléphone,1,Résolu,0.27254438565031586,JAUNE — Attention,0,0
TKT013502,2024-03-10 04:52:00,CAT005,AGT002,CI,Chat,1,Backlog,0.27252395191796813,JAUNE — Attention,0,1
TKT015124,2024-06-21 16:36:00,CAT005,AGT002,Ghana,Téléphone,1,Backlog,0.272494685503284,JAUNE — Attention,0,1
TKT013537,2024-03-13 07:07:00,CAT010,AGT010,Maroc,App mobile,1,Résolu,0.2723387964514094,JAUNE — Attention,0,0
TKT012749,2024-01-24 22:01:00,CAT010,AGT003,Mali,Web form,1,Résolu,0.2722265626272342,JAUNE — Attention,0,0
TKT014014,2024-04-12 15:20:00,CAT009,AGT012,CI,Email,1,Escaladé,0.2720994002598973,JAUNE — Attention,0,1
TKT014274,2024-04-29 06:10:00,CAT010,AGT007,CI,Chat,1,Résolu,0.27195602482765047,JAUNE — Attention,0,1
TKT014675,2024-05-24 20:15:00,CAT010,AGT002,CI,Téléphone,1,Escaladé,0.2715365780493723,JAUNE — Attention,0,1
TKT014608,2024-05-21 15:33:00,CAT009,AGT003,Mali,Email,1,En cours,0.2715177442683146,JAUNE — Attention,0,0
TKT013482,2024-03-08 12:55:00,CAT010,AGT001,Maroc,Chat,1,Résolu,0.2713051428990776,JAUNE — Attention,0,1
TKT014406,2024-05-08 11:32:00,CAT010,AGT004,Cameroun,Téléphone,1,Résolu,0.27116336973575167,JAUNE — Attention,0,0
TKT013591,2024-03-17 11:22:00,CAT010,AGT003,France,Email,1,En cours,0.2707750625825775,JAUNE — Attention,0,0
TKT013915,2024-04-07 18:32:00,CAT010,AGT012,Belgique,Chat,1,Résolu,0.2699026268362805,JAUNE — Attention,0,0
TKT014932,2024-06-09 11:49:00,CAT005,AGT012,CI,Email,1,Résolu,0.2698853667628011,JAUNE — Attention,0,0
TKT013887,2024-04-04 12:15:00,CAT005,AGT007,Cameroun,Email,1,En cours,0.26941742845276784,JAUNE — Attention,0,0
TKT015110,2024-06-20 13:31:00,CAT005,AGT004,CI,Téléphone,1,Résolu,0.2693836838078174,JAUNE — Attention,0,0
TKT013670,2024-03-22 11:21:00,CAT010,AGT009,CI,Chat,1,Résolu,0.2690126270028676,JAUNE — Attention,0,0
TKT012377,2024-01-06 15:29:00,CAT005,AGT001,CI,Email,1,Résolu,0.2684289108553305,JAUNE — Attention,0,0
TKT012973,2024-02-05 10:01:00,CAT010,AGT004,Cameroun,Téléphone,1,En cours,0.26808555031589915,JAUNE — Attention,0,0
TKT014586,2024-05-19 10:13:00,CAT009,AGT008,Belgique,Web form,1,Résolu,0.2678429923189571,JAUNE — Attention,0,1
TKT015141,2024-06-21 09:54:00,CAT005,AGT010,CI,Email,1,Résolu,0.26777669198910775,JAUNE — Attention,0,0
TKT014812,2024-06-02 17:37:00,CAT005,AGT012,CI,Téléphone,1,Résolu,0.2677506730107031,JAUNE — Attention,0,0
TKT013914,2024-04-07 19:08:00,CAT010,AGT008,CI,App mobile,1,En cours,0.26765717854634924,JAUNE — Attention,0,0
TKT015027,2024-06-15 07:44:00,CAT005,AGT002,Maroc,Email,1,En cours,0.2671015518985691,JAUNE — Attention,0,0
TKT014041,2024-04-14 17:28:00,CAT005,AGT009,France,Chat,1,Résolu,0.2669170854045259,JAUNE — Attention,0,1
TKT014229,2024-04-26 12:09:00,CAT009,AGT006,CI,Téléphone,1,Résolu,0.26678099931026517,JAUNE — Attention,0,0
TKT014072,2024-04-16 21:13:00,CAT005,AGT011,Ghana,App mobile,1,Fermé,0.2663862167357423,JAUNE — Attention,0,0
TKT012378,2024-01-06 09:32:00,CAT009,AGT009,CI,Web form,1,Backlog,0.2663308681331669,JAUNE — Attention,0,1
TKT014908,2024-06-07 14:21:00,CAT010,AGT011,Senegal,Chat,1,Escaladé,0.2662179710928778,JAUNE — Attention,0,1
TKT012977,2024-02-05 11:53:00,CAT005,AGT001,France,Téléphone,1,Résolu,0.26580865985380453,JAUNE — Attention,0,0
TKT014404,2024-05-07 06:23:00,CAT010,AGT010,CI,Chat,1,Résolu,0.2654056931477457,JAUNE — Attention,0,0
TKT014098,2024-04-18 12:12:00,CAT005,AGT007,France,Email,1,Escaladé,0.26520030147560686,JAUNE — Attention,0,1
TKT014971,2024-06-12 16:27:00,CAT009,AGT003,CI,Email,1,Résolu,0.2651011992635561,JAUNE — Attention,0,0
TKT014559,2024-05-17 18:00:00,CAT005,AGT010,Maroc,Téléphone,1,Résolu,0.2644200135242167,JAUNE — Attention,0,0
TKT013773,2024-03-28 11:00:00,CAT010,AGT009,Senegal,Téléphone,1,Résolu,0.2644145407735204,JAUNE — Attention,0,0
TKT012465,2024-01-11 20:46:00,CAT005,AGT009,Maroc,Web form,1,Résolu,0.2640451070363762,JAUNE — Attention,0,0
TKT013647,2024-03-20 13:34:00,CAT005,AGT003,CI,Web form,1,Résolu,0.26399193968121165,JAUNE — Attention,0,0
TKT013193,2024-02-19 11:12:00,CAT010,AGT011,CI,Email,1,Résolu,0.26367338754565484,JAUNE — Attention,0,0
TKT014465,2024-05-11 11:30:00,CAT005,AGT005,Senegal,Chat,1,Résolu,0.2635347888437639,JAUNE — Attention,0,0
TKT012953,2024-02-03 16:46:00,CAT010,AGT001,Ghana,Téléphone,1,Résolu,0.26330919032439143,JAUNE — Attention,0,0
TKT015103,2024-06-19 13:41:00,CAT005,AGT007,Belgique,App mobile,1,Résolu,0.2632185208871551,JAUNE — Attention,0,0
TKT013901,2024-04-05 15:54:00,CAT005,AGT009,France,Téléphone,1,Escaladé,0.26297162491358284,JAUNE — Attention,0,1
TKT015138,2024-06-21 15:18:00,CAT005,AGT010,Cameroun,Email,1,Résolu,0.2628318605679552,JAUNE — Attention,0,0
TKT013377,2024-03-02 12:46:00,CAT005,AGT007,CI,Chat,1,En cours,0.26280131582843874,JAUNE — Attention,0,0
TKT014180,2024-04-23 13:10:00,CAT005,AGT002,Ghana,Chat,1,Backlog,0.2627493183812067,JAUNE — Attention,0,1
TKT012692,2024-01-22 08:45:00,CAT005,AGT010,Cameroun,Chat,1,Résolu,0.26263061878403277,JAUNE — Attention,0,0
TKT012997,2024-02-07 17:34:00,CAT010,AGT001,Senegal,Téléphone,1,Résolu,0.2626036180438057,JAUNE — Attention,0,1
TKT013590,2024-03-16 10:01:00,CAT010,AGT009,Ghana,Chat,1,Backlog,0.26220449221665587,JAUNE — Attention,0,1
TKT012566,2024-01-15 19:47:00,CAT010,AGT001,Senegal,Web form,1,En cours,0.26201742866575967,JAUNE — Attention,0,0
TKT013952,2024-04-09 10:04:00,CAT010,AGT002,CI,Web form,1,Escaladé,0.261420884664642,JAUNE — Attention,0,1
TKT013374,2024-03-01 11:53:00,CAT005,AGT010,France,Téléphone,1,Résolu,0.2612898272564114,JAUNE — Attention,0,0
TKT014384,2024-05-06 13:05:00,CAT005,AGT002,CI,Email,1,Résolu,0.26118661967758156,JAUNE — Attention,0,0
TKT014100,2024-04-18 07:03:00,CAT010,AGT002,France,Téléphone,1,Résolu,0.26112206511611286,JAUNE — Attention,0,0
TKT014234,2024-04-26 13:30:00,CAT005,AGT009,CI,Web form,1,Résolu,0.261059114332298,JAUNE — Attention,0,0
TKT014233,2024-04-26 22:21:00,CAT005,AGT008,France,Email,1,Résolu,0.2610400187461916,JAUNE — Attention,0,0
TKT014105,2024-04-18 14:37:00,CAT010,AGT009,France,Chat,1,Escaladé,0.2605985029348573,JAUNE — Attention,0,1
TKT013303,2024-02-26 13:39:00,CAT005,AGT011,Cameroun,Email,1,Résolu,0.26047039386680426,JAUNE — Attention,0,0
TKT014503,2024-05-14 07:37:00,CAT005,AGT003,France,Téléphone,1,Backlog,0.2604546717900737,JAUNE — Attention,0,1
TKT014086,2024-04-17 13:11:00,CAT009,AGT005,Senegal,Web form,1,Résolu,0.2603472327665766,JAUNE — Attention,0,0
TKT014143,2024-04-21 13:03:00,CAT005,AGT009,Maroc,Chat,1,Résolu,0.2603109267176622,JAUNE — Attention,0,1
TKT012832,2024-01-29 12:24:00,CAT005,AGT005,CI,Web form,1,Escaladé,0.2588603112919225,JAUNE — Attention,0,1
TKT013068,2024-02-11 12:39:00,CAT010,AGT003,CI,Téléphone,1,Résolu,0.258698741076141,JAUNE — Attention,0,0
TKT014280,2024-04-30 22:29:00,CAT005,AGT011,CI,Web form,1,Escaladé,0.2584573634639277,JAUNE — Attention,0,1
TKT013954,2024-04-09 11:10:00,CAT009,AGT007,Ghana,Téléphone,1,Fermé,0.258423087041311,JAUNE — Attention,0,0
TKT013712,2024-03-25 13:58:00,CAT010,AGT011,Cameroun,Chat,1,En cours,0.25788666414994216,JAUNE — Attention,0,0
TKT014455,2024-05-10 21:17:00,CAT010,AGT007,France,Email,1,Résolu,0.25763435156576553,JAUNE — Attention,0,0
TKT012824,2024-01-28 15:34:00,CAT009,AGT006,Ghana,App mobile,1,Résolu,0.2572235146095745,JAUNE — Attention,0,0
TKT012766,2024-01-25 17:27:00,CAT009,AGT005,Senegal,App mobile,1,Résolu,0.25659077221261734,JAUNE — Attention,0,0
TKT012312,2024-01-03 13:05:00,CAT009,AGT003,Senegal,Email,1,Résolu,0.25632947038707643,JAUNE — Attention,0,1
TKT014751,2024-05-29 10:45:00,CAT005,AGT011,Ghana,Email,1,Résolu,0.2559681246424168,JAUNE — Attention,0,0
TKT014961,2024-06-11 10:15:00,CAT005,AGT003,Cameroun,Email,1,Résolu,0.25589364954320776,JAUNE — Attention,0,0
TKT015001,2024-06-13 14:54:00,CAT005,AGT001,CI,Téléphone,1,Résolu,0.25586356446907144,JAUNE — Attention,0,0
TKT013402,2024-03-04 13:38:00,CAT005,AGT002,Senegal,Chat,1,Résolu,0.25542020149533373,JAUNE — Attention,0,0
TKT014191,2024-04-23 10:05:00,CAT010,AGT010,CI,Chat,1,Résolu,0.255420047772918,JAUNE — Attention,0,0
TKT012526,2024-01-13 12:58:00,CAT009,AGT006,Maroc,Email,1,Résolu,0.2553649124706834,JAUNE — Attention,0,0
TKT014937,2024-06-10 08:47:00,CAT010,AGT002,Mali,Email,1,En cours,0.25497888195418594,JAUNE — Attention,0,1
TKT015083,2024-06-19 08:10:00,CAT010,AGT009,Ghana,Email,1,Résolu,0.25456676937058736,JAUNE — Attention,0,1
TKT014438,2024-05-09 06:56:00,CAT005,AGT009,Senegal,Chat,1,Résolu,0.25448415664386675,JAUNE — Attention,0,0
TKT014501,2024-05-14 10:37:00,CAT005,AGT005,CI,Email,1,Résolu,0.2542742831082963,JAUNE — Attention,0,1
TKT014278,2024-04-30 13:22:00,CAT005,AGT011,France,Téléphone,1,Backlog,0.2542391984536901,JAUNE — Attention,0,1
TKT015233,2024-06-27 13:36:00,CAT010,AGT005,France,Email,1,Résolu,0.2541662480674882,JAUNE — Attention,0,0
TKT013746,2024-03-27 11:09:00,CAT005,AGT009,France,App mobile,1,Backlog,0.25342832973687707,JAUNE — Attention,0,1
TKT012440,2024-01-09 18:27:00,CAT009,AGT006,Senegal,Téléphone,1,Résolu,0.25324774127907546,JAUNE — Attention,0,0
TKT013304,2024-02-26 09:56:00,CAT005,AGT007,Cameroun,Chat,1,Résolu,0.2531273753259677,JAUNE — Attention,0,0
TKT014309,2024-05-02 01:11:00,CAT010,AGT010,France,App mobile,1,En cours,0.2531224987897217,JAUNE — Attention,0,0
TKT012382,2024-01-07 11:33:00,CAT010,AGT001,Maroc,App mobile,1,Résolu,0.2530710759883234,JAUNE — Attention,0,1
TKT014782,2024-05-31 13:58:00,CAT010,AGT002,Mali,Email,1,Résolu,0.2530435799568542,JAUNE — Attention,0,0
TKT014845,2024-06-04 14:42:00,CAT005,AGT002,Ghana,Email,1,Backlog,0.25248047725170275,JAUNE — Attention,0,1
TKT014799,2024-06-01 09:48:00,CAT005,AGT005,Cameroun,Chat,1,Backlog,0.25187702974560067,JAUNE — Attention,0,1
TKT013292,2024-02-25 16:41:00,CAT005,AGT009,Ghana,App mobile,1,Escaladé,0.25140114948428355,JAUNE — Attention,0,1
TKT015264,2024-06-28 09:20:00,CAT005,AGT007,Ghana,Chat,1,Résolu,0.25128963743287225,JAUNE — Attention,0,0
TKT013523,2024-03-12 02:47:00,CAT005,AGT006,CI,Email,1,Résolu,0.2512372702636312,JAUNE — Attention,0,0
TKT013235,2024-02-21 08:12:00,CAT009,AGT010,Maroc,Email,1,Résolu,0.251065216651123,JAUNE — Attention,0,0
TKT013611,2024-03-18 14:24:00,CAT010,AGT009,Mali,Téléphone,1,Résolu,0.25082801119602405,JAUNE — Attention,0,0
TKT014090,2024-04-18 10:36:00,CAT009,AGT007,CI,Web form,1,Résolu,0.2507729093094979,JAUNE — Attention,0,0
TKT014486,2024-05-13 09:08:00,CAT010,AGT003,CI,Web form,1,Résolu,0.2502328070519876,JAUNE — Attention,0,0
TKT014858,2024-06-04 08:41:00,CAT005,AGT010,CI,App mobile,1,En cours,0.2500454065566224,JAUNE — Attention,0,1
TKT013582,2024-03-16 13:19:00,CAT010,AGT001,Ghana,Chat,1,Fermé,0.24986419893946912,VERT — Normal,0,0
TKT012573,2024-01-16 21:02:00,CAT010,AGT005,Senegal,Chat,1,Résolu,0.24961062804433023,VERT — Normal,0,0
TKT014821,2024-06-03 20:54:00,CAT005,AGT003,Senegal,Web form,1,Résolu,0.24958516759335314,VERT — Normal,0,1
TKT014481,2024-05-13 08:24:00,CAT005,AGT011,Maroc,Email,1,Résolu,0.24921498366301698,VERT — Normal,0,0
TKT014875,2024-06-05 09:31:00,CAT005,AGT005,Senegal,Email,1,En cours,0.24902959943974376,VERT — Normal,0,0
TKT014166,2024-04-22 10:09:00,CAT009,AGT011,France,Chat,1,Résolu,0.247572718505893,VERT — Normal,0,0
TKT013595,2024-03-17 10:49:00,CAT005,AGT001,Mali,Email,1,Fermé,0.24754085146128726,VERT — Normal,0,1
TKT013349,2024-02-29 10:50:00,CAT009,AGT001,France,Téléphone,1,Fermé,0.24743618524170685,VERT — Normal,0,0
TKT014182,2024-04-23 12:15:00,CAT005,AGT011,Senegal,Chat,1,En cours,0.24709957548721231,VERT — Normal,0,0
TKT013403,2024-03-04 18:48:00,CAT005,AGT001,Ghana,App mobile,1,Résolu,0.24669547765927646,VERT — Normal,0,0
TKT014579,2024-05-18 14:10:00,CAT005,AGT007,Ghana,Chat,1,Résolu,0.246636196369374,VERT — Normal,0,0
TKT013850,2024-04-02 09:39:00,CAT005,AGT005,CI,Email,1,Résolu,0.24624693320724117,VERT — Normal,0,1
TKT014344,2024-05-04 09:32:00,CAT005,AGT007,Mali,Email,1,En cours,0.2454937308636148,VERT — Normal,0,1
TKT014240,2024-04-27 08:26:00,CAT005,AGT011,Maroc,Téléphone,1,Résolu,0.2451316470015211,VERT — Normal,0,0
TKT014600,2024-05-20 18:46:00,CAT005,AGT010,CI,App mobile,1,En cours,0.2450759045407032,VERT — Normal,0,0
TKT014527,2024-05-15 09:25:00,CAT010,AGT007,Maroc,Chat,1,Résolu,0.2448716547435331,VERT — Normal,0,0
TKT014736,2024-05-28 21:17:00,CAT009,AGT006,Ghana,Téléphone,1,Résolu,0.24454578038037947,VERT — Normal,0,1
TKT014994,2024-06-13 09:38:00,CAT005,AGT007,France,App mobile,1,Résolu,0.2443469686705061,VERT — Normal,0,0
TKT013388,2024-03-03 11:23:00,CAT005,AGT001,Senegal,Web form,1,Escaladé,0.24424302678096219,VERT — Normal,0,1
TKT013308,2024-02-26 11:54:00,CAT005,AGT001,Senegal,Email,1,Résolu,0.24351265923548937,VERT — Normal,0,0
TKT014387,2024-05-07 21:23:00,CAT010,AGT012,Cameroun,Email,1,Résolu,0.2433660500488055,VERT — Normal,0,0
TKT013830,2024-04-01 06:28:00,CAT005,AGT001,France,Email,1,En cours,0.24314484902037606,VERT — Normal,0,0
TKT015096,2024-06-19 12:45:00,CAT010,AGT005,CI,Email,1,Résolu,0.24289281475737642,VERT — Normal,0,0
TKT014713,2024-05-27 11:01:00,CAT005,AGT005,France,Chat,1,Résolu,0.2425389627501225,VERT — Normal,0,0
TKT013136,2024-02-15 11:53:00,CAT010,AGT006,Senegal,Téléphone,1,Escaladé,0.24177306394170217,VERT — Normal,0,1
TKT014156,2024-04-22 23:56:00,CAT005,AGT008,France,Web form,1,En cours,0.24142132722953985,VERT — Normal,0,0
TKT015095,2024-06-19 20:01:00,CAT005,AGT003,Ghana,Web form,1,Escaladé,0.24090466121050633,VERT — Normal,0,1
TKT013761,2024-03-28 08:52:00,CAT009,AGT001,CI,Téléphone,1,Escaladé,0.24085116104231652,VERT — Normal,0,1
TKT014673,2024-05-24 07:03:00,CAT010,AGT005,CI,Téléphone,1,Résolu,0.2402953186877455,VERT — Normal,0,1
TKT014246,2024-04-27 09:20:00,CAT010,AGT001,France,Chat,1,Backlog,0.2400851539237227,VERT — Normal,0,1
TKT014317,2024-05-02 08:35:00,CAT005,AGT001,Maroc,Email,1,Résolu,0.2398141013782712,VERT — Normal,0,0
TKT015013,2024-06-14 12:35:00,CAT010,AGT011,Senegal,Téléphone,1,Résolu,0.2395659139654388,VERT — Normal,0,1
TKT013720,2024-03-25 08:15:00,CAT009,AGT007,CI,Chat,1,Résolu,0.23952145713546844,VERT — Normal,0,1
TKT014597,2024-05-20 21:07:00,CAT005,AGT010,Mali,Téléphone,1,En cours,0.2392788581962444,VERT — Normal,0,0
TKT013180,2024-02-18 09:16:00,CAT009,AGT001,Maroc,Email,1,Résolu,0.23927402427478214,VERT — Normal,0,1
TKT014867,2024-06-05 18:29:00,CAT005,AGT005,France,Chat,1,Résolu,0.23896438388246452,VERT — Normal,0,0
TKT013396,2024-03-04 21:11:00,CAT005,AGT006,CI,Téléphone,1,Backlog,0.2387922189827456,VERT — Normal,0,1
TKT014237,2024-04-26 15:48:00,CAT005,AGT006,Maroc,Chat,1,Résolu,0.23878127954281617,VERT — Normal,0,0
TKT014160,2024-04-22 13:19:00,CAT010,AGT002,Ghana,Web form,1,En cours,0.23865446299435977,VERT — Normal,0,0
TKT014103,2024-04-18 18:57:00,CAT005,AGT010,Senegal,Email,1,Résolu,0.23811163179447895,VERT — Normal,0,0
TKT015185,2024-06-25 14:55:00,CAT010,AGT005,CI,Téléphone,1,Résolu,0.2376018328735178,VERT — Normal,0,1
TKT014184,2024-04-23 14:17:00,CAT005,AGT004,Senegal,Téléphone,1,En cours,0.236665635819888,VERT — Normal,0,0
TKT013197,2024-02-19 17:32:00,CAT010,AGT006,Senegal,Email,1,Résolu,0.2363850153139257,VERT — Normal,0,0
TKT013601,2024-03-18 15:49:00,CAT005,AGT006,CI,Téléphone,1,Résolu,0.23628567775826656,VERT — Normal,0,0
TKT013629,2024-03-19 16:16:00,CAT010,AGT006,Senegal,Email,1,Résolu,0.23615474210859172,VERT — Normal,0,0
TKT013941,2024-04-08 14:23:00,CAT005,AGT009,Mali,Téléphone,1,En cours,0.23591545423118077,VERT — Normal,0,0
TKT014815,2024-06-02 11:08:00,CAT010,AGT009,France,Email,1,Résolu,0.23575048930180106,VERT — Normal,0,0
TKT014273,2024-04-29 08:26:00,CAT005,AGT006,CI,App mobile,1,En cours,0.23448831973587236,VERT — Normal,0,0
TKT014549,2024-05-16 13:57:00,CAT005,AGT010,France,Téléphone,1,Résolu,0.23387891194160315,VERT — Normal,0,0
TKT015158,2024-06-23 08:46:00,CAT010,AGT002,Ghana,Téléphone,1,En cours,0.23226606953270562,VERT — Normal,0,1
TKT013470,2024-03-08 11:51:00,CAT005,AGT006,Ghana,Email,1,Résolu,0.2321084310936573,VERT — Normal,0,0
TKT014728,2024-05-28 17:33:00,CAT010,AGT006,Senegal,Email,1,Résolu,0.2304104854572518,VERT — Normal,0,1
TKT014164,2024-04-22 06:03:00,CAT010,AGT007,Maroc,App mobile,1,Escaladé,0.23025903320981425,VERT — Normal,0,1
TKT014585,2024-05-19 17:25:00,CAT005,AGT001,Senegal,Email,1,Résolu,0.22869035002181748,VERT — Normal,0,0
TKT013709,2024-03-25 13:34:00,CAT005,AGT010,Maroc,App mobile,1,En cours,0.22860830264651674,VERT — Normal,0,0
TKT014781,2024-05-30 06:13:00,CAT005,AGT001,Ghana,Chat,1,Résolu,0.22830509369782034,VERT — Normal,0,0
TKT013564,2024-03-14 08:44:00,CAT005,AGT006,Ghana,Chat,1,Résolu,0.22589324120055806,VERT — Normal,0,0
TKT014194,2024-04-24 10:19:00,CAT005,AGT006,Ghana,Téléphone,1,Résolu,0.22573525796308913,VERT — Normal,0,0
TKT014047,2024-04-15 16:50:00,CAT005,AGT006,CI,Email,1,En cours,0.2256279803776356,VERT — Normal,0,0
TKT013392,2024-03-04 20:16:00,CAT005,AGT008,Ghana,App mobile,1,Escaladé,0.22552006822769868,VERT — Normal,0,1
TKT014574,2024-05-18 12:27:00,CAT010,AGT009,CI,Téléphone,1,Résolu,0.22297627167268871,VERT — Normal,0,0
TKT014987,2024-06-13 13:53:00,CAT010,AGT009,Senegal,App mobile,1,Backlog,0.22230109105824142,VERT — Normal,0,1
TKT015165,2024-06-24 08:11:00,CAT005,AGT001,Senegal,App mobile,1,Résolu,0.22175239991265425,VERT — Normal,0,0
TKT014045,2024-04-15 20:59:00,CAT005,AGT008,Ghana,Chat,1,En cours,0.22096731221204663,VERT — Normal,0,1
TKT013856,2024-04-03 08:47:00,CAT005,AGT006,CI,Email,1,Fermé,0.2206209240441651,VERT — Normal,0,0
TKT014764,2024-05-30 04:49:00,CAT010,AGT006,Senegal,Email,1,Résolu,0.21990046897127485,VERT — Normal,0,0
TKT015221,2024-06-26 11:22:00,CAT005,AGT006,Senegal,Chat,1,Résolu,0.21959267985327258,VERT — Normal,0,0
TKT014288,2024-04-30 01:31:00,CAT005,AGT006,CI,Email,1,Résolu,0.2194905813539085,VERT — Normal,0,0
TKT013943,2024-04-08 19:06:00,CAT005,AGT001,Mali,Chat,1,Résolu,0.21884210765856538,VERT — Normal,0,0
TKT015249,2024-06-27 13:53:00,CAT010,AGT006,CI,Chat,1,Résolu,0.21524434269935788,VERT — Normal,0,0
TKT015067,2024-06-18 20:50:00,CAT005,AGT010,France,Web form,1,Résolu,0.21486368967147437,VERT — Normal,0,1
TKT014218,2024-04-25 09:20:00,CAT005,AGT006,France,Email,1,Escaladé,0.21205059424580788,VERT — Normal,0,1
TKT014366,2024-05-06 21:33:00,CAT005,AGT009,CI,App mobile,1,Escaladé,0.20985904032015348,VERT — Normal,0,1
TKT014368,2024-05-06 12:21:00,CAT010,AGT007,Senegal,Chat,1,Résolu,0.20978493805513168,VERT — Normal,0,0
TKT013848,2024-04-02 16:54:00,CAT005,AGT006,Cameroun,Téléphone,1,Résolu,0.20754601237027898,VERT — Normal,0,0
TKT014161,2024-04-22 10:53:00,CAT005,AGT006,Ghana,Email,1,Résolu,0.20503955433431123,VERT — Normal,0,0
TKT014322,2024-05-03 12:25:00,CAT005,AGT006,Mali,Email,1,Backlog,0.20255568416675337,VERT — Normal,0,1
TKT013616,2024-03-18 14:34:00,CAT010,AGT006,Ghana,Email,1,Résolu,0.19101251398751803,VERT — Normal,0,0
TKT014084,2024-04-17 20:21:00,CAT005,AGT005,Maroc,Chat,1,Résolu,0.17520204356842237,VERT — Normal,0,0
TKT013888,2024-04-04 20:04:00,CAT005,AGT006,Mali,Email,1,Fermé,0.1582847828933713,VERT — Normal,0,0
TKT014760,2024-05-29 21:59:00,CAT005,AGT006,France,Téléphone,1,Résolu,0.15094596328432894,VERT — Normal,0,0
