id_ticket,id_client,date_creation,type,statut,delai_resolution_jours
TK000001,CL00002,2024-02-25,Facturation,resolu,-20.0
TK000002,CL00002,2024-02-03,Facturation,abandonne,4.0
TK000003,CL00004,2024-03-23,Reseau,abandonne,-14.0
TK000004,CL00004,2024-09-23,Offre,abandonne,10.0
TK000005,CL00004,2025-04-03,Reseau,ouvert,
TK000006,CL00004,2025-01-02,Facturation,abandonne,3.0
TK000007,CL00005,2025-03-05,Facturation,resolu,1.0
TK000008,CL00006,2025-06-01,Facturation,resolu,5.0
TK000009,CL00007,2024-04-08,Reseau,resolu,9.0
TK000010,CL00010,2024-02-03,Facturation,abandonne,6.0
TK000011,CL00010,2024-01-24,Reseau,ouvert,
TK000012,CL00010,2024-02-17,Facturation,ouvert,
TK000013,CL00011,2025-03-21,Facturation,resolu,2.0
TK000014,CL00013,2024-10-11,Reseau,ouvert,
TK000015,CL00014,2025-06-28,Reseau,ouvert,
TK000016,CL00015,2025-12-25,Facturation,abandonne,1.0
TK000017,CL00015,2025-11-27,Reseau,resolu,4.0
TK000018,CL00017,2025-12-30,Offre,resolu,7.0
TK000019,CL00019,2024-07-01,Offre,resolu,2.0
TK000020,CL00020,2025-10-09,Offre,resolu,4.0
TK000021,CL00021,2024-06-20,Materiel,ouvert,
TK000022,CL00022,2025-09-13,Reseau,resolu,1.0
TK000023,CL00022,2025-09-15,Reseau,abandonne,1.0
TK000024,CL00023,2025-11-29,Offre,resolu,3.0
TK000025,CL00025,2025-08-26,Facturation,resolu,1.0
TK000026,CL00027,2025-01-20,Materiel,resolu,1.0
TK000027,CL00028,2025-09-06,Facturation,resolu,1.0
TK000028,CL00030,2025-06-24,Facturation,resolu,1.0
TK000029,CL00031,2024-03-24,Offre,ouvert,
TK000030,CL00031,2024-06-13,Materiel,ouvert,
TK000031,CL00032,2024-07-19,Reseau,resolu,1.0
TK000032,CL00032,2024-01-20,Offre,resolu,2.0
TK000033,CL00034,2025-06-05,Offre,resolu,4.0
TK000034,CL00034,2025-10-03,Facturation,ouvert,
TK000035,CL00034,2025-06-06,Materiel,ouvert,
TK000036,CL00034,2025-07-08,Reseau,resolu,3.0
TK000037,CL00034,2025-09-21,Offre,resolu,11.0
TK000038,CL00035,2025-12-26,Facturation,resolu,7.0
TK000039,CL00035,2025-07-09,Offre,resolu,1.0
TK000040,CL00035,2025-04-18,Reseau,resolu,1.0
TK000041,CL00036,2024-02-22,Materiel,resolu,6.0
TK000042,CL00037,2025-09-11,Reseau,ouvert,
TK000043,CL00037,2025-09-11,Facturation,resolu,5.0
TK000044,CL00037,2025-10-19,Offre,ouvert,
TK000045,CL00038,2024-09-07,Reseau,resolu,1.0
TK000046,CL00038,2025-11-21,Materiel,resolu,10.0
TK000047,CL00043,2025-08-23,Facturation,resolu,1.0
TK000048,CL00044,2025-05-03,Offre,resolu,1.0
TK000049,CL00045,2024-02-18,Facturation,resolu,17.0
TK000050,CL00050,2024-05-07,Materiel,resolu,7.0
TK000051,CL00051,2024-12-31,Facturation,ouvert,
TK000052,CL00053,2024-01-23,Facturation,abandonne,25.0
TK000053,CL00053,2024-02-19,Reseau,ouvert,
TK000054,CL00053,2024-02-10,Offre,ouvert,
TK000055,CL00053,2024-03-03,Offre,resolu,2.0
TK000056,CL00053,2024-03-04,Materiel,abandonne,2.0
TK000057,CL00055,2025-07-17,Reseau,resolu,18.0
TK000058,CL00055,2025-05-30,Materiel,abandonne,13.0
TK000059,CL00055,2025-07-30,Reseau,ouvert,
TK000060,CL00056,2024-01-13,Facturation,ouvert,
TK000061,CL00058,2024-12-04,Materiel,abandonne,9.0
TK000062,CL00058,2024-12-01,Facturation,ouvert,
TK000063,CL00058,2025-02-20,Facturation,resolu,2.0
TK000064,CL00058,2024-11-08,Reseau,abandonne,4.0
TK000065,CL00058,2025-01-16,Facturation,resolu,1.0
TK000066,CL00059,2025-09-03,Facturation,resolu,1.0
TK000067,CL00060,2024-03-31,Reseau,abandonne,15.0
TK000068,CL00060,2024-07-31,Facturation,resolu,1.0
TK000069,CL00060,2025-09-28,Facturation,abandonne,13.0
TK000070,CL00060,2025-10-20,Offre,ouvert,
TK000071,CL00061,2024-10-16,Offre,ouvert,
TK000072,CL00061,2025-01-21,Reseau,resolu,7.0
TK000073,CL00061,2024-06-07,Reseau,resolu,7.0
TK000074,CL00063,2024-09-26,Reseau,resolu,2.0
TK000075,CL00066,2024-12-07,Facturation,resolu,1.0
TK000076,CL00067,2024-09-08,Reseau,resolu,4.0
TK000077,CL00067,2024-07-24,Materiel,resolu,3.0
TK000078,CL00067,2025-02-25,Facturation,resolu,-5.0
TK000079,CL00068,2025-11-30,Materiel,resolu,5.0
TK000080,CL00069,2024-01-14,Materiel,resolu,1.0
TK000081,CL00070,2025-04-22,Reseau,abandonne,8.0
TK000082,CL00073,2024-03-21,Reseau,resolu,2.0
TK000083,CL00073,2024-11-11,Facturation,resolu,13.0
TK000084,CL00075,2024-04-02,Offre,resolu,-2.0
TK000085,CL00075,2024-06-02,Offre,ouvert,
TK000086,CL00076,2025-11-01,Offre,abandonne,19.0
TK000087,CL00077,2024-03-29,Facturation,ouvert,
TK000088,CL00079,2024-11-21,Facturation,resolu,13.0
TK000089,CL00080,2024-02-27,Offre,resolu,2.0
TK000090,CL00080,2024-02-24,Reseau,abandonne,14.0
TK000091,CL00081,2024-12-12,Facturation,abandonne,27.0
TK000092,CL00082,2025-11-09,Facturation,ouvert,
TK000093,CL00082,2025-11-09,Facturation,resolu,1.0
TK000094,CL00082,2025-10-28,Offre,ouvert,
TK000095,CL00082,2025-12-20,Facturation,abandonne,8.0
TK000096,CL00082,2025-10-08,Facturation,resolu,6.0
TK000097,CL00085,2025-11-10,Reseau,ouvert,
TK000098,CL00085,2025-09-10,Reseau,ouvert,
TK000099,CL00085,2025-11-08,Facturation,resolu,14.0
TK000100,CL00087,2025-10-19,Facturation,resolu,1.0
TK000101,CL00087,2024-06-17,Offre,resolu,5.0
TK000102,CL00087,2024-01-04,Offre,resolu,4.0
TK000103,CL00089,2024-07-09,Facturation,ouvert,
TK000104,CL00089,2024-01-18,Reseau,ouvert,
TK000105,CL00089,2025-11-27,Reseau,resolu,4.0
TK000106,CL00089,2024-06-27,Materiel,resolu,-7.0
TK000107,CL00090,2024-08-21,Reseau,resolu,1.0
TK000108,CL00091,2025-07-08,Facturation,resolu,7.0
TK000109,CL00093,2024-02-09,Facturation,ouvert,
TK000110,CL00093,2024-02-01,Reseau,ouvert,
TK000111,CL00094,2024-01-24,Reseau,abandonne,1.0
TK000112,CL00095,2025-05-27,Reseau,resolu,7.0
TK000113,CL00096,2025-04-13,Materiel,ouvert,
TK000114,CL00098,2024-01-01,Reseau,ouvert,
TK000115,CL00098,2024-03-13,Reseau,abandonne,22.0
TK000116,CL00098,2024-02-12,Materiel,resolu,1.0
TK000117,CL00100,2025-05-07,Facturation,resolu,1.0
TK000118,CL00100,2025-04-18,Materiel,ouvert,
TK000119,CL00101,2025-07-25,Offre,abandonne,5.0
TK000120,CL00101,2025-05-17,Reseau,abandonne,-2.0
TK000121,CL00101,2025-06-08,Facturation,resolu,5.0
TK000122,CL00101,2025-02-24,Materiel,abandonne,12.0
TK000123,CL00102,2024-06-28,Facturation,resolu,1.0
TK000124,CL00102,2024-07-15,Reseau,ouvert,
TK000125,CL00102,2024-08-16,Materiel,abandonne,2.0
TK000126,CL00102,2024-12-23,Reseau,abandonne,1.0
TK000127,CL00103,2024-12-23,Reseau,resolu,2.0
TK000128,CL00104,2025-06-23,Offre,resolu,1.0
TK000129,CL00104,2024-06-20,Offre,resolu,2.0
TK000130,CL00105,2025-08-16,Reseau,resolu,1.0
TK000131,CL00105,2025-03-31,Offre,resolu,2.0
TK000132,CL00107,2025-12-23,Materiel,ouvert,
TK000133,CL00108,2024-06-11,Materiel,abandonne,1.0
TK000134,CL00108,2025-02-11,Materiel,ouvert,
TK000135,CL00108,2025-06-21,Facturation,abandonne,36.0
TK000136,CL00108,2024-06-29,Reseau,ouvert,
TK000137,CL00108,2025-03-17,Reseau,ouvert,
TK000138,CL00108,2024-06-22,Facturation,ouvert,
TK000139,CL00108,2025-05-29,Materiel,resolu,1.0
TK000140,CL00109,2024-02-12,Offre,abandonne,2.0
TK000141,CL00110,2025-08-31,Reseau,resolu,5.0
TK000142,CL00111,2024-07-16,Reseau,resolu,7.0
TK000143,CL00111,2024-11-06,Materiel,resolu,1.0
TK000144,CL00111,2025-04-13,Reseau,ouvert,
TK000145,CL00111,2025-03-24,Reseau,ouvert,
TK000146,CL00113,2024-03-02,Materiel,abandonne,10.0
TK000147,CL00113,2024-05-30,Offre,resolu,8.0
TK000148,CL00114,2024-01-09,Facturation,resolu,1.0
TK000149,CL00114,2024-01-25,Reseau,abandonne,18.0
TK000150,CL00114,2024-02-07,Offre,resolu,4.0
TK000151,CL00114,2024-02-01,Reseau,abandonne,1.0
TK000152,CL00115,2024-12-30,Reseau,ouvert,
TK000153,CL00116,2025-02-14,Reseau,resolu,1.0
TK000154,CL00118,2024-03-01,Offre,resolu,4.0
TK000155,CL00122,2025-06-12,Facturation,resolu,6.0
TK000156,CL00123,2024-12-30,Reseau,resolu,8.0
TK000157,CL00123,2025-01-14,Facturation,ouvert,
TK000158,CL00123,2024-06-04,Facturation,ouvert,
TK000159,CL00123,2024-08-21,Facturation,abandonne,6.0
TK000160,CL00123,2024-08-09,Reseau,abandonne,7.0
TK000161,CL00124,2025-05-25,Materiel,resolu,8.0
TK000162,CL00126,2025-11-29,Offre,resolu,2.0
TK000163,CL00126,2025-12-08,Reseau,resolu,1.0
TK000164,CL00127,2025-09-20,Offre,resolu,9.0
TK000165,CL00128,2024-12-15,Reseau,resolu,1.0
TK000166,CL00128,2025-12-01,Reseau,resolu,2.0
TK000167,CL00128,2024-04-15,Reseau,abandonne,3.0
TK000168,CL00129,2025-09-02,Materiel,resolu,8.0
TK000169,CL00129,2025-12-31,Reseau,resolu,1.0
TK000170,CL00130,2025-08-18,Facturation,resolu,1.0
TK000171,CL00134,2024-12-26,Reseau,resolu,2.0
TK000172,CL00136,2025-11-11,Facturation,ouvert,
TK000173,CL00136,2025-11-24,Materiel,resolu,1.0
TK000174,CL00136,2025-10-01,Facturation,ouvert,
TK000175,CL00136,2025-12-11,Facturation,ouvert,
TK000176,CL00136,2025-11-08,Offre,ouvert,
TK000177,CL00136,2025-11-08,Materiel,resolu,1.0
TK000178,CL00138,2024-02-19,Facturation,ouvert,
TK000179,CL00139,2025-02-13,Materiel,resolu,9.0
TK000180,CL00142,2024-01-04,Reseau,resolu,5.0
TK000181,CL00144,2024-05-22,Facturation,resolu,1.0
TK000182,CL00144,2025-10-10,Reseau,resolu,-4.0
TK000183,CL00145,2024-05-15,Facturation,resolu,3.0
TK000184,CL00145,2025-12-21,Reseau,resolu,1.0
TK000185,CL00146,2024-08-25,Materiel,ouvert,
TK000186,CL00146,2024-12-16,Facturation,ouvert,
TK000187,CL00147,2024-11-13,Reseau,resolu,5.0
TK000188,CL00147,2025-10-22,Materiel,resolu,7.0
TK000189,CL00148,2025-08-04,Reseau,resolu,2.0
TK000190,CL00148,2025-02-28,Reseau,abandonne,1.0
TK000191,CL00150,2025-08-13,Offre,resolu,1.0
TK000192,CL00151,2025-11-26,Reseau,abandonne,6.0
TK000193,CL00151,2025-07-28,Reseau,resolu,10.0
TK000194,CL00152,2024-04-03,Reseau,ouvert,
TK000195,CL00152,2024-07-02,Offre,abandonne,9.0
TK000196,CL00153,2025-03-29,Facturation,abandonne,1.0
TK000197,CL00153,2025-04-18,Reseau,ouvert,
TK000198,CL00153,2025-03-27,Materiel,ouvert,
TK000199,CL00153,2025-04-15,Facturation,abandonne,15.0
TK000200,CL00153,2025-03-28,Reseau,resolu,3.0
TK000201,CL00155,2025-02-02,Reseau,ouvert,
TK000202,CL00155,2025-03-17,Offre,resolu,1.0
TK000203,CL00156,2025-11-08,Facturation,resolu,1.0
TK000204,CL00157,2025-06-06,Facturation,ouvert,
TK000205,CL00158,2025-07-18,Facturation,abandonne,12.0
TK000206,CL00158,2025-12-27,Facturation,ouvert,
TK000207,CL00159,2025-05-11,Reseau,resolu,6.0
TK000208,CL00160,2024-01-27,Facturation,resolu,1.0
TK000209,CL00160,2025-04-19,Reseau,ouvert,
TK000210,CL00160,2025-03-28,Reseau,resolu,9.0
TK000211,CL00160,2025-01-07,Materiel,ouvert,
TK000212,CL00160,2024-01-05,Materiel,ouvert,
TK000213,CL00160,2024-10-28,Reseau,abandonne,10.0
TK000214,CL00162,2025-12-31,Reseau,resolu,6.0
TK000215,CL00163,2024-10-08,Reseau,resolu,4.0
TK000216,CL00163,2025-03-18,Reseau,abandonne,4.0
TK000217,CL00163,2025-02-09,Offre,ouvert,
TK000218,CL00163,2025-03-15,Offre,ouvert,
TK000219,CL00164,2025-08-06,Reseau,resolu,3.0
TK000220,CL00165,2025-08-08,Reseau,ouvert,
TK000221,CL00165,2025-07-20,Materiel,resolu,10.0
TK000222,CL00166,2025-08-27,Reseau,resolu,1.0
TK000223,CL00167,2025-01-02,Materiel,ouvert,
TK000224,CL00168,2024-11-25,Facturation,ouvert,
TK000225,CL00168,2025-03-10,Facturation,abandonne,1.0
TK000226,CL00168,2024-09-14,Facturation,ouvert,
TK000227,CL00168,2024-08-15,Offre,resolu,16.0
TK000228,CL00169,2024-09-18,Offre,ouvert,
TK000229,CL00169,2024-11-16,Facturation,abandonne,1.0
TK000230,CL00169,2024-06-18,Reseau,ouvert,
TK000231,CL00169,2024-10-30,Materiel,ouvert,
TK000232,CL00169,2024-12-05,Materiel,ouvert,
TK000233,CL00169,2024-04-05,Materiel,resolu,1.0
TK000234,CL00171,2024-06-17,Offre,ouvert,
TK000235,CL00171,2024-04-23,Facturation,resolu,17.0
TK000236,CL00174,2025-10-23,Reseau,ouvert,
TK000237,CL00174,2025-11-10,Facturation,ouvert,
TK000238,CL00175,2024-11-01,Offre,ouvert,
TK000239,CL00176,2025-05-11,Materiel,ouvert,
TK000240,CL00176,2025-05-29,Reseau,abandonne,1.0
TK000241,CL00176,2024-10-12,Reseau,ouvert,
TK000242,CL00180,2025-05-06,Materiel,resolu,7.0
TK000243,CL00181,2025-09-04,Reseau,ouvert,
TK000244,CL00181,2025-07-04,Reseau,resolu,2.0
TK000245,CL00181,2025-09-19,Reseau,abandonne,8.0
TK000246,CL00181,2025-07-01,Materiel,ouvert,
TK000247,CL00182,2025-03-05,Facturation,resolu,1.0
TK000248,CL00192,2025-10-31,Offre,resolu,5.0
TK000249,CL00192,2025-11-09,Offre,abandonne,3.0
TK000250,CL00192,2025-07-17,Materiel,resolu,1.0
TK000251,CL00192,2025-12-04,Reseau,resolu,-1.0
TK000252,CL00192,2025-12-17,Materiel,ouvert,
TK000253,CL00194,2025-03-14,Facturation,resolu,1.0
TK000254,CL00194,2025-10-29,Reseau,resolu,3.0
TK000255,CL00197,2024-09-09,Facturation,ouvert,
TK000256,CL00197,2024-05-17,Facturation,ouvert,
TK000257,CL00197,2024-06-11,Reseau,ouvert,
TK000258,CL00197,2024-11-24,Facturation,abandonne,44.0
TK000259,CL00197,2024-11-09,Facturation,ouvert,
TK000260,CL00198,2025-01-22,Reseau,abandonne,1.0
TK000261,CL00198,2025-04-30,Reseau,abandonne,1.0
TK000262,CL00198,2025-01-02,Offre,abandonne,1.0
TK000263,CL00200,2025-03-09,Offre,ouvert,
TK000264,CL00202,2025-05-30,Offre,resolu,7.0
TK000265,CL00203,2025-11-16,Facturation,resolu,6.0
TK000266,CL00204,2024-02-09,Reseau,resolu,1.0
TK000267,CL00204,2024-02-02,Facturation,abandonne,2.0
TK000268,CL00204,2024-07-21,Offre,ouvert,
TK000269,CL00208,2025-11-09,Facturation,resolu,13.0
TK000270,CL00209,2025-02-24,Facturation,resolu,4.0
TK000271,CL00210,2025-06-16,Offre,resolu,11.0
TK000272,CL00211,2024-12-21,Reseau,resolu,8.0
TK000273,CL00211,2024-11-20,Materiel,abandonne,16.0
TK000274,CL00212,2025-07-11,Reseau,resolu,15.0
TK000275,CL00213,2024-11-03,Facturation,resolu,5.0
TK000276,CL00216,2024-02-24,Reseau,resolu,3.0
TK000277,CL00216,2024-02-17,Reseau,abandonne,6.0
TK000278,CL00216,2024-02-03,Reseau,abandonne,2.0
TK000279,CL00216,2024-02-01,Reseau,ouvert,
TK000280,CL00216,2024-01-17,Reseau,abandonne,10.0
TK000281,CL00220,2024-12-19,Reseau,resolu,1.0
TK000282,CL00220,2025-02-06,Reseau,ouvert,
TK000283,CL00220,2025-05-11,Offre,ouvert,
TK000284,CL00221,2024-12-29,Materiel,ouvert,
TK000285,CL00221,2024-10-02,Facturation,resolu,1.0
TK000286,CL00221,2024-10-27,Offre,ouvert,
TK000287,CL00221,2024-12-13,Offre,resolu,4.0
TK000288,CL00222,2025-08-03,Reseau,ouvert,
TK000289,CL00222,2024-12-31,Offre,abandonne,21.0
TK000290,CL00222,2025-04-10,Facturation,abandonne,3.0
TK000291,CL00222,2025-09-28,Reseau,ouvert,
TK000292,CL00222,2025-10-26,Reseau,abandonne,25.0
TK000293,CL00223,2024-12-31,Materiel,abandonne,7.0
TK000294,CL00223,2024-08-10,Facturation,abandonne,4.0
TK000295,CL00225,2025-11-07,Facturation,ouvert,
TK000296,CL00230,2025-07-16,Reseau,ouvert,
TK000297,CL00231,2025-11-12,Reseau,resolu,4.0
TK000298,CL00232,2025-09-13,Reseau,resolu,8.0
TK000299,CL00232,2025-06-08,Reseau,resolu,1.0
TK000300,CL00235,2024-07-28,Facturation,ouvert,
TK000301,CL00235,2024-08-02,Offre,abandonne,3.0
TK000302,CL00236,2025-08-04,Facturation,ouvert,
TK000303,CL00236,2025-12-06,Materiel,resolu,1.0
TK000304,CL00237,2024-06-15,Facturation,ouvert,
TK000305,CL00237,2024-06-16,Reseau,ouvert,
TK000306,CL00237,2024-08-08,Reseau,abandonne,1.0
TK000307,CL00238,2025-09-10,Offre,resolu,4.0
TK000308,CL00238,2025-11-19,Reseau,ouvert,
TK000309,CL00239,2024-10-04,Reseau,abandonne,1.0
TK000310,CL00239,2024-05-05,Facturation,ouvert,
TK000311,CL00239,2024-10-19,Facturation,ouvert,
TK000312,CL00239,2024-08-10,Reseau,abandonne,12.0
TK000313,CL00239,2024-10-25,Materiel,ouvert,
TK000314,CL00240,2024-12-30,Reseau,abandonne,17.0
TK000315,CL00240,2024-11-09,Facturation,abandonne,4.0
TK000316,CL00241,2025-02-21,Reseau,resolu,3.0
TK000317,CL00242,2024-09-01,Facturation,ouvert,
TK000318,CL00242,2024-08-07,Offre,abandonne,4.0
TK000319,CL00243,2024-06-27,Materiel,resolu,1.0
TK000320,CL00243,2025-08-19,Reseau,resolu,1.0
TK000321,CL00243,2024-02-25,Facturation,ouvert,
TK000322,CL00246,2025-08-21,Reseau,ouvert,
TK000323,CL00247,2024-12-20,Reseau,ouvert,
TK000324,CL00247,2025-04-22,Reseau,resolu,3.0
TK000325,CL00247,2024-02-18,Reseau,abandonne,3.0
TK000326,CL00247,2024-09-15,Facturation,abandonne,11.0
TK000327,CL00247,2024-10-21,Facturation,resolu,1.0
TK000328,CL00249,2025-08-04,Reseau,ouvert,
TK000329,CL00249,2025-01-11,Offre,resolu,12.0
TK000330,CL00250,2024-06-26,Reseau,resolu,2.0
TK000331,CL00252,2025-05-27,Reseau,resolu,2.0
TK000332,CL00252,2024-08-16,Reseau,resolu,9.0
TK000333,CL00252,2025-10-11,Facturation,resolu,1.0
TK000334,CL00253,2025-04-19,Reseau,ouvert,
TK000335,CL00253,2025-04-10,Reseau,ouvert,
TK000336,CL00256,2025-10-07,Reseau,resolu,3.0
TK000337,CL00257,2024-11-09,Materiel,ouvert,
TK000338,CL00259,2024-01-05,Offre,ouvert,
TK000339,CL00259,2024-03-29,Facturation,ouvert,
TK000340,CL00259,2024-05-04,Reseau,ouvert,
TK000341,CL00259,2024-04-14,Facturation,resolu,-2.0
TK000342,CL00261,2025-06-27,Offre,resolu,2.0
TK000343,CL00261,2024-04-30,Offre,ouvert,
TK000344,CL00261,2024-09-01,Reseau,abandonne,1.0
TK000345,CL00261,2024-11-05,Facturation,ouvert,
TK000346,CL00262,2024-01-08,Reseau,ouvert,
TK000347,CL00262,2024-01-10,Materiel,ouvert,
TK000348,CL00262,2024-01-12,Reseau,abandonne,27.0
TK000349,CL00263,2025-05-19,Facturation,resolu,2.0
TK000350,CL00263,2025-12-11,Reseau,resolu,10.0
TK000351,CL00263,2025-07-23,Reseau,resolu,3.0
TK000352,CL00264,2025-02-03,Materiel,resolu,3.0
TK000353,CL00265,2025-02-14,Facturation,resolu,30.0
TK000354,CL00268,2025-09-19,Reseau,resolu,6.0
TK000355,CL00268,2025-02-14,Facturation,resolu,1.0
TK000356,CL00268,2024-08-22,Reseau,resolu,5.0
TK000357,CL00270,2024-12-13,Reseau,abandonne,7.0
TK000358,CL00270,2025-01-23,Reseau,abandonne,-1.0
TK000359,CL00270,2024-07-15,Facturation,abandonne,1.0
TK000360,CL00271,2024-12-19,Facturation,ouvert,
TK000361,CL00272,2025-03-18,Offre,resolu,5.0
TK000362,CL00272,2025-06-25,Reseau,resolu,4.0
TK000363,CL00272,2025-02-11,Materiel,resolu,1.0
TK000364,CL00277,2025-05-09,Facturation,abandonne,16.0
TK000365,CL00285,2025-08-04,Facturation,ouvert,
TK000366,CL00286,2025-08-22,Facturation,resolu,7.0
TK000367,CL00287,2025-10-03,Reseau,resolu,1.0
TK000368,CL00287,2025-10-26,Facturation,resolu,8.0
TK000369,CL00288,2025-11-20,Offre,resolu,2.0
TK000370,CL00288,2025-08-31,Facturation,resolu,7.0
TK000371,CL00289,2025-03-22,Reseau,ouvert,
TK000372,CL00289,2025-02-19,Reseau,resolu,8.0
TK000373,CL00289,2025-02-19,Reseau,ouvert,
TK000374,CL00289,2025-02-05,Offre,ouvert,
TK000375,CL00290,2025-08-14,Reseau,resolu,1.0
TK000376,CL00291,2025-04-24,Materiel,resolu,1.0
TK000377,CL00292,2025-05-19,Facturation,abandonne,5.0
TK000378,CL00292,2024-08-20,Facturation,ouvert,
TK000379,CL00293,2025-02-28,Reseau,ouvert,
TK000380,CL00293,2025-01-20,Offre,ouvert,
TK000381,CL00293,2025-01-19,Offre,resolu,1.0
TK000382,CL00293,2024-12-31,Reseau,abandonne,9.0
TK000383,CL00293,2024-08-26,Offre,abandonne,4.0
TK000384,CL00293,2025-02-20,Facturation,ouvert,
TK000385,CL00294,2025-04-12,Facturation,resolu,1.0
TK000386,CL00294,2025-01-07,Offre,resolu,6.0
TK000387,CL00295,2024-07-05,Facturation,resolu,2.0
TK000388,CL00295,2025-02-26,Reseau,resolu,7.0
TK000389,CL00299,2025-07-15,Reseau,abandonne,1.0
TK000390,CL00299,2025-08-03,Reseau,abandonne,1.0
TK000391,CL00301,2025-08-28,Materiel,resolu,1.0
TK000392,CL00305,2024-03-10,Reseau,resolu,4.0
TK000393,CL00305,2025-06-19,Reseau,ouvert,
TK000394,CL00307,2025-05-25,Reseau,resolu,6.0
TK000395,CL00307,2025-06-06,Materiel,ouvert,
TK000396,CL00308,2024-06-19,Reseau,resolu,3.0
TK000397,CL00309,2024-06-19,Reseau,resolu,2.0
TK000398,CL00309,2025-01-21,Reseau,resolu,1.0
TK000399,CL00309,2025-05-15,Offre,ouvert,
TK000400,CL00310,2025-12-28,Materiel,ouvert,
TK000401,CL00313,2025-12-10,Materiel,resolu,3.0
TK000402,CL00314,2025-08-29,Facturation,resolu,3.0
TK000403,CL00314,2025-10-08,Reseau,abandonne,1.0
TK000404,CL00314,2025-10-17,Reseau,ouvert,
TK000405,CL00314,2025-08-29,Reseau,abandonne,9.0
TK000406,CL00315,2024-08-26,Facturation,abandonne,5.0
TK000407,CL00315,2025-03-30,Facturation,abandonne,4.0
TK000408,CL00315,2024-12-23,Reseau,ouvert,
TK000409,CL00317,2024-09-02,Reseau,abandonne,3.0
TK000410,CL00317,2024-08-04,Reseau,resolu,3.0
TK000411,CL00317,2024-09-25,Reseau,ouvert,
TK000412,CL00317,2024-08-31,Offre,abandonne,6.0
TK000413,CL00318,2025-09-21,Reseau,resolu,1.0
TK000414,CL00318,2025-05-25,Materiel,ouvert,
TK000415,CL00318,2025-05-15,Reseau,resolu,5.0
TK000416,CL00321,2024-01-29,Materiel,resolu,1.0
TK000417,CL00322,2025-06-18,Reseau,resolu,9.0
TK000418,CL00323,2025-01-01,Materiel,ouvert,
TK000419,CL00323,2024-07-25,Reseau,resolu,1.0
TK000420,CL00325,2024-07-31,Materiel,resolu,4.0
TK000421,CL00325,2024-01-02,Facturation,ouvert,
TK000422,CL00326,2025-03-14,Materiel,resolu,7.0
TK000423,CL00329,2025-05-09,Reseau,resolu,3.0
TK000424,CL00330,2025-08-05,Facturation,ouvert,
TK000425,CL00330,2025-06-26,Materiel,resolu,1.0
TK000426,CL00330,2025-08-11,Reseau,abandonne,9.0
TK000427,CL00331,2025-01-17,Reseau,resolu,1.0
TK000428,CL00332,2024-01-31,Offre,resolu,4.0
TK000429,CL00332,2024-01-27,Reseau,resolu,1.0
TK000430,CL00332,2024-01-10,Reseau,ouvert,
TK000431,CL00333,2025-02-24,Reseau,resolu,1.0
TK000432,CL00335,2025-07-12,Reseau,resolu,3.0
TK000433,CL00336,2025-12-18,Reseau,resolu,1.0
TK000434,CL00340,2025-03-21,Facturation,ouvert,
TK000435,CL00341,2024-10-31,Facturation,ouvert,
TK000436,CL00341,2024-09-19,Facturation,resolu,3.0
TK000437,CL00342,2024-04-21,Facturation,resolu,5.0
TK000438,CL00343,2024-02-07,Reseau,ouvert,
TK000439,CL00347,2025-06-23,Facturation,resolu,1.0
TK000440,CL00347,2025-06-28,Offre,ouvert,
TK000441,CL00348,2025-08-01,Offre,resolu,-7.0
TK000442,CL00348,2025-10-22,Reseau,resolu,1.0
TK000443,CL00349,2024-12-10,Offre,abandonne,1.0
TK000444,CL00350,2025-12-23,Materiel,resolu,7.0
TK000445,CL00350,2024-02-24,Reseau,resolu,6.0
TK000446,CL00351,2025-01-17,Facturation,resolu,2.0
TK000447,CL00351,2025-02-10,Materiel,resolu,4.0
TK000448,CL00352,2024-04-10,Facturation,resolu,1.0
TK000449,CL00352,2024-03-11,Reseau,abandonne,1.0
TK000450,CL00352,2024-08-24,Reseau,ouvert,
TK000451,CL00353,2024-02-10,Materiel,abandonne,1.0
TK000452,CL00354,2025-05-06,Materiel,resolu,-1.0
TK000453,CL00354,2024-05-25,Reseau,resolu,3.0
TK000454,CL00355,2025-07-01,Offre,resolu,7.0
TK000455,CL00357,2025-08-15,Offre,resolu,1.0
TK000456,CL00359,2025-10-29,Facturation,resolu,1.0
TK000457,CL00362,2025-09-09,Reseau,resolu,1.0
TK000458,CL00363,2025-07-26,Facturation,abandonne,13.0
TK000459,CL00363,2025-09-22,Reseau,ouvert,
TK000460,CL00364,2025-12-18,Facturation,resolu,2.0
TK000461,CL00366,2025-08-02,Facturation,ouvert,
TK000462,CL00367,2024-11-30,Offre,resolu,1.0
TK000463,CL00368,2025-10-25,Materiel,resolu,6.0
TK000464,CL00370,2024-12-15,Offre,abandonne,18.0
TK000465,CL00370,2024-09-09,Reseau,resolu,1.0
TK000466,CL00370,2024-07-29,Reseau,abandonne,10.0
TK000467,CL00372,2024-12-15,Reseau,abandonne,14.0
TK000468,CL00373,2024-09-07,Reseau,resolu,3.0
TK000469,CL00373,2025-01-11,Facturation,resolu,1.0
TK000470,CL00374,2024-03-02,Facturation,resolu,4.0
TK000471,CL00374,2024-01-29,Reseau,abandonne,23.0
TK000472,CL00374,2024-03-18,Facturation,ouvert,
TK000473,CL00376,2025-05-19,Reseau,resolu,3.0
TK000474,CL00379,2024-01-28,Reseau,ouvert,
TK000475,CL00379,2025-05-27,Facturation,resolu,1.0
TK000476,CL00379,2025-08-09,Reseau,resolu,7.0
TK000477,CL00381,2025-12-16,Reseau,resolu,2.0
TK000478,CL00383,2025-07-13,Reseau,ouvert,
TK000479,CL00385,2025-10-11,Facturation,ouvert,
TK000480,CL00385,2024-08-01,Reseau,ouvert,
TK000481,CL00385,2024-09-22,Reseau,ouvert,
TK000482,CL00388,2025-02-17,Facturation,abandonne,1.0
TK000483,CL00388,2025-03-22,Offre,resolu,10.0
TK000484,CL00388,2024-10-13,Reseau,ouvert,
TK000485,CL00389,2025-11-02,Offre,ouvert,
TK000486,CL00390,2025-05-30,Facturation,resolu,6.0
TK000487,CL00390,2024-10-15,Offre,resolu,1.0
TK000488,CL00391,2025-04-28,Offre,resolu,7.0
TK000489,CL00392,2025-07-11,Reseau,resolu,1.0
TK000490,CL00392,2025-10-19,Offre,resolu,1.0
TK000491,CL00393,2025-04-07,Reseau,abandonne,4.0
TK000492,CL00394,2025-05-26,Materiel,resolu,3.0
TK000493,CL00394,2024-12-14,Reseau,resolu,13.0
TK000494,CL00394,2025-07-09,Reseau,ouvert,
TK000495,CL00395,2024-10-23,Facturation,resolu,1.0
TK000496,CL00396,2025-03-25,Offre,resolu,1.0
TK000497,CL00397,2024-04-29,Facturation,abandonne,1.0
TK000498,CL00397,2025-01-31,Reseau,resolu,7.0
TK000499,CL00401,2024-10-23,Reseau,resolu,3.0
TK000500,CL00402,2025-01-03,Offre,abandonne,4.0
TK000501,CL00403,2024-11-02,Offre,ouvert,
TK000502,CL00403,2024-04-30,Reseau,resolu,1.0
TK000503,CL00403,2025-04-29,Reseau,abandonne,6.0
TK000504,CL00403,2025-01-05,Reseau,abandonne,20.0
TK000505,CL00406,2024-10-07,Reseau,resolu,1.0
TK000506,CL00406,2024-10-16,Reseau,ouvert,
TK000507,CL00408,2025-10-06,Reseau,resolu,1.0
TK000508,CL00408,2025-08-20,Offre,resolu,3.0
TK000509,CL00409,2025-02-24,Facturation,abandonne,1.0
TK000510,CL00409,2024-10-30,Facturation,ouvert,
TK000511,CL00409,2024-11-18,Reseau,ouvert,
TK000512,CL00410,2025-12-31,Facturation,resolu,-1.0
TK000513,CL00411,2025-10-27,Offre,resolu,2.0
TK000514,CL00413,2025-02-12,Facturation,abandonne,6.0
TK000515,CL00413,2025-07-07,Facturation,resolu,7.0
TK000516,CL00413,2025-07-03,Materiel,abandonne,1.0
TK000517,CL00413,2025-08-03,Facturation,ouvert,
TK000518,CL00413,2025-04-17,Reseau,ouvert,
TK000519,CL00414,2025-08-06,Facturation,ouvert,
TK000520,CL00415,2024-05-27,Reseau,resolu,9.0
TK000521,CL00415,2025-08-26,Reseau,resolu,5.0
TK000522,CL00418,2024-08-15,Reseau,abandonne,12.0
TK000523,CL00418,2024-01-29,Materiel,abandonne,15.0
TK000524,CL00418,2024-07-02,Reseau,ouvert,
TK000525,CL00420,2025-03-05,Reseau,resolu,5.0
TK000526,CL00421,2024-09-03,Facturation,abandonne,29.0
TK000527,CL00423,2025-08-29,Reseau,resolu,7.0
TK000528,CL00424,2024-07-16,Offre,resolu,8.0
TK000529,CL00426,2024-12-11,Offre,resolu,1.0
TK000530,CL00426,2025-09-12,Materiel,resolu,1.0
TK000531,CL00426,2025-05-28,Reseau,ouvert,
TK000532,CL00427,2024-01-15,Offre,abandonne,6.0
TK000533,CL00427,2024-07-12,Facturation,abandonne,3.0
TK000534,CL00427,2024-04-26,Offre,resolu,16.0
TK000535,CL00427,2024-06-25,Facturation,resolu,1.0
TK000536,CL00428,2025-12-13,Facturation,resolu,1.0
TK000537,CL00428,2025-09-27,Facturation,resolu,1.0
TK000538,CL00429,2025-10-30,Reseau,resolu,5.0
TK000539,CL00429,2025-07-05,Reseau,resolu,7.0
TK000540,CL00431,2025-04-17,Reseau,ouvert,
TK000541,CL00431,2025-06-29,Reseau,resolu,1.0
TK000542,CL00433,2024-12-14,Reseau,resolu,1.0
TK000543,CL00433,2025-08-15,Facturation,resolu,8.0
TK000544,CL00435,2025-06-16,Offre,resolu,3.0
TK000545,CL00435,2025-01-05,Reseau,resolu,1.0
TK000546,CL00436,2024-11-21,Facturation,resolu,4.0
TK000547,CL00436,2025-03-08,Materiel,resolu,11.0
TK000548,CL00436,2025-05-03,Materiel,resolu,4.0
TK000549,CL00438,2024-04-13,Facturation,ouvert,
TK000550,CL00438,2025-05-22,Facturation,resolu,5.0
TK000551,CL00439,2025-09-10,Facturation,resolu,1.0
TK000552,CL00439,2025-07-04,Reseau,abandonne,1.0
TK000553,CL00439,2025-06-21,Reseau,resolu,10.0
TK000554,CL00439,2025-06-07,Materiel,resolu,1.0
TK000555,CL00439,2025-06-11,Facturation,abandonne,13.0
TK000556,CL00439,2025-08-10,Facturation,abandonne,7.0
TK000557,CL00440,2024-04-16,Materiel,abandonne,2.0
TK000558,CL00440,2024-12-04,Reseau,abandonne,3.0
TK000559,CL00443,2025-08-02,Facturation,resolu,1.0
TK000560,CL00444,2025-06-15,Facturation,ouvert,
TK000561,CL00446,2025-12-17,Reseau,ouvert,
TK000562,CL00448,2024-11-13,Facturation,ouvert,
TK000563,CL00449,2024-03-29,Facturation,resolu,1.0
TK000564,CL00449,2025-04-13,Facturation,ouvert,
TK000565,CL00449,2024-06-02,Reseau,resolu,3.0
TK000566,CL00449,2024-04-09,Offre,ouvert,
TK000567,CL00449,2024-09-16,Reseau,resolu,4.0
TK000568,CL00449,2024-06-14,Reseau,resolu,5.0
TK000569,CL00450,2025-06-23,Facturation,resolu,1.0
TK000570,CL00451,2024-03-22,Reseau,resolu,2.0
TK000571,CL00452,2025-10-29,Reseau,resolu,1.0
TK000572,CL00452,2025-12-05,Reseau,resolu,2.0
TK000573,CL00452,2025-07-23,Reseau,resolu,2.0
TK000574,CL00453,2025-10-31,Reseau,resolu,1.0
TK000575,CL00453,2025-11-29,Facturation,resolu,4.0
TK000576,CL00454,2025-11-12,Reseau,ouvert,
TK000577,CL00456,2024-11-09,Facturation,resolu,1.0
TK000578,CL00456,2025-02-18,Reseau,abandonne,1.0
TK000579,CL00456,2024-08-14,Reseau,ouvert,
TK000580,CL00458,2025-11-27,Facturation,resolu,1.0
TK000581,CL00459,2024-11-23,Offre,resolu,2.0
TK000582,CL00459,2025-09-01,Reseau,resolu,11.0
TK000583,CL00460,2025-01-17,Reseau,resolu,2.0
TK000584,CL00463,2024-07-12,Reseau,resolu,3.0
TK000585,CL00463,2025-01-16,Facturation,resolu,11.0
TK000586,CL00464,2025-04-06,Reseau,ouvert,
TK000587,CL00466,2024-04-11,Facturation,ouvert,
TK000588,CL00468,2024-10-11,Reseau,resolu,8.0
TK000589,CL00468,2024-08-29,Reseau,abandonne,4.0
TK000590,CL00468,2024-08-02,Reseau,ouvert,
TK000591,CL00469,2024-03-18,Reseau,resolu,4.0
TK000592,CL00469,2024-12-16,Facturation,resolu,5.0
TK000593,CL00470,2025-10-11,Facturation,resolu,2.0
TK000594,CL00471,2024-02-15,Offre,resolu,3.0
TK000595,CL00471,2025-05-23,Facturation,ouvert,
TK000596,CL00473,2025-05-09,Facturation,resolu,1.0
TK000597,CL00474,2024-03-07,Reseau,ouvert,
TK000598,CL00476,2024-09-02,Reseau,resolu,1.0
TK000599,CL00477,2024-05-20,Offre,ouvert,
TK000600,CL00477,2024-03-01,Reseau,resolu,1.0
TK000601,CL00479,2024-05-24,Facturation,resolu,4.0
TK000602,CL00481,2024-10-02,Facturation,abandonne,40.0
TK000603,CL00482,2025-11-27,Facturation,resolu,5.0
TK000604,CL00482,2025-12-26,Materiel,resolu,8.0
TK000605,CL00483,2024-01-02,Materiel,abandonne,4.0
TK000606,CL00483,2024-01-01,Facturation,resolu,1.0
TK000607,CL00488,2025-11-25,Reseau,resolu,9.0
TK000608,CL00488,2025-08-08,Materiel,resolu,6.0
TK000609,CL00489,2025-04-15,Reseau,ouvert,
TK000610,CL00490,2024-11-13,Materiel,resolu,5.0
TK000611,CL00490,2025-04-23,Offre,resolu,1.0
TK000612,CL00492,2024-06-11,Reseau,ouvert,
TK000613,CL00492,2024-03-22,Facturation,ouvert,
TK000614,CL00492,2024-03-12,Reseau,ouvert,
TK000615,CL00493,2025-12-17,Offre,resolu,1.0
TK000616,CL00493,2025-12-08,Offre,ouvert,
TK000617,CL00496,2024-01-11,Materiel,resolu,1.0
TK000618,CL00496,2024-01-13,Facturation,resolu,2.0
TK000619,CL00497,2024-12-16,Offre,resolu,1.0
TK000620,CL00498,2025-07-25,Facturation,resolu,1.0
TK000621,CL00498,2025-06-11,Reseau,resolu,11.0
TK000622,CL00501,2024-07-26,Offre,abandonne,9.0
TK000623,CL00501,2024-04-24,Materiel,abandonne,10.0
TK000624,CL00501,2024-11-27,Reseau,resolu,8.0
TK000625,CL00501,2024-10-19,Reseau,abandonne,13.0
TK000626,CL00502,2025-01-10,Materiel,resolu,1.0
TK000627,CL00503,2025-10-18,Reseau,resolu,5.0
TK000628,CL00503,2025-08-18,Materiel,abandonne,7.0
TK000629,CL00506,2024-07-11,Offre,resolu,1.0
TK000630,CL00508,2024-01-10,Facturation,resolu,15.0
TK000631,CL00508,2024-12-28,Facturation,resolu,1.0
TK000632,CL00508,2024-05-10,Reseau,resolu,1.0
TK000633,CL00510,2025-01-26,Offre,abandonne,9.0
TK000634,CL00511,2024-12-02,Reseau,resolu,1.0
TK000635,CL00511,2024-12-18,Materiel,resolu,1.0
TK000636,CL00511,2025-03-07,Reseau,abandonne,8.0
TK000637,CL00511,2025-04-14,Materiel,ouvert,
TK000638,CL00511,2024-09-12,Materiel,ouvert,
TK000639,CL00512,2025-07-30,Facturation,resolu,16.0
TK000640,CL00513,2025-09-10,Offre,resolu,1.0
TK000641,CL00514,2024-07-05,Reseau,ouvert,
TK000642,CL00515,2024-10-15,Facturation,ouvert,
TK000643,CL00515,2025-03-31,Facturation,ouvert,
TK000644,CL00515,2024-02-05,Facturation,resolu,3.0
TK000645,CL00516,2024-05-08,Materiel,abandonne,15.0
TK000646,CL00516,2024-08-10,Materiel,ouvert,
TK000647,CL00516,2024-10-06,Facturation,ouvert,
TK000648,CL00517,2024-02-10,Facturation,ouvert,
TK000649,CL00517,2024-08-01,Offre,abandonne,1.0
TK000650,CL00518,2024-12-17,Facturation,resolu,1.0
TK000651,CL00519,2025-10-04,Offre,abandonne,11.0
TK000652,CL00519,2025-06-24,Materiel,resolu,1.0
TK000653,CL00520,2025-10-12,Reseau,resolu,3.0
TK000654,CL00521,2025-07-19,Offre,resolu,1.0
TK000655,CL00523,2024-03-18,Facturation,abandonne,2.0
TK000656,CL00523,2024-04-13,Reseau,resolu,1.0
TK000657,CL00523,2024-02-21,Reseau,ouvert,
TK000658,CL00527,2025-03-08,Reseau,abandonne,-3.0
TK000659,CL00527,2024-10-26,Facturation,abandonne,11.0
TK000660,CL00529,2025-02-20,Reseau,ouvert,
TK000661,CL00530,2024-11-15,Reseau,resolu,14.0
TK000662,CL00531,2025-05-15,Reseau,resolu,8.0
TK000663,CL00532,2024-12-18,Reseau,resolu,1.0
TK000664,CL00533,2024-02-23,Offre,resolu,1.0
TK000665,CL00534,2025-09-11,Reseau,ouvert,
TK000666,CL00535,2025-05-04,Facturation,resolu,4.0
TK000667,CL00537,2024-03-03,Offre,resolu,1.0
TK000668,CL00538,2025-06-26,Offre,resolu,5.0
TK000669,CL00539,2025-08-26,Reseau,resolu,1.0
TK000670,CL00540,2025-03-13,Offre,resolu,7.0
TK000671,CL00540,2024-08-08,Reseau,ouvert,
TK000672,CL00541,2025-11-18,Facturation,resolu,1.0
TK000673,CL00541,2025-12-06,Reseau,resolu,6.0
TK000674,CL00541,2025-07-25,Offre,resolu,1.0
TK000675,CL00542,2024-07-21,Reseau,ouvert,
TK000676,CL00543,2025-06-07,Reseau,resolu,13.0
TK000677,CL00544,2024-01-21,Materiel,resolu,1.0
TK000678,CL00545,2024-12-14,Reseau,ouvert,
TK000679,CL00545,2025-11-26,Reseau,resolu,13.0
TK000680,CL00546,2024-08-23,Facturation,resolu,1.0
TK000681,CL00548,2025-02-04,Reseau,resolu,1.0
TK000682,CL00549,2024-09-16,Reseau,resolu,2.0
TK000683,CL00554,2025-10-21,Reseau,ouvert,
TK000684,CL00556,2024-06-10,Reseau,resolu,5.0
TK000685,CL00558,2024-09-10,Reseau,resolu,5.0
TK000686,CL00558,2024-09-12,Reseau,abandonne,13.0
TK000687,CL00558,2025-02-02,Reseau,resolu,1.0
TK000688,CL00558,2025-08-16,Reseau,abandonne,2.0
TK000689,CL00558,2025-02-01,Facturation,ouvert,
TK000690,CL00558,2025-06-15,Materiel,resolu,1.0
TK000691,CL00558,2025-08-11,Reseau,resolu,1.0
TK000692,CL00560,2025-10-25,Offre,resolu,6.0
TK000693,CL00562,2024-12-15,Reseau,resolu,2.0
TK000694,CL00562,2025-08-30,Facturation,resolu,-2.0
TK000695,CL00564,2024-07-09,Offre,resolu,1.0
TK000696,CL00564,2024-04-29,Facturation,abandonne,13.0
TK000697,CL00564,2024-09-05,Offre,resolu,-1.0
TK000698,CL00564,2024-02-16,Offre,abandonne,1.0
TK000699,CL00564,2025-01-10,Materiel,ouvert,
TK000700,CL00564,2024-01-11,Reseau,abandonne,21.0
TK000701,CL00565,2025-12-06,Reseau,abandonne,1.0
TK000702,CL00565,2024-03-11,Facturation,ouvert,
TK000703,CL00567,2024-04-22,Reseau,resolu,2.0
TK000704,CL00569,2025-04-03,Reseau,abandonne,8.0
TK000705,CL00569,2025-05-13,Facturation,resolu,1.0
TK000706,CL00569,2025-07-15,Facturation,resolu,2.0
TK000707,CL00570,2024-05-22,Facturation,resolu,4.0
TK000708,CL00570,2024-08-08,Reseau,ouvert,
TK000709,CL00570,2024-02-08,Facturation,abandonne,11.0
TK000710,CL00570,2024-12-02,Reseau,abandonne,5.0
TK000711,CL00570,2024-08-09,Reseau,resolu,15.0
TK000712,CL00570,2024-01-01,Facturation,abandonne,5.0
TK000713,CL00571,2024-11-16,Reseau,resolu,1.0
TK000714,CL00572,2024-11-17,Facturation,resolu,5.0
TK000715,CL00573,2025-11-05,Offre,resolu,2.0
TK000716,CL00573,2025-08-15,Facturation,resolu,2.0
TK000717,CL00574,2024-04-18,Reseau,resolu,1.0
TK000718,CL00574,2025-04-06,Reseau,ouvert,
TK000719,CL00575,2024-02-13,Offre,resolu,17.0
TK000720,CL00577,2024-07-01,Reseau,ouvert,
TK000721,CL00577,2025-05-13,Offre,ouvert,
TK000722,CL00578,2025-09-03,Facturation,resolu,2.0
TK000723,CL00578,2025-11-18,Facturation,resolu,10.0
TK000724,CL00580,2025-08-17,Facturation,resolu,6.0
TK000725,CL00581,2025-09-14,Facturation,resolu,6.0
TK000726,CL00581,2025-06-30,Facturation,resolu,1.0
TK000727,CL00584,2025-06-04,Facturation,resolu,5.0
TK000728,CL00585,2024-12-26,Reseau,ouvert,
TK000729,CL00585,2024-12-27,Materiel,ouvert,
TK000730,CL00586,2024-02-16,Materiel,resolu,-1.0
TK000731,CL00590,2024-07-22,Facturation,ouvert,
TK000732,CL00590,2024-05-16,Offre,ouvert,
TK000733,CL00592,2025-06-27,Reseau,resolu,1.0
TK000734,CL00592,2025-05-25,Reseau,ouvert,
TK000735,CL00592,2025-11-15,Facturation,ouvert,
TK000736,CL00593,2025-10-15,Materiel,resolu,9.0
TK000737,CL00593,2025-11-15,Materiel,resolu,1.0
TK000738,CL00594,2025-03-08,Facturation,resolu,3.0
TK000739,CL00594,2025-06-17,Facturation,resolu,2.0
TK000740,CL00594,2025-09-09,Reseau,resolu,9.0
TK000741,CL00596,2024-01-30,Materiel,resolu,1.0
TK000742,CL00597,2024-07-23,Facturation,abandonne,3.0
TK000743,CL00597,2024-09-23,Offre,ouvert,
TK000744,CL00597,2024-10-18,Reseau,ouvert,
TK000745,CL00601,2025-08-28,Materiel,resolu,2.0
TK000746,CL00601,2025-06-16,Facturation,ouvert,
TK000747,CL00601,2025-07-15,Reseau,resolu,2.0
TK000748,CL00604,2025-02-20,Materiel,ouvert,
TK000749,CL00604,2025-10-23,Offre,ouvert,
TK000750,CL00606,2024-03-11,Materiel,resolu,1.0
TK000751,CL00607,2025-05-18,Materiel,resolu,4.0
TK000752,CL00607,2024-11-07,Reseau,resolu,1.0
TK000753,CL00610,2025-11-15,Facturation,resolu,12.0
TK000754,CL00610,2025-02-15,Reseau,resolu,7.0
TK000755,CL00610,2024-04-01,Facturation,ouvert,
TK000756,CL00612,2024-02-26,Reseau,abandonne,1.0
TK000757,CL00614,2024-01-17,Offre,resolu,-5.0
TK000758,CL00615,2025-12-02,Offre,resolu,7.0
TK000759,CL00616,2024-12-05,Offre,resolu,3.0
TK000760,CL00617,2025-04-25,Offre,ouvert,
TK000761,CL00617,2024-09-04,Reseau,resolu,2.0
TK000762,CL00617,2025-01-22,Facturation,ouvert,
TK000763,CL00619,2024-08-24,Facturation,resolu,7.0
TK000764,CL00619,2025-07-05,Reseau,resolu,1.0
TK000765,CL00620,2025-05-07,Facturation,resolu,1.0
TK000766,CL00620,2024-04-15,Reseau,ouvert,
TK000767,CL00622,2024-11-23,Materiel,ouvert,
TK000768,CL00622,2025-02-09,Reseau,resolu,1.0
TK000769,CL00622,2024-10-13,Materiel,resolu,1.0
TK000770,CL00622,2024-09-30,Facturation,resolu,3.0
TK000771,CL00624,2024-02-07,Facturation,resolu,3.0
TK000772,CL00625,2025-10-18,Offre,resolu,4.0
TK000773,CL00625,2025-09-20,Facturation,resolu,3.0
TK000774,CL00625,2025-10-03,Facturation,resolu,6.0
TK000775,CL00627,2025-01-21,Reseau,resolu,1.0
TK000776,CL00628,2024-12-11,Offre,abandonne,1.0
TK000777,CL00628,2024-12-23,Facturation,abandonne,14.0
TK000778,CL00629,2024-03-01,Reseau,resolu,1.0
TK000779,CL00631,2024-10-25,Reseau,resolu,3.0
TK000780,CL00631,2024-11-10,Facturation,resolu,3.0
TK000781,CL00632,2024-01-03,Facturation,abandonne,4.0
TK000782,CL00632,2024-02-05,Reseau,abandonne,2.0
TK000783,CL00633,2025-08-02,Materiel,resolu,1.0
TK000784,CL00633,2024-10-04,Facturation,resolu,1.0
TK000785,CL00634,2024-09-19,Facturation,ouvert,
TK000786,CL00634,2024-07-02,Reseau,ouvert,
TK000787,CL00635,2025-09-27,Reseau,resolu,6.0
TK000788,CL00637,2025-09-10,Offre,resolu,2.0
TK000789,CL00638,2024-06-06,Reseau,resolu,3.0
TK000790,CL00640,2024-02-08,Reseau,ouvert,
TK000791,CL00641,2025-05-02,Reseau,resolu,7.0
TK000792,CL00643,2025-04-24,Facturation,ouvert,
TK000793,CL00649,2025-06-30,Reseau,resolu,1.0
TK000794,CL00651,2025-01-12,Facturation,resolu,2.0
TK000795,CL00651,2024-09-25,Reseau,resolu,1.0
TK000796,CL00652,2025-11-09,Reseau,ouvert,
TK000797,CL00657,2024-01-13,Reseau,resolu,2.0
TK000798,CL00658,2025-03-17,Reseau,resolu,4.0
TK000799,CL00659,2024-04-27,Offre,resolu,-3.0
TK000800,CL00659,2024-05-10,Facturation,resolu,12.0
TK000801,CL00660,2025-05-12,Facturation,resolu,4.0
TK000802,CL00663,2025-09-05,Facturation,abandonne,26.0
TK000803,CL00664,2025-03-02,Reseau,resolu,5.0
TK000804,CL00666,2024-04-10,Facturation,abandonne,9.0
TK000805,CL00666,2024-03-13,Reseau,resolu,6.0
TK000806,CL00668,2024-07-13,Reseau,abandonne,24.0
TK000807,CL00669,2024-12-16,Reseau,resolu,1.0
TK000808,CL00670,2025-03-27,Reseau,resolu,3.0
TK000809,CL00670,2025-06-05,Reseau,resolu,3.0
TK000810,CL00670,2025-02-28,Reseau,abandonne,5.0
TK000811,CL00670,2024-06-10,Materiel,resolu,8.0
TK000812,CL00670,2024-07-24,Reseau,ouvert,
TK000813,CL00672,2025-08-24,Offre,ouvert,
TK000814,CL00672,2024-05-04,Facturation,resolu,3.0
TK000815,CL00672,2025-08-10,Facturation,resolu,1.0
TK000816,CL00673,2025-01-04,Reseau,abandonne,12.0
TK000817,CL00673,2025-07-18,Reseau,ouvert,
TK000818,CL00673,2025-07-07,Reseau,resolu,2.0
TK000819,CL00675,2025-11-23,Offre,resolu,1.0
TK000820,CL00676,2024-06-10,Offre,ouvert,
TK000821,CL00677,2024-03-25,Facturation,resolu,1.0
TK000822,CL00677,2024-02-08,Offre,ouvert,
TK000823,CL00677,2024-03-11,Facturation,resolu,7.0
TK000824,CL00678,2025-10-02,Materiel,resolu,6.0
TK000825,CL00678,2025-10-04,Reseau,resolu,3.0
TK000826,CL00679,2024-01-09,Facturation,resolu,3.0
TK000827,CL00679,2024-03-12,Facturation,ouvert,
TK000828,CL00679,2024-02-13,Materiel,ouvert,
TK000829,CL00679,2024-01-30,Reseau,ouvert,
TK000830,CL00680,2025-10-11,Materiel,resolu,1.0
TK000831,CL00681,2024-11-13,Reseau,resolu,1.0
TK000832,CL00682,2025-07-01,Facturation,resolu,4.0
TK000833,CL00682,2025-04-04,Offre,ouvert,
TK000834,CL00683,2024-07-16,Facturation,resolu,1.0
TK000835,CL00683,2024-09-14,Facturation,resolu,3.0
TK000836,CL00684,2025-04-15,Reseau,resolu,-2.0
TK000837,CL00685,2024-12-28,Offre,resolu,2.0
TK000838,CL00686,2025-11-03,Facturation,ouvert,
TK000839,CL00689,2024-06-05,Facturation,resolu,-1.0
TK000840,CL00691,2024-12-23,Facturation,abandonne,1.0
TK000841,CL00691,2024-12-14,Offre,resolu,1.0
TK000842,CL00691,2024-08-13,Offre,abandonne,15.0
TK000843,CL00692,2025-05-31,Reseau,resolu,11.0
TK000844,CL00694,2025-06-26,Materiel,resolu,5.0
TK000845,CL00695,2024-05-16,Facturation,resolu,1.0
TK000846,CL00695,2024-08-30,Offre,resolu,5.0
TK000847,CL00696,2024-08-10,Reseau,abandonne,1.0
TK000848,CL00696,2024-10-09,Materiel,resolu,-4.0
TK000849,CL00696,2024-09-29,Reseau,resolu,2.0
TK000850,CL00696,2024-11-01,Reseau,abandonne,9.0
TK000851,CL00698,2025-12-20,Facturation,resolu,4.0
TK000852,CL00700,2025-05-15,Materiel,ouvert,
TK000853,CL00700,2024-03-30,Offre,resolu,1.0
TK000854,CL00700,2024-01-28,Materiel,ouvert,
TK000855,CL00700,2024-12-06,Reseau,abandonne,1.0
TK000856,CL00700,2024-06-18,Reseau,ouvert,
TK000857,CL00701,2025-04-04,Materiel,resolu,1.0
TK000858,CL00704,2024-10-14,Facturation,ouvert,
TK000859,CL00706,2025-02-13,Facturation,resolu,1.0
TK000860,CL00708,2025-06-05,Reseau,ouvert,
TK000861,CL00709,2025-08-20,Offre,resolu,4.0
TK000862,CL00711,2025-06-04,Reseau,resolu,4.0
TK000863,CL00711,2024-01-13,Materiel,resolu,1.0
TK000864,CL00711,2024-04-19,Reseau,resolu,5.0
TK000865,CL00711,2025-04-11,Offre,resolu,17.0
TK000866,CL00712,2024-02-06,Facturation,abandonne,13.0
TK000867,CL00712,2024-04-23,Facturation,ouvert,
TK000868,CL00715,2024-11-13,Facturation,ouvert,
TK000869,CL00716,2025-08-26,Facturation,resolu,3.0
TK000870,CL00717,2024-03-16,Facturation,resolu,1.0
TK000871,CL00717,2025-03-09,Offre,abandonne,8.0
TK000872,CL00718,2024-10-11,Facturation,resolu,1.0
TK000873,CL00719,2024-04-05,Reseau,resolu,-6.0
TK000874,CL00720,2025-03-20,Reseau,ouvert,
TK000875,CL00721,2025-04-03,Reseau,resolu,11.0
TK000876,CL00726,2025-12-10,Facturation,resolu,6.0
TK000877,CL00727,2025-08-01,Offre,abandonne,6.0
TK000878,CL00727,2024-12-16,Reseau,resolu,1.0
TK000879,CL00729,2025-08-21,Materiel,resolu,2.0
TK000880,CL00730,2024-03-28,Reseau,resolu,5.0
TK000881,CL00730,2024-01-30,Reseau,abandonne,6.0
TK000882,CL00730,2024-04-06,Reseau,ouvert,
TK000883,CL00731,2024-07-03,Reseau,ouvert,
TK000884,CL00731,2024-12-22,Reseau,ouvert,
TK000885,CL00731,2024-04-24,Materiel,ouvert,
TK000886,CL00731,2025-04-12,Reseau,abandonne,2.0
TK000887,CL00731,2024-08-09,Materiel,abandonne,2.0
TK000888,CL00732,2025-01-30,Facturation,abandonne,6.0
TK000889,CL00732,2024-05-24,Facturation,abandonne,14.0
TK000890,CL00732,2024-03-23,Materiel,resolu,1.0
TK000891,CL00732,2025-01-22,Offre,abandonne,22.0
TK000892,CL00733,2025-08-05,Reseau,resolu,5.0
TK000893,CL00734,2025-07-15,Offre,resolu,1.0
TK000894,CL00734,2025-11-13,Facturation,ouvert,
TK000895,CL00734,2025-10-31,Facturation,resolu,5.0
TK000896,CL00735,2024-03-21,Materiel,ouvert,
TK000897,CL00735,2024-10-07,Facturation,ouvert,
TK000898,CL00737,2025-05-08,Materiel,resolu,2.0
TK000899,CL00737,2024-02-04,Facturation,resolu,2.0
TK000900,CL00738,2025-11-28,Facturation,resolu,1.0
TK000901,CL00739,2024-04-27,Offre,ouvert,
TK000902,CL00739,2024-03-05,Reseau,abandonne,14.0
TK000903,CL00740,2025-09-28,Reseau,resolu,1.0
TK000904,CL00740,2025-12-24,Facturation,ouvert,
TK000905,CL00742,2025-01-14,Offre,resolu,8.0
TK000906,CL00742,2025-02-14,Reseau,resolu,1.0
TK000907,CL00743,2024-03-17,Facturation,resolu,2.0
TK000908,CL00743,2024-02-07,Facturation,ouvert,
TK000909,CL00743,2024-02-11,Reseau,resolu,1.0
TK000910,CL00743,2024-01-30,Facturation,resolu,15.0
TK000911,CL00743,2024-01-17,Facturation,abandonne,7.0
TK000912,CL00743,2024-01-13,Offre,abandonne,7.0
TK000913,CL00744,2025-08-18,Materiel,resolu,2.0
TK000914,CL00744,2025-04-14,Reseau,resolu,1.0
TK000915,CL00746,2025-10-26,Reseau,resolu,1.0
TK000916,CL00748,2024-06-26,Reseau,resolu,10.0
TK000917,CL00749,2025-02-15,Facturation,abandonne,5.0
TK000918,CL00749,2025-03-19,Facturation,abandonne,3.0
TK000919,CL00751,2024-01-22,Offre,ouvert,
TK000920,CL00751,2024-04-16,Reseau,ouvert,
TK000921,CL00751,2024-02-19,Facturation,abandonne,8.0
TK000922,CL00752,2025-09-30,Facturation,resolu,5.0
TK000923,CL00753,2024-02-14,Offre,resolu,5.0
TK000924,CL00753,2024-10-11,Facturation,ouvert,
TK000925,CL00753,2024-04-08,Facturation,ouvert,
TK000926,CL00753,2024-07-11,Offre,ouvert,
TK000927,CL00753,2024-10-14,Offre,ouvert,
TK000928,CL00754,2025-01-19,Facturation,resolu,1.0
TK000929,CL00754,2024-11-11,Reseau,resolu,1.0
TK000930,CL00755,2024-08-15,Facturation,abandonne,8.0
TK000931,CL00755,2025-02-06,Materiel,resolu,2.0
TK000932,CL00755,2025-01-10,Offre,abandonne,1.0
TK000933,CL00755,2024-11-22,Offre,resolu,5.0
TK000934,CL00756,2024-05-21,Reseau,resolu,4.0
TK000935,CL00757,2025-06-27,Facturation,ouvert,
TK000936,CL00757,2024-01-22,Facturation,resolu,3.0
TK000937,CL00758,2025-06-22,Offre,ouvert,
TK000938,CL00758,2024-10-21,Reseau,ouvert,
TK000939,CL00758,2025-10-15,Facturation,abandonne,2.0
TK000940,CL00759,2024-11-01,Offre,resolu,1.0
TK000941,CL00760,2024-07-30,Reseau,resolu,2.0
TK000942,CL00760,2024-08-11,Facturation,ouvert,
TK000943,CL00760,2024-04-06,Reseau,ouvert,
TK000944,CL00762,2024-10-29,Reseau,abandonne,4.0
TK000945,CL00762,2024-08-10,Reseau,abandonne,2.0
TK000946,CL00762,2024-03-16,Reseau,ouvert,
TK000947,CL00764,2024-02-04,Offre,abandonne,10.0
TK000948,CL00764,2024-12-03,Reseau,ouvert,
TK000949,CL00764,2024-09-30,Reseau,abandonne,9.0
TK000950,CL00764,2024-07-24,Offre,abandonne,5.0
TK000951,CL00764,2024-03-30,Reseau,ouvert,
TK000952,CL00765,2025-09-12,Facturation,resolu,6.0
TK000953,CL00765,2025-10-23,Facturation,ouvert,
TK000954,CL00766,2024-08-25,Materiel,ouvert,
TK000955,CL00766,2025-05-07,Offre,resolu,1.0
TK000956,CL00766,2024-12-19,Offre,resolu,1.0
TK000957,CL00767,2025-10-06,Facturation,resolu,1.0
TK000958,CL00770,2025-03-03,Facturation,resolu,2.0
TK000959,CL00770,2024-11-14,Reseau,abandonne,1.0
TK000960,CL00770,2024-12-11,Reseau,ouvert,
TK000961,CL00771,2024-01-25,Facturation,resolu,16.0
TK000962,CL00771,2024-11-24,Facturation,resolu,2.0
TK000963,CL00771,2024-12-07,Reseau,resolu,2.0
TK000964,CL00772,2025-11-22,Facturation,resolu,1.0
TK000965,CL00772,2025-10-17,Materiel,resolu,7.0
TK000966,CL00772,2024-06-19,Offre,resolu,1.0
TK000967,CL00773,2025-12-17,Reseau,ouvert,
TK000968,CL00779,2025-07-10,Reseau,resolu,2.0
TK000969,CL00780,2025-12-31,Offre,ouvert,
TK000970,CL00780,2024-08-29,Facturation,resolu,5.0
TK000971,CL00782,2024-05-21,Materiel,abandonne,6.0
TK000972,CL00782,2024-09-09,Offre,resolu,2.0
TK000973,CL00784,2025-06-24,Reseau,resolu,17.0
TK000974,CL00785,2025-11-11,Offre,resolu,1.0
TK000975,CL00785,2025-07-23,Reseau,ouvert,
TK000976,CL00785,2025-10-18,Facturation,resolu,4.0
TK000977,CL00785,2025-10-01,Materiel,abandonne,12.0
TK000978,CL00785,2025-05-21,Facturation,ouvert,
TK000979,CL00789,2024-05-05,Offre,ouvert,
TK000980,CL00789,2024-03-29,Reseau,abandonne,7.0
TK000981,CL00789,2024-02-07,Reseau,ouvert,
TK000982,CL00790,2024-05-19,Reseau,ouvert,
TK000983,CL00790,2024-09-30,Materiel,abandonne,-12.0
TK000984,CL00790,2025-06-02,Reseau,abandonne,4.0
TK000985,CL00790,2025-05-02,Reseau,ouvert,
TK000986,CL00791,2025-12-09,Facturation,resolu,2.0
TK000987,CL00792,2025-03-21,Reseau,abandonne,1.0
TK000988,CL00793,2025-06-12,Offre,resolu,1.0
TK000989,CL00793,2025-04-30,Reseau,resolu,5.0
TK000990,CL00795,2024-02-13,Reseau,ouvert,
TK000991,CL00795,2024-02-02,Offre,resolu,1.0
TK000992,CL00797,2024-05-29,Facturation,resolu,1.0
TK000993,CL00798,2024-05-09,Materiel,ouvert,
TK000994,CL00798,2024-09-18,Facturation,abandonne,9.0
TK000995,CL00798,2024-03-28,Offre,resolu,11.0
TK000996,CL00800,2025-11-06,Offre,resolu,1.0
TK000997,CL00801,2025-06-20,Reseau,resolu,3.0
TK000998,CL00802,2024-08-23,Offre,abandonne,6.0
TK000999,CL00803,2024-10-24,Facturation,resolu,-5.0
TK001000,CL00803,2024-01-03,Facturation,resolu,1.0
TK001001,CL00805,2025-09-23,Facturation,resolu,1.0
TK001002,CL00805,2024-10-29,Reseau,resolu,2.0
TK001003,CL00807,2025-11-10,Facturation,ouvert,
TK001004,CL00807,2025-09-13,Reseau,ouvert,
TK001005,CL00807,2025-04-20,Offre,resolu,16.0
TK001006,CL00808,2024-02-20,Reseau,resolu,7.0
TK001007,CL00808,2024-02-11,Reseau,resolu,-6.0
TK001008,CL00808,2024-01-03,Reseau,ouvert,
TK001009,CL00808,2024-01-11,Reseau,resolu,11.0
TK001010,CL00809,2024-11-06,Offre,resolu,1.0
TK001011,CL00811,2025-01-03,Reseau,abandonne,5.0
TK001012,CL00811,2025-01-24,Offre,resolu,3.0
TK001013,CL00812,2025-10-02,Reseau,resolu,3.0
TK001014,CL00812,2025-05-07,Reseau,resolu,1.0
TK001015,CL00814,2025-10-31,Facturation,resolu,-6.0
TK001016,CL00815,2024-07-06,Facturation,ouvert,
TK001017,CL00815,2024-08-18,Reseau,ouvert,
TK001018,CL00815,2024-07-13,Facturation,abandonne,20.0
TK001019,CL00815,2024-06-11,Offre,ouvert,
TK001020,CL00818,2025-11-14,Facturation,abandonne,1.0
TK001021,CL00818,2025-10-05,Reseau,resolu,7.0
TK001022,CL00818,2025-11-08,Materiel,ouvert,
TK001023,CL00819,2025-02-27,Offre,resolu,2.0
TK001024,CL00820,2025-11-23,Reseau,resolu,5.0
TK001025,CL00821,2024-12-26,Reseau,resolu,2.0
TK001026,CL00822,2025-07-20,Reseau,resolu,1.0
TK001027,CL00822,2025-06-11,Facturation,resolu,9.0
TK001028,CL00823,2025-08-23,Reseau,ouvert,
TK001029,CL00823,2025-07-09,Reseau,abandonne,37.0
TK001030,CL00823,2025-09-15,Reseau,ouvert,
TK001031,CL00823,2025-10-11,Reseau,ouvert,
TK001032,CL00825,2025-07-28,Facturation,resolu,-6.0
TK001033,CL00826,2024-03-28,Facturation,ouvert,
TK001034,CL00826,2024-05-31,Reseau,ouvert,
TK001035,CL00826,2024-06-11,Offre,ouvert,
TK001036,CL00826,2024-07-27,Facturation,abandonne,1.0
TK001037,CL00826,2024-07-31,Reseau,abandonne,14.0
TK001038,CL00826,2024-04-09,Reseau,abandonne,10.0
TK001039,CL00826,2024-06-18,Reseau,ouvert,
TK001040,CL00826,2024-03-24,Reseau,abandonne,1.0
TK001041,CL00827,2025-07-19,Materiel,resolu,9.0
TK001042,CL00830,2025-12-05,Facturation,abandonne,50.0
TK001043,CL00830,2025-08-30,Facturation,resolu,2.0
TK001044,CL00831,2025-05-20,Materiel,abandonne,18.0
TK001045,CL00831,2025-05-09,Facturation,ouvert,
TK001046,CL00831,2025-05-18,Offre,ouvert,
TK001047,CL00831,2025-07-22,Reseau,abandonne,11.0
TK001048,CL00832,2024-02-14,Reseau,ouvert,
TK001049,CL00832,2024-03-22,Offre,ouvert,
TK001050,CL00837,2025-09-26,Offre,resolu,1.0
TK001051,CL00838,2025-12-16,Facturation,resolu,3.0
TK001052,CL00838,2025-04-02,Reseau,abandonne,8.0
TK001053,CL00839,2024-03-11,Facturation,resolu,7.0
TK001054,CL00839,2024-03-01,Reseau,abandonne,5.0
TK001055,CL00839,2024-04-01,Offre,ouvert,
TK001056,CL00839,2024-07-23,Facturation,abandonne,1.0
TK001057,CL00840,2025-08-30,Facturation,ouvert,
TK001058,CL00844,2025-09-17,Reseau,ouvert,
TK001059,CL00847,2025-09-24,Reseau,abandonne,1.0
TK001060,CL00847,2024-10-19,Facturation,abandonne,10.0
TK001061,CL00847,2025-01-24,Materiel,ouvert,
TK001062,CL00849,2024-10-29,Facturation,ouvert,
TK001063,CL00849,2024-07-04,Reseau,abandonne,1.0
TK001064,CL00850,2025-09-11,Facturation,resolu,4.0
TK001065,CL00851,2025-08-20,Facturation,ouvert,
TK001066,CL00851,2025-10-12,Reseau,ouvert,
TK001067,CL00851,2025-10-03,Facturation,ouvert,
TK001068,CL00851,2025-09-03,Reseau,abandonne,5.0
TK001069,CL00852,2024-12-05,Facturation,abandonne,6.0
TK001070,CL00852,2025-03-28,Materiel,resolu,8.0
TK001071,CL00854,2025-11-30,Reseau,abandonne,5.0
TK001072,CL00855,2024-11-29,Facturation,abandonne,5.0
TK001073,CL00857,2024-12-31,Materiel,resolu,2.0
TK001074,CL00858,2024-02-09,Offre,resolu,2.0
TK001075,CL00858,2024-12-22,Facturation,abandonne,2.0
TK001076,CL00858,2024-07-04,Reseau,resolu,1.0
TK001077,CL00858,2025-01-23,Offre,ouvert,
TK001078,CL00860,2025-04-19,Reseau,abandonne,15.0
TK001079,CL00860,2025-01-17,Reseau,ouvert,
TK001080,CL00862,2024-03-13,Reseau,resolu,11.0
TK001081,CL00866,2025-03-26,Reseau,abandonne,3.0
TK001082,CL00867,2025-05-22,Reseau,ouvert,
TK001083,CL00869,2025-04-27,Reseau,resolu,1.0
TK001084,CL00869,2025-05-22,Facturation,abandonne,10.0
TK001085,CL00869,2025-02-19,Facturation,abandonne,2.0
TK001086,CL00871,2025-08-31,Reseau,resolu,3.0
TK001087,CL00872,2025-04-09,Materiel,ouvert,
TK001088,CL00872,2024-01-25,Materiel,abandonne,6.0
TK001089,CL00872,2024-04-22,Reseau,ouvert,
TK001090,CL00872,2025-01-18,Facturation,ouvert,
TK001091,CL00875,2024-12-27,Materiel,resolu,1.0
TK001092,CL00876,2025-10-19,Offre,abandonne,56.0
TK001093,CL00876,2025-11-13,Materiel,ouvert,
TK001094,CL00876,2025-11-07,Facturation,ouvert,
TK001095,CL00876,2025-12-10,Reseau,resolu,1.0
TK001096,CL00876,2025-11-15,Facturation,ouvert,
TK001097,CL00877,2024-02-22,Offre,ouvert,
TK001098,CL00877,2024-01-09,Facturation,resolu,1.0
TK001099,CL00878,2025-05-23,Facturation,resolu,1.0
TK001100,CL00878,2025-09-18,Offre,ouvert,
TK001101,CL00880,2025-10-31,Offre,ouvert,
TK001102,CL00881,2024-06-09,Facturation,abandonne,6.0
TK001103,CL00881,2024-12-03,Reseau,abandonne,10.0
TK001104,CL00882,2024-10-10,Reseau,abandonne,1.0
TK001105,CL00883,2024-08-19,Facturation,abandonne,6.0
TK001106,CL00883,2024-03-28,Offre,resolu,1.0
TK001107,CL00885,2024-03-22,Offre,ouvert,
TK001108,CL00885,2024-03-24,Reseau,abandonne,7.0
TK001109,CL00885,2024-02-15,Materiel,resolu,1.0
TK001110,CL00886,2024-07-19,Reseau,abandonne,5.0
TK001111,CL00886,2024-05-12,Reseau,ouvert,
TK001112,CL00886,2024-09-20,Reseau,ouvert,
TK001113,CL00886,2024-06-17,Materiel,ouvert,
TK001114,CL00887,2025-10-06,Offre,resolu,11.0
TK001115,CL00887,2025-11-14,Offre,resolu,6.0
TK001116,CL00890,2025-09-30,Reseau,ouvert,
TK001117,CL00891,2025-04-06,Facturation,resolu,3.0
TK001118,CL00891,2025-11-19,Facturation,resolu,4.0
TK001119,CL00893,2024-04-12,Facturation,ouvert,
TK001120,CL00893,2024-03-08,Reseau,abandonne,1.0
TK001121,CL00896,2024-11-09,Facturation,ouvert,
TK001122,CL00896,2024-08-03,Reseau,ouvert,
TK001123,CL00898,2025-11-17,Reseau,resolu,4.0
TK001124,CL00899,2025-04-22,Facturation,resolu,1.0
TK001125,CL00901,2025-10-06,Facturation,resolu,1.0
TK001126,CL00902,2025-10-01,Reseau,resolu,4.0
TK001127,CL00903,2025-09-04,Facturation,resolu,1.0
TK001128,CL00903,2025-10-21,Reseau,resolu,1.0
TK001129,CL00903,2025-12-28,Offre,resolu,1.0
TK001130,CL00903,2025-01-02,Reseau,resolu,6.0
TK001131,CL00904,2025-09-06,Facturation,resolu,1.0
TK001132,CL00905,2025-10-01,Reseau,resolu,8.0
TK001133,CL00908,2024-07-10,Reseau,resolu,7.0
TK001134,CL00908,2024-05-21,Materiel,resolu,1.0
TK001135,CL00909,2024-01-26,Reseau,resolu,4.0
TK001136,CL00909,2024-01-16,Reseau,ouvert,
TK001137,CL00910,2025-05-01,Offre,resolu,11.0
TK001138,CL00910,2025-07-01,Reseau,ouvert,
TK001139,CL00911,2024-07-20,Reseau,abandonne,6.0
TK001140,CL00911,2025-02-02,Reseau,resolu,1.0
TK001141,CL00912,2025-10-27,Facturation,resolu,1.0
TK001142,CL00914,2024-12-10,Facturation,resolu,9.0
TK001143,CL00915,2025-02-22,Reseau,ouvert,
TK001144,CL00915,2025-01-18,Materiel,resolu,1.0
TK001145,CL00915,2025-01-18,Facturation,ouvert,
TK001146,CL00915,2025-01-22,Reseau,abandonne,1.0
TK001147,CL00915,2025-02-15,Materiel,abandonne,6.0
TK001148,CL00916,2025-03-31,Offre,ouvert,
TK001149,CL00918,2024-04-23,Offre,resolu,1.0
TK001150,CL00920,2024-03-04,Materiel,ouvert,
TK001151,CL00920,2024-02-07,Facturation,abandonne,8.0
TK001152,CL00920,2024-01-04,Offre,ouvert,
TK001153,CL00921,2025-03-24,Offre,resolu,1.0
TK001154,CL00922,2025-03-05,Reseau,resolu,1.0
TK001155,CL00922,2025-09-20,Facturation,resolu,7.0
TK001156,CL00923,2025-10-09,Reseau,resolu,1.0
TK001157,CL00925,2024-10-17,Facturation,resolu,-9.0
TK001158,CL00925,2024-09-11,Facturation,ouvert,
TK001159,CL00926,2025-03-22,Reseau,abandonne,9.0
TK001160,CL00926,2025-03-15,Facturation,resolu,16.0
TK001161,CL00926,2025-04-01,Reseau,ouvert,
TK001162,CL00926,2024-12-19,Facturation,ouvert,
TK001163,CL00926,2025-03-07,Materiel,resolu,9.0
TK001164,CL00926,2025-01-22,Facturation,abandonne,17.0
TK001165,CL00927,2025-02-12,Facturation,resolu,1.0
TK001166,CL00927,2025-04-26,Facturation,resolu,8.0
TK001167,CL00928,2024-11-13,Facturation,resolu,4.0
TK001168,CL00929,2024-04-05,Facturation,ouvert,
TK001169,CL00930,2025-11-07,Materiel,ouvert,
TK001170,CL00930,2025-03-10,Materiel,resolu,1.0
TK001171,CL00930,2024-07-07,Materiel,resolu,2.0
TK001172,CL00930,2024-03-04,Facturation,resolu,3.0
TK001173,CL00932,2024-06-21,Facturation,ouvert,
TK001174,CL00932,2024-08-22,Offre,resolu,7.0
TK001175,CL00932,2024-11-25,Materiel,ouvert,
TK001176,CL00932,2025-01-04,Reseau,ouvert,
TK001177,CL00934,2025-04-12,Reseau,resolu,2.0
TK001178,CL00934,2025-12-12,Offre,resolu,4.0
TK001179,CL00936,2024-03-19,Reseau,ouvert,
TK001180,CL00937,2025-05-02,Materiel,ouvert,
TK001181,CL00937,2025-01-26,Reseau,resolu,3.0
TK001182,CL00938,2025-10-26,Reseau,resolu,1.0
TK001183,CL00939,2024-12-03,Facturation,ouvert,
TK001184,CL00939,2024-06-24,Offre,resolu,1.0
TK001185,CL00940,2025-01-21,Offre,resolu,-1.0
TK001186,CL00940,2024-04-25,Reseau,resolu,-2.0
TK001187,CL00943,2024-08-30,Facturation,resolu,3.0
TK001188,CL00944,2025-03-03,Reseau,resolu,8.0
TK001189,CL00945,2024-10-13,Reseau,resolu,2.0
TK001190,CL00948,2024-08-26,Facturation,ouvert,
TK001191,CL00948,2024-10-13,Reseau,abandonne,3.0
TK001192,CL00948,2024-11-19,Reseau,ouvert,
TK001193,CL00950,2025-05-17,Offre,resolu,1.0
TK001194,CL00950,2025-03-31,Offre,ouvert,
TK001195,CL00951,2024-05-28,Reseau,resolu,6.0
TK001196,CL00951,2024-06-11,Offre,resolu,1.0
TK001197,CL00955,2024-07-15,Materiel,abandonne,1.0
TK001198,CL00956,2024-06-20,Facturation,resolu,1.0
TK001199,CL00958,2024-02-24,Materiel,resolu,11.0
TK001200,CL00959,2025-12-21,Facturation,resolu,1.0
TK001201,CL00960,2025-06-02,Reseau,abandonne,39.0
TK001202,CL00960,2025-06-23,Facturation,abandonne,14.0
TK001203,CL00963,2024-11-07,Offre,abandonne,2.0
TK001204,CL00963,2025-01-05,Facturation,abandonne,-1.0
TK001205,CL00963,2024-09-29,Facturation,ouvert,
TK001206,CL00963,2024-09-27,Materiel,abandonne,3.0
TK001207,CL00963,2024-09-07,Reseau,resolu,-5.0
TK001208,CL00963,2024-12-11,Facturation,resolu,3.0
TK001209,CL00964,2025-05-21,Facturation,ouvert,
TK001210,CL00964,2024-01-15,Facturation,abandonne,54.0
TK001211,CL00965,2025-11-24,Facturation,ouvert,
TK001212,CL00965,2025-09-29,Facturation,abandonne,1.0
TK001213,CL00965,2025-06-12,Materiel,resolu,1.0
TK001214,CL00965,2025-11-03,Facturation,ouvert,
TK001215,CL00965,2025-07-08,Facturation,resolu,1.0
TK001216,CL00965,2025-10-10,Reseau,ouvert,
TK001217,CL00967,2025-09-07,Offre,resolu,3.0
TK001218,CL00968,2025-02-14,Offre,resolu,2.0
TK001219,CL00968,2025-10-21,Offre,resolu,1.0
TK001220,CL00971,2025-03-24,Reseau,resolu,1.0
TK001221,CL00972,2024-08-09,Facturation,ouvert,
TK001222,CL00972,2024-04-18,Reseau,ouvert,
TK001223,CL00972,2024-07-02,Reseau,ouvert,
TK001224,CL00973,2024-07-25,Reseau,ouvert,
TK001225,CL00975,2025-11-08,Reseau,abandonne,1.0
TK001226,CL00976,2025-08-14,Offre,resolu,1.0
TK001227,CL00977,2025-09-30,Facturation,resolu,1.0
TK001228,CL00977,2025-09-25,Materiel,resolu,1.0
TK001229,CL00977,2025-10-31,Reseau,resolu,1.0
TK001230,CL00977,2025-10-24,Materiel,resolu,3.0
TK001231,CL00978,2024-10-03,Reseau,resolu,1.0
TK001232,CL00979,2024-01-10,Reseau,ouvert,
TK001233,CL00979,2024-11-11,Facturation,resolu,5.0
TK001234,CL00979,2024-01-11,Facturation,resolu,2.0
TK001235,CL00979,2024-12-25,Reseau,resolu,1.0
TK001236,CL00979,2024-09-20,Offre,ouvert,
TK001237,CL00981,2025-08-08,Materiel,resolu,1.0
TK001238,CL00981,2024-09-19,Reseau,resolu,1.0
TK001239,CL00982,2024-06-28,Offre,resolu,10.0
TK001240,CL00982,2024-08-14,Reseau,resolu,1.0
TK001241,CL00983,2024-04-18,Materiel,ouvert,
TK001242,CL00984,2025-12-25,Facturation,resolu,1.0
TK001243,CL00984,2025-12-17,Reseau,ouvert,
TK001244,CL00984,2025-10-04,Reseau,resolu,3.0
TK001245,CL00985,2025-09-05,Reseau,abandonne,5.0
TK001246,CL00985,2025-11-09,Materiel,resolu,4.0
TK001247,CL00986,2024-08-28,Reseau,resolu,5.0
TK001248,CL00987,2025-12-07,Offre,resolu,1.0
TK001249,CL00987,2024-11-14,Reseau,resolu,1.0
TK001250,CL00991,2024-12-22,Facturation,resolu,1.0
TK001251,CL00991,2024-06-16,Offre,ouvert,
TK001252,CL00992,2024-04-14,Offre,ouvert,
TK001253,CL00992,2024-03-20,Reseau,abandonne,10.0
TK001254,CL00992,2024-04-07,Facturation,abandonne,4.0
TK001255,CL00993,2025-08-18,Materiel,abandonne,36.0
TK001256,CL00993,2025-09-15,Reseau,ouvert,
TK001257,CL00995,2025-10-31,Facturation,abandonne,11.0
TK001258,CL00995,2025-10-17,Reseau,ouvert,
TK001259,CL00995,2024-11-25,Facturation,abandonne,6.0
TK001260,CL00997,2025-04-07,Offre,resolu,5.0
TK001261,CL00997,2024-06-20,Reseau,resolu,16.0
TK001262,CL00997,2025-11-25,Offre,resolu,1.0
TK001263,CL00998,2024-09-27,Facturation,resolu,1.0
TK001264,CL00999,2024-05-24,Reseau,resolu,1.0
TK001265,CL00999,2024-06-27,Offre,resolu,1.0
TK001266,CL00999,2024-05-29,Reseau,abandonne,12.0
TK001267,CL01000,2025-10-27,Offre,resolu,5.0
TK001268,CL01000,2025-06-23,Reseau,abandonne,3.0
TK001269,CL01002,2025-12-04,Offre,ouvert,
TK001270,CL01003,2024-07-21,Facturation,abandonne,19.0
TK001271,CL01004,2025-08-10,Offre,resolu,1.0
TK001272,CL01004,2025-04-03,Reseau,resolu,1.0
TK001273,CL01006,2024-06-22,Materiel,abandonne,5.0
TK001274,CL01006,2024-01-02,Offre,ouvert,
TK001275,CL01007,2025-05-23,Offre,abandonne,5.0
TK001276,CL01007,2025-04-13,Reseau,ouvert,
TK001277,CL01007,2025-01-06,Facturation,ouvert,
TK001278,CL01007,2025-02-04,Facturation,resolu,5.0
TK001279,CL01007,2024-10-06,Facturation,resolu,7.0
TK001280,CL01010,2025-05-09,Reseau,abandonne,8.0
TK001281,CL01011,2024-12-11,Facturation,resolu,1.0
TK001282,CL01013,2024-02-16,Facturation,resolu,5.0
TK001283,CL01014,2024-09-28,Reseau,resolu,3.0
TK001284,CL01016,2024-01-02,Reseau,resolu,1.0
TK001285,CL01017,2025-09-29,Reseau,resolu,2.0
TK001286,CL01017,2025-07-08,Offre,resolu,2.0
TK001287,CL01018,2025-07-15,Reseau,abandonne,14.0
TK001288,CL01018,2025-10-26,Reseau,ouvert,
TK001289,CL01018,2025-07-04,Materiel,resolu,12.0
TK001290,CL01018,2025-10-02,Materiel,ouvert,
TK001291,CL01018,2025-09-06,Facturation,abandonne,6.0
TK001292,CL01021,2024-03-19,Reseau,ouvert,
TK001293,CL01022,2025-11-24,Reseau,resolu,1.0
TK001294,CL01022,2025-08-24,Offre,resolu,16.0
TK001295,CL01023,2025-01-06,Reseau,resolu,9.0
TK001296,CL01023,2024-11-26,Reseau,abandonne,3.0
TK001297,CL01024,2024-06-08,Reseau,ouvert,
TK001298,CL01025,2024-05-15,Reseau,ouvert,
TK001299,CL01025,2024-09-10,Facturation,resolu,1.0
TK001300,CL01025,2024-06-20,Offre,resolu,7.0
TK001301,CL01026,2024-06-16,Offre,resolu,1.0
TK001302,CL01026,2025-05-10,Materiel,resolu,1.0
TK001303,CL01027,2024-04-17,Offre,resolu,2.0
TK001304,CL01028,2024-10-20,Offre,ouvert,
TK001305,CL01030,2024-08-28,Materiel,resolu,5.0
TK001306,CL01030,2024-05-23,Facturation,ouvert,
TK001307,CL01030,2024-05-30,Reseau,resolu,5.0
TK001308,CL01033,2025-04-11,Materiel,resolu,10.0
TK001309,CL01034,2025-07-14,Materiel,resolu,1.0
TK001310,CL01035,2025-12-27,Materiel,resolu,10.0
TK001311,CL01036,2024-04-20,Reseau,resolu,-2.0
TK001312,CL01036,2024-03-27,Facturation,abandonne,3.0
TK001313,CL01037,2025-04-15,Offre,resolu,3.0
TK001314,CL01038,2025-10-17,Facturation,abandonne,3.0
TK001315,CL01040,2024-01-04,Facturation,ouvert,
TK001316,CL01040,2024-01-04,Facturation,ouvert,
TK001317,CL01040,2024-01-04,Materiel,ouvert,
TK001318,CL01040,2024-01-03,Reseau,resolu,1.0
TK001319,CL01041,2025-04-07,Offre,abandonne,23.0
TK001320,CL01042,2024-03-01,Reseau,resolu,1.0
TK001321,CL01042,2024-06-05,Materiel,resolu,6.0
TK001322,CL01044,2025-12-29,Facturation,resolu,2.0
TK001323,CL01047,2024-08-06,Facturation,ouvert,
TK001324,CL01047,2024-01-04,Offre,abandonne,7.0
TK001325,CL01047,2025-03-21,Reseau,resolu,4.0
TK001326,CL01048,2024-02-22,Materiel,ouvert,
TK001327,CL01048,2024-04-10,Reseau,resolu,3.0
TK001328,CL01049,2024-07-26,Reseau,ouvert,
TK001329,CL01050,2025-06-24,Reseau,resolu,3.0
TK001330,CL01051,2024-11-05,Reseau,abandonne,1.0
TK001331,CL01052,2025-10-20,Reseau,resolu,6.0
TK001332,CL01052,2025-12-15,Reseau,resolu,1.0
TK001333,CL01053,2025-10-01,Offre,resolu,1.0
TK001334,CL01054,2025-03-19,Offre,resolu,5.0
TK001335,CL01056,2024-01-04,Materiel,abandonne,29.0
TK001336,CL01056,2024-01-02,Facturation,ouvert,
TK001337,CL01056,2024-01-17,Facturation,abandonne,2.0
TK001338,CL01056,2024-01-15,Reseau,resolu,15.0
TK001339,CL01056,2024-01-09,Facturation,abandonne,3.0
TK001340,CL01057,2024-09-04,Reseau,resolu,3.0
TK001341,CL01058,2025-03-26,Materiel,resolu,1.0
TK001342,CL01059,2025-10-28,Offre,ouvert,
TK001343,CL01061,2024-03-10,Facturation,resolu,1.0
TK001344,CL01062,2025-06-23,Reseau,resolu,1.0
TK001345,CL01064,2025-08-13,Facturation,ouvert,
TK001346,CL01067,2024-04-17,Reseau,resolu,1.0
TK001347,CL01068,2025-12-19,Offre,resolu,13.0
TK001348,CL01068,2025-06-19,Facturation,resolu,1.0
TK001349,CL01072,2025-04-20,Materiel,resolu,1.0
TK001350,CL01073,2024-03-22,Offre,resolu,3.0
TK001351,CL01073,2024-05-10,Reseau,ouvert,
TK001352,CL01075,2024-04-28,Reseau,ouvert,
TK001353,CL01075,2025-03-02,Reseau,ouvert,
TK001354,CL01075,2024-01-15,Reseau,abandonne,6.0
TK001355,CL01075,2024-12-14,Facturation,ouvert,
TK001356,CL01075,2024-02-08,Materiel,abandonne,8.0
TK001357,CL01075,2024-09-24,Offre,ouvert,
TK001358,CL01075,2024-10-26,Reseau,abandonne,8.0
TK001359,CL01076,2024-12-22,Reseau,ouvert,
TK001360,CL01076,2025-02-11,Facturation,abandonne,12.0
TK001361,CL01076,2024-05-11,Facturation,abandonne,21.0
TK001362,CL01081,2025-04-22,Facturation,resolu,1.0
TK001363,CL01081,2024-12-07,Reseau,resolu,1.0
TK001364,CL01081,2025-02-13,Offre,resolu,1.0
TK001365,CL01081,2025-10-17,Reseau,abandonne,16.0
TK001366,CL01081,2024-12-21,Reseau,resolu,1.0
TK001367,CL01083,2024-01-18,Reseau,resolu,9.0
TK001368,CL01084,2025-01-25,Facturation,abandonne,9.0
TK001369,CL01084,2024-05-09,Offre,abandonne,-1.0
TK001370,CL01084,2025-05-07,Facturation,resolu,9.0
TK001371,CL01084,2024-12-12,Reseau,resolu,2.0
TK001372,CL01085,2025-04-18,Offre,abandonne,46.0
TK001373,CL01085,2024-09-06,Reseau,resolu,3.0
TK001374,CL01086,2024-05-03,Facturation,resolu,1.0
TK001375,CL01086,2024-03-09,Facturation,resolu,2.0
TK001376,CL01086,2024-07-09,Reseau,resolu,12.0
TK001377,CL01087,2024-02-04,Reseau,resolu,1.0
TK001378,CL01087,2024-02-10,Facturation,abandonne,5.0
TK001379,CL01088,2025-10-13,Offre,resolu,4.0
TK001380,CL01090,2024-12-16,Materiel,resolu,2.0
TK001381,CL01091,2025-10-24,Reseau,ouvert,
TK001382,CL01093,2025-04-08,Facturation,resolu,8.0
TK001383,CL01093,2024-02-07,Reseau,resolu,7.0
TK001384,CL01095,2024-12-13,Facturation,abandonne,1.0
TK001385,CL01095,2025-04-26,Reseau,abandonne,9.0
TK001386,CL01095,2025-04-18,Reseau,ouvert,
TK001387,CL01095,2024-05-09,Reseau,ouvert,
TK001388,CL01097,2025-04-03,Materiel,resolu,1.0
TK001389,CL01099,2025-11-26,Reseau,resolu,1.0
TK001390,CL01099,2025-09-16,Reseau,ouvert,
TK001391,CL01099,2025-10-19,Facturation,abandonne,1.0
TK001392,CL01101,2025-10-15,Materiel,ouvert,
TK001393,CL01102,2025-04-14,Facturation,resolu,1.0
TK001394,CL01103,2024-10-15,Facturation,abandonne,5.0
TK001395,CL01103,2025-05-25,Offre,resolu,1.0
TK001396,CL01104,2025-11-09,Facturation,ouvert,
TK001397,CL01104,2025-07-04,Reseau,ouvert,
TK001398,CL01105,2025-07-02,Facturation,ouvert,
TK001399,CL01105,2025-08-27,Reseau,resolu,11.0
TK001400,CL01105,2025-07-25,Facturation,ouvert,
TK001401,CL01107,2024-05-15,Offre,ouvert,
TK001402,CL01107,2024-04-26,Reseau,abandonne,38.0
TK001403,CL01107,2024-02-06,Materiel,resolu,1.0
TK001404,CL01107,2024-10-05,Facturation,ouvert,
TK001405,CL01107,2024-08-26,Materiel,ouvert,
TK001406,CL01108,2024-01-11,Facturation,ouvert,
TK001407,CL01109,2024-02-11,Reseau,ouvert,
TK001408,CL01111,2024-11-16,Facturation,resolu,1.0
TK001409,CL01112,2024-10-12,Materiel,resolu,10.0
TK001410,CL01112,2024-02-02,Facturation,resolu,1.0
TK001411,CL01113,2025-11-07,Facturation,resolu,1.0
TK001412,CL01114,2025-06-01,Reseau,resolu,2.0
TK001413,CL01115,2024-08-18,Offre,resolu,4.0
TK001414,CL01116,2025-09-27,Reseau,resolu,2.0
TK001415,CL01116,2025-09-24,Facturation,ouvert,
TK001416,CL01117,2025-02-02,Reseau,resolu,1.0
TK001417,CL01119,2024-04-01,Facturation,ouvert,
TK001418,CL01119,2024-03-23,Materiel,ouvert,
TK001419,CL01119,2024-01-20,Reseau,ouvert,
TK001420,CL01119,2024-01-30,Reseau,resolu,2.0
TK001421,CL01123,2025-09-01,Reseau,ouvert,
TK001422,CL01125,2025-01-30,Facturation,resolu,2.0
TK001423,CL01126,2025-10-13,Facturation,resolu,1.0
TK001424,CL01127,2025-05-23,Offre,resolu,2.0
TK001425,CL01128,2025-01-22,Materiel,resolu,1.0
TK001426,CL01130,2025-03-17,Facturation,resolu,7.0
TK001427,CL01131,2025-12-14,Facturation,resolu,1.0
TK001428,CL01132,2024-05-06,Reseau,ouvert,
TK001429,CL01133,2025-02-27,Reseau,ouvert,
TK001430,CL01134,2025-11-24,Reseau,abandonne,9.0
TK001431,CL01134,2025-09-01,Offre,ouvert,
TK001432,CL01136,2025-05-17,Facturation,resolu,1.0
TK001433,CL01136,2025-10-08,Materiel,ouvert,
TK001434,CL01137,2024-05-26,Materiel,ouvert,
TK001435,CL01137,2024-11-15,Reseau,resolu,2.0
TK001436,CL01137,2024-06-09,Reseau,abandonne,15.0
TK001437,CL01137,2024-07-06,Reseau,abandonne,23.0
TK001438,CL01138,2025-07-24,Materiel,resolu,1.0
TK001439,CL01138,2025-09-10,Reseau,resolu,1.0
TK001440,CL01139,2025-04-13,Facturation,resolu,5.0
TK001441,CL01139,2024-05-13,Facturation,abandonne,8.0
TK001442,CL01139,2024-06-08,Reseau,abandonne,6.0
TK001443,CL01140,2025-07-01,Reseau,resolu,-1.0
TK001444,CL01141,2025-01-21,Reseau,resolu,11.0
TK001445,CL01141,2025-03-28,Reseau,ouvert,
TK001446,CL01141,2025-03-22,Materiel,ouvert,
TK001447,CL01141,2025-01-05,Facturation,abandonne,14.0
TK001448,CL01142,2024-05-24,Reseau,resolu,2.0
TK001449,CL01143,2025-01-08,Reseau,abandonne,11.0
TK001450,CL01144,2024-01-12,Offre,resolu,5.0
TK001451,CL01144,2024-01-11,Offre,resolu,9.0
TK001452,CL01145,2024-10-19,Reseau,resolu,3.0
TK001453,CL01146,2025-01-08,Materiel,resolu,1.0
TK001454,CL01146,2025-04-09,Facturation,ouvert,
TK001455,CL01147,2024-01-23,Facturation,resolu,6.0
TK001456,CL01147,2024-03-31,Offre,ouvert,
TK001457,CL01149,2024-10-18,Offre,ouvert,
TK001458,CL01149,2024-10-14,Facturation,ouvert,
TK001459,CL01149,2025-01-31,Reseau,resolu,1.0
TK001460,CL01151,2025-05-04,Facturation,resolu,1.0
TK001461,CL01152,2024-07-06,Offre,resolu,1.0
TK001462,CL01153,2025-03-29,Reseau,resolu,3.0
TK001463,CL01153,2025-02-23,Facturation,resolu,4.0
TK001464,CL01153,2025-03-09,Reseau,resolu,4.0
TK001465,CL01154,2025-10-26,Reseau,ouvert,
TK001466,CL01154,2025-11-12,Facturation,resolu,7.0
TK001467,CL01154,2025-12-12,Offre,ouvert,
TK001468,CL01156,2025-12-09,Reseau,resolu,4.0
TK001469,CL01157,2025-07-13,Facturation,resolu,2.0
TK001470,CL01157,2024-09-01,Reseau,resolu,4.0
TK001471,CL01157,2024-04-29,Reseau,abandonne,18.0
TK001472,CL01157,2025-09-26,Reseau,ouvert,
TK001473,CL01157,2024-07-27,Facturation,abandonne,4.0
TK001474,CL01158,2024-02-10,Reseau,resolu,1.0
TK001475,CL01158,2024-11-08,Facturation,resolu,2.0
TK001476,CL01161,2025-08-19,Materiel,resolu,3.0
TK001477,CL01161,2025-08-29,Facturation,resolu,1.0
TK001478,CL01162,2024-03-15,Reseau,ouvert,
TK001479,CL01162,2024-04-13,Reseau,resolu,-4.0
TK001480,CL01162,2024-04-15,Facturation,ouvert,
TK001481,CL01162,2024-03-16,Reseau,resolu,13.0
TK001482,CL01162,2024-03-26,Reseau,ouvert,
TK001483,CL01162,2024-03-12,Offre,ouvert,
TK001484,CL01163,2024-04-06,Facturation,resolu,4.0
TK001485,CL01164,2025-07-25,Materiel,resolu,9.0
TK001486,CL01165,2024-09-01,Reseau,ouvert,
TK001487,CL01165,2024-05-16,Materiel,resolu,1.0
TK001488,CL01165,2024-06-23,Offre,abandonne,14.0
TK001489,CL01165,2024-05-22,Facturation,abandonne,8.0
TK001490,CL01167,2025-05-05,Reseau,resolu,1.0
TK001491,CL01167,2024-01-31,Reseau,resolu,8.0
TK001492,CL01167,2024-06-11,Reseau,ouvert,
TK001493,CL01168,2024-09-11,Reseau,ouvert,
TK001494,CL01168,2025-08-29,Reseau,resolu,5.0
TK001495,CL01171,2025-12-20,Reseau,ouvert,
TK001496,CL01171,2025-12-02,Offre,resolu,2.0
TK001497,CL01173,2025-05-22,Facturation,resolu,2.0
TK001498,CL01174,2024-06-23,Reseau,ouvert,
TK001499,CL01176,2024-04-27,Reseau,resolu,4.0
TK001500,CL01178,2025-08-24,Offre,resolu,3.0
TK001501,CL01179,2024-07-20,Reseau,resolu,5.0
TK001502,CL01179,2024-09-11,Materiel,ouvert,
TK001503,CL01180,2024-09-10,Reseau,abandonne,-5.0
TK001504,CL01180,2024-08-30,Reseau,abandonne,23.0
TK001505,CL01180,2025-03-15,Materiel,abandonne,1.0
TK001506,CL01182,2024-01-13,Offre,ouvert,
TK001507,CL01182,2024-01-25,Offre,resolu,3.0
TK001508,CL01182,2024-01-28,Reseau,ouvert,
TK001509,CL01182,2024-01-01,Reseau,ouvert,
TK001510,CL01182,2024-01-26,Materiel,abandonne,6.0
TK001511,CL01182,2024-01-26,Reseau,ouvert,
TK001512,CL01183,2024-05-20,Materiel,resolu,6.0
TK001513,CL01186,2025-12-09,Facturation,resolu,1.0
TK001514,CL01188,2024-08-20,Offre,resolu,3.0
TK001515,CL01189,2024-01-10,Offre,resolu,1.0
TK001516,CL01190,2025-01-22,Reseau,resolu,3.0
TK001517,CL01192,2025-08-19,Reseau,resolu,1.0
TK001518,CL01192,2025-04-16,Reseau,resolu,4.0
TK001519,CL01193,2025-10-13,Facturation,ouvert,
TK001520,CL01194,2025-05-17,Reseau,ouvert,
TK001521,CL01195,2025-07-08,Offre,resolu,7.0
TK001522,CL01195,2025-09-30,Materiel,resolu,9.0
TK001523,CL01197,2024-08-27,Reseau,abandonne,6.0
TK001524,CL01197,2025-03-06,Facturation,resolu,1.0
TK001525,CL01197,2024-09-25,Offre,ouvert,
TK001526,CL01198,2025-07-08,Offre,resolu,1.0
TK001527,CL01199,2025-01-17,Facturation,resolu,10.0
TK001528,CL01202,2024-10-07,Reseau,abandonne,30.0
TK001529,CL01203,2024-04-25,Reseau,abandonne,6.0
TK001530,CL01204,2025-08-12,Materiel,ouvert,
TK001531,CL01206,2025-07-25,Materiel,resolu,9.0
TK001532,CL01208,2024-06-18,Offre,resolu,3.0
TK001533,CL01209,2025-05-22,Facturation,ouvert,
TK001534,CL01210,2025-12-08,Offre,resolu,4.0
TK001535,CL01212,2025-07-30,Offre,resolu,2.0
TK001536,CL01212,2024-09-03,Facturation,resolu,14.0
TK001537,CL01212,2024-08-29,Facturation,ouvert,
TK001538,CL01212,2025-06-15,Reseau,ouvert,
TK001539,CL01212,2024-10-07,Facturation,abandonne,3.0
TK001540,CL01213,2025-12-29,Reseau,resolu,1.0
TK001541,CL01215,2025-05-17,Offre,resolu,5.0
TK001542,CL01217,2024-04-12,Reseau,ouvert,
TK001543,CL01217,2024-03-29,Materiel,ouvert,
TK001544,CL01217,2024-05-03,Reseau,resolu,1.0
TK001545,CL01220,2024-07-02,Facturation,resolu,1.0
TK001546,CL01220,2024-02-22,Reseau,abandonne,15.0
TK001547,CL01220,2024-05-09,Offre,ouvert,
TK001548,CL01220,2024-04-01,Facturation,abandonne,2.0
TK001549,CL01221,2025-09-22,Offre,ouvert,
TK001550,CL01222,2024-10-03,Facturation,resolu,6.0
TK001551,CL01223,2024-11-10,Reseau,abandonne,11.0
TK001552,CL01223,2025-02-15,Reseau,ouvert,
TK001553,CL01223,2024-11-08,Facturation,resolu,1.0
TK001554,CL01223,2025-01-31,Offre,abandonne,20.0
TK001555,CL01227,2025-05-01,Reseau,resolu,2.0
TK001556,CL01228,2025-09-16,Materiel,ouvert,
TK001557,CL01229,2024-06-28,Offre,resolu,3.0
TK001558,CL01230,2024-09-09,Reseau,resolu,1.0
TK001559,CL01231,2024-08-25,Facturation,resolu,1.0
TK001560,CL01231,2024-09-30,Offre,resolu,2.0
TK001561,CL01232,2025-06-24,Facturation,resolu,1.0
TK001562,CL01232,2025-07-28,Offre,resolu,1.0
TK001563,CL01234,2025-02-24,Offre,resolu,1.0
TK001564,CL01235,2025-03-05,Materiel,ouvert,
TK001565,CL01236,2024-04-04,Facturation,resolu,8.0
TK001566,CL01237,2025-06-27,Reseau,resolu,3.0
TK001567,CL01239,2024-08-13,Materiel,resolu,1.0
TK001568,CL01240,2024-06-29,Materiel,ouvert,
TK001569,CL01240,2024-03-26,Facturation,abandonne,14.0
TK001570,CL01240,2024-06-22,Offre,abandonne,10.0
TK001571,CL01241,2025-02-03,Offre,resolu,1.0
TK001572,CL01242,2025-01-11,Facturation,ouvert,
TK001573,CL01243,2025-08-17,Reseau,resolu,1.0
TK001574,CL01243,2025-04-06,Reseau,ouvert,
TK001575,CL01243,2024-07-17,Reseau,ouvert,
TK001576,CL01244,2025-09-11,Facturation,resolu,3.0
TK001577,CL01244,2025-01-04,Reseau,resolu,3.0
TK001578,CL01245,2024-07-26,Facturation,resolu,7.0
TK001579,CL01247,2025-09-30,Offre,resolu,1.0
TK001580,CL01247,2025-12-27,Reseau,resolu,9.0
TK001581,CL01248,2025-08-19,Facturation,resolu,1.0
TK001582,CL01249,2025-10-26,Materiel,abandonne,5.0
TK001583,CL01249,2025-11-30,Reseau,ouvert,
TK001584,CL01251,2025-05-13,Offre,abandonne,2.0
TK001585,CL01252,2024-12-04,Offre,resolu,2.0
TK001586,CL01252,2025-12-27,Reseau,ouvert,
TK001587,CL01255,2024-06-01,Materiel,resolu,-4.0
TK001588,CL01255,2024-06-05,Offre,ouvert,
TK001589,CL01255,2024-03-25,Reseau,abandonne,4.0
TK001590,CL01255,2024-06-27,Facturation,ouvert,
TK001591,CL01256,2024-12-28,Offre,resolu,1.0
TK001592,CL01257,2024-08-15,Reseau,resolu,4.0
TK001593,CL01257,2024-02-28,Reseau,abandonne,7.0
TK001594,CL01257,2025-02-23,Materiel,ouvert,
TK001595,CL01258,2024-08-16,Reseau,ouvert,
TK001596,CL01258,2024-05-25,Offre,ouvert,
TK001597,CL01259,2024-07-07,Reseau,resolu,1.0
TK001598,CL01259,2025-02-23,Offre,resolu,1.0
TK001599,CL01260,2024-06-15,Facturation,ouvert,
TK001600,CL01261,2025-09-25,Facturation,abandonne,2.0
TK001601,CL01265,2024-06-27,Reseau,resolu,2.0
TK001602,CL01266,2025-04-21,Facturation,ouvert,
TK001603,CL01267,2025-10-16,Offre,ouvert,
TK001604,CL01267,2025-12-20,Facturation,ouvert,
TK001605,CL01269,2025-04-12,Offre,resolu,7.0
TK001606,CL01269,2025-07-21,Materiel,resolu,6.0
TK001607,CL01269,2025-12-19,Reseau,resolu,4.0
TK001608,CL01269,2025-07-30,Reseau,resolu,4.0
TK001609,CL01269,2025-07-08,Reseau,resolu,9.0
TK001610,CL01269,2025-05-20,Offre,ouvert,
TK001611,CL01272,2025-07-08,Reseau,resolu,5.0
TK001612,CL01273,2024-08-22,Facturation,ouvert,
TK001613,CL01273,2025-03-04,Offre,resolu,1.0
TK001614,CL01276,2025-09-18,Materiel,resolu,1.0
TK001615,CL01277,2025-01-17,Reseau,resolu,1.0
TK001616,CL01278,2024-11-29,Reseau,resolu,1.0
TK001617,CL01279,2025-12-29,Facturation,ouvert,
TK001618,CL01280,2025-08-29,Facturation,resolu,2.0
TK001619,CL01280,2025-10-18,Offre,resolu,1.0
TK001620,CL01280,2025-09-22,Materiel,abandonne,2.0
TK001621,CL01280,2025-07-21,Facturation,ouvert,
TK001622,CL01281,2025-08-31,Reseau,abandonne,5.0
TK001623,CL01283,2024-01-02,Facturation,ouvert,
TK001624,CL01283,2024-02-29,Materiel,resolu,1.0
TK001625,CL01283,2024-06-02,Materiel,resolu,3.0
TK001626,CL01283,2024-07-14,Offre,resolu,4.0
TK001627,CL01284,2024-01-27,Materiel,abandonne,23.0
TK001628,CL01284,2024-03-02,Reseau,ouvert,
TK001629,CL01284,2024-04-02,Offre,resolu,7.0
TK001630,CL01284,2024-03-18,Materiel,ouvert,
TK001631,CL01284,2024-06-20,Facturation,ouvert,
TK001632,CL01285,2025-08-17,Materiel,resolu,1.0
TK001633,CL01285,2025-11-07,Materiel,ouvert,
TK001634,CL01285,2025-07-25,Facturation,abandonne,3.0
TK001635,CL01285,2025-11-06,Facturation,resolu,14.0
TK001636,CL01285,2025-12-09,Facturation,resolu,2.0
TK001637,CL01286,2024-05-30,Reseau,resolu,4.0
TK001638,CL01286,2024-04-07,Reseau,resolu,11.0
TK001639,CL01289,2025-04-13,Offre,abandonne,11.0
TK001640,CL01290,2025-07-17,Materiel,resolu,2.0
TK001641,CL01290,2025-02-19,Facturation,abandonne,40.0
TK001642,CL01290,2024-03-02,Facturation,resolu,7.0
TK001643,CL01292,2025-09-19,Offre,resolu,3.0
TK001644,CL01292,2025-09-24,Reseau,abandonne,4.0
TK001645,CL01292,2025-07-28,Facturation,resolu,4.0
TK001646,CL01292,2025-10-30,Facturation,ouvert,
TK001647,CL01293,2024-05-05,Facturation,resolu,2.0
TK001648,CL01294,2025-02-25,Facturation,abandonne,11.0
TK001649,CL01294,2025-03-22,Offre,abandonne,22.0
TK001650,CL01294,2024-10-25,Offre,abandonne,11.0
TK001651,CL01296,2025-08-03,Offre,abandonne,20.0
TK001652,CL01297,2024-01-22,Facturation,ouvert,
TK001653,CL01297,2025-05-14,Facturation,resolu,1.0
TK001654,CL01298,2025-06-08,Offre,ouvert,
TK001655,CL01298,2025-03-21,Offre,abandonne,6.0
TK001656,CL01298,2024-08-18,Reseau,ouvert,
TK001657,CL01299,2025-02-01,Facturation,ouvert,
TK001658,CL01299,2025-10-05,Reseau,resolu,6.0
TK001659,CL01303,2025-08-31,Reseau,ouvert,
TK001660,CL01303,2025-03-21,Facturation,ouvert,
TK001661,CL01303,2025-03-26,Materiel,abandonne,13.0
TK001662,CL01304,2025-05-09,Facturation,resolu,1.0
TK001663,CL01305,2025-05-01,Offre,resolu,3.0
TK001664,CL01307,2024-10-02,Offre,resolu,5.0
TK001665,CL01308,2025-03-28,Reseau,resolu,2.0
TK001666,CL01309,2025-01-04,Facturation,resolu,4.0
TK001667,CL01310,2025-09-04,Facturation,resolu,1.0
TK001668,CL01311,2025-08-13,Materiel,resolu,1.0
TK001669,CL01311,2025-08-21,Facturation,resolu,2.0
TK001670,CL01311,2025-12-12,Offre,resolu,1.0
TK001671,CL01312,2024-12-07,Offre,resolu,7.0
TK001672,CL01312,2024-03-03,Reseau,abandonne,19.0
TK001673,CL01312,2025-02-10,Facturation,abandonne,19.0
TK001674,CL01313,2024-02-29,Reseau,ouvert,
TK001675,CL01314,2025-11-22,Facturation,ouvert,
TK001676,CL01314,2025-11-11,Reseau,ouvert,
TK001677,CL01319,2025-03-29,Reseau,resolu,1.0
TK001678,CL01320,2025-01-26,Materiel,ouvert,
TK001679,CL01321,2024-09-21,Offre,resolu,2.0
TK001680,CL01324,2025-10-29,Reseau,resolu,2.0
TK001681,CL01324,2025-11-15,Reseau,resolu,2.0
TK001682,CL01325,2024-08-10,Facturation,abandonne,58.0
TK001683,CL01325,2024-09-28,Reseau,ouvert,
TK001684,CL01325,2025-01-03,Reseau,abandonne,6.0
TK001685,CL01327,2025-11-11,Facturation,resolu,5.0
TK001686,CL01327,2025-04-03,Offre,ouvert,
TK001687,CL01328,2025-11-19,Offre,resolu,2.0
TK001688,CL01329,2025-04-30,Materiel,resolu,5.0
TK001689,CL01329,2025-04-03,Facturation,resolu,1.0
TK001690,CL01329,2025-02-02,Reseau,ouvert,
TK001691,CL01329,2025-02-26,Offre,resolu,5.0
TK001692,CL01332,2025-06-16,Reseau,resolu,6.0
TK001693,CL01332,2024-08-12,Facturation,resolu,1.0
TK001694,CL01335,2025-02-23,Offre,resolu,9.0
TK001695,CL01335,2024-04-20,Reseau,resolu,1.0
TK001696,CL01336,2025-04-27,Offre,abandonne,3.0
TK001697,CL01336,2024-02-24,Reseau,ouvert,
TK001698,CL01336,2024-11-15,Reseau,resolu,20.0
TK001699,CL01340,2025-12-23,Materiel,resolu,1.0
TK001700,CL01341,2025-03-28,Reseau,resolu,4.0
TK001701,CL01341,2025-02-01,Materiel,resolu,6.0
TK001702,CL01341,2025-01-04,Facturation,ouvert,
TK001703,CL01341,2025-04-14,Reseau,resolu,14.0
TK001704,CL01341,2025-03-16,Facturation,abandonne,3.0
TK001705,CL01342,2024-05-12,Reseau,resolu,1.0
TK001706,CL01343,2025-07-11,Facturation,resolu,2.0
TK001707,CL01344,2025-06-28,Reseau,resolu,1.0
TK001708,CL01344,2025-07-29,Offre,resolu,4.0
TK001709,CL01344,2025-05-12,Offre,resolu,1.0
TK001710,CL01345,2024-04-26,Facturation,ouvert,
TK001711,CL01345,2025-01-29,Facturation,abandonne,16.0
TK001712,CL01345,2025-01-30,Reseau,abandonne,19.0
TK001713,CL01346,2024-04-01,Reseau,abandonne,1.0
TK001714,CL01346,2024-02-06,Reseau,ouvert,
TK001715,CL01346,2024-05-18,Offre,ouvert,
TK001716,CL01346,2024-02-10,Facturation,resolu,7.0
TK001717,CL01347,2025-07-18,Offre,resolu,6.0
TK001718,CL01347,2025-09-19,Reseau,abandonne,4.0
TK001719,CL01347,2025-10-28,Facturation,resolu,2.0
TK001720,CL01348,2025-12-12,Reseau,abandonne,8.0
TK001721,CL01348,2025-10-11,Facturation,ouvert,
TK001722,CL01349,2025-08-14,Offre,resolu,2.0
TK001723,CL01351,2024-04-26,Facturation,ouvert,
TK001724,CL01351,2024-02-25,Facturation,resolu,14.0
TK001725,CL01353,2025-07-01,Reseau,resolu,1.0
TK001726,CL01354,2025-08-31,Facturation,resolu,9.0
TK001727,CL01358,2025-04-26,Materiel,abandonne,1.0
TK001728,CL01359,2025-05-29,Offre,resolu,11.0
TK001729,CL01360,2025-08-11,Reseau,resolu,3.0
TK001730,CL01365,2025-03-20,Materiel,resolu,4.0
TK001731,CL01367,2025-09-28,Facturation,resolu,10.0
TK001732,CL01368,2024-02-07,Facturation,resolu,1.0
TK001733,CL01368,2024-10-31,Facturation,resolu,11.0
TK001734,CL01369,2025-08-14,Offre,resolu,2.0
TK001735,CL01370,2025-11-08,Facturation,resolu,1.0
TK001736,CL01372,2025-08-20,Reseau,resolu,1.0
TK001737,CL01374,2024-05-31,Reseau,ouvert,
TK001738,CL01374,2024-11-05,Reseau,ouvert,
TK001739,CL01374,2024-08-25,Reseau,ouvert,
TK001740,CL01374,2025-03-16,Offre,resolu,11.0
TK001741,CL01376,2025-11-24,Facturation,resolu,3.0
TK001742,CL01376,2025-11-23,Materiel,resolu,1.0
TK001743,CL01376,2025-09-10,Reseau,ouvert,
TK001744,CL01378,2025-10-20,Reseau,resolu,7.0
TK001745,CL01379,2025-11-24,Reseau,ouvert,
TK001746,CL01380,2025-03-20,Facturation,resolu,7.0
TK001747,CL01381,2025-11-09,Facturation,resolu,1.0
TK001748,CL01383,2025-07-28,Reseau,resolu,6.0
TK001749,CL01383,2024-05-05,Reseau,resolu,8.0
TK001750,CL01385,2024-04-03,Reseau,resolu,23.0
TK001751,CL01386,2025-04-23,Materiel,resolu,1.0
TK001752,CL01388,2025-01-20,Reseau,resolu,16.0
TK001753,CL01389,2024-03-26,Reseau,ouvert,
TK001754,CL01389,2025-02-10,Facturation,abandonne,7.0
TK001755,CL01389,2024-04-05,Reseau,abandonne,17.0
TK001756,CL01389,2024-05-25,Materiel,ouvert,
TK001757,CL01389,2024-10-15,Reseau,abandonne,14.0
TK001758,CL01390,2025-09-17,Facturation,resolu,4.0
TK001759,CL01393,2025-06-17,Facturation,resolu,9.0
TK001760,CL01394,2024-01-02,Reseau,ouvert,
TK001761,CL01395,2025-04-17,Offre,resolu,10.0
TK001762,CL01395,2025-06-03,Reseau,ouvert,
TK001763,CL01396,2025-07-30,Facturation,resolu,1.0
TK001764,CL01397,2025-09-09,Offre,ouvert,
TK001765,CL01397,2025-07-07,Facturation,ouvert,
TK001766,CL01397,2025-08-18,Facturation,resolu,5.0
TK001767,CL01397,2025-09-18,Materiel,abandonne,1.0
TK001768,CL01397,2025-05-23,Facturation,ouvert,
TK001769,CL01397,2025-09-01,Reseau,abandonne,11.0
TK001770,CL01398,2025-07-07,Facturation,ouvert,
TK001771,CL01398,2024-07-12,Reseau,abandonne,1.0
TK001772,CL01398,2025-03-07,Offre,ouvert,
TK001773,CL01398,2025-05-01,Reseau,ouvert,
TK001774,CL01398,2025-02-01,Offre,abandonne,15.0
TK001775,CL01399,2025-07-06,Facturation,ouvert,
TK001776,CL01399,2024-02-28,Offre,abandonne,6.0
TK001777,CL01399,2024-11-29,Reseau,abandonne,3.0
TK001778,CL01399,2024-01-31,Facturation,ouvert,
TK001779,CL01399,2024-12-19,Materiel,resolu,1.0
TK001780,CL01401,2024-02-10,Facturation,abandonne,4.0
TK001781,CL01401,2024-02-24,Offre,ouvert,
TK001782,CL01401,2024-04-01,Facturation,abandonne,4.0
TK001783,CL01402,2025-05-29,Reseau,resolu,1.0
TK001784,CL01404,2025-06-26,Offre,resolu,4.0
TK001785,CL01405,2025-09-12,Offre,resolu,2.0
TK001786,CL01405,2025-09-25,Reseau,resolu,11.0
TK001787,CL01406,2025-05-20,Offre,resolu,16.0
TK001788,CL01406,2025-07-01,Reseau,ouvert,
TK001789,CL01406,2025-12-28,Offre,resolu,1.0
TK001790,CL01407,2025-02-06,Offre,ouvert,
TK001791,CL01408,2024-06-18,Reseau,resolu,1.0
TK001792,CL01410,2024-08-25,Reseau,ouvert,
TK001793,CL01410,2024-12-03,Reseau,resolu,3.0
TK001794,CL01410,2024-04-14,Offre,ouvert,
TK001795,CL01411,2025-04-29,Facturation,resolu,7.0
TK001796,CL01413,2025-10-09,Facturation,resolu,7.0
TK001797,CL01414,2025-05-18,Facturation,resolu,1.0
TK001798,CL01417,2024-11-17,Reseau,resolu,2.0
TK001799,CL01420,2024-03-04,Reseau,resolu,1.0
TK001800,CL01421,2024-02-26,Reseau,ouvert,
TK001801,CL01421,2024-03-15,Reseau,abandonne,5.0
TK001802,CL01422,2024-01-21,Facturation,resolu,1.0
TK001803,CL01423,2024-04-28,Offre,resolu,7.0
TK001804,CL01423,2024-08-31,Offre,abandonne,1.0
TK001805,CL01424,2025-02-18,Offre,abandonne,36.0
TK001806,CL01425,2025-08-06,Offre,resolu,10.0
TK001807,CL01425,2025-10-27,Materiel,resolu,1.0
TK001808,CL01425,2025-08-12,Materiel,resolu,5.0
TK001809,CL01426,2024-11-05,Reseau,resolu,1.0
TK001810,CL01426,2024-08-14,Reseau,resolu,3.0
TK001811,CL01427,2025-07-10,Facturation,resolu,1.0
TK001812,CL01427,2025-02-14,Reseau,ouvert,
TK001813,CL01427,2025-06-11,Reseau,resolu,2.0
TK001814,CL01429,2024-01-27,Reseau,resolu,1.0
TK001815,CL01429,2025-05-08,Reseau,resolu,19.0
TK001816,CL01430,2025-07-18,Materiel,abandonne,15.0
TK001817,CL01432,2024-11-19,Reseau,resolu,4.0
TK001818,CL01434,2025-04-01,Offre,resolu,3.0
TK001819,CL01436,2025-06-20,Reseau,resolu,1.0
TK001820,CL01437,2024-12-03,Reseau,ouvert,
TK001821,CL01438,2024-11-04,Facturation,resolu,6.0
TK001822,CL01438,2024-11-30,Reseau,resolu,1.0
TK001823,CL01439,2025-01-17,Reseau,resolu,1.0
TK001824,CL01441,2024-05-03,Facturation,resolu,19.0
TK001825,CL01444,2024-09-13,Offre,ouvert,
TK001826,CL01444,2025-04-22,Reseau,ouvert,
TK001827,CL01444,2025-06-17,Reseau,resolu,1.0
TK001828,CL01444,2024-02-10,Facturation,ouvert,
TK001829,CL01444,2024-06-29,Facturation,resolu,9.0
TK001830,CL01444,2024-07-14,Offre,abandonne,14.0
TK001831,CL01447,2024-12-11,Materiel,abandonne,16.0
TK001832,CL01447,2024-10-23,Reseau,abandonne,6.0
TK001833,CL01450,2024-01-26,Facturation,resolu,5.0
TK001834,CL01450,2024-05-31,Reseau,abandonne,1.0
TK001835,CL01451,2024-03-17,Offre,resolu,12.0
TK001836,CL01451,2024-12-27,Reseau,resolu,2.0
TK001837,CL01452,2025-12-16,Materiel,ouvert,
TK001838,CL01452,2025-09-30,Reseau,resolu,-4.0
TK001839,CL01453,2025-11-30,Reseau,ouvert,
TK001840,CL01454,2024-05-12,Materiel,ouvert,
TK001841,CL01454,2024-10-07,Facturation,ouvert,
TK001842,CL01456,2025-08-31,Offre,resolu,1.0
TK001843,CL01456,2025-07-24,Reseau,resolu,9.0
TK001844,CL01456,2025-09-07,Materiel,abandonne,7.0
TK001845,CL01457,2024-06-02,Offre,resolu,2.0
TK001846,CL01458,2024-01-16,Materiel,ouvert,
TK001847,CL01458,2024-04-04,Materiel,ouvert,
TK001848,CL01458,2024-05-05,Facturation,resolu,2.0
TK001849,CL01459,2025-07-04,Facturation,resolu,1.0
TK001850,CL01459,2025-06-20,Facturation,abandonne,9.0
TK001851,CL01459,2025-07-07,Materiel,abandonne,14.0
TK001852,CL01459,2025-08-01,Materiel,ouvert,
TK001853,CL01459,2025-11-06,Materiel,resolu,4.0
TK001854,CL01460,2024-07-05,Reseau,resolu,1.0
TK001855,CL01460,2025-06-04,Offre,resolu,1.0
TK001856,CL01461,2024-11-29,Reseau,ouvert,
TK001857,CL01461,2025-02-25,Reseau,resolu,2.0
TK001858,CL01462,2025-12-06,Reseau,ouvert,
TK001859,CL01462,2025-12-05,Offre,abandonne,4.0
TK001860,CL01463,2024-04-17,Offre,ouvert,
TK001861,CL01465,2024-07-17,Facturation,ouvert,
TK001862,CL01465,2024-07-26,Materiel,resolu,2.0
TK001863,CL01465,2024-05-27,Reseau,ouvert,
TK001864,CL01465,2024-02-15,Reseau,abandonne,3.0
TK001865,CL01466,2024-08-10,Offre,resolu,3.0
TK001866,CL01466,2024-05-05,Facturation,resolu,3.0
TK001867,CL01467,2024-04-15,Materiel,ouvert,
TK001868,CL01467,2024-01-14,Reseau,resolu,-1.0
TK001869,CL01467,2025-02-20,Offre,ouvert,
TK001870,CL01468,2025-12-19,Reseau,resolu,2.0
TK001871,CL01470,2024-05-20,Reseau,abandonne,2.0
TK001872,CL01470,2024-07-16,Offre,resolu,1.0
TK001873,CL01470,2024-07-18,Reseau,resolu,1.0
TK001874,CL01470,2024-08-27,Reseau,abandonne,1.0
TK001875,CL01470,2024-05-08,Facturation,abandonne,14.0
TK001876,CL01470,2024-08-09,Reseau,abandonne,1.0
TK001877,CL01470,2024-07-10,Reseau,abandonne,1.0
TK001878,CL01470,2024-08-03,Materiel,resolu,1.0
TK001879,CL01472,2024-02-20,Facturation,ouvert,
TK001880,CL01472,2024-03-28,Facturation,ouvert,
TK001881,CL01472,2024-02-14,Facturation,resolu,2.0
TK001882,CL01473,2024-09-21,Reseau,abandonne,4.0
TK001883,CL01474,2025-03-19,Reseau,ouvert,
TK001884,CL01474,2025-02-15,Reseau,ouvert,
TK001885,CL01474,2025-09-21,Materiel,resolu,4.0
TK001886,CL01474,2025-05-15,Facturation,ouvert,
TK001887,CL01476,2024-10-21,Facturation,resolu,1.0
TK001888,CL01483,2025-12-13,Reseau,resolu,1.0
TK001889,CL01488,2024-10-27,Reseau,resolu,1.0
TK001890,CL01488,2024-09-27,Facturation,ouvert,
TK001891,CL01488,2025-03-22,Facturation,ouvert,
TK001892,CL01488,2024-10-01,Facturation,ouvert,
TK001893,CL01490,2025-06-15,Reseau,ouvert,
TK001894,CL01490,2024-05-17,Materiel,abandonne,14.0
TK001895,CL01492,2024-07-17,Reseau,abandonne,1.0
TK001896,CL01492,2024-07-17,Reseau,abandonne,1.0
TK001897,CL01492,2024-07-17,Reseau,abandonne,10.0
TK001898,CL01494,2025-08-29,Facturation,resolu,3.0
TK001899,CL01494,2025-07-13,Facturation,resolu,1.0
TK001900,CL01497,2025-04-08,Materiel,resolu,3.0
TK001901,CL01497,2025-12-01,Materiel,resolu,2.0
TK001902,CL01500,2024-09-05,Facturation,resolu,1.0
TK001903,CL01501,2025-01-13,Reseau,abandonne,25.0
TK001904,CL01501,2025-05-17,Offre,resolu,2.0
TK001905,CL01501,2024-06-10,Reseau,ouvert,
TK001906,CL01503,2025-05-24,Materiel,resolu,1.0
TK001907,CL01504,2024-05-31,Reseau,resolu,1.0
TK001908,CL01504,2024-07-26,Reseau,resolu,1.0
TK001909,CL01505,2025-02-03,Offre,resolu,4.0
TK001910,CL01506,2024-11-24,Offre,resolu,5.0
TK001911,CL01506,2025-09-26,Reseau,resolu,1.0
TK001912,CL01506,2024-03-05,Facturation,resolu,6.0
TK001913,CL01507,2024-01-15,Reseau,resolu,3.0
TK001914,CL01507,2024-04-02,Materiel,abandonne,15.0
TK001915,CL01508,2025-04-04,Reseau,resolu,1.0
TK001916,CL01508,2024-12-16,Facturation,ouvert,
TK001917,CL01510,2025-02-27,Reseau,resolu,1.0
TK001918,CL01512,2025-09-30,Reseau,resolu,1.0
TK001919,CL01518,2025-04-16,Reseau,resolu,1.0
TK001920,CL01521,2025-04-13,Reseau,resolu,5.0
TK001921,CL01522,2024-12-06,Materiel,resolu,1.0
TK001922,CL01524,2024-09-21,Materiel,resolu,9.0
TK001923,CL01525,2024-02-25,Offre,resolu,5.0
TK001924,CL01526,2024-06-15,Reseau,resolu,5.0
TK001925,CL01527,2025-07-05,Materiel,resolu,1.0
TK001926,CL01528,2025-06-13,Reseau,abandonne,12.0
TK001927,CL01529,2024-07-20,Offre,resolu,4.0
TK001928,CL01530,2025-11-14,Facturation,ouvert,
TK001929,CL01531,2025-12-31,Materiel,resolu,6.0
TK001930,CL01531,2025-03-30,Reseau,resolu,8.0
TK001931,CL01533,2025-12-22,Reseau,resolu,5.0
TK001932,CL01534,2025-07-10,Facturation,resolu,2.0
TK001933,CL01537,2025-11-28,Materiel,resolu,2.0
TK001934,CL01538,2025-05-29,Reseau,resolu,3.0
TK001935,CL01539,2025-05-31,Offre,resolu,1.0
TK001936,CL01539,2025-06-28,Materiel,resolu,1.0
TK001937,CL01539,2025-09-02,Reseau,resolu,1.0
TK001938,CL01542,2025-08-27,Facturation,abandonne,2.0
TK001939,CL01542,2025-09-16,Reseau,ouvert,
TK001940,CL01543,2025-05-31,Facturation,abandonne,1.0
TK001941,CL01544,2025-08-17,Materiel,ouvert,
TK001942,CL01544,2025-10-10,Offre,ouvert,
TK001943,CL01544,2025-09-10,Reseau,abandonne,36.0
TK001944,CL01544,2025-09-05,Offre,resolu,1.0
TK001945,CL01545,2024-11-14,Reseau,resolu,3.0
TK001946,CL01545,2025-10-16,Reseau,resolu,1.0
TK001947,CL01545,2024-03-10,Materiel,abandonne,22.0
TK001948,CL01546,2025-07-05,Offre,ouvert,
TK001949,CL01546,2025-05-08,Reseau,resolu,3.0
TK001950,CL01546,2025-05-10,Reseau,ouvert,
TK001951,CL01547,2025-10-20,Reseau,abandonne,4.0
TK001952,CL01549,2024-06-11,Reseau,resolu,3.0
TK001953,CL01550,2025-02-10,Facturation,resolu,8.0
TK001954,CL01552,2025-01-22,Offre,resolu,8.0
TK001955,CL01552,2025-07-07,Facturation,resolu,7.0
TK001956,CL01554,2024-11-24,Offre,ouvert,
TK001957,CL01555,2025-04-02,Reseau,resolu,1.0
TK001958,CL01555,2024-02-26,Facturation,resolu,2.0
TK001959,CL01556,2025-09-23,Offre,ouvert,
TK001960,CL01559,2025-03-10,Facturation,resolu,1.0
TK001961,CL01559,2024-05-20,Reseau,resolu,4.0
TK001962,CL01560,2025-07-14,Reseau,resolu,5.0
TK001963,CL01560,2025-09-18,Reseau,abandonne,23.0
TK001964,CL01561,2024-07-01,Materiel,resolu,4.0
TK001965,CL01561,2024-07-21,Materiel,resolu,1.0
TK001966,CL01561,2024-06-11,Offre,resolu,1.0
TK001967,CL01563,2025-01-31,Reseau,abandonne,15.0
TK001968,CL01563,2024-12-30,Reseau,abandonne,30.0
TK001969,CL01563,2025-09-03,Reseau,ouvert,
TK001970,CL01563,2025-04-17,Reseau,abandonne,1.0
TK001971,CL01564,2025-07-10,Reseau,ouvert,
TK001972,CL01565,2025-10-30,Reseau,resolu,5.0
TK001973,CL01566,2025-01-06,Reseau,ouvert,
TK001974,CL01568,2024-03-11,Offre,abandonne,1.0
TK001975,CL01568,2024-02-12,Facturation,abandonne,1.0
TK001976,CL01568,2024-04-29,Reseau,resolu,2.0
TK001977,CL01572,2024-03-28,Offre,ouvert,
TK001978,CL01572,2024-12-16,Reseau,resolu,2.0
TK001979,CL01573,2025-09-06,Facturation,resolu,4.0
TK001980,CL01575,2025-07-26,Offre,ouvert,
TK001981,CL01575,2025-03-16,Facturation,resolu,1.0
TK001982,CL01576,2024-06-09,Facturation,abandonne,1.0
TK001983,CL01576,2024-06-02,Facturation,resolu,2.0
TK001984,CL01577,2025-08-13,Materiel,abandonne,11.0
TK001985,CL01577,2025-05-31,Reseau,ouvert,
TK001986,CL01577,2025-06-03,Facturation,resolu,4.0
TK001987,CL01578,2025-04-12,Facturation,ouvert,
TK001988,CL01578,2025-06-11,Reseau,ouvert,
TK001989,CL01578,2025-08-20,Materiel,ouvert,
TK001990,CL01578,2024-08-03,Reseau,resolu,1.0
TK001991,CL01579,2024-07-09,Reseau,resolu,2.0
TK001992,CL01580,2024-09-27,Facturation,ouvert,
TK001993,CL01580,2025-03-25,Reseau,resolu,3.0
TK001994,CL01581,2024-12-17,Reseau,ouvert,
TK001995,CL01581,2024-09-25,Reseau,ouvert,
TK001996,CL01581,2024-08-25,Reseau,ouvert,
TK001997,CL01581,2024-09-11,Reseau,ouvert,
TK001998,CL01581,2024-04-23,Facturation,ouvert,
TK001999,CL01581,2024-06-29,Facturation,resolu,1.0
TK002000,CL01582,2025-04-05,Reseau,abandonne,1.0
TK002001,CL01582,2024-06-14,Offre,ouvert,
TK002002,CL01584,2024-06-07,Reseau,abandonne,13.0
TK002003,CL01587,2025-12-01,Offre,resolu,3.0
TK002004,CL01587,2025-06-13,Facturation,ouvert,
TK002005,CL01587,2025-12-19,Offre,resolu,4.0
TK002006,CL01591,2025-07-04,Reseau,resolu,1.0
TK002007,CL01591,2024-09-24,Offre,resolu,15.0
TK002008,CL01591,2024-09-24,Offre,resolu,4.0
TK002009,CL01593,2024-01-14,Reseau,resolu,1.0
TK002010,CL01593,2024-01-20,Offre,ouvert,
TK002011,CL01594,2025-11-16,Materiel,resolu,1.0
TK002012,CL01597,2024-12-28,Facturation,resolu,1.0
TK002013,CL01597,2025-08-26,Facturation,abandonne,1.0
TK002014,CL01599,2024-02-03,Materiel,resolu,16.0
TK002015,CL01600,2025-01-07,Reseau,resolu,7.0
TK002016,CL01602,2025-01-01,Reseau,resolu,1.0
TK002017,CL01603,2024-10-10,Facturation,abandonne,17.0
TK002018,CL01604,2024-11-21,Reseau,resolu,1.0
TK002019,CL01607,2025-09-09,Materiel,abandonne,1.0
TK002020,CL01607,2025-09-30,Reseau,abandonne,1.0
TK002021,CL01610,2024-04-02,Reseau,abandonne,8.0
TK002022,CL01610,2024-04-30,Facturation,ouvert,
TK002023,CL01610,2024-08-30,Offre,resolu,1.0
TK002024,CL01610,2024-10-13,Offre,abandonne,19.0
TK002025,CL01610,2024-07-11,Reseau,abandonne,5.0
TK002026,CL01610,2024-02-18,Reseau,ouvert,
TK002027,CL01611,2025-08-22,Facturation,abandonne,5.0
TK002028,CL01611,2025-10-12,Materiel,ouvert,
TK002029,CL01612,2025-10-02,Offre,resolu,3.0
TK002030,CL01613,2024-01-17,Reseau,ouvert,
TK002031,CL01613,2024-02-01,Facturation,resolu,18.0
TK002032,CL01615,2024-04-16,Reseau,ouvert,
TK002033,CL01615,2024-07-17,Materiel,resolu,1.0
TK002034,CL01616,2025-08-13,Facturation,resolu,-1.0
TK002035,CL01618,2025-04-17,Facturation,resolu,6.0
TK002036,CL01618,2025-05-14,Reseau,resolu,1.0
TK002037,CL01619,2025-11-20,Facturation,resolu,9.0
TK002038,CL01621,2024-06-07,Reseau,resolu,6.0
TK002039,CL01621,2024-02-07,Facturation,resolu,11.0
TK002040,CL01621,2024-10-11,Reseau,ouvert,
TK002041,CL01622,2025-11-15,Offre,resolu,1.0
TK002042,CL01622,2025-11-01,Offre,resolu,1.0
TK002043,CL01622,2025-12-01,Facturation,resolu,7.0
TK002044,CL01624,2025-07-30,Offre,resolu,3.0
TK002045,CL01624,2024-04-13,Reseau,resolu,-2.0
TK002046,CL01628,2024-04-24,Facturation,ouvert,
TK002047,CL01628,2024-09-26,Materiel,ouvert,
TK002048,CL01628,2024-04-03,Offre,ouvert,
TK002049,CL01631,2024-05-08,Facturation,resolu,1.0
TK002050,CL01631,2024-02-08,Reseau,ouvert,
TK002051,CL01635,2024-01-07,Reseau,abandonne,5.0
TK002052,CL01635,2024-09-25,Materiel,resolu,1.0
TK002053,CL01635,2024-07-15,Offre,abandonne,8.0
TK002054,CL01637,2024-07-17,Offre,abandonne,3.0
TK002055,CL01639,2024-08-05,Reseau,resolu,6.0
TK002056,CL01640,2025-12-19,Facturation,resolu,1.0
TK002057,CL01640,2025-09-19,Reseau,ouvert,
TK002058,CL01640,2025-10-06,Facturation,ouvert,
TK002059,CL01642,2025-07-04,Facturation,ouvert,
TK002060,CL01643,2025-11-02,Facturation,resolu,21.0
TK002061,CL01643,2025-11-11,Reseau,resolu,1.0
TK002062,CL01644,2025-02-07,Reseau,abandonne,10.0
TK002063,CL01646,2024-07-17,Facturation,resolu,1.0
TK002064,CL01647,2024-12-17,Facturation,resolu,3.0
TK002065,CL01647,2025-10-05,Offre,resolu,7.0
TK002066,CL01648,2025-03-25,Materiel,ouvert,
TK002067,CL01650,2025-09-04,Facturation,resolu,3.0
TK002068,CL01650,2025-11-21,Offre,resolu,3.0
TK002069,CL01651,2025-08-16,Materiel,resolu,1.0
TK002070,CL01652,2024-08-03,Reseau,abandonne,5.0
TK002071,CL01652,2025-05-08,Reseau,resolu,3.0
TK002072,CL01652,2024-12-24,Reseau,ouvert,
TK002073,CL01652,2025-05-07,Facturation,resolu,1.0
TK002074,CL01653,2025-12-22,Reseau,ouvert,
TK002075,CL01653,2025-06-03,Reseau,abandonne,5.0
TK002076,CL01653,2025-06-09,Facturation,resolu,3.0
TK002077,CL01654,2025-11-11,Offre,ouvert,
TK002078,CL01655,2025-09-29,Facturation,resolu,3.0
TK002079,CL01659,2024-01-18,Materiel,ouvert,
TK002080,CL01661,2025-10-02,Reseau,resolu,18.0
TK002081,CL01661,2025-06-26,Materiel,resolu,3.0
TK002082,CL01661,2025-03-31,Offre,ouvert,
TK002083,CL01661,2024-12-20,Materiel,resolu,5.0
TK002084,CL01665,2024-10-05,Materiel,resolu,3.0
TK002085,CL01668,2025-01-26,Reseau,resolu,14.0
TK002086,CL01668,2025-05-19,Facturation,ouvert,
TK002087,CL01670,2025-12-30,Materiel,resolu,8.0
TK002088,CL01670,2025-04-18,Offre,resolu,1.0
TK002089,CL01671,2025-12-03,Reseau,resolu,1.0
TK002090,CL01671,2025-11-01,Materiel,resolu,1.0
TK002091,CL01673,2025-03-18,Reseau,resolu,8.0
TK002092,CL01673,2024-11-25,Reseau,resolu,7.0
TK002093,CL01675,2024-12-06,Materiel,ouvert,
TK002094,CL01675,2024-10-04,Reseau,abandonne,5.0
TK002095,CL01675,2024-11-30,Facturation,resolu,4.0
TK002096,CL01676,2025-10-24,Reseau,abandonne,28.0
TK002097,CL01681,2025-11-26,Offre,resolu,11.0
TK002098,CL01682,2025-02-11,Reseau,resolu,1.0
TK002099,CL01682,2025-09-30,Reseau,ouvert,
TK002100,CL01683,2024-09-10,Facturation,abandonne,22.0
TK002101,CL01683,2024-09-21,Facturation,abandonne,14.0
TK002102,CL01683,2024-11-12,Facturation,ouvert,
TK002103,CL01685,2025-11-22,Reseau,resolu,6.0
TK002104,CL01686,2025-08-22,Materiel,resolu,6.0
TK002105,CL01686,2025-02-14,Offre,resolu,1.0
TK002106,CL01687,2025-08-24,Facturation,resolu,1.0
TK002107,CL01688,2025-06-21,Reseau,abandonne,4.0
TK002108,CL01688,2024-01-30,Facturation,ouvert,
TK002109,CL01691,2025-03-04,Materiel,ouvert,
TK002110,CL01691,2025-03-20,Reseau,resolu,1.0
TK002111,CL01696,2025-01-30,Reseau,ouvert,
TK002112,CL01698,2025-04-20,Offre,resolu,3.0
TK002113,CL01699,2024-01-24,Offre,abandonne,1.0
TK002114,CL01699,2024-07-27,Reseau,resolu,9.0
TK002115,CL01702,2025-06-29,Facturation,resolu,6.0
TK002116,CL01703,2024-07-29,Reseau,resolu,1.0
TK002117,CL01705,2025-09-26,Facturation,ouvert,
TK002118,CL01706,2025-02-10,Offre,abandonne,1.0
TK002119,CL01707,2025-07-11,Materiel,resolu,16.0
TK002120,CL01711,2025-02-18,Reseau,ouvert,
TK002121,CL01711,2024-12-23,Materiel,resolu,-1.0
TK002122,CL01712,2025-08-07,Facturation,resolu,9.0
TK002123,CL01713,2024-12-09,Facturation,abandonne,10.0
TK002124,CL01713,2025-08-12,Reseau,abandonne,4.0
TK002125,CL01714,2024-02-24,Materiel,resolu,7.0
TK002126,CL01715,2025-03-24,Facturation,resolu,9.0
TK002127,CL01719,2024-09-30,Reseau,abandonne,23.0
TK002128,CL01719,2024-06-16,Reseau,resolu,2.0
TK002129,CL01720,2025-09-13,Reseau,ouvert,
TK002130,CL01720,2025-08-01,Facturation,resolu,2.0
TK002131,CL01722,2025-06-10,Reseau,resolu,1.0
TK002132,CL01722,2025-11-19,Reseau,resolu,1.0
TK002133,CL01723,2025-09-26,Reseau,ouvert,
TK002134,CL01726,2025-11-13,Reseau,resolu,2.0
TK002135,CL01728,2025-12-05,Facturation,resolu,1.0
TK002136,CL01730,2024-12-15,Reseau,ouvert,
TK002137,CL01732,2025-09-17,Facturation,resolu,1.0
TK002138,CL01733,2025-06-28,Facturation,resolu,3.0
TK002139,CL01733,2025-09-09,Reseau,ouvert,
TK002140,CL01733,2025-09-25,Facturation,ouvert,
TK002141,CL01733,2025-09-10,Reseau,resolu,1.0
TK002142,CL01733,2025-09-28,Offre,resolu,4.0
TK002143,CL01734,2024-06-12,Facturation,resolu,2.0
TK002144,CL01736,2025-09-05,Materiel,ouvert,
TK002145,CL01737,2025-08-06,Reseau,resolu,2.0
TK002146,CL01738,2025-04-17,Reseau,resolu,1.0
TK002147,CL01738,2025-08-25,Facturation,resolu,1.0
TK002148,CL01739,2025-11-19,Reseau,resolu,2.0
TK002149,CL01740,2025-02-26,Materiel,resolu,3.0
TK002150,CL01740,2025-06-10,Materiel,ouvert,
TK002151,CL01741,2024-06-20,Materiel,ouvert,
TK002152,CL01741,2024-01-06,Facturation,resolu,2.0
TK002153,CL01741,2024-01-23,Facturation,abandonne,5.0
TK002154,CL01741,2025-03-08,Facturation,resolu,1.0
TK002155,CL01741,2024-01-16,Offre,resolu,1.0
TK002156,CL01741,2024-09-10,Reseau,ouvert,
TK002157,CL01742,2024-02-22,Offre,ouvert,
TK002158,CL01742,2024-03-18,Facturation,abandonne,5.0
TK002159,CL01742,2024-05-11,Materiel,abandonne,13.0
TK002160,CL01742,2024-02-28,Reseau,abandonne,5.0
TK002161,CL01744,2025-03-08,Facturation,resolu,1.0
TK002162,CL01746,2025-12-19,Reseau,resolu,1.0
TK002163,CL01750,2025-08-12,Materiel,ouvert,
TK002164,CL01754,2025-09-27,Reseau,resolu,2.0
TK002165,CL01754,2024-02-29,Facturation,resolu,3.0
TK002166,CL01755,2025-04-07,Facturation,ouvert,
TK002167,CL01757,2025-08-03,Offre,ouvert,
TK002168,CL01759,2025-06-02,Reseau,ouvert,
TK002169,CL01760,2025-03-14,Facturation,resolu,4.0
TK002170,CL01761,2025-10-01,Facturation,resolu,3.0
TK002171,CL01761,2024-09-24,Materiel,ouvert,
TK002172,CL01762,2025-12-18,Facturation,resolu,3.0
TK002173,CL01766,2024-11-15,Materiel,ouvert,
TK002174,CL01766,2024-09-02,Reseau,resolu,1.0
TK002175,CL01767,2025-02-07,Reseau,ouvert,
TK002176,CL01767,2024-12-04,Facturation,abandonne,13.0
TK002177,CL01767,2024-11-26,Reseau,ouvert,
TK002178,CL01767,2025-03-18,Reseau,abandonne,2.0
TK002179,CL01767,2024-10-10,Reseau,abandonne,15.0
TK002180,CL01770,2024-02-08,Materiel,resolu,2.0
TK002181,CL01772,2025-07-20,Facturation,resolu,3.0
TK002182,CL01772,2024-12-26,Reseau,ouvert,
TK002183,CL01773,2024-06-18,Materiel,resolu,10.0
TK002184,CL01773,2025-02-13,Reseau,abandonne,42.0
TK002185,CL01774,2025-01-17,Reseau,ouvert,
TK002186,CL01774,2024-12-16,Offre,resolu,1.0
TK002187,CL01774,2024-12-01,Offre,ouvert,
TK002188,CL01776,2025-04-22,Materiel,resolu,9.0
TK002189,CL01777,2024-05-29,Materiel,resolu,1.0
TK002190,CL01777,2024-12-31,Reseau,resolu,6.0
TK002191,CL01780,2025-05-20,Reseau,resolu,1.0
TK002192,CL01781,2025-05-12,Reseau,ouvert,
TK002193,CL01781,2025-04-11,Offre,resolu,1.0
TK002194,CL01782,2025-12-26,Offre,ouvert,
TK002195,CL01783,2024-05-09,Offre,resolu,8.0
TK002196,CL01783,2025-06-25,Materiel,ouvert,
TK002197,CL01784,2024-02-03,Facturation,ouvert,
TK002198,CL01784,2024-02-27,Materiel,resolu,1.0
TK002199,CL01784,2025-06-27,Reseau,resolu,4.0
TK002200,CL01785,2025-06-12,Reseau,resolu,6.0
TK002201,CL01788,2025-05-12,Facturation,ouvert,
TK002202,CL01788,2025-08-23,Offre,ouvert,
TK002203,CL01788,2024-06-02,Reseau,resolu,-1.0
TK002204,CL01789,2025-09-28,Reseau,ouvert,
TK002205,CL01791,2025-07-13,Offre,resolu,1.0
TK002206,CL01791,2025-09-08,Reseau,resolu,15.0
TK002207,CL01791,2025-09-23,Materiel,resolu,6.0
TK002208,CL01791,2025-05-23,Offre,resolu,1.0
TK002209,CL01795,2024-04-10,Facturation,resolu,1.0
TK002210,CL01803,2025-11-13,Reseau,ouvert,
TK002211,CL01803,2025-11-20,Offre,abandonne,9.0
TK002212,CL01803,2025-12-21,Offre,ouvert,
TK002213,CL01803,2025-11-10,Facturation,resolu,1.0
TK002214,CL01803,2025-12-02,Reseau,ouvert,
TK002215,CL01803,2025-12-16,Reseau,ouvert,
TK002216,CL01804,2025-11-04,Facturation,resolu,2.0
TK002217,CL01805,2025-04-25,Reseau,abandonne,18.0
TK002218,CL01806,2024-10-28,Facturation,resolu,3.0
TK002219,CL01806,2024-04-27,Materiel,abandonne,1.0
TK002220,CL01808,2025-12-22,Reseau,resolu,-2.0
TK002221,CL01814,2025-08-06,Reseau,abandonne,32.0
TK002222,CL01814,2025-06-12,Reseau,ouvert,
TK002223,CL01814,2025-09-23,Materiel,ouvert,
TK002224,CL01816,2025-01-04,Reseau,resolu,2.0
TK002225,CL01817,2024-09-06,Reseau,ouvert,
TK002226,CL01820,2025-06-07,Reseau,resolu,1.0
TK002227,CL01821,2025-09-03,Facturation,resolu,1.0
TK002228,CL01821,2025-10-23,Reseau,resolu,1.0
TK002229,CL01821,2025-11-23,Facturation,ouvert,
TK002230,CL01821,2025-10-08,Reseau,ouvert,
TK002231,CL01821,2025-11-02,Reseau,resolu,8.0
TK002232,CL01821,2025-09-01,Reseau,resolu,1.0
TK002233,CL01821,2025-10-12,Offre,ouvert,
TK002234,CL01822,2025-08-21,Facturation,ouvert,
TK002235,CL01822,2025-06-28,Reseau,resolu,5.0
TK002236,CL01824,2025-08-23,Materiel,ouvert,
TK002237,CL01826,2025-09-06,Materiel,ouvert,
TK002238,CL01826,2024-11-13,Facturation,abandonne,1.0
TK002239,CL01827,2025-11-01,Materiel,ouvert,
TK002240,CL01828,2025-04-22,Facturation,resolu,1.0
TK002241,CL01828,2025-07-04,Facturation,abandonne,17.0
TK002242,CL01828,2025-07-02,Offre,resolu,1.0
TK002243,CL01828,2025-05-21,Reseau,resolu,4.0
TK002244,CL01829,2025-07-19,Materiel,abandonne,11.0
TK002245,CL01829,2025-10-30,Facturation,ouvert,
TK002246,CL01829,2025-07-17,Reseau,resolu,2.0
TK002247,CL01829,2025-08-20,Materiel,abandonne,28.0
TK002248,CL01830,2025-05-17,Reseau,resolu,1.0
TK002249,CL01831,2024-07-03,Reseau,resolu,21.0
TK002250,CL01831,2024-05-24,Offre,abandonne,1.0
TK002251,CL01832,2024-03-29,Facturation,resolu,1.0
TK002252,CL01832,2024-03-04,Materiel,ouvert,
TK002253,CL01834,2024-03-28,Reseau,resolu,2.0
TK002254,CL01839,2025-03-13,Reseau,resolu,4.0
TK002255,CL01839,2024-12-26,Reseau,ouvert,
TK002256,CL01839,2025-02-12,Materiel,ouvert,
TK002257,CL01840,2025-03-21,Offre,ouvert,
TK002258,CL01840,2025-03-10,Materiel,ouvert,
TK002259,CL01842,2024-12-05,Reseau,ouvert,
TK002260,CL01842,2024-12-02,Facturation,abandonne,-4.0
TK002261,CL01842,2025-01-26,Facturation,ouvert,
TK002262,CL01842,2024-10-13,Offre,ouvert,
TK002263,CL01842,2025-01-23,Reseau,abandonne,4.0
TK002264,CL01842,2025-01-15,Facturation,resolu,1.0
TK002265,CL01843,2025-03-03,Offre,resolu,2.0
TK002266,CL01845,2024-12-19,Reseau,resolu,4.0
TK002267,CL01845,2025-02-23,Offre,ouvert,
TK002268,CL01845,2024-11-28,Reseau,abandonne,10.0
TK002269,CL01845,2025-04-29,Facturation,resolu,1.0
TK002270,CL01845,2025-06-19,Reseau,resolu,3.0
TK002271,CL01845,2025-07-20,Offre,resolu,6.0
TK002272,CL01845,2024-10-13,Facturation,ouvert,
TK002273,CL01846,2024-09-25,Facturation,abandonne,7.0
TK002274,CL01849,2025-11-25,Materiel,resolu,1.0
TK002275,CL01850,2024-01-07,Materiel,resolu,7.0
TK002276,CL01850,2024-04-05,Offre,ouvert,
TK002277,CL01851,2025-11-27,Reseau,resolu,3.0
TK002278,CL01851,2025-12-28,Reseau,resolu,2.0
TK002279,CL01851,2025-11-02,Reseau,resolu,1.0
TK002280,CL01852,2025-12-26,Reseau,resolu,5.0
TK002281,CL01854,2024-08-31,Offre,ouvert,
TK002282,CL01855,2024-02-25,Reseau,ouvert,
TK002283,CL01855,2024-01-24,Materiel,ouvert,
TK002284,CL01855,2024-01-31,Facturation,ouvert,
TK002285,CL01855,2024-03-07,Reseau,ouvert,
TK002286,CL01857,2024-03-05,Facturation,resolu,4.0
TK002287,CL01858,2025-11-14,Reseau,abandonne,12.0
TK002288,CL01858,2025-10-25,Facturation,abandonne,5.0
TK002289,CL01858,2025-10-15,Offre,ouvert,
TK002290,CL01858,2025-09-03,Offre,resolu,1.0
TK002291,CL01859,2025-12-23,Offre,resolu,1.0
TK002292,CL01860,2025-07-10,Reseau,resolu,5.0
TK002293,CL01863,2024-04-04,Reseau,resolu,2.0
TK002294,CL01866,2025-02-18,Facturation,resolu,2.0
TK002295,CL01867,2024-06-01,Offre,resolu,4.0
TK002296,CL01868,2024-12-22,Offre,resolu,5.0
TK002297,CL01869,2025-10-25,Facturation,resolu,1.0
TK002298,CL01869,2024-06-19,Offre,resolu,1.0
TK002299,CL01873,2025-09-01,Facturation,resolu,1.0
TK002300,CL01873,2025-12-21,Reseau,resolu,8.0
TK002301,CL01875,2024-03-11,Facturation,abandonne,14.0
TK002302,CL01875,2024-02-08,Reseau,ouvert,
TK002303,CL01877,2024-11-14,Reseau,resolu,2.0
TK002304,CL01878,2025-09-20,Reseau,ouvert,
TK002305,CL01879,2024-10-02,Offre,resolu,4.0
TK002306,CL01880,2025-09-19,Reseau,abandonne,-9.0
TK002307,CL01882,2025-07-09,Offre,resolu,1.0
TK002308,CL01883,2025-08-24,Reseau,ouvert,
TK002309,CL01885,2024-01-11,Materiel,resolu,4.0
TK002310,CL01889,2025-10-25,Offre,ouvert,
TK002311,CL01889,2025-10-06,Offre,resolu,2.0
TK002312,CL01890,2025-11-12,Reseau,resolu,2.0
TK002313,CL01891,2025-11-20,Facturation,abandonne,26.0
TK002314,CL01891,2024-12-04,Facturation,ouvert,
TK002315,CL01892,2024-02-05,Facturation,abandonne,1.0
TK002316,CL01893,2025-07-10,Facturation,ouvert,
TK002317,CL01893,2025-10-21,Reseau,ouvert,
TK002318,CL01893,2025-09-11,Reseau,abandonne,1.0
TK002319,CL01893,2025-07-05,Facturation,resolu,1.0
TK002320,CL01894,2025-11-03,Offre,resolu,2.0
TK002321,CL01895,2025-07-25,Facturation,resolu,1.0
TK002322,CL01896,2024-02-02,Facturation,abandonne,6.0
TK002323,CL01897,2025-12-24,Materiel,resolu,1.0
TK002324,CL01897,2024-11-30,Facturation,resolu,1.0
TK002325,CL01898,2025-10-14,Offre,resolu,1.0
TK002326,CL01898,2025-10-30,Offre,ouvert,
TK002327,CL01898,2025-10-22,Facturation,resolu,1.0
TK002328,CL01899,2025-04-25,Facturation,ouvert,
TK002329,CL01899,2025-08-03,Materiel,abandonne,9.0
TK002330,CL01901,2025-11-08,Facturation,ouvert,
TK002331,CL01901,2025-09-11,Reseau,ouvert,
TK002332,CL01901,2025-09-19,Offre,resolu,3.0
TK002333,CL01901,2025-10-31,Facturation,ouvert,
TK002334,CL01903,2025-03-10,Reseau,resolu,3.0
TK002335,CL01905,2025-04-29,Reseau,resolu,4.0
TK002336,CL01906,2024-08-17,Reseau,resolu,2.0
TK002337,CL01906,2025-02-24,Reseau,abandonne,4.0
TK002338,CL01907,2024-12-29,Reseau,resolu,3.0
TK002339,CL01908,2024-09-16,Reseau,resolu,5.0
TK002340,CL01909,2024-06-03,Reseau,ouvert,
TK002341,CL01909,2025-03-17,Facturation,ouvert,
TK002342,CL01909,2024-04-12,Materiel,resolu,4.0
TK002343,CL01909,2024-09-12,Reseau,ouvert,
TK002344,CL01909,2024-04-04,Facturation,ouvert,
TK002345,CL01909,2024-01-23,Offre,ouvert,
TK002346,CL01910,2025-10-04,Reseau,resolu,1.0
TK002347,CL01910,2025-07-14,Reseau,resolu,4.0
TK002348,CL01912,2025-10-02,Reseau,resolu,1.0
TK002349,CL01913,2024-08-13,Offre,abandonne,24.0
TK002350,CL01914,2025-03-10,Materiel,ouvert,
TK002351,CL01914,2025-01-29,Facturation,abandonne,1.0
TK002352,CL01914,2024-09-30,Offre,ouvert,
TK002353,CL01915,2024-02-18,Offre,resolu,7.0
TK002354,CL01915,2024-07-28,Facturation,resolu,1.0
TK002355,CL01915,2024-02-11,Materiel,abandonne,2.0
TK002356,CL01915,2025-06-01,Facturation,resolu,11.0
TK002357,CL01915,2025-05-17,Reseau,ouvert,
TK002358,CL01916,2024-03-05,Facturation,ouvert,
TK002359,CL01916,2024-06-27,Facturation,abandonne,3.0
TK002360,CL01916,2025-02-02,Offre,resolu,1.0
TK002361,CL01916,2025-03-01,Offre,ouvert,
TK002362,CL01916,2024-11-02,Reseau,abandonne,2.0
TK002363,CL01916,2024-08-30,Reseau,resolu,4.0
TK002364,CL01917,2024-03-19,Facturation,resolu,5.0
TK002365,CL01917,2024-01-15,Offre,resolu,14.0
TK002366,CL01917,2024-03-05,Offre,resolu,5.0
TK002367,CL01918,2024-05-18,Facturation,resolu,1.0
TK002368,CL01919,2025-01-10,Reseau,resolu,3.0
TK002369,CL01919,2024-03-19,Reseau,abandonne,-5.0
TK002370,CL01920,2025-02-26,Reseau,resolu,1.0
TK002371,CL01922,2025-09-09,Reseau,abandonne,8.0
TK002372,CL01922,2025-07-06,Offre,resolu,1.0
TK002373,CL01922,2025-09-07,Reseau,abandonne,14.0
TK002374,CL01922,2025-05-27,Reseau,resolu,2.0
TK002375,CL01923,2025-08-19,Facturation,resolu,7.0
TK002376,CL01924,2024-03-30,Reseau,resolu,3.0
TK002377,CL01924,2024-12-25,Reseau,resolu,3.0
TK002378,CL01925,2024-08-14,Reseau,resolu,6.0
TK002379,CL01925,2025-02-27,Materiel,ouvert,
TK002380,CL01925,2024-01-23,Facturation,resolu,6.0
TK002381,CL01927,2025-04-07,Reseau,resolu,5.0
TK002382,CL01928,2024-02-23,Facturation,resolu,2.0
TK002383,CL01928,2024-01-07,Facturation,ouvert,
TK002384,CL01930,2024-08-30,Offre,resolu,2.0
TK002385,CL01930,2025-01-05,Reseau,resolu,3.0
TK002386,CL01930,2024-07-01,Materiel,abandonne,5.0
TK002387,CL01930,2024-12-16,Materiel,ouvert,
TK002388,CL01932,2025-07-07,Facturation,resolu,5.0
TK002389,CL01933,2024-01-30,Materiel,abandonne,7.0
TK002390,CL01933,2024-01-12,Reseau,ouvert,
TK002391,CL01933,2024-01-25,Facturation,ouvert,
TK002392,CL01933,2024-01-13,Offre,abandonne,31.0
TK002393,CL01933,2024-01-24,Offre,resolu,1.0
TK002394,CL01934,2024-08-23,Offre,ouvert,
TK002395,CL01935,2024-12-04,Facturation,ouvert,
TK002396,CL01935,2025-04-14,Reseau,ouvert,
TK002397,CL01936,2025-07-28,Materiel,ouvert,
TK002398,CL01937,2025-03-04,Reseau,ouvert,
TK002399,CL01938,2025-03-28,Facturation,resolu,1.0
TK002400,CL01938,2024-04-20,Offre,resolu,3.0
TK002401,CL01938,2024-05-31,Reseau,resolu,2.0
TK002402,CL01939,2024-09-28,Facturation,resolu,1.0
TK002403,CL01940,2024-12-08,Facturation,resolu,3.0
TK002404,CL01940,2024-04-23,Facturation,resolu,20.0
TK002405,CL01941,2024-02-05,Reseau,ouvert,
TK002406,CL01941,2025-10-30,Materiel,resolu,1.0
TK002407,CL01942,2024-11-08,Facturation,resolu,1.0
TK002408,CL01943,2024-11-19,Reseau,resolu,1.0
TK002409,CL01943,2024-07-13,Reseau,resolu,2.0
TK002410,CL01945,2025-04-15,Reseau,resolu,2.0
TK002411,CL01947,2024-08-31,Reseau,resolu,2.0
TK002412,CL01949,2024-11-20,Offre,resolu,6.0
TK002413,CL01949,2024-06-12,Reseau,abandonne,4.0
TK002414,CL01951,2025-08-30,Reseau,resolu,2.0
TK002415,CL01952,2024-09-26,Reseau,ouvert,
TK002416,CL01955,2024-02-03,Facturation,resolu,1.0
TK002417,CL01955,2025-04-18,Reseau,abandonne,1.0
TK002418,CL01955,2024-10-03,Facturation,resolu,1.0
TK002419,CL01956,2025-06-22,Reseau,resolu,1.0
TK002420,CL01958,2025-07-15,Reseau,ouvert,
TK002421,CL01963,2024-08-31,Materiel,ouvert,
TK002422,CL01964,2025-10-04,Offre,resolu,5.0
TK002423,CL01966,2024-11-01,Facturation,ouvert,
TK002424,CL01967,2025-01-21,Reseau,ouvert,
TK002425,CL01967,2024-12-08,Reseau,ouvert,
TK002426,CL01967,2024-05-08,Reseau,resolu,11.0
TK002427,CL01968,2025-11-02,Reseau,ouvert,
TK002428,CL01968,2025-10-11,Reseau,abandonne,3.0
TK002429,CL01968,2025-08-08,Materiel,ouvert,
TK002430,CL01972,2025-01-06,Materiel,resolu,1.0
TK002431,CL01972,2025-01-22,Facturation,resolu,3.0
TK002432,CL01973,2024-05-06,Offre,resolu,1.0
TK002433,CL01973,2024-10-28,Reseau,abandonne,1.0
TK002434,CL01973,2024-05-27,Facturation,resolu,1.0
TK002435,CL01973,2024-11-04,Offre,resolu,1.0
TK002436,CL01973,2024-06-02,Reseau,ouvert,
TK002437,CL01974,2025-09-14,Materiel,abandonne,1.0
TK002438,CL01977,2024-06-01,Materiel,resolu,1.0
TK002439,CL01978,2025-05-03,Materiel,ouvert,
TK002440,CL01981,2024-01-11,Facturation,abandonne,13.0
TK002441,CL01981,2024-07-14,Materiel,resolu,4.0
TK002442,CL01981,2024-05-13,Reseau,abandonne,3.0
TK002443,CL01982,2025-05-30,Facturation,resolu,1.0
TK002444,CL01985,2025-03-11,Reseau,ouvert,
TK002445,CL01986,2024-02-16,Facturation,ouvert,
TK002446,CL01986,2024-02-10,Facturation,abandonne,6.0
TK002447,CL01987,2024-07-15,Offre,abandonne,12.0
TK002448,CL01987,2024-02-03,Reseau,ouvert,
TK002449,CL01987,2024-01-11,Offre,resolu,4.0
TK002450,CL01987,2024-04-22,Facturation,resolu,2.0
TK002451,CL01987,2024-02-04,Facturation,abandonne,2.0
TK002452,CL01988,2024-01-04,Offre,resolu,3.0
TK002453,CL01990,2025-04-23,Reseau,ouvert,
TK002454,CL01992,2025-09-09,Facturation,ouvert,
TK002455,CL01992,2025-09-13,Facturation,ouvert,
TK002456,CL01992,2025-12-03,Facturation,ouvert,
TK002457,CL01992,2025-10-21,Facturation,ouvert,
TK002458,CL01994,2025-08-20,Offre,resolu,1.0
TK002459,CL01996,2025-09-10,Facturation,resolu,3.0
TK002460,CL01997,2024-11-11,Facturation,abandonne,1.0
TK002461,CL01998,2024-04-12,Reseau,resolu,14.0
TK002462,CL01998,2025-10-25,Facturation,resolu,11.0
TK002463,CL01999,2025-04-21,Reseau,resolu,11.0
TK002464,CL01999,2025-06-06,Facturation,resolu,1.0
TK002465,CL02001,2025-08-31,Reseau,resolu,7.0
TK002466,CL02001,2025-07-30,Offre,abandonne,1.0
TK002467,CL02001,2024-06-20,Reseau,resolu,1.0
TK002468,CL02002,2025-03-13,Materiel,resolu,-2.0
TK002469,CL02003,2024-01-31,Offre,abandonne,13.0
TK002470,CL02003,2024-03-13,Materiel,ouvert,
TK002471,CL02003,2024-04-12,Reseau,ouvert,
TK002472,CL02003,2024-03-26,Facturation,ouvert,
TK002473,CL02007,2024-02-19,Facturation,resolu,6.0
TK002474,CL02008,2025-09-16,Offre,ouvert,
TK002475,CL02009,2025-06-21,Facturation,resolu,1.0
TK002476,CL02009,2025-01-06,Facturation,resolu,1.0
TK002477,CL02010,2025-11-07,Reseau,resolu,3.0
TK002478,CL02010,2025-03-12,Facturation,ouvert,
TK002479,CL02011,2024-10-15,Facturation,ouvert,
TK002480,CL02011,2025-01-17,Materiel,ouvert,
TK002481,CL02011,2024-12-07,Facturation,ouvert,
TK002482,CL02011,2025-07-03,Reseau,ouvert,
TK002483,CL02012,2025-11-10,Facturation,resolu,3.0
TK002484,CL02013,2024-06-30,Reseau,resolu,6.0
TK002485,CL02016,2024-03-23,Facturation,resolu,6.0
TK002486,CL02016,2025-01-24,Materiel,ouvert,
TK002487,CL02016,2024-05-06,Reseau,abandonne,18.0
TK002488,CL02017,2024-04-24,Facturation,ouvert,
TK002489,CL02017,2025-08-22,Facturation,resolu,4.0
TK002490,CL02017,2024-09-01,Facturation,resolu,5.0
TK002491,CL02017,2024-03-19,Reseau,ouvert,
TK002492,CL02017,2025-07-24,Reseau,ouvert,
TK002493,CL02017,2025-02-06,Facturation,ouvert,
TK002494,CL02019,2025-05-03,Reseau,resolu,1.0
TK002495,CL02019,2024-12-05,Reseau,resolu,3.0
TK002496,CL02021,2024-02-24,Reseau,ouvert,
TK002497,CL02021,2025-05-17,Reseau,ouvert,
TK002498,CL02021,2024-04-26,Reseau,resolu,4.0
TK002499,CL02021,2024-07-20,Reseau,ouvert,
TK002500,CL02023,2025-04-07,Reseau,abandonne,1.0
TK002501,CL02026,2024-05-10,Reseau,resolu,1.0
TK002502,CL02026,2025-03-27,Facturation,resolu,7.0
TK002503,CL02027,2025-06-19,Materiel,resolu,3.0
TK002504,CL02028,2024-09-07,Facturation,resolu,1.0
TK002505,CL02029,2025-08-03,Reseau,resolu,10.0
TK002506,CL02032,2025-10-25,Reseau,resolu,1.0
TK002507,CL02032,2025-05-08,Offre,resolu,1.0
TK002508,CL02033,2025-05-09,Offre,resolu,4.0
TK002509,CL02034,2025-04-14,Reseau,resolu,16.0
TK002510,CL02034,2024-05-08,Facturation,resolu,2.0
TK002511,CL02034,2024-11-22,Reseau,resolu,2.0
TK002512,CL02035,2024-07-25,Reseau,ouvert,
TK002513,CL02035,2025-05-03,Reseau,ouvert,
TK002514,CL02036,2024-08-23,Reseau,ouvert,
TK002515,CL02038,2025-09-01,Reseau,ouvert,
TK002516,CL02038,2025-07-29,Facturation,ouvert,
TK002517,CL02039,2024-01-02,Facturation,abandonne,4.0
TK002518,CL02040,2024-07-09,Materiel,resolu,2.0
TK002519,CL02040,2024-07-23,Facturation,resolu,5.0
TK002520,CL02042,2025-06-04,Materiel,abandonne,8.0
TK002521,CL02042,2024-05-18,Offre,ouvert,
TK002522,CL02042,2025-04-11,Reseau,ouvert,
TK002523,CL02043,2024-05-19,Reseau,abandonne,8.0
TK002524,CL02043,2024-05-19,Reseau,resolu,3.0
TK002525,CL02043,2024-02-04,Reseau,resolu,6.0
TK002526,CL02045,2025-12-20,Offre,resolu,2.0
TK002527,CL02048,2024-01-17,Facturation,ouvert,
TK002528,CL02048,2024-02-23,Facturation,resolu,1.0
TK002529,CL02048,2024-01-01,Reseau,ouvert,
TK002530,CL02048,2024-01-05,Facturation,abandonne,46.0
TK002531,CL02048,2024-02-09,Facturation,abandonne,2.0
TK002532,CL02049,2025-09-29,Facturation,resolu,1.0
TK002533,CL02049,2024-06-08,Offre,ouvert,
TK002534,CL02049,2025-08-23,Reseau,resolu,1.0
TK002535,CL02051,2025-04-12,Reseau,resolu,3.0
TK002536,CL02051,2025-10-15,Materiel,resolu,1.0
TK002537,CL02052,2024-04-01,Reseau,ouvert,
TK002538,CL02052,2024-07-12,Reseau,ouvert,
TK002539,CL02052,2024-02-24,Facturation,abandonne,1.0
TK002540,CL02053,2025-03-13,Reseau,abandonne,22.0
TK002541,CL02053,2025-05-22,Reseau,resolu,6.0
TK002542,CL02053,2025-02-21,Materiel,resolu,1.0
TK002543,CL02056,2024-06-15,Reseau,resolu,5.0
TK002544,CL02057,2024-05-06,Offre,resolu,2.0
TK002545,CL02059,2024-10-26,Offre,resolu,1.0
TK002546,CL02061,2024-06-22,Reseau,resolu,2.0
TK002547,CL02061,2024-10-18,Reseau,abandonne,42.0
TK002548,CL02061,2024-03-26,Offre,resolu,1.0
TK002549,CL02062,2024-10-29,Reseau,resolu,4.0
TK002550,CL02062,2024-03-04,Materiel,ouvert,
TK002551,CL02063,2025-04-27,Offre,resolu,4.0
TK002552,CL02063,2024-07-03,Offre,resolu,5.0
TK002553,CL02064,2024-02-21,Offre,resolu,4.0
TK002554,CL02064,2025-08-07,Facturation,abandonne,19.0
TK002555,CL02067,2024-02-22,Facturation,abandonne,3.0
TK002556,CL02068,2025-01-01,Reseau,resolu,1.0
TK002557,CL02069,2024-02-04,Reseau,ouvert,
TK002558,CL02069,2024-07-07,Reseau,resolu,2.0
TK002559,CL02069,2024-02-13,Reseau,ouvert,
TK002560,CL02070,2025-05-14,Reseau,resolu,-1.0
TK002561,CL02070,2025-06-10,Reseau,resolu,4.0
TK002562,CL02071,2024-08-11,Reseau,abandonne,7.0
TK002563,CL02071,2024-09-27,Offre,abandonne,10.0
TK002564,CL02071,2024-05-18,Reseau,resolu,7.0
TK002565,CL02072,2024-01-13,Facturation,ouvert,
TK002566,CL02072,2024-01-01,Reseau,ouvert,
TK002567,CL02072,2024-01-05,Reseau,ouvert,
TK002568,CL02072,2024-01-21,Facturation,ouvert,
TK002569,CL02073,2025-01-31,Reseau,ouvert,
TK002570,CL02073,2024-12-27,Facturation,ouvert,
TK002571,CL02073,2025-02-24,Reseau,abandonne,2.0
TK002572,CL02073,2024-11-13,Facturation,resolu,4.0
TK002573,CL02073,2025-03-24,Facturation,resolu,4.0
TK002574,CL02075,2025-12-03,Reseau,resolu,1.0
TK002575,CL02076,2025-09-21,Facturation,resolu,2.0
TK002576,CL02077,2024-05-08,Reseau,resolu,5.0
TK002577,CL02077,2024-01-02,Offre,resolu,2.0
TK002578,CL02078,2025-12-30,Materiel,resolu,8.0
TK002579,CL02080,2025-06-01,Materiel,resolu,3.0
TK002580,CL02081,2025-06-09,Reseau,resolu,4.0
TK002581,CL02082,2024-11-25,Reseau,ouvert,
TK002582,CL02083,2025-02-25,Offre,resolu,1.0
TK002583,CL02083,2025-05-10,Reseau,resolu,4.0
TK002584,CL02083,2025-01-28,Facturation,ouvert,
TK002585,CL02085,2024-12-05,Offre,resolu,30.0
TK002586,CL02086,2025-11-26,Facturation,resolu,3.0
TK002587,CL02089,2024-11-16,Reseau,resolu,1.0
TK002588,CL02089,2024-05-31,Offre,resolu,10.0
TK002589,CL02089,2024-07-28,Materiel,ouvert,
TK002590,CL02089,2024-08-28,Facturation,ouvert,
TK002591,CL02089,2025-04-01,Reseau,ouvert,
TK002592,CL02090,2024-09-17,Materiel,ouvert,
TK002593,CL02090,2024-10-30,Offre,ouvert,
TK002594,CL02090,2024-11-10,Reseau,resolu,3.0
TK002595,CL02090,2024-09-20,Facturation,resolu,2.0
TK002596,CL02092,2024-01-13,Reseau,resolu,3.0
TK002597,CL02092,2024-02-10,Materiel,resolu,1.0
TK002598,CL02093,2025-01-02,Facturation,ouvert,
TK002599,CL02094,2024-12-29,Materiel,resolu,3.0
TK002600,CL02097,2024-08-07,Facturation,abandonne,1.0
TK002601,CL02097,2024-02-14,Offre,resolu,5.0
TK002602,CL02097,2024-10-16,Reseau,abandonne,19.0
TK002603,CL02098,2025-08-02,Offre,resolu,1.0
TK002604,CL02098,2024-09-09,Reseau,resolu,1.0
TK002605,CL02099,2024-05-06,Materiel,abandonne,2.0
TK002606,CL02099,2024-05-09,Reseau,ouvert,
TK002607,CL02100,2024-04-22,Offre,abandonne,4.0
TK002608,CL02100,2024-05-01,Reseau,ouvert,
TK002609,CL02100,2024-02-04,Facturation,abandonne,3.0
TK002610,CL02100,2024-06-15,Materiel,abandonne,10.0
TK002611,CL02101,2025-11-07,Facturation,resolu,1.0
TK002612,CL02107,2025-01-09,Offre,abandonne,4.0
TK002613,CL02107,2025-01-27,Reseau,ouvert,
TK002614,CL02107,2024-08-12,Materiel,abandonne,13.0
TK002615,CL02107,2024-12-04,Facturation,resolu,4.0
TK002616,CL02107,2024-08-09,Facturation,ouvert,
TK002617,CL02108,2025-12-05,Reseau,resolu,1.0
TK002618,CL02108,2024-11-04,Reseau,resolu,2.0
TK002619,CL02109,2024-01-03,Materiel,ouvert,
TK002620,CL02109,2024-01-05,Reseau,ouvert,
TK002621,CL02109,2024-02-21,Offre,abandonne,1.0
TK002622,CL02110,2025-07-06,Materiel,resolu,4.0
TK002623,CL02112,2025-04-18,Offre,resolu,5.0
TK002624,CL02112,2024-10-10,Reseau,resolu,1.0
TK002625,CL02114,2024-09-24,Facturation,abandonne,8.0
TK002626,CL02114,2025-05-21,Facturation,resolu,6.0
TK002627,CL02115,2025-01-10,Facturation,ouvert,
TK002628,CL02117,2025-02-04,Facturation,resolu,2.0
TK002629,CL02117,2024-12-16,Reseau,resolu,2.0
TK002630,CL02119,2024-12-25,Offre,resolu,1.0
TK002631,CL02120,2024-07-14,Materiel,resolu,1.0
TK002632,CL02121,2025-11-17,Facturation,resolu,1.0
TK002633,CL02126,2025-03-10,Facturation,ouvert,
TK002634,CL02128,2024-01-01,Facturation,abandonne,10.0
TK002635,CL02128,2024-01-02,Reseau,ouvert,
TK002636,CL02129,2024-08-25,Reseau,ouvert,
TK002637,CL02130,2025-11-03,Facturation,resolu,2.0
TK002638,CL02130,2025-09-24,Facturation,ouvert,
TK002639,CL02131,2024-04-05,Offre,abandonne,8.0
TK002640,CL02131,2025-02-12,Facturation,resolu,2.0
TK002641,CL02131,2024-04-10,Facturation,ouvert,
TK002642,CL02131,2024-08-06,Offre,abandonne,7.0
TK002643,CL02131,2024-08-24,Reseau,ouvert,
TK002644,CL02132,2024-05-06,Facturation,resolu,7.0
TK002645,CL02133,2024-10-12,Facturation,abandonne,14.0
TK002646,CL02133,2024-06-01,Facturation,ouvert,
TK002647,CL02134,2025-09-16,Facturation,ouvert,
TK002648,CL02135,2024-07-21,Offre,ouvert,
TK002649,CL02135,2025-05-31,Facturation,abandonne,3.0
TK002650,CL02135,2024-05-08,Offre,resolu,1.0
TK002651,CL02138,2025-04-23,Reseau,ouvert,
TK002652,CL02138,2024-10-23,Reseau,ouvert,
TK002653,CL02138,2025-02-25,Reseau,resolu,9.0
TK002654,CL02138,2024-07-02,Reseau,resolu,2.0
TK002655,CL02138,2025-04-05,Reseau,ouvert,
TK002656,CL02139,2024-04-13,Reseau,ouvert,
TK002657,CL02143,2024-07-12,Offre,resolu,1.0
TK002658,CL02145,2025-06-17,Reseau,resolu,2.0
TK002659,CL02145,2025-06-09,Facturation,ouvert,
TK002660,CL02145,2025-04-12,Reseau,abandonne,6.0
TK002661,CL02146,2024-04-11,Reseau,resolu,4.0
TK002662,CL02148,2025-06-27,Reseau,ouvert,
TK002663,CL02148,2025-07-27,Reseau,abandonne,7.0
TK002664,CL02149,2025-09-11,Reseau,ouvert,
TK002665,CL02149,2024-02-01,Reseau,resolu,1.0
TK002666,CL02151,2025-11-08,Materiel,ouvert,
TK002667,CL02152,2024-11-06,Reseau,resolu,2.0
TK002668,CL02155,2025-12-19,Facturation,resolu,1.0
TK002669,CL02157,2025-04-22,Materiel,ouvert,
TK002670,CL02159,2025-03-26,Materiel,abandonne,5.0
TK002671,CL02160,2024-06-25,Reseau,abandonne,4.0
TK002672,CL02160,2024-04-24,Reseau,resolu,3.0
TK002673,CL02160,2024-03-05,Materiel,abandonne,19.0
TK002674,CL02160,2025-09-29,Facturation,ouvert,
TK002675,CL02160,2024-08-23,Reseau,abandonne,7.0
TK002676,CL02161,2025-09-16,Offre,ouvert,
TK002677,CL02161,2025-05-13,Materiel,ouvert,
TK002678,CL02162,2025-08-16,Reseau,resolu,4.0
TK002679,CL02162,2025-11-04,Reseau,ouvert,
TK002680,CL02163,2024-09-07,Offre,resolu,2.0
TK002681,CL02163,2024-08-10,Reseau,resolu,3.0
TK002682,CL02164,2025-07-17,Reseau,abandonne,-1.0
TK002683,CL02164,2025-05-30,Materiel,ouvert,
TK002684,CL02166,2024-06-14,Materiel,resolu,7.0
TK002685,CL02168,2024-04-20,Offre,ouvert,
TK002686,CL02168,2024-03-07,Facturation,resolu,12.0
TK002687,CL02168,2024-03-01,Offre,ouvert,
TK002688,CL02168,2024-05-10,Offre,resolu,14.0
TK002689,CL02168,2024-04-16,Reseau,abandonne,-1.0
TK002690,CL02175,2024-07-05,Facturation,ouvert,
TK002691,CL02176,2024-05-12,Reseau,resolu,12.0
TK002692,CL02176,2024-03-18,Offre,resolu,1.0
TK002693,CL02177,2025-01-27,Facturation,resolu,1.0
TK002694,CL02178,2025-03-06,Materiel,resolu,3.0
TK002695,CL02178,2025-09-12,Facturation,resolu,2.0
TK002696,CL02179,2025-11-03,Offre,resolu,2.0
TK002697,CL02179,2025-06-08,Reseau,ouvert,
TK002698,CL02181,2024-09-25,Materiel,abandonne,5.0
TK002699,CL02181,2024-07-18,Facturation,abandonne,3.0
TK002700,CL02181,2024-08-05,Reseau,ouvert,
TK002701,CL02182,2025-05-22,Reseau,resolu,10.0
TK002702,CL02182,2024-11-10,Reseau,resolu,2.0
TK002703,CL02184,2025-08-05,Reseau,ouvert,
TK002704,CL02184,2025-01-17,Reseau,resolu,5.0
TK002705,CL02186,2024-03-08,Reseau,resolu,3.0
TK002706,CL02187,2024-08-15,Reseau,resolu,4.0
TK002707,CL02187,2024-12-30,Materiel,resolu,2.0
TK002708,CL02188,2024-11-06,Reseau,abandonne,38.0
TK002709,CL02188,2024-05-30,Offre,resolu,3.0
TK002710,CL02188,2024-08-25,Facturation,ouvert,
TK002711,CL02190,2025-01-21,Materiel,ouvert,
TK002712,CL02192,2024-05-13,Facturation,resolu,2.0
TK002713,CL02193,2024-09-21,Offre,ouvert,
TK002714,CL02194,2025-09-06,Materiel,resolu,3.0
TK002715,CL02194,2025-08-19,Facturation,resolu,8.0
TK002716,CL02195,2024-04-26,Facturation,ouvert,
TK002717,CL02195,2024-04-22,Materiel,abandonne,6.0
TK002718,CL02195,2024-02-25,Facturation,ouvert,
TK002719,CL02195,2024-01-20,Reseau,resolu,6.0
TK002720,CL02196,2025-12-11,Reseau,abandonne,17.0
TK002721,CL02196,2025-09-22,Facturation,resolu,2.0
TK002722,CL02198,2025-11-26,Reseau,resolu,2.0
TK002723,CL02202,2025-11-26,Reseau,resolu,27.0
TK002724,CL02202,2024-11-23,Facturation,resolu,1.0
TK002725,CL02203,2025-12-22,Facturation,resolu,1.0
TK002726,CL02203,2025-09-06,Facturation,ouvert,
TK002727,CL02204,2025-10-11,Reseau,resolu,1.0
TK002728,CL02204,2025-08-22,Facturation,abandonne,1.0
TK002729,CL02205,2025-11-04,Facturation,resolu,6.0
TK002730,CL02206,2025-04-14,Reseau,ouvert,
TK002731,CL02206,2025-05-01,Reseau,ouvert,
TK002732,CL02207,2025-05-15,Facturation,resolu,1.0
TK002733,CL02210,2025-08-05,Reseau,abandonne,1.0
TK002734,CL02210,2024-11-29,Reseau,ouvert,
TK002735,CL02211,2024-05-23,Reseau,ouvert,
TK002736,CL02212,2025-03-31,Reseau,resolu,10.0
TK002737,CL02212,2024-06-01,Facturation,ouvert,
TK002738,CL02212,2025-01-12,Facturation,resolu,7.0
TK002739,CL02212,2024-08-30,Reseau,ouvert,
TK002740,CL02213,2025-03-06,Materiel,resolu,3.0
TK002741,CL02217,2025-06-06,Offre,abandonne,14.0
TK002742,CL02218,2024-04-19,Offre,resolu,3.0
TK002743,CL02218,2025-08-28,Facturation,resolu,4.0
TK002744,CL02221,2024-06-24,Materiel,ouvert,
TK002745,CL02222,2024-11-28,Reseau,ouvert,
TK002746,CL02222,2024-04-22,Facturation,resolu,1.0
TK002747,CL02223,2024-02-06,Facturation,ouvert,
TK002748,CL02223,2025-06-12,Offre,resolu,2.0
TK002749,CL02224,2025-09-16,Facturation,abandonne,3.0
TK002750,CL02224,2025-10-04,Facturation,abandonne,3.0
TK002751,CL02224,2025-07-04,Facturation,abandonne,12.0
TK002752,CL02225,2024-07-24,Materiel,abandonne,1.0
TK002753,CL02225,2025-06-10,Materiel,abandonne,8.0
TK002754,CL02225,2025-01-04,Offre,ouvert,
TK002755,CL02225,2024-05-20,Materiel,resolu,2.0
TK002756,CL02226,2025-09-25,Reseau,resolu,9.0
TK002757,CL02229,2024-01-18,Materiel,abandonne,13.0
TK002758,CL02229,2024-03-16,Facturation,ouvert,
TK002759,CL02229,2024-04-03,Facturation,ouvert,
TK002760,CL02231,2024-06-10,Materiel,resolu,1.0
TK002761,CL02232,2024-03-01,Materiel,abandonne,11.0
TK002762,CL02232,2024-01-20,Facturation,ouvert,
TK002763,CL02233,2024-03-24,Facturation,resolu,7.0
TK002764,CL02234,2024-10-11,Reseau,resolu,1.0
TK002765,CL02237,2024-10-26,Reseau,ouvert,
TK002766,CL02238,2025-08-18,Reseau,resolu,1.0
TK002767,CL02238,2025-07-28,Facturation,resolu,4.0
TK002768,CL02239,2024-01-17,Materiel,resolu,5.0
TK002769,CL02240,2025-04-22,Offre,resolu,1.0
TK002770,CL02241,2024-03-21,Reseau,abandonne,9.0
TK002771,CL02241,2024-05-26,Facturation,resolu,1.0
TK002772,CL02242,2024-01-30,Facturation,resolu,3.0
TK002773,CL02243,2025-02-07,Facturation,resolu,1.0
TK002774,CL02243,2025-08-20,Materiel,ouvert,
TK002775,CL02244,2025-11-04,Materiel,resolu,6.0
TK002776,CL02249,2025-02-19,Facturation,abandonne,1.0
TK002777,CL02249,2024-11-23,Offre,resolu,2.0
TK002778,CL02252,2024-08-21,Facturation,resolu,3.0
TK002779,CL02254,2024-04-28,Facturation,ouvert,
TK002780,CL02255,2025-05-27,Materiel,resolu,7.0
TK002781,CL02255,2024-09-24,Facturation,resolu,1.0
TK002782,CL02257,2025-09-12,Facturation,resolu,2.0
TK002783,CL02257,2025-06-21,Reseau,ouvert,
TK002784,CL02258,2025-03-31,Reseau,resolu,6.0
TK002785,CL02259,2025-03-03,Reseau,resolu,1.0
TK002786,CL02260,2025-12-17,Reseau,resolu,3.0
TK002787,CL02260,2025-05-09,Offre,resolu,1.0
TK002788,CL02260,2025-12-04,Reseau,resolu,1.0
TK002789,CL02260,2025-08-27,Reseau,ouvert,
TK002790,CL02261,2024-02-28,Reseau,resolu,7.0
TK002791,CL02262,2025-07-12,Reseau,resolu,3.0
TK002792,CL02263,2024-01-20,Reseau,ouvert,
TK002793,CL02263,2024-03-28,Facturation,resolu,1.0
TK002794,CL02263,2024-04-14,Offre,abandonne,-2.0
TK002795,CL02264,2025-11-03,Reseau,resolu,-1.0
TK002796,CL02264,2025-10-03,Materiel,resolu,11.0
TK002797,CL02267,2024-07-29,Reseau,ouvert,
TK002798,CL02268,2024-09-21,Reseau,resolu,9.0
TK002799,CL02270,2025-12-04,Offre,ouvert,
TK002800,CL02271,2025-10-17,Reseau,resolu,2.0
TK002801,CL02273,2024-05-05,Reseau,abandonne,9.0
TK002802,CL02273,2024-06-15,Facturation,resolu,3.0
TK002803,CL02276,2024-01-17,Reseau,resolu,11.0
TK002804,CL02276,2024-02-08,Materiel,ouvert,
TK002805,CL02276,2024-03-24,Facturation,ouvert,
TK002806,CL02276,2024-08-12,Facturation,abandonne,4.0
TK002807,CL02277,2025-08-31,Offre,ouvert,
TK002808,CL02280,2025-11-16,Reseau,resolu,1.0
TK002809,CL02280,2024-05-02,Reseau,resolu,1.0
TK002810,CL02280,2025-12-02,Reseau,resolu,2.0
TK002811,CL02281,2025-08-07,Offre,resolu,10.0
TK002812,CL02282,2025-07-27,Facturation,abandonne,17.0
TK002813,CL02283,2024-09-30,Reseau,abandonne,-1.0
TK002814,CL02283,2024-06-10,Reseau,abandonne,1.0
TK002815,CL02284,2024-11-20,Facturation,resolu,1.0
TK002816,CL02284,2025-06-26,Reseau,resolu,14.0
TK002817,CL02285,2025-04-27,Reseau,resolu,4.0
TK002818,CL02286,2025-09-18,Facturation,ouvert,
TK002819,CL02286,2024-11-14,Materiel,resolu,10.0
TK002820,CL02287,2024-11-03,Reseau,ouvert,
TK002821,CL02287,2024-12-18,Facturation,abandonne,5.0
TK002822,CL02287,2025-01-23,Reseau,resolu,5.0
TK002823,CL02287,2024-12-09,Materiel,resolu,1.0
TK002824,CL02288,2025-06-14,Reseau,resolu,6.0
TK002825,CL02289,2025-07-01,Facturation,resolu,5.0
TK002826,CL02290,2025-08-08,Offre,ouvert,
TK002827,CL02290,2025-09-22,Offre,abandonne,1.0
TK002828,CL02290,2025-07-15,Offre,ouvert,
TK002829,CL02294,2024-10-28,Materiel,resolu,4.0
TK002830,CL02296,2024-10-14,Offre,resolu,3.0
TK002831,CL02297,2025-12-02,Facturation,resolu,1.0
TK002832,CL02297,2025-04-26,Facturation,resolu,1.0
TK002833,CL02298,2025-08-24,Reseau,resolu,7.0
TK002834,CL02299,2024-10-16,Offre,resolu,4.0
TK002835,CL02299,2024-01-09,Reseau,ouvert,
TK002836,CL02302,2025-06-07,Materiel,resolu,3.0
TK002837,CL02303,2025-10-30,Facturation,abandonne,10.0
TK002838,CL02304,2025-11-18,Facturation,ouvert,
TK002839,CL02306,2024-02-23,Facturation,ouvert,
TK002840,CL02306,2024-05-23,Reseau,ouvert,
TK002841,CL02307,2024-10-24,Facturation,resolu,1.0
TK002842,CL02308,2025-08-19,Reseau,resolu,1.0
TK002843,CL02308,2024-09-17,Reseau,resolu,3.0
TK002844,CL02308,2025-01-04,Reseau,abandonne,12.0
TK002845,CL02308,2024-07-21,Facturation,resolu,10.0
TK002846,CL02308,2025-03-20,Reseau,abandonne,14.0
TK002847,CL02310,2024-11-10,Offre,abandonne,5.0
TK002848,CL02310,2024-03-13,Offre,abandonne,4.0
TK002849,CL02311,2025-05-04,Reseau,resolu,7.0
TK002850,CL02312,2025-02-10,Materiel,resolu,1.0
TK002851,CL02313,2025-12-31,Offre,resolu,2.0
TK002852,CL02314,2025-07-07,Reseau,ouvert,
TK002853,CL02317,2024-07-08,Reseau,resolu,3.0
TK002854,CL02317,2025-01-02,Offre,abandonne,3.0
TK002855,CL02319,2025-12-29,Facturation,resolu,1.0
TK002856,CL02322,2025-10-11,Facturation,ouvert,
TK002857,CL02323,2025-01-16,Materiel,abandonne,9.0
TK002858,CL02323,2025-04-29,Facturation,ouvert,
TK002859,CL02323,2025-08-23,Materiel,ouvert,
TK002860,CL02325,2024-05-07,Facturation,resolu,1.0
TK002861,CL02325,2024-04-16,Offre,ouvert,
TK002862,CL02325,2024-03-19,Facturation,abandonne,-1.0
TK002863,CL02330,2025-05-10,Offre,resolu,2.0
TK002864,CL02332,2025-09-03,Offre,abandonne,10.0
TK002865,CL02332,2025-07-29,Facturation,resolu,1.0
TK002866,CL02333,2024-01-28,Facturation,abandonne,30.0
TK002867,CL02334,2025-11-28,Offre,resolu,1.0
TK002868,CL02335,2024-05-27,Facturation,resolu,9.0
TK002869,CL02335,2024-08-22,Reseau,resolu,6.0
TK002870,CL02336,2025-11-30,Reseau,resolu,1.0
TK002871,CL02337,2024-08-17,Facturation,resolu,1.0
TK002872,CL02337,2025-11-23,Materiel,resolu,3.0
TK002873,CL02337,2024-04-25,Facturation,ouvert,
TK002874,CL02338,2024-12-11,Offre,abandonne,7.0
TK002875,CL02338,2024-12-12,Materiel,resolu,8.0
TK002876,CL02338,2025-03-05,Reseau,ouvert,
TK002877,CL02338,2024-11-19,Reseau,ouvert,
TK002878,CL02338,2024-12-06,Facturation,abandonne,7.0
TK002879,CL02338,2024-11-09,Reseau,abandonne,8.0
TK002880,CL02338,2025-02-05,Materiel,resolu,1.0
TK002881,CL02340,2025-05-27,Reseau,resolu,2.0
TK002882,CL02341,2024-10-25,Facturation,resolu,5.0
TK002883,CL02341,2024-12-31,Reseau,ouvert,
TK002884,CL02341,2025-06-22,Materiel,ouvert,
TK002885,CL02341,2025-03-28,Offre,ouvert,
TK002886,CL02345,2025-12-19,Facturation,resolu,1.0
TK002887,CL02346,2024-07-30,Facturation,resolu,2.0
TK002888,CL02347,2025-04-09,Reseau,abandonne,-15.0
TK002889,CL02347,2025-06-19,Facturation,abandonne,38.0
TK002890,CL02347,2025-03-31,Offre,resolu,6.0
TK002891,CL02348,2025-09-18,Facturation,resolu,1.0
TK002892,CL02349,2025-03-04,Offre,resolu,1.0
TK002893,CL02350,2024-12-22,Offre,resolu,-1.0
TK002894,CL02352,2024-01-11,Reseau,ouvert,
TK002895,CL02352,2024-05-05,Facturation,resolu,6.0
TK002896,CL02352,2024-03-06,Reseau,ouvert,
TK002897,CL02352,2024-03-05,Materiel,ouvert,
TK002898,CL02352,2024-04-08,Materiel,ouvert,
TK002899,CL02353,2025-06-06,Materiel,ouvert,
TK002900,CL02353,2025-04-27,Reseau,resolu,6.0
TK002901,CL02354,2025-01-04,Materiel,resolu,1.0
TK002902,CL02356,2024-02-27,Materiel,ouvert,
TK002903,CL02360,2024-05-02,Facturation,resolu,1.0
TK002904,CL02360,2024-07-04,Facturation,resolu,2.0
TK002905,CL02361,2025-11-12,Offre,abandonne,-16.0
TK002906,CL02361,2024-02-22,Facturation,resolu,1.0
TK002907,CL02363,2024-08-26,Facturation,ouvert,
TK002908,CL02365,2025-10-23,Reseau,resolu,1.0
TK002909,CL02365,2025-11-23,Materiel,ouvert,
TK002910,CL02366,2025-06-10,Materiel,abandonne,1.0
TK002911,CL02366,2025-08-11,Reseau,abandonne,4.0
TK002912,CL02366,2025-10-14,Reseau,ouvert,
TK002913,CL02366,2025-09-19,Materiel,ouvert,
TK002914,CL02367,2024-06-14,Facturation,resolu,1.0
TK002915,CL02367,2024-06-05,Reseau,resolu,9.0
TK002916,CL02368,2024-06-03,Reseau,resolu,1.0
TK002917,CL02369,2025-10-05,Facturation,ouvert,
TK002918,CL02370,2024-08-19,Facturation,ouvert,
TK002919,CL02371,2025-06-20,Reseau,resolu,7.0
TK002920,CL02372,2025-10-20,Offre,resolu,7.0
TK002921,CL02375,2024-02-08,Reseau,resolu,2.0
TK002922,CL02375,2024-12-01,Offre,ouvert,
TK002923,CL02375,2025-09-30,Facturation,resolu,1.0
TK002924,CL02376,2024-12-25,Reseau,ouvert,
TK002925,CL02376,2024-01-31,Reseau,resolu,1.0
TK002926,CL02376,2025-07-18,Facturation,resolu,-2.0
TK002927,CL02377,2025-04-03,Materiel,abandonne,4.0
TK002928,CL02377,2025-02-23,Materiel,ouvert,
TK002929,CL02378,2024-01-13,Reseau,ouvert,
TK002930,CL02379,2024-10-13,Reseau,resolu,1.0
TK002931,CL02381,2024-01-25,Reseau,resolu,2.0
TK002932,CL02383,2025-07-13,Facturation,resolu,3.0
TK002933,CL02383,2025-06-12,Offre,resolu,1.0
TK002934,CL02384,2025-01-08,Offre,ouvert,
TK002935,CL02384,2024-07-20,Facturation,ouvert,
TK002936,CL02384,2024-09-05,Reseau,resolu,1.0
TK002937,CL02384,2025-05-30,Offre,ouvert,
TK002938,CL02384,2025-10-22,Reseau,ouvert,
TK002939,CL02385,2024-10-09,Facturation,resolu,4.0
TK002940,CL02391,2024-02-15,Facturation,abandonne,22.0
TK002941,CL02391,2024-01-27,Facturation,resolu,2.0
TK002942,CL02392,2025-12-07,Reseau,resolu,11.0
TK002943,CL02393,2025-04-17,Facturation,resolu,4.0
TK002944,CL02394,2025-11-09,Reseau,resolu,3.0
TK002945,CL02397,2025-03-23,Materiel,resolu,5.0
TK002946,CL02397,2025-07-18,Materiel,resolu,1.0
TK002947,CL02397,2025-02-18,Materiel,ouvert,
TK002948,CL02399,2024-07-25,Offre,ouvert,
TK002949,CL02400,2024-04-19,Facturation,ouvert,
TK002950,CL02402,2025-01-21,Facturation,abandonne,25.0
TK002951,CL02405,2025-03-28,Facturation,resolu,1.0
TK002952,CL02406,2025-03-05,Facturation,abandonne,14.0
TK002953,CL02406,2025-01-03,Facturation,ouvert,
TK002954,CL02407,2025-09-27,Reseau,resolu,9.0
TK002955,CL02408,2024-01-28,Reseau,abandonne,19.0
TK002956,CL02408,2024-08-11,Facturation,resolu,1.0
TK002957,CL02408,2024-08-07,Reseau,resolu,1.0
TK002958,CL02408,2024-08-17,Facturation,ouvert,
TK002959,CL02411,2025-10-30,Facturation,ouvert,
TK002960,CL02412,2024-09-30,Facturation,resolu,2.0
TK002961,CL02412,2024-08-03,Reseau,resolu,3.0
TK002962,CL02413,2024-04-22,Facturation,resolu,5.0
TK002963,CL02413,2025-11-23,Facturation,resolu,1.0
TK002964,CL02413,2024-05-30,Materiel,resolu,6.0
TK002965,CL02414,2025-03-29,Materiel,resolu,8.0
TK002966,CL02415,2024-01-15,Reseau,resolu,1.0
TK002967,CL02415,2024-02-10,Facturation,ouvert,
TK002968,CL02416,2024-09-29,Reseau,abandonne,8.0
TK002969,CL02416,2025-05-17,Facturation,ouvert,
TK002970,CL02416,2025-01-04,Reseau,ouvert,
TK002971,CL02416,2025-03-05,Materiel,resolu,1.0
TK002972,CL02417,2025-02-16,Offre,abandonne,3.0
TK002973,CL02418,2024-08-13,Facturation,ouvert,
TK002974,CL02418,2024-06-11,Facturation,resolu,2.0
TK002975,CL02419,2024-12-16,Offre,resolu,15.0
TK002976,CL02420,2025-09-07,Reseau,resolu,11.0
TK002977,CL02422,2025-06-25,Materiel,resolu,1.0
TK002978,CL02422,2025-07-28,Reseau,resolu,1.0
TK002979,CL02424,2025-11-02,Facturation,resolu,4.0
TK002980,CL02424,2025-12-02,Reseau,resolu,6.0
TK002981,CL02425,2024-04-04,Reseau,abandonne,5.0
TK002982,CL02425,2024-02-16,Reseau,ouvert,
TK002983,CL02426,2025-04-21,Reseau,resolu,12.0
TK002984,CL02426,2025-04-11,Materiel,resolu,-1.0
TK002985,CL02427,2025-08-27,Offre,resolu,10.0
TK002986,CL02429,2025-04-08,Facturation,ouvert,
TK002987,CL02429,2024-08-22,Reseau,abandonne,7.0
TK002988,CL02430,2024-02-04,Reseau,abandonne,12.0
TK002989,CL02430,2024-02-01,Offre,ouvert,
TK002990,CL02430,2024-03-24,Reseau,ouvert,
TK002991,CL02431,2024-06-14,Facturation,abandonne,9.0
TK002992,CL02432,2024-05-16,Facturation,ouvert,
TK002993,CL02432,2024-08-15,Materiel,abandonne,5.0
TK002994,CL02432,2025-02-21,Materiel,abandonne,6.0
TK002995,CL02433,2024-02-14,Facturation,resolu,10.0
TK002996,CL02434,2024-01-18,Materiel,resolu,2.0
TK002997,CL02434,2024-01-18,Offre,resolu,1.0
TK002998,CL02435,2025-06-17,Reseau,resolu,9.0
TK002999,CL02436,2025-02-13,Offre,resolu,1.0
TK003000,CL02437,2025-12-26,Facturation,resolu,1.0
TK003001,CL02438,2024-10-17,Reseau,ouvert,
TK003002,CL02438,2024-03-25,Facturation,ouvert,
TK003003,CL02438,2025-01-25,Reseau,abandonne,4.0
TK003004,CL02438,2025-04-14,Facturation,abandonne,5.0
TK003005,CL02439,2025-04-17,Materiel,resolu,1.0
TK003006,CL02440,2024-06-03,Offre,abandonne,9.0
TK003007,CL02440,2024-05-10,Materiel,abandonne,5.0
TK003008,CL02440,2024-08-11,Facturation,ouvert,
TK003009,CL02440,2024-05-28,Offre,abandonne,2.0
TK003010,CL02440,2024-06-06,Reseau,resolu,2.0
TK003011,CL02442,2025-06-02,Reseau,resolu,3.0
TK003012,CL02442,2024-03-06,Reseau,resolu,2.0
TK003013,CL02444,2025-09-10,Facturation,resolu,4.0
TK003014,CL02445,2025-03-04,Reseau,resolu,1.0
TK003015,CL02445,2025-08-08,Reseau,resolu,11.0
TK003016,CL02451,2025-09-26,Reseau,resolu,7.0
TK003017,CL02454,2025-08-22,Offre,resolu,1.0
TK003018,CL02456,2024-06-12,Reseau,ouvert,
TK003019,CL02456,2024-01-25,Reseau,ouvert,
TK003020,CL02457,2024-05-05,Reseau,abandonne,18.0
TK003021,CL02458,2025-11-08,Offre,resolu,1.0
TK003022,CL02458,2024-10-06,Materiel,resolu,3.0
TK003023,CL02459,2024-12-09,Facturation,abandonne,13.0
TK003024,CL02459,2025-02-15,Reseau,abandonne,3.0
TK003025,CL02459,2025-05-20,Reseau,abandonne,15.0
TK003026,CL02463,2025-04-20,Facturation,resolu,6.0
TK003027,CL02464,2025-08-27,Reseau,resolu,1.0
TK003028,CL02464,2025-10-24,Facturation,ouvert,
TK003029,CL02465,2025-02-15,Offre,resolu,9.0
TK003030,CL02466,2025-05-20,Facturation,resolu,1.0
TK003031,CL02467,2025-06-28,Offre,resolu,6.0
TK003032,CL02467,2025-04-10,Offre,resolu,1.0
TK003033,CL02468,2025-08-03,Facturation,resolu,1.0
TK003034,CL02468,2025-08-07,Reseau,ouvert,
TK003035,CL02468,2025-01-22,Facturation,abandonne,10.0
TK003036,CL02469,2024-12-18,Offre,resolu,1.0
TK003037,CL02471,2025-03-22,Reseau,ouvert,
TK003038,CL02472,2024-10-11,Reseau,ouvert,
TK003039,CL02472,2024-12-03,Facturation,ouvert,
TK003040,CL02472,2025-03-19,Facturation,ouvert,
TK003041,CL02473,2025-05-28,Facturation,resolu,1.0
TK003042,CL02474,2025-01-04,Reseau,resolu,3.0
TK003043,CL02475,2024-06-19,Reseau,resolu,3.0
TK003044,CL02476,2025-08-13,Reseau,resolu,1.0
TK003045,CL02476,2024-07-16,Facturation,ouvert,
TK003046,CL02476,2024-09-17,Facturation,ouvert,
TK003047,CL02476,2024-11-01,Reseau,ouvert,
TK003048,CL02477,2025-05-05,Reseau,ouvert,
TK003049,CL02480,2025-03-18,Reseau,resolu,4.0
TK003050,CL02480,2024-06-15,Offre,resolu,10.0
TK003051,CL02480,2024-09-10,Reseau,resolu,1.0
TK003052,CL02481,2024-07-13,Materiel,abandonne,14.0
TK003053,CL02481,2024-09-01,Reseau,resolu,3.0
TK003054,CL02481,2024-03-21,Reseau,resolu,1.0
TK003055,CL02482,2025-09-03,Reseau,resolu,6.0
TK003056,CL02483,2024-12-28,Reseau,resolu,1.0
TK003057,CL02484,2025-06-30,Facturation,resolu,1.0
TK003058,CL02485,2024-05-16,Offre,resolu,2.0
TK003059,CL02486,2025-08-06,Reseau,resolu,2.0
TK003060,CL02487,2024-10-10,Reseau,ouvert,
TK003061,CL02487,2024-09-16,Reseau,abandonne,11.0
TK003062,CL02488,2025-07-15,Reseau,resolu,5.0
TK003063,CL02489,2024-08-19,Materiel,abandonne,6.0
TK003064,CL02489,2024-04-12,Facturation,ouvert,
TK003065,CL02489,2024-02-15,Facturation,ouvert,
TK003066,CL02490,2024-04-11,Materiel,abandonne,19.0
TK003067,CL02491,2025-03-18,Materiel,resolu,1.0
TK003068,CL02492,2024-07-27,Offre,resolu,1.0
TK003069,CL02494,2025-08-11,Reseau,ouvert,
TK003070,CL02496,2025-06-21,Facturation,resolu,4.0
TK003071,CL02497,2025-09-03,Facturation,ouvert,
TK003072,CL02498,2024-11-30,Materiel,resolu,1.0
TK003073,CL02501,2024-02-17,Offre,resolu,10.0
TK003074,CL02504,2025-10-11,Materiel,resolu,1.0
TK003075,CL02506,2025-03-18,Reseau,ouvert,
TK003076,CL02507,2024-02-08,Reseau,ouvert,
TK003077,CL02507,2024-02-15,Materiel,ouvert,
TK003078,CL02507,2024-01-26,Offre,ouvert,
TK003079,CL02508,2025-07-03,Reseau,resolu,1.0
TK003080,CL02509,2025-01-05,Offre,resolu,1.0
TK003081,CL02510,2025-08-27,Facturation,resolu,3.0
TK003082,CL02511,2024-09-14,Reseau,ouvert,
TK003083,CL02514,2024-12-09,Facturation,ouvert,
TK003084,CL02515,2025-05-21,Offre,ouvert,
TK003085,CL02515,2024-02-29,Facturation,abandonne,6.0
TK003086,CL02515,2024-11-16,Offre,abandonne,25.0
TK003087,CL02515,2024-05-10,Offre,resolu,6.0
TK003088,CL02516,2025-10-25,Facturation,resolu,1.0
TK003089,CL02516,2025-06-10,Reseau,ouvert,
TK003090,CL02518,2025-01-16,Facturation,resolu,2.0
TK003091,CL02518,2025-10-18,Reseau,resolu,1.0
TK003092,CL02519,2024-01-25,Reseau,ouvert,
TK003093,CL02519,2024-01-18,Facturation,resolu,1.0
TK003094,CL02519,2024-01-03,Reseau,ouvert,
TK003095,CL02520,2024-07-27,Reseau,abandonne,19.0
TK003096,CL02520,2024-11-04,Reseau,ouvert,
TK003097,CL02520,2024-01-19,Facturation,resolu,1.0
TK003098,CL02520,2025-01-09,Reseau,resolu,2.0
TK003099,CL02521,2024-09-03,Facturation,resolu,5.0
TK003100,CL02521,2024-10-10,Reseau,resolu,2.0
TK003101,CL02522,2025-05-21,Reseau,ouvert,
TK003102,CL02522,2025-09-01,Offre,ouvert,
TK003103,CL02523,2024-03-08,Facturation,ouvert,
TK003104,CL02525,2024-03-03,Reseau,resolu,3.0
TK003105,CL02525,2024-10-31,Reseau,abandonne,-11.0
TK003106,CL02525,2024-02-20,Facturation,ouvert,
TK003107,CL02526,2024-12-27,Offre,resolu,1.0
TK003108,CL02528,2024-07-07,Facturation,abandonne,8.0
TK003109,CL02529,2025-11-02,Materiel,resolu,3.0
TK003110,CL02530,2025-10-22,Reseau,resolu,-4.0
TK003111,CL02533,2024-01-05,Reseau,ouvert,
TK003112,CL02534,2024-03-29,Reseau,resolu,2.0
TK003113,CL02535,2025-06-12,Facturation,resolu,1.0
TK003114,CL02535,2024-08-15,Reseau,resolu,7.0
TK003115,CL02536,2025-12-07,Reseau,ouvert,
TK003116,CL02536,2025-05-15,Facturation,resolu,11.0
TK003117,CL02537,2024-05-17,Facturation,ouvert,
TK003118,CL02537,2024-05-04,Reseau,ouvert,
TK003119,CL02538,2025-03-30,Reseau,ouvert,
TK003120,CL02538,2024-12-11,Reseau,resolu,1.0
TK003121,CL02538,2024-04-19,Reseau,ouvert,
TK003122,CL02539,2024-07-03,Materiel,resolu,1.0
TK003123,CL02541,2024-04-18,Reseau,resolu,11.0
TK003124,CL02542,2025-12-13,Reseau,resolu,1.0
TK003125,CL02542,2025-04-25,Facturation,resolu,3.0
TK003126,CL02543,2024-01-27,Offre,abandonne,5.0
TK003127,CL02543,2024-06-26,Reseau,ouvert,
TK003128,CL02546,2024-07-31,Materiel,ouvert,
TK003129,CL02546,2024-08-15,Facturation,resolu,9.0
TK003130,CL02547,2025-03-13,Reseau,ouvert,
TK003131,CL02547,2025-08-16,Facturation,ouvert,
TK003132,CL02547,2025-10-29,Reseau,resolu,4.0
TK003133,CL02547,2024-12-27,Offre,ouvert,
TK003134,CL02548,2025-10-22,Offre,abandonne,12.0
TK003135,CL02548,2025-10-03,Offre,ouvert,
TK003136,CL02549,2024-01-12,Reseau,abandonne,1.0
TK003137,CL02549,2024-01-29,Reseau,ouvert,
TK003138,CL02550,2025-09-05,Reseau,resolu,7.0
TK003139,CL02550,2025-01-06,Reseau,resolu,4.0
TK003140,CL02551,2024-03-30,Materiel,ouvert,
TK003141,CL02551,2024-03-27,Offre,resolu,3.0
TK003142,CL02551,2025-11-20,Reseau,resolu,4.0
TK003143,CL02553,2025-07-30,Offre,resolu,-6.0
TK003144,CL02555,2024-11-29,Facturation,resolu,5.0
TK003145,CL02556,2024-10-09,Offre,resolu,1.0
TK003146,CL02556,2024-09-14,Materiel,resolu,2.0
TK003147,CL02557,2025-11-06,Reseau,ouvert,
TK003148,CL02558,2025-12-05,Offre,ouvert,
TK003149,CL02560,2025-03-04,Facturation,resolu,1.0
TK003150,CL02560,2024-06-09,Offre,abandonne,1.0
TK003151,CL02562,2025-08-10,Facturation,resolu,1.0
TK003152,CL02563,2024-02-08,Reseau,abandonne,10.0
TK003153,CL02563,2024-04-23,Reseau,ouvert,
TK003154,CL02564,2024-11-22,Reseau,resolu,4.0
TK003155,CL02564,2025-10-04,Facturation,ouvert,
TK003156,CL02568,2025-10-08,Materiel,resolu,2.0
TK003157,CL02569,2025-08-21,Reseau,ouvert,
TK003158,CL02570,2025-01-10,Reseau,resolu,2.0
TK003159,CL02571,2024-12-06,Reseau,resolu,3.0
TK003160,CL02572,2024-01-03,Materiel,ouvert,
TK003161,CL02572,2024-01-14,Facturation,resolu,3.0
TK003162,CL02575,2025-07-24,Offre,resolu,1.0
TK003163,CL02576,2025-05-02,Materiel,ouvert,
TK003164,CL02577,2024-01-19,Facturation,ouvert,
TK003165,CL02577,2024-01-08,Facturation,ouvert,
TK003166,CL02577,2024-01-20,Materiel,ouvert,
TK003167,CL02577,2024-01-16,Reseau,abandonne,2.0
TK003168,CL02578,2024-11-22,Reseau,resolu,1.0
TK003169,CL02579,2024-10-20,Offre,resolu,1.0
TK003170,CL02580,2025-11-17,Facturation,ouvert,
TK003171,CL02580,2024-10-18,Materiel,resolu,4.0
TK003172,CL02581,2025-07-17,Reseau,resolu,1.0
TK003173,CL02581,2025-05-09,Reseau,resolu,6.0
TK003174,CL02582,2025-05-21,Reseau,abandonne,14.0
TK003175,CL02583,2024-06-25,Offre,resolu,5.0
TK003176,CL02583,2024-08-05,Offre,ouvert,
TK003177,CL02583,2025-09-10,Reseau,resolu,11.0
TK003178,CL02584,2025-03-05,Offre,resolu,2.0
TK003179,CL02584,2025-12-14,Facturation,resolu,22.0
TK003180,CL02584,2025-04-01,Reseau,ouvert,
TK003181,CL02586,2025-08-01,Materiel,abandonne,15.0
TK003182,CL02586,2025-01-03,Offre,ouvert,
TK003183,CL02588,2024-11-18,Reseau,resolu,1.0
TK003184,CL02589,2024-12-03,Offre,ouvert,
TK003185,CL02589,2024-07-25,Reseau,ouvert,
TK003186,CL02592,2024-04-04,Materiel,resolu,7.0
TK003187,CL02592,2024-02-17,Offre,ouvert,
TK003188,CL02593,2025-03-18,Materiel,ouvert,
TK003189,CL02593,2025-04-18,Reseau,ouvert,
TK003190,CL02593,2025-02-14,Facturation,ouvert,
TK003191,CL02594,2024-05-19,Reseau,resolu,1.0
TK003192,CL02594,2024-08-07,Reseau,resolu,2.0
TK003193,CL02594,2024-11-12,Offre,resolu,2.0
TK003194,CL02594,2024-02-09,Reseau,ouvert,
TK003195,CL02595,2024-05-31,Facturation,resolu,1.0
TK003196,CL02595,2024-03-09,Facturation,resolu,12.0
TK003197,CL02595,2025-01-21,Offre,ouvert,
TK003198,CL02597,2024-12-09,Reseau,resolu,5.0
TK003199,CL02597,2024-11-06,Facturation,resolu,1.0
TK003200,CL02597,2025-01-01,Materiel,ouvert,
TK003201,CL02597,2024-06-05,Facturation,abandonne,7.0
TK003202,CL02597,2024-10-12,Reseau,ouvert,
TK003203,CL02597,2024-08-09,Facturation,ouvert,
TK003204,CL02597,2025-02-18,Reseau,ouvert,
TK003205,CL02598,2025-07-12,Facturation,abandonne,10.0
TK003206,CL02600,2025-11-06,Materiel,resolu,-4.0
TK003207,CL02601,2025-08-03,Facturation,resolu,5.0
TK003208,CL02603,2024-08-11,Reseau,abandonne,1.0
TK003209,CL02603,2025-04-14,Reseau,ouvert,
TK003210,CL02603,2025-03-07,Materiel,ouvert,
TK003211,CL02604,2024-06-07,Offre,resolu,1.0
TK003212,CL02604,2024-12-16,Offre,ouvert,
TK003213,CL02608,2025-08-01,Facturation,resolu,12.0
TK003214,CL02608,2025-02-22,Facturation,ouvert,
TK003215,CL02609,2025-06-13,Materiel,resolu,10.0
TK003216,CL02612,2024-03-24,Reseau,resolu,9.0
TK003217,CL02612,2024-04-19,Reseau,ouvert,
TK003218,CL02612,2024-02-17,Reseau,ouvert,
TK003219,CL02612,2024-02-07,Reseau,abandonne,1.0
TK003220,CL02612,2024-02-06,Reseau,abandonne,1.0
TK003221,CL02613,2024-06-11,Facturation,resolu,2.0
TK003222,CL02614,2025-05-26,Offre,ouvert,
TK003223,CL02617,2025-07-07,Offre,resolu,1.0
TK003224,CL02619,2024-10-26,Facturation,resolu,1.0
TK003225,CL02619,2025-02-10,Facturation,resolu,1.0
TK003226,CL02620,2025-04-08,Reseau,resolu,4.0
TK003227,CL02621,2025-10-26,Facturation,resolu,5.0
TK003228,CL02622,2024-12-27,Reseau,ouvert,
TK003229,CL02622,2025-09-05,Offre,resolu,-13.0
TK003230,CL02624,2025-07-13,Reseau,resolu,2.0
TK003231,CL02624,2025-06-09,Reseau,resolu,10.0
TK003232,CL02626,2024-06-24,Reseau,abandonne,14.0
TK003233,CL02626,2024-06-17,Offre,abandonne,11.0
TK003234,CL02627,2024-10-19,Reseau,resolu,1.0
TK003235,CL02629,2024-09-17,Materiel,abandonne,45.0
TK003236,CL02629,2025-11-27,Materiel,abandonne,1.0
TK003237,CL02630,2025-02-10,Materiel,ouvert,
TK003238,CL02630,2024-11-22,Materiel,ouvert,
TK003239,CL02630,2024-08-13,Facturation,resolu,-1.0
TK003240,CL02630,2025-02-05,Reseau,resolu,6.0
TK003241,CL02630,2024-12-13,Materiel,resolu,3.0
TK003242,CL02631,2025-03-03,Reseau,resolu,1.0
TK003243,CL02631,2024-08-06,Facturation,resolu,7.0
TK003244,CL02631,2025-01-23,Offre,resolu,1.0
TK003245,CL02631,2024-11-03,Facturation,abandonne,23.0
TK003246,CL02632,2025-10-22,Offre,ouvert,
TK003247,CL02633,2025-06-08,Materiel,resolu,1.0
TK003248,CL02634,2025-06-13,Facturation,resolu,15.0
TK003249,CL02634,2025-02-08,Reseau,resolu,3.0
TK003250,CL02635,2024-06-10,Reseau,ouvert,
TK003251,CL02636,2024-01-03,Reseau,resolu,1.0
TK003252,CL02636,2024-01-12,Reseau,resolu,1.0
TK003253,CL02636,2024-01-05,Reseau,resolu,2.0
TK003254,CL02638,2024-01-03,Reseau,abandonne,15.0
TK003255,CL02638,2024-01-04,Offre,ouvert,
TK003256,CL02640,2025-12-03,Reseau,resolu,1.0
TK003257,CL02640,2024-01-05,Facturation,resolu,6.0
TK003258,CL02641,2024-12-22,Facturation,resolu,3.0
TK003259,CL02642,2024-07-23,Facturation,ouvert,
TK003260,CL02643,2025-05-10,Reseau,ouvert,
TK003261,CL02644,2024-08-27,Facturation,resolu,4.0
TK003262,CL02646,2024-01-29,Offre,resolu,16.0
TK003263,CL02646,2024-01-22,Offre,ouvert,
TK003264,CL02646,2024-01-11,Reseau,ouvert,
TK003265,CL02646,2024-01-23,Reseau,ouvert,
TK003266,CL02646,2024-01-23,Reseau,ouvert,
TK003267,CL02646,2024-01-25,Offre,abandonne,11.0
TK003268,CL02647,2025-01-20,Materiel,ouvert,
TK003269,CL02647,2024-08-05,Offre,resolu,1.0
TK003270,CL02649,2025-11-08,Offre,ouvert,
TK003271,CL02649,2025-11-03,Materiel,abandonne,7.0
TK003272,CL02650,2025-06-06,Materiel,resolu,10.0
TK003273,CL02651,2025-01-16,Materiel,ouvert,
TK003274,CL02652,2025-11-16,Reseau,ouvert,
TK003275,CL02652,2025-08-11,Facturation,ouvert,
TK003276,CL02652,2025-12-01,Facturation,resolu,24.0
TK003277,CL02653,2024-07-11,Facturation,resolu,1.0
TK003278,CL02654,2024-01-15,Offre,resolu,1.0
TK003279,CL02654,2024-03-30,Reseau,abandonne,27.0
TK003280,CL02654,2024-04-12,Facturation,abandonne,3.0
TK003281,CL02654,2024-03-20,Materiel,resolu,6.0
TK003282,CL02656,2025-10-04,Offre,resolu,11.0
TK003283,CL02656,2024-07-02,Offre,resolu,1.0
TK003284,CL02657,2025-11-06,Facturation,resolu,16.0
TK003285,CL02661,2025-01-18,Materiel,ouvert,
TK003286,CL02663,2024-04-19,Reseau,ouvert,
TK003287,CL02663,2024-10-06,Reseau,ouvert,
TK003288,CL02663,2024-06-28,Reseau,ouvert,
TK003289,CL02663,2024-03-23,Reseau,ouvert,
TK003290,CL02663,2024-01-22,Materiel,resolu,1.0
TK003291,CL02663,2024-02-27,Reseau,ouvert,
TK003292,CL02663,2024-06-26,Offre,resolu,2.0
TK003293,CL02664,2024-08-08,Reseau,ouvert,
TK003294,CL02664,2024-01-28,Reseau,abandonne,1.0
TK003295,CL02664,2025-02-14,Facturation,resolu,3.0
TK003296,CL02666,2025-12-23,Facturation,ouvert,
TK003297,CL02666,2025-12-18,Offre,resolu,11.0
TK003298,CL02668,2024-05-18,Materiel,resolu,9.0
TK003299,CL02669,2025-08-12,Reseau,resolu,2.0
TK003300,CL02669,2025-08-22,Materiel,abandonne,5.0
TK003301,CL02669,2025-08-27,Facturation,abandonne,19.0
TK003302,CL02669,2025-07-24,Reseau,ouvert,
TK003303,CL02670,2025-03-30,Reseau,resolu,1.0
TK003304,CL02671,2024-05-15,Reseau,abandonne,44.0
TK003305,CL02671,2024-05-01,Materiel,resolu,5.0
TK003306,CL02671,2024-04-09,Reseau,ouvert,
TK003307,CL02671,2024-03-09,Reseau,ouvert,
TK003308,CL02671,2024-06-12,Reseau,ouvert,
TK003309,CL02671,2024-04-25,Facturation,resolu,11.0
TK003310,CL02671,2024-05-03,Facturation,ouvert,
TK003311,CL02671,2024-03-05,Reseau,ouvert,
TK003312,CL02677,2024-09-13,Facturation,resolu,1.0
TK003313,CL02679,2025-06-21,Offre,resolu,1.0
TK003314,CL02682,2024-02-28,Materiel,ouvert,
TK003315,CL02682,2024-04-10,Reseau,resolu,4.0
TK003316,CL02682,2024-01-11,Reseau,ouvert,
TK003317,CL02682,2024-03-23,Reseau,abandonne,1.0
TK003318,CL02683,2024-03-27,Facturation,resolu,7.0
TK003319,CL02683,2024-06-20,Facturation,ouvert,
TK003320,CL02683,2025-03-29,Reseau,abandonne,7.0
TK003321,CL02683,2025-07-15,Reseau,resolu,5.0
TK003322,CL02683,2025-07-14,Materiel,resolu,11.0
TK003323,CL02686,2025-01-04,Reseau,resolu,2.0
TK003324,CL02687,2024-02-02,Offre,resolu,8.0
TK003325,CL02687,2024-08-06,Materiel,abandonne,15.0
TK003326,CL02687,2024-09-30,Reseau,abandonne,2.0
TK003327,CL02687,2024-11-01,Reseau,resolu,3.0
TK003328,CL02688,2024-11-06,Reseau,resolu,11.0
TK003329,CL02689,2024-03-08,Facturation,resolu,9.0
TK003330,CL02692,2024-10-06,Offre,resolu,2.0
TK003331,CL02693,2024-03-20,Offre,resolu,4.0
TK003332,CL02693,2025-11-15,Reseau,resolu,1.0
TK003333,CL02694,2025-03-26,Facturation,ouvert,
TK003334,CL02694,2025-07-23,Facturation,resolu,13.0
TK003335,CL02697,2025-06-28,Reseau,abandonne,1.0
TK003336,CL02697,2024-12-04,Offre,ouvert,
TK003337,CL02697,2025-06-30,Facturation,ouvert,
TK003338,CL02697,2024-12-26,Facturation,resolu,4.0
TK003339,CL02698,2024-09-09,Facturation,resolu,1.0
TK003340,CL02700,2024-05-03,Facturation,abandonne,1.0
TK003341,CL02700,2024-04-12,Materiel,abandonne,2.0
TK003342,CL02700,2024-10-07,Offre,ouvert,
TK003343,CL02701,2025-05-09,Facturation,resolu,1.0
TK003344,CL02702,2025-07-17,Facturation,ouvert,
TK003345,CL02703,2025-10-26,Materiel,resolu,8.0
TK003346,CL02706,2025-08-01,Reseau,resolu,-5.0
TK003347,CL02707,2025-05-10,Reseau,resolu,3.0
TK003348,CL02709,2025-09-17,Facturation,resolu,4.0
TK003349,CL02709,2025-09-14,Materiel,resolu,5.0
TK003350,CL02710,2024-01-30,Offre,resolu,1.0
TK003351,CL02710,2024-01-10,Facturation,ouvert,
TK003352,CL02710,2024-01-17,Offre,ouvert,
TK003353,CL02712,2025-10-21,Reseau,resolu,1.0
TK003354,CL02712,2025-10-04,Facturation,resolu,1.0
TK003355,CL02714,2024-02-11,Materiel,abandonne,4.0
TK003356,CL02714,2024-01-08,Facturation,ouvert,
TK003357,CL02715,2025-11-27,Facturation,resolu,1.0
TK003358,CL02716,2025-04-23,Facturation,resolu,3.0
TK003359,CL02717,2024-08-29,Reseau,resolu,6.0
TK003360,CL02718,2024-06-27,Materiel,ouvert,
TK003361,CL02719,2025-09-30,Facturation,ouvert,
TK003362,CL02719,2025-06-19,Facturation,resolu,1.0
TK003363,CL02719,2025-08-23,Materiel,resolu,8.0
TK003364,CL02721,2024-02-11,Offre,resolu,4.0
TK003365,CL02721,2024-07-27,Facturation,ouvert,
TK003366,CL02721,2024-04-12,Facturation,resolu,1.0
TK003367,CL02722,2024-06-04,Offre,ouvert,
TK003368,CL02723,2025-01-28,Reseau,resolu,1.0
TK003369,CL02723,2024-05-18,Facturation,resolu,4.0
TK003370,CL02723,2025-07-24,Reseau,abandonne,7.0
TK003371,CL02723,2025-02-06,Offre,ouvert,
TK003372,CL02723,2024-09-02,Facturation,ouvert,
TK003373,CL02724,2025-09-30,Facturation,resolu,1.0
TK003374,CL02724,2025-03-16,Offre,resolu,5.0
TK003375,CL02725,2024-10-16,Reseau,abandonne,5.0
TK003376,CL02726,2024-02-27,Offre,abandonne,1.0
TK003377,CL02726,2024-01-01,Materiel,ouvert,
TK003378,CL02728,2024-01-15,Offre,ouvert,
TK003379,CL02728,2024-02-19,Reseau,abandonne,14.0
TK003380,CL02729,2024-04-29,Reseau,ouvert,
TK003381,CL02732,2024-04-04,Reseau,resolu,2.0
TK003382,CL02734,2025-01-23,Materiel,abandonne,1.0
TK003383,CL02735,2024-01-03,Materiel,ouvert,
TK003384,CL02736,2024-01-07,Reseau,abandonne,1.0
TK003385,CL02736,2024-01-07,Reseau,resolu,1.0
TK003386,CL02737,2025-08-30,Facturation,resolu,1.0
TK003387,CL02739,2025-08-08,Reseau,ouvert,
TK003388,CL02741,2024-05-19,Offre,ouvert,
TK003389,CL02742,2025-08-31,Reseau,abandonne,5.0
TK003390,CL02742,2025-07-21,Reseau,resolu,4.0
TK003391,CL02742,2025-09-08,Reseau,ouvert,
TK003392,CL02743,2024-10-27,Materiel,ouvert,
TK003393,CL02743,2025-10-18,Reseau,abandonne,3.0
TK003394,CL02743,2024-03-23,Facturation,ouvert,
TK003395,CL02744,2024-02-08,Reseau,ouvert,
TK003396,CL02744,2024-02-08,Reseau,ouvert,
TK003397,CL02746,2025-06-05,Reseau,resolu,1.0
TK003398,CL02748,2024-05-05,Materiel,resolu,1.0
TK003399,CL02749,2025-05-17,Facturation,resolu,10.0
TK003400,CL02749,2024-09-14,Facturation,resolu,7.0
TK003401,CL02750,2025-11-03,Facturation,resolu,1.0
TK003402,CL02751,2025-03-28,Reseau,resolu,9.0
TK003403,CL02753,2024-10-04,Reseau,resolu,6.0
TK003404,CL02753,2025-12-05,Facturation,ouvert,
TK003405,CL02756,2025-01-18,Offre,resolu,6.0
TK003406,CL02758,2024-11-23,Reseau,ouvert,
TK003407,CL02759,2024-03-03,Facturation,abandonne,10.0
TK003408,CL02759,2024-09-24,Reseau,abandonne,3.0
TK003409,CL02760,2024-03-18,Offre,resolu,1.0
TK003410,CL02761,2024-10-11,Facturation,resolu,1.0
TK003411,CL02762,2024-11-01,Reseau,ouvert,
TK003412,CL02762,2025-09-28,Reseau,resolu,4.0
TK003413,CL02762,2024-09-23,Materiel,resolu,1.0
TK003414,CL02762,2025-08-03,Reseau,resolu,8.0
TK003415,CL02764,2024-11-03,Materiel,resolu,2.0
TK003416,CL02765,2025-05-04,Facturation,resolu,1.0
TK003417,CL02768,2025-01-28,Materiel,resolu,1.0
TK003418,CL02769,2024-01-07,Materiel,ouvert,
TK003419,CL02769,2024-02-04,Facturation,resolu,1.0
TK003420,CL02769,2024-02-23,Offre,ouvert,
TK003421,CL02769,2024-01-15,Offre,ouvert,
TK003422,CL02769,2024-03-17,Facturation,resolu,1.0
TK003423,CL02769,2024-02-27,Materiel,ouvert,
TK003424,CL02769,2024-01-19,Offre,abandonne,20.0
TK003425,CL02770,2025-09-16,Materiel,resolu,7.0
TK003426,CL02771,2025-04-16,Reseau,resolu,2.0
TK003427,CL02773,2024-03-20,Offre,resolu,1.0
TK003428,CL02774,2024-06-08,Reseau,resolu,17.0
TK003429,CL02778,2024-02-25,Materiel,ouvert,
TK003430,CL02779,2025-01-09,Offre,resolu,5.0
TK003431,CL02779,2025-05-30,Reseau,ouvert,
TK003432,CL02780,2025-08-31,Reseau,abandonne,19.0
TK003433,CL02781,2025-05-07,Reseau,ouvert,
TK003434,CL02783,2025-12-31,Facturation,ouvert,
TK003435,CL02784,2025-06-07,Materiel,resolu,5.0
TK003436,CL02785,2024-04-25,Materiel,resolu,-4.0
TK003437,CL02786,2025-02-04,Materiel,resolu,3.0
TK003438,CL02786,2025-12-19,Facturation,resolu,2.0
TK003439,CL02792,2025-04-06,Reseau,resolu,2.0
TK003440,CL02797,2025-10-26,Offre,ouvert,
TK003441,CL02797,2025-11-24,Facturation,resolu,7.0
TK003442,CL02797,2025-04-23,Materiel,ouvert,
TK003443,CL02798,2024-10-19,Reseau,ouvert,
TK003444,CL02798,2024-05-19,Reseau,resolu,6.0
TK003445,CL02799,2025-05-02,Reseau,resolu,-2.0
TK003446,CL02800,2025-10-06,Offre,ouvert,
TK003447,CL02800,2025-10-29,Reseau,abandonne,1.0
TK003448,CL02800,2025-11-18,Reseau,ouvert,
TK003449,CL02800,2025-12-21,Reseau,ouvert,
TK003450,CL02800,2025-12-24,Facturation,ouvert,
TK003451,CL02802,2024-11-27,Facturation,resolu,7.0
TK003452,CL02804,2024-08-06,Materiel,abandonne,4.0
TK003453,CL02804,2025-05-30,Reseau,resolu,3.0
TK003454,CL02804,2024-12-14,Reseau,ouvert,
TK003455,CL02805,2025-09-07,Facturation,resolu,3.0
TK003456,CL02806,2025-12-01,Offre,resolu,3.0
TK003457,CL02807,2024-08-15,Facturation,ouvert,
TK003458,CL02808,2025-10-02,Reseau,resolu,3.0
TK003459,CL02808,2024-08-11,Facturation,resolu,1.0
TK003460,CL02809,2025-11-15,Reseau,resolu,5.0
TK003461,CL02810,2025-01-07,Offre,resolu,7.0
TK003462,CL02810,2024-09-14,Materiel,resolu,1.0
TK003463,CL02810,2025-10-04,Facturation,resolu,1.0
TK003464,CL02811,2024-05-16,Facturation,resolu,1.0
TK003465,CL02812,2024-07-12,Facturation,ouvert,
TK003466,CL02812,2024-05-10,Facturation,resolu,1.0
TK003467,CL02812,2024-07-09,Facturation,ouvert,
TK003468,CL02812,2024-07-24,Facturation,abandonne,1.0
TK003469,CL02813,2024-01-18,Materiel,resolu,7.0
TK003470,CL02813,2024-03-24,Offre,resolu,6.0
TK003471,CL02813,2024-03-31,Facturation,resolu,4.0
TK003472,CL02813,2024-06-18,Facturation,resolu,1.0
TK003473,CL02814,2025-11-02,Reseau,resolu,3.0
TK003474,CL02815,2024-01-24,Materiel,resolu,2.0
TK003475,CL02815,2024-10-11,Reseau,resolu,3.0
TK003476,CL02816,2025-09-14,Reseau,abandonne,1.0
TK003477,CL02816,2025-10-18,Reseau,ouvert,
TK003478,CL02816,2025-07-09,Reseau,abandonne,20.0
TK003479,CL02819,2024-12-26,Facturation,resolu,1.0
TK003480,CL02821,2025-08-27,Reseau,ouvert,
TK003481,CL02822,2025-03-03,Materiel,ouvert,
TK003482,CL02822,2024-11-26,Facturation,resolu,1.0
TK003483,CL02825,2024-09-15,Facturation,abandonne,14.0
TK003484,CL02825,2024-12-27,Offre,abandonne,10.0
TK003485,CL02827,2024-03-25,Reseau,resolu,13.0
TK003486,CL02827,2024-03-25,Materiel,abandonne,29.0
TK003487,CL02828,2024-11-17,Facturation,ouvert,
TK003488,CL02829,2024-07-17,Reseau,resolu,2.0
TK003489,CL02829,2025-04-23,Offre,ouvert,
TK003490,CL02829,2025-09-29,Facturation,resolu,1.0
TK003491,CL02829,2024-11-21,Facturation,resolu,3.0
TK003492,CL02829,2025-08-07,Reseau,resolu,1.0
TK003493,CL02830,2025-02-10,Facturation,ouvert,
TK003494,CL02830,2024-02-24,Reseau,abandonne,4.0
TK003495,CL02831,2025-12-15,Facturation,resolu,1.0
TK003496,CL02836,2024-04-22,Reseau,ouvert,
TK003497,CL02837,2024-04-01,Reseau,resolu,7.0
TK003498,CL02838,2025-06-07,Reseau,resolu,2.0
TK003499,CL02838,2025-11-11,Reseau,ouvert,
TK003500,CL02841,2024-11-21,Offre,resolu,5.0
TK003501,CL02841,2024-06-18,Offre,resolu,18.0
TK003502,CL02843,2025-06-16,Materiel,ouvert,
TK003503,CL02843,2025-03-16,Reseau,ouvert,
TK003504,CL02845,2025-07-20,Reseau,resolu,5.0
TK003505,CL02845,2025-08-06,Offre,resolu,-1.0
TK003506,CL02846,2024-08-16,Facturation,resolu,1.0
TK003507,CL02847,2025-02-11,Offre,resolu,-1.0
TK003508,CL02848,2025-09-03,Reseau,resolu,15.0
TK003509,CL02849,2025-10-16,Facturation,resolu,2.0
TK003510,CL02849,2025-09-01,Facturation,ouvert,
TK003511,CL02849,2025-09-27,Materiel,abandonne,3.0
TK003512,CL02849,2025-09-07,Facturation,ouvert,
TK003513,CL02849,2025-08-19,Reseau,abandonne,1.0
TK003514,CL02850,2025-09-19,Reseau,resolu,3.0
TK003515,CL02850,2025-01-28,Reseau,resolu,3.0
TK003516,CL02850,2025-11-24,Reseau,resolu,1.0
TK003517,CL02851,2024-07-10,Reseau,resolu,9.0
TK003518,CL02851,2024-11-28,Reseau,ouvert,
TK003519,CL02851,2024-08-08,Reseau,resolu,1.0
TK003520,CL02851,2024-01-09,Facturation,abandonne,13.0
TK003521,CL02852,2024-05-24,Reseau,ouvert,
TK003522,CL02853,2025-07-07,Reseau,resolu,1.0
TK003523,CL02853,2024-03-09,Reseau,resolu,1.0
TK003524,CL02854,2025-08-14,Facturation,abandonne,1.0
TK003525,CL02856,2025-09-12,Facturation,resolu,2.0
TK003526,CL02857,2024-08-25,Facturation,abandonne,1.0
TK003527,CL02857,2024-06-24,Offre,ouvert,
TK003528,CL02857,2024-06-08,Reseau,resolu,11.0
TK003529,CL02857,2024-11-12,Materiel,resolu,1.0
TK003530,CL02857,2024-09-15,Reseau,ouvert,
TK003531,CL02858,2025-12-13,Reseau,resolu,12.0
TK003532,CL02860,2024-04-23,Reseau,resolu,1.0
TK003533,CL02860,2025-01-25,Facturation,resolu,4.0
TK003534,CL02860,2025-01-15,Reseau,ouvert,
TK003535,CL02866,2025-12-07,Facturation,resolu,1.0
TK003536,CL02867,2024-07-15,Offre,resolu,1.0
TK003537,CL02869,2024-03-25,Reseau,resolu,3.0
TK003538,CL02871,2025-04-20,Reseau,ouvert,
TK003539,CL02871,2025-06-22,Reseau,abandonne,5.0
TK003540,CL02874,2025-05-14,Reseau,resolu,3.0
TK003541,CL02875,2024-04-28,Facturation,abandonne,3.0
TK003542,CL02876,2025-08-05,Reseau,resolu,5.0
TK003543,CL02876,2024-09-15,Reseau,abandonne,9.0
TK003544,CL02877,2024-10-31,Reseau,resolu,3.0
TK003545,CL02877,2025-03-23,Reseau,ouvert,
TK003546,CL02880,2025-03-06,Materiel,resolu,3.0
TK003547,CL02880,2024-09-07,Offre,resolu,6.0
TK003548,CL02881,2025-02-05,Facturation,ouvert,
TK003549,CL02881,2025-09-20,Facturation,resolu,2.0
TK003550,CL02881,2025-09-22,Reseau,resolu,4.0
TK003551,CL02881,2025-05-14,Offre,ouvert,
TK003552,CL02884,2024-12-19,Reseau,resolu,6.0
TK003553,CL02886,2024-08-22,Offre,abandonne,20.0
TK003554,CL02887,2025-01-04,Facturation,resolu,5.0
TK003555,CL02887,2025-04-18,Offre,resolu,6.0
TK003556,CL02889,2025-07-13,Reseau,resolu,18.0
TK003557,CL02889,2025-07-26,Facturation,resolu,3.0
TK003558,CL02891,2025-11-16,Materiel,resolu,2.0
TK003559,CL02895,2025-03-04,Offre,ouvert,
TK003560,CL02895,2024-07-24,Reseau,abandonne,1.0
TK003561,CL02895,2024-07-08,Offre,abandonne,11.0
TK003562,CL02895,2025-02-07,Reseau,abandonne,2.0
TK003563,CL02895,2025-02-25,Materiel,ouvert,
TK003564,CL02897,2024-11-25,Reseau,ouvert,
TK003565,CL02898,2024-01-07,Reseau,resolu,1.0
TK003566,CL02901,2024-07-08,Reseau,abandonne,1.0
TK003567,CL02901,2025-03-13,Offre,ouvert,
TK003568,CL02903,2025-07-05,Reseau,resolu,8.0
TK003569,CL02905,2024-01-10,Offre,resolu,1.0
TK003570,CL02907,2025-04-26,Offre,resolu,2.0
TK003571,CL02909,2025-04-29,Offre,resolu,4.0
TK003572,CL02910,2024-03-28,Reseau,ouvert,
TK003573,CL02910,2024-01-06,Offre,ouvert,
TK003574,CL02910,2024-04-06,Reseau,ouvert,
TK003575,CL02910,2024-04-07,Facturation,ouvert,
TK003576,CL02910,2024-01-06,Offre,abandonne,7.0
TK003577,CL02911,2024-01-29,Reseau,ouvert,
TK003578,CL02912,2024-12-07,Reseau,ouvert,
TK003579,CL02912,2024-01-17,Offre,ouvert,
TK003580,CL02913,2025-07-25,Offre,resolu,3.0
TK003581,CL02916,2025-08-30,Reseau,resolu,1.0
TK003582,CL02916,2025-09-12,Reseau,ouvert,
TK003583,CL02916,2025-07-30,Offre,abandonne,20.0
TK003584,CL02917,2025-01-29,Materiel,resolu,1.0
TK003585,CL02917,2024-11-27,Offre,resolu,-1.0
TK003586,CL02922,2024-05-27,Facturation,abandonne,20.0
TK003587,CL02922,2024-12-30,Materiel,abandonne,2.0
TK003588,CL02923,2024-05-08,Offre,resolu,9.0
TK003589,CL02924,2024-10-05,Offre,ouvert,
TK003590,CL02924,2024-06-25,Materiel,ouvert,
TK003591,CL02928,2025-06-24,Materiel,resolu,3.0
TK003592,CL02929,2024-09-17,Reseau,ouvert,
TK003593,CL02929,2024-08-27,Reseau,ouvert,
TK003594,CL02931,2025-03-01,Facturation,resolu,1.0
TK003595,CL02932,2025-03-07,Facturation,abandonne,9.0
TK003596,CL02932,2024-11-04,Materiel,ouvert,
TK003597,CL02932,2025-03-06,Materiel,resolu,2.0
TK003598,CL02932,2024-09-13,Facturation,resolu,1.0
TK003599,CL02933,2024-07-08,Reseau,ouvert,
TK003600,CL02934,2024-08-09,Materiel,resolu,1.0
TK003601,CL02935,2024-02-23,Facturation,ouvert,
TK003602,CL02935,2024-02-18,Reseau,resolu,1.0
TK003603,CL02935,2024-04-05,Materiel,ouvert,
TK003604,CL02937,2025-01-17,Reseau,resolu,3.0
TK003605,CL02940,2025-09-19,Reseau,ouvert,
TK003606,CL02942,2025-10-18,Offre,ouvert,
TK003607,CL02944,2025-04-06,Offre,ouvert,
TK003608,CL02944,2025-07-25,Offre,resolu,5.0
TK003609,CL02947,2025-02-01,Facturation,ouvert,
TK003610,CL02949,2025-11-22,Facturation,ouvert,
TK003611,CL02949,2025-09-08,Offre,resolu,1.0
TK003612,CL02950,2025-01-25,Materiel,resolu,4.0
TK003613,CL02950,2024-09-12,Facturation,resolu,1.0
TK003614,CL02950,2024-10-04,Reseau,abandonne,1.0
TK003615,CL02952,2024-07-06,Reseau,ouvert,
TK003616,CL02952,2025-07-30,Offre,ouvert,
TK003617,CL02952,2024-05-16,Reseau,abandonne,1.0
TK003618,CL02953,2024-05-17,Facturation,resolu,5.0
TK003619,CL02954,2025-10-22,Offre,resolu,1.0
TK003620,CL02955,2025-02-03,Reseau,resolu,3.0
TK003621,CL02956,2025-04-22,Facturation,resolu,1.0
TK003622,CL02957,2025-07-31,Reseau,abandonne,11.0
TK003623,CL02957,2025-08-29,Reseau,ouvert,
TK003624,CL02957,2025-08-31,Reseau,abandonne,2.0
TK003625,CL02957,2025-06-07,Facturation,resolu,5.0
TK003626,CL02958,2024-07-16,Reseau,resolu,1.0
TK003627,CL02960,2025-03-03,Facturation,resolu,1.0
TK003628,CL02960,2024-12-27,Facturation,resolu,1.0
TK003629,CL02961,2025-09-27,Offre,resolu,1.0
TK003630,CL02961,2025-09-14,Facturation,ouvert,
TK003631,CL02961,2024-01-02,Offre,ouvert,
TK003632,CL02961,2025-12-27,Reseau,ouvert,
TK003633,CL02962,2024-02-10,Facturation,resolu,3.0
TK003634,CL02962,2024-07-11,Reseau,abandonne,4.0
TK003635,CL02963,2024-06-27,Offre,resolu,5.0
TK003636,CL02963,2025-12-12,Materiel,resolu,2.0
TK003637,CL02964,2024-02-20,Reseau,ouvert,
TK003638,CL02964,2024-01-15,Offre,abandonne,10.0
TK003639,CL02964,2024-01-06,Reseau,ouvert,
TK003640,CL02965,2024-06-03,Reseau,resolu,11.0
TK003641,CL02966,2025-11-08,Reseau,ouvert,
TK003642,CL02967,2025-08-19,Reseau,ouvert,
TK003643,CL02967,2025-02-26,Materiel,ouvert,
TK003644,CL02967,2025-07-29,Reseau,abandonne,-5.0
TK003645,CL02967,2024-03-06,Offre,resolu,1.0
TK003646,CL02969,2024-06-16,Facturation,resolu,1.0
TK003647,CL02969,2025-05-11,Offre,resolu,-1.0
TK003648,CL02970,2024-04-25,Facturation,ouvert,
TK003649,CL02970,2024-07-28,Reseau,ouvert,
TK003650,CL02970,2024-11-19,Reseau,resolu,3.0
TK003651,CL02971,2024-03-16,Facturation,resolu,4.0
TK003652,CL02973,2025-10-07,Facturation,resolu,3.0
TK003653,CL02976,2024-01-11,Reseau,abandonne,18.0
TK003654,CL02977,2025-06-21,Facturation,abandonne,25.0
TK003655,CL02977,2024-11-14,Materiel,resolu,2.0
TK003656,CL02977,2024-09-21,Facturation,resolu,14.0
TK003657,CL02978,2025-04-02,Offre,ouvert,
TK003658,CL02980,2025-09-11,Facturation,resolu,1.0
TK003659,CL02981,2024-09-13,Offre,resolu,1.0
TK003660,CL02982,2025-12-06,Facturation,resolu,16.0
TK003661,CL02983,2025-02-28,Facturation,resolu,2.0
TK003662,CL02985,2025-10-08,Reseau,ouvert,
TK003663,CL02985,2024-09-12,Reseau,resolu,1.0
TK003664,CL02986,2024-05-04,Facturation,ouvert,
TK003665,CL02986,2024-03-15,Reseau,abandonne,4.0
TK003666,CL02986,2024-04-26,Reseau,resolu,3.0
TK003667,CL02986,2024-05-25,Reseau,ouvert,
TK003668,CL02990,2025-03-02,Facturation,resolu,5.0
TK003669,CL02991,2025-01-05,Facturation,ouvert,
TK003670,CL02991,2024-09-16,Facturation,resolu,3.0
TK003671,CL02991,2024-01-03,Materiel,resolu,2.0
TK003672,CL02991,2024-03-02,Reseau,ouvert,
TK003673,CL02991,2024-09-11,Facturation,ouvert,
TK003674,CL02993,2024-09-08,Reseau,resolu,1.0
TK003675,CL02995,2024-06-29,Facturation,abandonne,1.0
TK003676,CL02995,2024-03-11,Facturation,abandonne,1.0
TK003677,CL02995,2024-03-09,Offre,abandonne,7.0
TK003678,CL02996,2025-06-09,Reseau,resolu,1.0
TK003679,CL02998,2024-12-01,Facturation,resolu,1.0
TK003680,CL02998,2025-07-31,Facturation,resolu,5.0
TK003681,CL02999,2024-05-17,Facturation,resolu,1.0
TK003682,CL03000,2024-12-02,Facturation,resolu,1.0
TK003683,CL03001,2024-12-18,Offre,ouvert,
TK003684,CL03001,2025-02-13,Offre,abandonne,-3.0
TK003685,CL03002,2025-02-08,Reseau,ouvert,
TK003686,CL03002,2025-07-09,Facturation,resolu,-1.0
TK003687,CL03002,2025-10-02,Reseau,resolu,1.0
TK003688,CL03003,2024-01-29,Offre,ouvert,
TK003689,CL03003,2024-02-27,Offre,ouvert,
TK003690,CL03003,2025-01-14,Facturation,ouvert,
TK003691,CL03005,2024-07-11,Reseau,resolu,4.0
TK003692,CL03005,2025-12-14,Facturation,resolu,5.0
TK003693,CL03012,2025-10-31,Materiel,abandonne,32.0
TK003694,CL03012,2025-10-09,Reseau,resolu,4.0
TK003695,CL03012,2025-09-29,Facturation,resolu,1.0
TK003696,CL03012,2025-10-04,Facturation,resolu,2.0
TK003697,CL03014,2024-07-15,Reseau,abandonne,24.0
TK003698,CL03014,2024-12-09,Reseau,resolu,2.0
TK003699,CL03014,2024-09-28,Facturation,resolu,1.0
TK003700,CL03017,2025-03-24,Reseau,resolu,1.0
TK003701,CL03019,2024-01-30,Materiel,ouvert,
TK003702,CL03022,2024-10-13,Facturation,ouvert,
TK003703,CL03022,2024-05-15,Reseau,abandonne,1.0
TK003704,CL03022,2025-05-19,Reseau,ouvert,
TK003705,CL03022,2024-10-19,Facturation,abandonne,55.0
TK003706,CL03022,2024-09-28,Facturation,resolu,-5.0
TK003707,CL03024,2024-09-13,Facturation,abandonne,16.0
TK003708,CL03025,2025-02-10,Reseau,resolu,13.0
TK003709,CL03029,2024-04-27,Facturation,ouvert,
TK003710,CL03029,2024-06-27,Reseau,ouvert,
TK003711,CL03029,2024-08-07,Reseau,abandonne,7.0
TK003712,CL03030,2024-07-17,Facturation,ouvert,
TK003713,CL03030,2024-02-04,Reseau,ouvert,
TK003714,CL03031,2025-05-29,Reseau,resolu,9.0
TK003715,CL03032,2024-05-21,Reseau,ouvert,
TK003716,CL03032,2024-07-11,Materiel,abandonne,12.0
TK003717,CL03034,2024-03-10,Materiel,abandonne,30.0
TK003718,CL03034,2024-05-16,Facturation,abandonne,5.0
TK003719,CL03034,2024-01-13,Offre,ouvert,
TK003720,CL03034,2024-05-08,Facturation,resolu,7.0
TK003721,CL03035,2024-06-13,Reseau,abandonne,6.0
TK003722,CL03039,2024-11-24,Materiel,ouvert,
TK003723,CL03039,2025-09-13,Offre,resolu,1.0
TK003724,CL03040,2024-01-21,Reseau,ouvert,
TK003725,CL03044,2025-12-12,Materiel,resolu,1.0
TK003726,CL03045,2025-12-25,Reseau,resolu,6.0
TK003727,CL03046,2024-01-15,Offre,resolu,1.0
TK003728,CL03047,2025-01-30,Reseau,resolu,4.0
TK003729,CL03048,2025-04-23,Offre,resolu,8.0
TK003730,CL03050,2024-03-13,Reseau,ouvert,
TK003731,CL03050,2024-03-28,Materiel,abandonne,1.0
TK003732,CL03050,2024-10-16,Reseau,ouvert,
TK003733,CL03050,2024-08-10,Reseau,ouvert,
TK003734,CL03051,2025-12-27,Reseau,resolu,1.0
TK003735,CL03053,2024-05-07,Reseau,abandonne,3.0
TK003736,CL03053,2024-05-26,Reseau,ouvert,
TK003737,CL03053,2024-01-09,Facturation,resolu,1.0
TK003738,CL03053,2024-02-23,Reseau,ouvert,
TK003739,CL03053,2024-05-27,Reseau,resolu,3.0
TK003740,CL03054,2024-01-04,Reseau,resolu,7.0
TK003741,CL03054,2024-01-01,Reseau,resolu,1.0
TK003742,CL03054,2024-01-11,Facturation,resolu,2.0
TK003743,CL03054,2024-01-12,Reseau,ouvert,
TK003744,CL03055,2024-04-16,Reseau,ouvert,
TK003745,CL03055,2025-11-02,Reseau,resolu,6.0
TK003746,CL03056,2025-09-07,Reseau,resolu,10.0
TK003747,CL03057,2025-12-30,Reseau,resolu,1.0
TK003748,CL03058,2024-02-06,Reseau,resolu,1.0
TK003749,CL03058,2024-03-13,Facturation,ouvert,
TK003750,CL03058,2024-03-16,Reseau,ouvert,
TK003751,CL03058,2024-01-18,Reseau,ouvert,
TK003752,CL03060,2025-07-07,Facturation,abandonne,2.0
TK003753,CL03061,2025-04-23,Offre,resolu,1.0
TK003754,CL03061,2025-12-28,Reseau,resolu,1.0
TK003755,CL03062,2024-11-23,Materiel,abandonne,1.0
TK003756,CL03062,2024-07-25,Offre,abandonne,10.0
TK003757,CL03062,2024-01-18,Facturation,ouvert,
TK003758,CL03062,2025-04-26,Facturation,ouvert,
TK003759,CL03062,2024-10-20,Reseau,ouvert,
TK003760,CL03062,2024-07-18,Reseau,resolu,6.0
TK003761,CL03063,2025-02-12,Facturation,resolu,4.0
TK003762,CL03063,2025-11-26,Facturation,resolu,1.0
TK003763,CL03064,2025-09-30,Materiel,ouvert,
TK003764,CL03068,2025-12-23,Reseau,resolu,8.0
TK003765,CL03068,2025-01-26,Reseau,resolu,3.0
TK003766,CL03068,2024-01-05,Facturation,resolu,2.0
TK003767,CL03069,2024-11-12,Facturation,resolu,6.0
TK003768,CL03069,2024-04-30,Reseau,ouvert,
TK003769,CL03071,2024-04-17,Reseau,resolu,2.0
TK003770,CL03076,2025-02-28,Reseau,resolu,1.0
TK003771,CL03077,2025-02-19,Facturation,ouvert,
TK003772,CL03077,2024-11-15,Facturation,abandonne,7.0
TK003773,CL03078,2024-10-13,Facturation,resolu,1.0
TK003774,CL03078,2024-01-18,Materiel,resolu,1.0
TK003775,CL03079,2024-03-23,Facturation,abandonne,3.0
TK003776,CL03079,2024-08-18,Reseau,ouvert,
TK003777,CL03079,2024-01-21,Reseau,ouvert,
TK003778,CL03079,2024-04-08,Reseau,abandonne,6.0
TK003779,CL03079,2024-04-20,Facturation,ouvert,
TK003780,CL03079,2024-09-10,Facturation,resolu,6.0
TK003781,CL03080,2025-10-20,Reseau,resolu,14.0
TK003782,CL03086,2025-06-12,Facturation,resolu,3.0
TK003783,CL03086,2025-01-11,Reseau,abandonne,23.0
TK003784,CL03086,2024-04-20,Reseau,ouvert,
TK003785,CL03086,2025-04-14,Facturation,resolu,2.0
TK003786,CL03090,2025-01-07,Reseau,resolu,1.0
TK003787,CL03090,2024-11-19,Reseau,resolu,1.0
TK003788,CL03091,2024-05-19,Reseau,abandonne,4.0
TK003789,CL03091,2025-06-30,Offre,ouvert,
TK003790,CL03091,2025-06-18,Offre,ouvert,
TK003791,CL03092,2024-11-26,Reseau,resolu,1.0
TK003792,CL03092,2025-09-10,Facturation,resolu,8.0
TK003793,CL03095,2024-01-15,Offre,ouvert,
TK003794,CL03096,2024-08-08,Offre,resolu,6.0
TK003795,CL03096,2024-08-12,Reseau,ouvert,
TK003796,CL03096,2024-10-21,Offre,ouvert,
TK003797,CL03096,2024-12-09,Reseau,ouvert,
TK003798,CL03096,2024-11-09,Offre,ouvert,
TK003799,CL03096,2024-07-04,Facturation,resolu,1.0
TK003800,CL03096,2025-01-13,Offre,abandonne,31.0
TK003801,CL03097,2025-06-28,Reseau,ouvert,
TK003802,CL03097,2024-07-26,Facturation,resolu,3.0
TK003803,CL03097,2024-03-10,Offre,resolu,2.0
TK003804,CL03097,2025-03-20,Reseau,resolu,7.0
TK003805,CL03097,2025-05-11,Reseau,abandonne,16.0
TK003806,CL03097,2024-02-22,Reseau,ouvert,
TK003807,CL03098,2024-12-18,Reseau,resolu,1.0
TK003808,CL03099,2024-07-30,Offre,resolu,3.0
TK003809,CL03100,2025-04-03,Reseau,abandonne,6.0
TK003810,CL03100,2025-05-03,Reseau,abandonne,7.0
TK003811,CL03100,2025-05-26,Reseau,resolu,2.0
TK003812,CL03100,2025-04-27,Offre,abandonne,21.0
TK003813,CL03100,2025-07-13,Reseau,resolu,1.0
TK003814,CL03100,2025-06-19,Reseau,ouvert,
TK003815,CL03101,2025-11-24,Reseau,resolu,4.0
TK003816,CL03105,2024-06-22,Offre,abandonne,4.0
TK003817,CL03105,2024-04-28,Reseau,resolu,1.0
TK003818,CL03105,2024-05-14,Offre,ouvert,
TK003819,CL03106,2024-03-23,Offre,ouvert,
TK003820,CL03106,2024-11-19,Reseau,abandonne,7.0
TK003821,CL03107,2024-09-13,Facturation,resolu,1.0
TK003822,CL03107,2024-07-03,Materiel,abandonne,16.0
TK003823,CL03109,2025-10-09,Facturation,resolu,1.0
TK003824,CL03109,2025-07-23,Reseau,abandonne,1.0
TK003825,CL03110,2025-02-01,Facturation,ouvert,
TK003826,CL03110,2025-08-25,Offre,ouvert,
TK003827,CL03111,2024-02-19,Facturation,abandonne,5.0
TK003828,CL03111,2024-03-03,Offre,resolu,1.0
TK003829,CL03111,2025-01-05,Facturation,resolu,1.0
TK003830,CL03113,2024-12-19,Materiel,resolu,1.0
TK003831,CL03114,2024-05-22,Facturation,resolu,4.0
TK003832,CL03115,2025-02-05,Reseau,resolu,1.0
TK003833,CL03116,2025-08-16,Reseau,resolu,9.0
TK003834,CL03117,2025-04-11,Facturation,resolu,1.0
TK003835,CL03118,2025-05-05,Reseau,ouvert,
TK003836,CL03119,2024-07-09,Reseau,ouvert,
TK003837,CL03119,2024-06-28,Materiel,abandonne,2.0
TK003838,CL03119,2024-05-02,Reseau,resolu,1.0
TK003839,CL03120,2024-08-25,Reseau,resolu,3.0
TK003840,CL03120,2024-07-26,Materiel,resolu,9.0
TK003841,CL03121,2024-02-08,Facturation,resolu,1.0
TK003842,CL03121,2024-06-19,Reseau,ouvert,
TK003843,CL03121,2024-03-19,Materiel,ouvert,
TK003844,CL03121,2024-05-19,Materiel,ouvert,
TK003845,CL03123,2024-01-26,Facturation,abandonne,2.0
TK003846,CL03123,2024-05-29,Offre,ouvert,
TK003847,CL03124,2024-05-12,Reseau,resolu,2.0
TK003848,CL03126,2025-12-09,Reseau,resolu,1.0
TK003849,CL03127,2024-10-30,Offre,resolu,6.0
TK003850,CL03130,2025-12-07,Reseau,resolu,5.0
TK003851,CL03131,2025-12-12,Reseau,resolu,9.0
TK003852,CL03131,2025-02-20,Offre,resolu,4.0
TK003853,CL03131,2025-10-28,Reseau,resolu,1.0
TK003854,CL03132,2025-10-13,Offre,resolu,6.0
TK003855,CL03132,2025-10-14,Facturation,ouvert,
TK003856,CL03133,2025-10-14,Reseau,abandonne,17.0
TK003857,CL03133,2025-09-24,Reseau,resolu,2.0
TK003858,CL03135,2024-07-26,Reseau,ouvert,
TK003859,CL03135,2024-10-27,Reseau,resolu,4.0
TK003860,CL03136,2024-06-10,Offre,abandonne,2.0
TK003861,CL03136,2024-06-04,Facturation,resolu,1.0
TK003862,CL03138,2024-07-31,Offre,resolu,4.0
TK003863,CL03138,2025-09-15,Reseau,ouvert,
TK003864,CL03142,2025-02-19,Offre,resolu,8.0
TK003865,CL03143,2024-10-15,Facturation,resolu,1.0
TK003866,CL03144,2025-06-24,Offre,resolu,1.0
TK003867,CL03145,2025-10-29,Offre,ouvert,
TK003868,CL03146,2024-12-14,Reseau,abandonne,3.0
TK003869,CL03146,2024-02-01,Offre,ouvert,
TK003870,CL03147,2024-07-17,Facturation,abandonne,7.0
TK003871,CL03147,2024-08-08,Reseau,abandonne,10.0
TK003872,CL03148,2024-05-27,Facturation,ouvert,
TK003873,CL03148,2024-11-21,Reseau,resolu,1.0
TK003874,CL03154,2024-12-05,Facturation,ouvert,
TK003875,CL03154,2025-05-11,Materiel,abandonne,3.0
TK003876,CL03155,2025-01-22,Reseau,ouvert,
TK003877,CL03155,2024-12-26,Reseau,ouvert,
TK003878,CL03157,2024-03-22,Reseau,ouvert,
TK003879,CL03157,2024-02-24,Reseau,ouvert,
TK003880,CL03157,2024-05-05,Offre,abandonne,8.0
TK003881,CL03158,2025-07-07,Facturation,resolu,8.0
TK003882,CL03158,2025-09-10,Reseau,resolu,1.0
TK003883,CL03162,2025-03-04,Facturation,resolu,3.0
TK003884,CL03162,2025-03-28,Reseau,resolu,2.0
TK003885,CL03164,2024-07-23,Facturation,resolu,1.0
TK003886,CL03164,2024-04-18,Materiel,resolu,6.0
TK003887,CL03165,2024-05-17,Materiel,resolu,-1.0
TK003888,CL03168,2024-01-13,Facturation,ouvert,
TK003889,CL03168,2024-05-27,Reseau,ouvert,
TK003890,CL03169,2024-04-23,Offre,resolu,1.0
TK003891,CL03169,2024-02-08,Facturation,resolu,6.0
TK003892,CL03169,2024-03-31,Materiel,resolu,1.0
TK003893,CL03169,2024-04-18,Offre,ouvert,
TK003894,CL03169,2024-06-26,Reseau,resolu,1.0
TK003895,CL03169,2024-01-08,Facturation,abandonne,19.0
TK003896,CL03170,2024-06-11,Materiel,ouvert,
TK003897,CL03170,2024-06-25,Reseau,ouvert,
TK003898,CL03171,2024-01-25,Reseau,resolu,1.0
TK003899,CL03172,2024-01-27,Materiel,resolu,1.0
TK003900,CL03174,2024-02-01,Offre,resolu,5.0
TK003901,CL03175,2024-04-06,Reseau,resolu,8.0
TK003902,CL03177,2025-01-19,Facturation,resolu,1.0
TK003903,CL03178,2025-05-26,Offre,resolu,2.0
TK003904,CL03178,2025-08-11,Offre,resolu,14.0
TK003905,CL03178,2024-03-08,Reseau,ouvert,
TK003906,CL03180,2025-10-21,Offre,resolu,6.0
TK003907,CL03180,2025-11-04,Reseau,resolu,1.0
TK003908,CL03180,2025-04-14,Facturation,ouvert,
TK003909,CL03180,2025-10-20,Reseau,abandonne,8.0
TK003910,CL03182,2024-02-16,Reseau,ouvert,
TK003911,CL03183,2025-11-27,Reseau,resolu,1.0
TK003912,CL03183,2025-03-27,Materiel,resolu,1.0
TK003913,CL03183,2024-05-03,Materiel,resolu,6.0
TK003914,CL03184,2025-09-13,Facturation,resolu,3.0
TK003915,CL03185,2024-02-16,Offre,resolu,13.0
TK003916,CL03186,2025-04-25,Offre,abandonne,10.0
TK003917,CL03187,2024-11-08,Reseau,ouvert,
TK003918,CL03188,2024-01-17,Reseau,ouvert,
TK003919,CL03188,2024-03-02,Reseau,abandonne,18.0
TK003920,CL03188,2024-06-25,Offre,ouvert,
TK003921,CL03188,2024-07-08,Offre,ouvert,
TK003922,CL03188,2024-06-02,Reseau,resolu,4.0
TK003923,CL03189,2024-07-25,Facturation,ouvert,
TK003924,CL03189,2024-08-16,Reseau,abandonne,12.0
TK003925,CL03189,2025-03-07,Offre,ouvert,
TK003926,CL03189,2024-10-12,Reseau,resolu,14.0
TK003927,CL03190,2025-08-21,Facturation,resolu,5.0
TK003928,CL03191,2025-06-15,Offre,resolu,6.0
TK003929,CL03192,2025-07-12,Materiel,resolu,1.0
TK003930,CL03193,2025-09-12,Offre,resolu,4.0
TK003931,CL03195,2025-11-11,Facturation,ouvert,
TK003932,CL03198,2024-04-28,Facturation,abandonne,2.0
TK003933,CL03200,2024-12-06,Materiel,abandonne,1.0
TK003934,CL03200,2024-10-05,Materiel,ouvert,
TK003935,CL03200,2025-05-22,Facturation,ouvert,
TK003936,CL03200,2024-01-29,Offre,resolu,1.0
TK003937,CL03200,2024-05-08,Materiel,ouvert,
TK003938,CL03201,2024-05-08,Reseau,ouvert,
TK003939,CL03201,2024-10-15,Reseau,resolu,2.0
TK003940,CL03203,2025-08-09,Offre,resolu,1.0
TK003941,CL03205,2025-12-09,Reseau,resolu,6.0
TK003942,CL03206,2024-09-14,Offre,resolu,2.0
TK003943,CL03207,2025-07-11,Offre,resolu,1.0
TK003944,CL03209,2024-09-27,Facturation,ouvert,
TK003945,CL03209,2024-05-21,Materiel,ouvert,
TK003946,CL03209,2024-06-17,Facturation,ouvert,
TK003947,CL03211,2024-02-23,Facturation,abandonne,10.0
TK003948,CL03211,2024-06-02,Reseau,ouvert,
TK003949,CL03212,2025-05-06,Facturation,resolu,1.0
TK003950,CL03212,2025-08-09,Offre,resolu,5.0
TK003951,CL03213,2025-04-26,Reseau,resolu,1.0
TK003952,CL03213,2025-07-25,Reseau,resolu,1.0
TK003953,CL03213,2025-03-22,Facturation,resolu,11.0
TK003954,CL03214,2024-10-30,Reseau,abandonne,35.0
TK003955,CL03215,2025-10-07,Facturation,resolu,14.0
TK003956,CL03215,2025-05-31,Reseau,resolu,2.0
TK003957,CL03216,2024-09-09,Offre,resolu,3.0
TK003958,CL03217,2024-09-08,Reseau,ouvert,
TK003959,CL03217,2025-02-14,Facturation,ouvert,
TK003960,CL03217,2024-11-05,Offre,ouvert,
TK003961,CL03217,2025-06-13,Reseau,ouvert,
TK003962,CL03218,2024-01-27,Reseau,abandonne,1.0
TK003963,CL03218,2024-08-06,Reseau,ouvert,
TK003964,CL03218,2024-02-05,Facturation,resolu,1.0
TK003965,CL03218,2024-11-27,Facturation,resolu,1.0
TK003966,CL03219,2024-09-06,Facturation,ouvert,
TK003967,CL03220,2025-01-06,Facturation,ouvert,
TK003968,CL03223,2025-07-26,Reseau,resolu,6.0
TK003969,CL03223,2024-02-26,Reseau,resolu,7.0
TK003970,CL03224,2025-01-01,Reseau,resolu,3.0
TK003971,CL03225,2024-07-22,Reseau,ouvert,
TK003972,CL03227,2025-01-24,Reseau,resolu,9.0
TK003973,CL03228,2025-07-26,Offre,ouvert,
TK003974,CL03228,2024-10-24,Offre,resolu,3.0
TK003975,CL03229,2024-02-13,Reseau,abandonne,17.0
TK003976,CL03230,2025-05-15,Offre,resolu,-1.0
TK003977,CL03231,2024-12-02,Reseau,resolu,3.0
TK003978,CL03232,2025-12-05,Offre,resolu,11.0
TK003979,CL03233,2025-08-25,Materiel,resolu,3.0
TK003980,CL03234,2025-11-21,Facturation,resolu,1.0
TK003981,CL03235,2025-05-21,Reseau,ouvert,
TK003982,CL03241,2025-05-15,Materiel,ouvert,
TK003983,CL03241,2025-04-29,Facturation,ouvert,
TK003984,CL03241,2024-02-18,Offre,resolu,1.0
TK003985,CL03241,2024-04-12,Offre,resolu,3.0
TK003986,CL03243,2025-02-23,Facturation,ouvert,
TK003987,CL03244,2025-02-15,Facturation,abandonne,14.0
TK003988,CL03244,2025-08-17,Reseau,resolu,1.0
TK003989,CL03245,2024-01-21,Reseau,resolu,1.0
TK003990,CL03245,2025-11-21,Facturation,ouvert,
TK003991,CL03245,2025-03-15,Facturation,resolu,3.0
TK003992,CL03245,2024-08-07,Reseau,ouvert,
TK003993,CL03246,2024-12-20,Offre,abandonne,4.0
TK003994,CL03246,2025-03-17,Facturation,ouvert,
TK003995,CL03247,2025-12-02,Facturation,resolu,2.0
TK003996,CL03249,2025-01-03,Facturation,abandonne,18.0
TK003997,CL03249,2024-10-28,Reseau,ouvert,
TK003998,CL03249,2024-08-24,Reseau,ouvert,
TK003999,CL03249,2024-06-06,Offre,resolu,5.0
TK004000,CL03249,2024-05-15,Facturation,ouvert,
TK004001,CL03249,2024-10-11,Materiel,ouvert,
TK004002,CL03249,2024-02-26,Materiel,ouvert,
TK004003,CL03252,2025-02-18,Facturation,resolu,2.0
TK004004,CL03252,2025-03-01,Reseau,abandonne,1.0
TK004005,CL03252,2025-03-06,Offre,abandonne,-6.0
TK004006,CL03253,2024-06-19,Offre,abandonne,10.0
TK004007,CL03253,2025-09-30,Facturation,ouvert,
TK004008,CL03254,2025-01-10,Materiel,resolu,1.0
TK004009,CL03254,2025-08-14,Materiel,resolu,1.0
TK004010,CL03256,2025-05-21,Reseau,resolu,1.0
TK004011,CL03256,2024-07-13,Offre,resolu,8.0
TK004012,CL03258,2024-10-13,Offre,abandonne,4.0
TK004013,CL03258,2024-04-08,Facturation,resolu,1.0
TK004014,CL03259,2025-12-24,Offre,resolu,9.0
TK004015,CL03260,2025-03-02,Reseau,resolu,1.0
TK004016,CL03260,2025-01-12,Facturation,abandonne,3.0
TK004017,CL03261,2024-12-19,Facturation,resolu,4.0
TK004018,CL03261,2025-12-27,Facturation,resolu,5.0
TK004019,CL03263,2024-02-05,Offre,abandonne,16.0
TK004020,CL03263,2024-01-18,Offre,resolu,3.0
TK004021,CL03264,2024-01-08,Offre,resolu,1.0
TK004022,CL03265,2025-03-31,Reseau,resolu,10.0
TK004023,CL03268,2024-09-01,Offre,abandonne,2.0
TK004024,CL03269,2025-05-22,Offre,ouvert,
TK004025,CL03270,2024-02-11,Facturation,abandonne,8.0
TK004026,CL03272,2025-05-12,Reseau,resolu,1.0
TK004027,CL03273,2025-01-14,Reseau,abandonne,19.0
TK004028,CL03273,2024-09-14,Facturation,ouvert,
TK004029,CL03274,2024-11-08,Reseau,ouvert,
TK004030,CL03275,2024-05-16,Reseau,ouvert,
TK004031,CL03275,2024-09-05,Facturation,abandonne,8.0
TK004032,CL03275,2024-03-17,Materiel,ouvert,
TK004033,CL03277,2025-12-01,Offre,abandonne,13.0
TK004034,CL03277,2025-09-10,Offre,abandonne,42.0
TK004035,CL03277,2025-08-23,Facturation,abandonne,1.0
TK004036,CL03279,2024-01-09,Facturation,abandonne,15.0
TK004037,CL03279,2024-01-17,Materiel,ouvert,
TK004038,CL03279,2024-01-18,Offre,abandonne,7.0
TK004039,CL03279,2024-01-08,Materiel,ouvert,
TK004040,CL03281,2024-03-09,Materiel,ouvert,
TK004041,CL03282,2024-11-26,Reseau,resolu,1.0
TK004042,CL03284,2025-07-29,Reseau,ouvert,
TK004043,CL03284,2025-07-02,Reseau,ouvert,
TK004044,CL03284,2025-08-26,Facturation,resolu,1.0
TK004045,CL03284,2025-04-24,Reseau,ouvert,
TK004046,CL03284,2025-08-16,Facturation,ouvert,
TK004047,CL03284,2025-03-30,Offre,resolu,2.0
TK004048,CL03285,2024-07-06,Reseau,ouvert,
TK004049,CL03286,2024-03-01,Reseau,resolu,3.0
TK004050,CL03286,2024-04-11,Facturation,resolu,4.0
TK004051,CL03289,2025-11-24,Facturation,resolu,12.0
TK004052,CL03290,2024-10-26,Facturation,abandonne,22.0
TK004053,CL03290,2025-06-12,Facturation,abandonne,1.0
TK004054,CL03291,2024-07-11,Facturation,ouvert,
TK004055,CL03291,2024-03-11,Offre,ouvert,
TK004056,CL03292,2025-04-18,Materiel,resolu,3.0
TK004057,CL03294,2025-03-26,Materiel,ouvert,
TK004058,CL03294,2025-01-06,Offre,resolu,1.0
TK004059,CL03299,2024-01-09,Facturation,ouvert,
TK004060,CL03299,2024-01-07,Facturation,resolu,1.0
TK004061,CL03299,2024-01-03,Offre,ouvert,
TK004062,CL03301,2025-02-28,Offre,resolu,11.0
TK004063,CL03303,2024-01-05,Reseau,abandonne,13.0
TK004064,CL03306,2025-02-02,Facturation,resolu,1.0
TK004065,CL03306,2025-04-22,Materiel,resolu,5.0
TK004066,CL03307,2024-09-04,Reseau,ouvert,
TK004067,CL03307,2024-05-24,Reseau,ouvert,
TK004068,CL03307,2024-09-19,Reseau,ouvert,
TK004069,CL03308,2025-10-19,Reseau,resolu,8.0
TK004070,CL03311,2024-07-19,Offre,resolu,10.0
TK004071,CL03311,2024-12-29,Offre,ouvert,
TK004072,CL03314,2025-11-10,Offre,resolu,11.0
TK004073,CL03314,2024-03-07,Reseau,resolu,1.0
TK004074,CL03316,2025-08-07,Reseau,abandonne,1.0
TK004075,CL03316,2025-05-18,Offre,ouvert,
TK004076,CL03316,2025-07-28,Reseau,ouvert,
TK004077,CL03316,2025-06-30,Reseau,resolu,2.0
TK004078,CL03317,2024-08-27,Offre,resolu,1.0
TK004079,CL03317,2024-06-09,Facturation,resolu,1.0
TK004080,CL03318,2025-12-09,Materiel,abandonne,1.0
TK004081,CL03319,2025-08-05,Reseau,resolu,7.0
TK004082,CL03320,2025-04-27,Materiel,ouvert,
TK004083,CL03321,2024-08-10,Materiel,ouvert,
TK004084,CL03321,2024-12-06,Reseau,ouvert,
TK004085,CL03321,2024-02-04,Reseau,abandonne,22.0
TK004086,CL03322,2024-11-23,Materiel,resolu,5.0
TK004087,CL03323,2024-11-30,Reseau,ouvert,
TK004088,CL03324,2025-07-28,Offre,resolu,3.0
TK004089,CL03325,2024-10-12,Reseau,ouvert,
TK004090,CL03325,2024-08-25,Reseau,resolu,10.0
TK004091,CL03329,2024-05-02,Reseau,resolu,6.0
TK004092,CL03330,2025-08-26,Reseau,resolu,3.0
TK004093,CL03332,2025-05-24,Reseau,abandonne,3.0
TK004094,CL03332,2024-06-09,Facturation,resolu,8.0
TK004095,CL03333,2025-12-26,Reseau,resolu,3.0
TK004096,CL03333,2025-07-28,Reseau,resolu,4.0
TK004097,CL03333,2025-06-19,Reseau,resolu,1.0
TK004098,CL03334,2025-08-19,Offre,abandonne,1.0
TK004099,CL03334,2025-07-13,Facturation,ouvert,
TK004100,CL03336,2024-11-21,Facturation,resolu,1.0
TK004101,CL03337,2025-02-12,Reseau,resolu,5.0
TK004102,CL03339,2024-01-09,Reseau,resolu,5.0
TK004103,CL03342,2024-09-07,Reseau,ouvert,
TK004104,CL03342,2024-07-22,Offre,abandonne,3.0
TK004105,CL03343,2025-07-19,Offre,resolu,7.0
TK004106,CL03344,2025-08-22,Reseau,ouvert,
TK004107,CL03344,2024-09-13,Facturation,resolu,1.0
TK004108,CL03345,2025-08-01,Facturation,resolu,1.0
TK004109,CL03345,2025-12-30,Materiel,ouvert,
TK004110,CL03345,2025-09-11,Facturation,resolu,1.0
TK004111,CL03346,2024-06-22,Facturation,ouvert,
TK004112,CL03346,2024-09-10,Reseau,resolu,1.0
TK004113,CL03346,2024-07-18,Facturation,resolu,10.0
TK004114,CL03347,2024-10-10,Offre,resolu,1.0
TK004115,CL03347,2024-06-01,Materiel,ouvert,
TK004116,CL03348,2025-03-17,Offre,resolu,6.0
TK004117,CL03348,2024-05-24,Reseau,resolu,9.0
TK004118,CL03349,2025-01-23,Materiel,resolu,7.0
TK004119,CL03349,2024-10-02,Offre,resolu,1.0
TK004120,CL03350,2024-01-03,Reseau,resolu,1.0
TK004121,CL03352,2024-06-29,Reseau,resolu,7.0
TK004122,CL03353,2024-09-24,Facturation,resolu,1.0
TK004123,CL03354,2024-01-23,Offre,ouvert,
TK004124,CL03354,2025-03-26,Materiel,resolu,1.0
TK004125,CL03354,2024-08-17,Offre,abandonne,1.0
TK004126,CL03354,2024-10-10,Facturation,abandonne,11.0
TK004127,CL03354,2024-11-27,Offre,abandonne,10.0
TK004128,CL03354,2024-03-02,Offre,abandonne,8.0
TK004129,CL03355,2025-11-29,Reseau,resolu,1.0
TK004130,CL03356,2025-09-07,Reseau,resolu,7.0
TK004131,CL03359,2024-05-13,Offre,ouvert,
TK004132,CL03359,2024-05-18,Offre,ouvert,
TK004133,CL03359,2024-01-04,Reseau,ouvert,
TK004134,CL03360,2025-07-19,Reseau,resolu,2.0
TK004135,CL03360,2024-11-09,Reseau,resolu,1.0
TK004136,CL03360,2024-11-13,Reseau,resolu,3.0
TK004137,CL03361,2024-04-25,Offre,ouvert,
TK004138,CL03362,2025-02-20,Reseau,abandonne,1.0
TK004139,CL03362,2025-01-21,Reseau,ouvert,
TK004140,CL03364,2025-08-12,Offre,resolu,3.0
TK004141,CL03365,2025-08-28,Facturation,resolu,4.0
TK004142,CL03366,2024-07-13,Offre,abandonne,1.0
TK004143,CL03366,2024-07-04,Facturation,ouvert,
TK004144,CL03366,2025-01-31,Facturation,abandonne,10.0
TK004145,CL03367,2025-07-25,Reseau,ouvert,
TK004146,CL03368,2025-08-30,Materiel,abandonne,9.0
TK004147,CL03368,2025-11-06,Offre,resolu,1.0
TK004148,CL03368,2025-06-01,Reseau,resolu,1.0
TK004149,CL03370,2025-10-25,Reseau,resolu,4.0
TK004150,CL03370,2025-06-09,Reseau,resolu,2.0
TK004151,CL03370,2025-08-17,Offre,resolu,3.0
TK004152,CL03373,2025-05-30,Offre,ouvert,
TK004153,CL03373,2025-01-24,Facturation,resolu,7.0
TK004154,CL03374,2024-03-23,Facturation,abandonne,5.0
TK004155,CL03374,2024-04-09,Reseau,ouvert,
TK004156,CL03374,2024-01-01,Reseau,resolu,1.0
TK004157,CL03375,2025-02-09,Offre,resolu,6.0
TK004158,CL03376,2025-09-12,Reseau,abandonne,8.0
TK004159,CL03376,2025-07-02,Offre,ouvert,
TK004160,CL03376,2025-08-18,Offre,abandonne,1.0
TK004161,CL03376,2025-09-05,Reseau,resolu,1.0
TK004162,CL03377,2025-06-21,Offre,resolu,9.0
TK004163,CL03379,2025-07-20,Facturation,abandonne,4.0
TK004164,CL03379,2024-12-16,Facturation,ouvert,
TK004165,CL03381,2024-12-26,Reseau,resolu,14.0
TK004166,CL03382,2025-05-13,Reseau,ouvert,
TK004167,CL03383,2024-05-10,Offre,resolu,1.0
TK004168,CL03383,2024-05-31,Materiel,ouvert,
TK004169,CL03384,2024-05-21,Materiel,ouvert,
TK004170,CL03386,2024-04-06,Materiel,ouvert,
TK004171,CL03386,2024-08-10,Facturation,ouvert,
TK004172,CL03387,2025-01-06,Facturation,resolu,1.0
TK004173,CL03387,2025-02-10,Reseau,resolu,5.0
TK004174,CL03387,2025-12-05,Reseau,resolu,2.0
TK004175,CL03388,2025-08-23,Reseau,ouvert,
TK004176,CL03388,2024-11-19,Facturation,resolu,3.0
TK004177,CL03388,2025-09-21,Offre,resolu,1.0
TK004178,CL03389,2024-05-24,Facturation,resolu,3.0
TK004179,CL03391,2025-09-02,Reseau,resolu,1.0
TK004180,CL03392,2025-07-16,Reseau,resolu,1.0
TK004181,CL03392,2025-06-06,Facturation,ouvert,
TK004182,CL03392,2025-09-06,Reseau,ouvert,
TK004183,CL03392,2025-08-30,Facturation,resolu,2.0
TK004184,CL03392,2025-06-19,Facturation,resolu,4.0
TK004185,CL03392,2025-02-27,Facturation,resolu,6.0
TK004186,CL03392,2025-01-25,Facturation,resolu,3.0
TK004187,CL03393,2024-09-17,Reseau,resolu,2.0
TK004188,CL03393,2025-09-13,Offre,abandonne,1.0
TK004189,CL03395,2024-12-13,Facturation,resolu,2.0
TK004190,CL03396,2025-07-28,Offre,abandonne,1.0
TK004191,CL03396,2024-02-03,Reseau,abandonne,2.0
TK004192,CL03396,2024-05-17,Materiel,resolu,2.0
TK004193,CL03396,2025-04-10,Facturation,ouvert,
TK004194,CL03396,2024-01-28,Facturation,ouvert,
TK004195,CL03396,2025-01-06,Materiel,resolu,5.0
TK004196,CL03397,2025-12-24,Reseau,resolu,6.0
TK004197,CL03398,2025-01-25,Reseau,resolu,5.0
TK004198,CL03399,2025-10-21,Facturation,resolu,1.0
TK004199,CL03400,2025-11-30,Reseau,resolu,14.0
TK004200,CL03400,2025-09-18,Reseau,resolu,1.0
TK004201,CL03401,2024-09-01,Offre,resolu,3.0
TK004202,CL03402,2024-09-27,Facturation,ouvert,
TK004203,CL03403,2025-03-13,Materiel,ouvert,
TK004204,CL03407,2025-10-14,Reseau,resolu,1.0
TK004205,CL03408,2025-10-17,Facturation,resolu,1.0
TK004206,CL03408,2025-04-26,Facturation,resolu,1.0
TK004207,CL03409,2025-12-08,Reseau,abandonne,7.0
TK004208,CL03409,2025-09-13,Facturation,resolu,4.0
TK004209,CL03410,2024-01-01,Facturation,ouvert,
TK004210,CL03410,2024-01-16,Offre,abandonne,21.0
TK004211,CL03415,2024-06-26,Reseau,ouvert,
TK004212,CL03417,2024-03-23,Facturation,ouvert,
TK004213,CL03417,2024-03-01,Offre,abandonne,5.0
TK004214,CL03420,2024-02-26,Reseau,abandonne,22.0
TK004215,CL03420,2024-03-13,Reseau,ouvert,
TK004216,CL03420,2024-02-27,Materiel,resolu,-1.0
TK004217,CL03421,2024-05-15,Reseau,abandonne,10.0
TK004218,CL03422,2025-10-01,Facturation,resolu,4.0
TK004219,CL03423,2024-08-21,Facturation,ouvert,
TK004220,CL03423,2024-12-11,Reseau,resolu,-2.0
TK004221,CL03423,2024-02-24,Facturation,ouvert,
TK004222,CL03423,2024-06-25,Reseau,resolu,7.0
TK004223,CL03423,2024-05-24,Facturation,ouvert,
TK004224,CL03423,2024-01-18,Reseau,ouvert,
TK004225,CL03423,2024-09-28,Reseau,abandonne,2.0
TK004226,CL03425,2025-07-01,Facturation,abandonne,7.0
TK004227,CL03425,2024-10-31,Reseau,abandonne,1.0
TK004228,CL03425,2024-10-19,Facturation,abandonne,10.0
TK004229,CL03425,2024-09-09,Reseau,ouvert,
TK004230,CL03426,2025-08-20,Reseau,resolu,2.0
TK004231,CL03427,2024-02-27,Materiel,resolu,-1.0
TK004232,CL03429,2025-12-11,Offre,resolu,1.0
TK004233,CL03431,2024-06-30,Facturation,resolu,11.0
TK004234,CL03435,2025-10-22,Facturation,resolu,1.0
TK004235,CL03436,2024-11-20,Reseau,resolu,1.0
TK004236,CL03439,2025-03-05,Offre,resolu,1.0
TK004237,CL03441,2025-04-30,Facturation,resolu,1.0
TK004238,CL03441,2025-03-31,Facturation,ouvert,
TK004239,CL03441,2024-03-10,Facturation,abandonne,1.0
TK004240,CL03441,2025-06-13,Offre,resolu,2.0
TK004241,CL03442,2025-05-21,Offre,resolu,1.0
TK004242,CL03442,2025-02-13,Materiel,ouvert,
TK004243,CL03442,2025-03-18,Offre,ouvert,
TK004244,CL03442,2024-12-29,Offre,resolu,1.0
TK004245,CL03442,2025-04-10,Offre,resolu,7.0
TK004246,CL03442,2025-04-09,Materiel,resolu,7.0
TK004247,CL03442,2025-03-13,Facturation,ouvert,
TK004248,CL03443,2024-12-01,Facturation,ouvert,
TK004249,CL03445,2025-10-19,Facturation,ouvert,
TK004250,CL03446,2025-01-23,Materiel,resolu,7.0
TK004251,CL03448,2025-07-30,Materiel,abandonne,15.0
TK004252,CL03449,2025-09-22,Facturation,resolu,3.0
TK004253,CL03452,2025-07-21,Facturation,resolu,1.0
TK004254,CL03453,2024-01-05,Reseau,ouvert,
TK004255,CL03453,2024-01-04,Reseau,resolu,4.0
TK004256,CL03453,2024-01-09,Reseau,abandonne,7.0
TK004257,CL03454,2024-08-01,Facturation,ouvert,
TK004258,CL03456,2025-08-03,Reseau,ouvert,
TK004259,CL03456,2025-09-07,Reseau,resolu,4.0
TK004260,CL03457,2025-11-22,Offre,resolu,1.0
TK004261,CL03457,2025-11-20,Offre,resolu,13.0
TK004262,CL03459,2025-10-09,Offre,resolu,4.0
TK004263,CL03460,2024-08-16,Facturation,resolu,6.0
TK004264,CL03460,2024-11-14,Reseau,abandonne,5.0
TK004265,CL03460,2024-10-19,Offre,abandonne,1.0
TK004266,CL03460,2024-09-18,Reseau,resolu,1.0
TK004267,CL03462,2025-10-23,Materiel,resolu,1.0
TK004268,CL03463,2024-09-23,Materiel,ouvert,
TK004269,CL03463,2024-10-11,Reseau,resolu,1.0
TK004270,CL03463,2024-09-05,Reseau,resolu,2.0
TK004271,CL03463,2024-07-23,Reseau,resolu,1.0
TK004272,CL03465,2025-02-23,Reseau,ouvert,
TK004273,CL03465,2024-10-01,Facturation,abandonne,25.0
TK004274,CL03465,2024-11-09,Reseau,abandonne,27.0
TK004275,CL03473,2024-06-16,Reseau,ouvert,
TK004276,CL03473,2024-07-10,Facturation,ouvert,
TK004277,CL03474,2025-07-26,Facturation,resolu,1.0
TK004278,CL03474,2025-08-24,Offre,resolu,1.0
TK004279,CL03476,2024-12-08,Facturation,ouvert,
TK004280,CL03476,2024-02-19,Reseau,resolu,3.0
TK004281,CL03476,2024-11-02,Offre,ouvert,
TK004282,CL03477,2025-03-13,Reseau,resolu,1.0
TK004283,CL03478,2025-05-03,Reseau,abandonne,6.0
TK004284,CL03478,2024-07-05,Materiel,resolu,1.0
TK004285,CL03478,2025-02-26,Reseau,ouvert,
TK004286,CL03478,2025-08-13,Facturation,ouvert,
TK004287,CL03478,2024-09-27,Materiel,ouvert,
TK004288,CL03478,2025-02-26,Facturation,ouvert,
TK004289,CL03480,2025-08-08,Reseau,resolu,4.0
TK004290,CL03481,2025-07-30,Facturation,abandonne,30.0
TK004291,CL03481,2025-08-19,Reseau,resolu,8.0
TK004292,CL03481,2025-10-14,Facturation,ouvert,
TK004293,CL03482,2024-09-07,Offre,resolu,1.0
TK004294,CL03482,2024-08-11,Reseau,resolu,4.0
TK004295,CL03483,2025-01-31,Materiel,ouvert,
TK004296,CL03486,2025-11-29,Reseau,resolu,1.0
TK004297,CL03487,2025-10-17,Reseau,ouvert,
TK004298,CL03487,2025-12-04,Materiel,ouvert,
TK004299,CL03487,2025-10-11,Offre,ouvert,
TK004300,CL03488,2025-12-24,Offre,resolu,-1.0
TK004301,CL03489,2025-12-22,Facturation,resolu,1.0
TK004302,CL03489,2025-05-12,Facturation,resolu,4.0
TK004303,CL03491,2025-04-17,Offre,resolu,5.0
TK004304,CL03491,2025-03-01,Offre,abandonne,39.0
TK004305,CL03491,2024-03-14,Reseau,ouvert,
TK004306,CL03491,2024-09-23,Facturation,ouvert,
TK004307,CL03495,2025-10-05,Reseau,ouvert,
TK004308,CL03495,2024-09-20,Reseau,ouvert,
TK004309,CL03496,2024-07-20,Materiel,ouvert,
TK004310,CL03497,2025-06-24,Reseau,resolu,2.0
TK004311,CL03498,2025-07-14,Facturation,resolu,3.0
TK004312,CL03498,2025-09-01,Reseau,resolu,4.0
TK004313,CL03501,2024-12-10,Reseau,abandonne,1.0
TK004314,CL03504,2024-08-10,Materiel,resolu,4.0
TK004315,CL03505,2024-07-20,Reseau,resolu,2.0
TK004316,CL03505,2024-03-01,Offre,resolu,5.0
TK004317,CL03505,2024-02-09,Reseau,resolu,5.0
TK004318,CL03506,2025-06-06,Facturation,resolu,1.0
TK004319,CL03507,2024-11-24,Reseau,ouvert,
TK004320,CL03507,2024-10-18,Reseau,resolu,2.0
TK004321,CL03507,2024-11-26,Reseau,abandonne,3.0
TK004322,CL03507,2024-08-01,Materiel,ouvert,
TK004323,CL03507,2024-10-11,Offre,abandonne,9.0
TK004324,CL03507,2024-11-20,Reseau,ouvert,
TK004325,CL03508,2024-06-12,Facturation,resolu,-12.0
TK004326,CL03508,2024-06-16,Offre,resolu,7.0
TK004327,CL03511,2024-10-24,Offre,ouvert,
TK004328,CL03511,2024-08-23,Facturation,resolu,3.0
TK004329,CL03511,2024-07-03,Reseau,ouvert,
TK004330,CL03511,2024-01-19,Facturation,abandonne,4.0
TK004331,CL03511,2024-10-27,Materiel,ouvert,
TK004332,CL03512,2024-11-03,Materiel,ouvert,
TK004333,CL03512,2024-12-26,Facturation,abandonne,3.0
TK004334,CL03514,2025-05-04,Reseau,resolu,4.0
TK004335,CL03515,2025-08-10,Reseau,resolu,7.0
TK004336,CL03516,2024-04-17,Reseau,resolu,-3.0
TK004337,CL03516,2025-06-05,Facturation,resolu,1.0
TK004338,CL03518,2024-11-08,Facturation,resolu,3.0
TK004339,CL03518,2024-11-01,Facturation,ouvert,
TK004340,CL03520,2025-07-02,Reseau,ouvert,
TK004341,CL03520,2025-05-08,Reseau,resolu,1.0
TK004342,CL03520,2024-03-10,Facturation,resolu,1.0
TK004343,CL03520,2025-01-18,Reseau,ouvert,
TK004344,CL03520,2025-02-27,Offre,ouvert,
TK004345,CL03521,2025-11-13,Materiel,resolu,1.0
TK004346,CL03523,2025-07-25,Facturation,resolu,6.0
TK004347,CL03524,2025-10-07,Reseau,resolu,7.0
TK004348,CL03526,2024-10-06,Reseau,ouvert,
TK004349,CL03528,2024-01-27,Materiel,ouvert,
TK004350,CL03530,2024-07-18,Reseau,ouvert,
TK004351,CL03530,2024-05-31,Facturation,abandonne,1.0
TK004352,CL03530,2024-06-30,Facturation,resolu,1.0
TK004353,CL03532,2025-05-20,Reseau,resolu,7.0
TK004354,CL03532,2025-09-01,Facturation,resolu,1.0
TK004355,CL03534,2025-02-23,Offre,resolu,10.0
TK004356,CL03534,2025-10-10,Facturation,resolu,4.0
TK004357,CL03534,2024-07-15,Facturation,resolu,4.0
TK004358,CL03535,2025-12-02,Reseau,resolu,2.0
TK004359,CL03535,2025-07-13,Reseau,resolu,7.0
TK004360,CL03537,2024-12-10,Materiel,resolu,1.0
TK004361,CL03538,2024-01-03,Materiel,resolu,3.0
TK004362,CL03538,2024-05-20,Materiel,abandonne,1.0
TK004363,CL03538,2024-01-13,Facturation,resolu,1.0
TK004364,CL03539,2025-07-06,Facturation,resolu,1.0
TK004365,CL03539,2024-11-13,Offre,ouvert,
TK004366,CL03539,2024-01-27,Offre,resolu,3.0
TK004367,CL03540,2024-04-23,Facturation,resolu,6.0
TK004368,CL03541,2024-01-11,Reseau,resolu,2.0
TK004369,CL03544,2025-05-10,Facturation,ouvert,
TK004370,CL03545,2025-03-06,Facturation,resolu,1.0
TK004371,CL03545,2024-09-23,Reseau,resolu,7.0
TK004372,CL03548,2025-08-25,Reseau,resolu,1.0
TK004373,CL03550,2025-07-15,Materiel,resolu,1.0
TK004374,CL03550,2025-01-28,Offre,resolu,7.0
TK004375,CL03551,2025-12-28,Reseau,ouvert,
TK004376,CL03558,2025-01-27,Reseau,resolu,8.0
TK004377,CL03559,2025-07-28,Offre,ouvert,
TK004378,CL03560,2024-04-27,Reseau,ouvert,
TK004379,CL03560,2024-03-16,Reseau,abandonne,12.0
TK004380,CL03560,2024-08-08,Materiel,resolu,1.0
TK004381,CL03560,2024-02-28,Facturation,resolu,2.0
TK004382,CL03560,2024-01-01,Reseau,ouvert,
TK004383,CL03562,2024-04-15,Facturation,ouvert,
TK004384,CL03562,2024-05-05,Reseau,ouvert,
TK004385,CL03565,2025-08-15,Materiel,resolu,6.0
TK004386,CL03567,2024-09-22,Reseau,abandonne,3.0
TK004387,CL03567,2024-04-28,Reseau,resolu,1.0
TK004388,CL03568,2025-03-02,Reseau,resolu,4.0
TK004389,CL03569,2025-12-28,Facturation,resolu,3.0
TK004390,CL03573,2025-08-13,Reseau,resolu,5.0
TK004391,CL03574,2025-11-06,Reseau,abandonne,10.0
TK004392,CL03574,2025-10-18,Reseau,ouvert,
TK004393,CL03574,2025-10-03,Facturation,ouvert,
TK004394,CL03577,2024-04-05,Facturation,resolu,2.0
TK004395,CL03578,2025-12-14,Reseau,ouvert,
TK004396,CL03579,2025-03-04,Facturation,ouvert,
TK004397,CL03579,2025-05-25,Reseau,ouvert,
TK004398,CL03579,2025-03-28,Facturation,ouvert,
TK004399,CL03585,2024-06-26,Materiel,abandonne,5.0
TK004400,CL03586,2025-04-08,Reseau,resolu,3.0
TK004401,CL03586,2025-10-08,Facturation,resolu,1.0
TK004402,CL03586,2024-09-25,Reseau,ouvert,
TK004403,CL03587,2024-03-17,Materiel,resolu,1.0
TK004404,CL03587,2024-02-25,Reseau,ouvert,
TK004405,CL03588,2025-10-07,Reseau,resolu,1.0
TK004406,CL03589,2025-05-03,Facturation,resolu,-1.0
TK004407,CL03589,2024-06-10,Reseau,resolu,2.0
TK004408,CL03592,2024-10-07,Facturation,resolu,7.0
TK004409,CL03593,2025-01-27,Materiel,resolu,1.0
TK004410,CL03593,2025-09-27,Reseau,resolu,5.0
TK004411,CL03593,2025-07-30,Offre,resolu,-2.0
TK004412,CL03594,2025-01-17,Facturation,ouvert,
TK004413,CL03594,2025-07-04,Offre,resolu,4.0
TK004414,CL03595,2024-07-10,Offre,resolu,13.0
TK004415,CL03595,2024-01-30,Materiel,ouvert,
TK004416,CL03595,2024-01-13,Reseau,ouvert,
TK004417,CL03595,2024-04-26,Facturation,ouvert,
TK004418,CL03595,2025-07-17,Reseau,resolu,1.0
TK004419,CL03595,2025-08-03,Reseau,resolu,12.0
TK004420,CL03596,2024-12-27,Materiel,resolu,10.0
TK004421,CL03598,2024-11-29,Offre,abandonne,1.0
TK004422,CL03598,2025-05-24,Reseau,resolu,3.0
TK004423,CL03598,2025-08-04,Reseau,abandonne,5.0
TK004424,CL03599,2024-04-29,Offre,abandonne,46.0
TK004425,CL03599,2025-02-11,Reseau,ouvert,
TK004426,CL03604,2025-09-12,Materiel,ouvert,
TK004427,CL03604,2025-10-18,Reseau,abandonne,22.0
TK004428,CL03604,2025-11-01,Facturation,resolu,1.0
TK004429,CL03604,2025-10-08,Materiel,resolu,3.0
TK004430,CL03604,2025-09-11,Offre,resolu,10.0
TK004431,CL03604,2025-10-09,Materiel,ouvert,
TK004432,CL03604,2025-10-29,Facturation,ouvert,
TK004433,CL03606,2025-08-30,Facturation,resolu,2.0
TK004434,CL03607,2025-07-19,Reseau,resolu,4.0
TK004435,CL03608,2025-08-17,Materiel,resolu,1.0
TK004436,CL03609,2025-03-11,Reseau,resolu,1.0
TK004437,CL03609,2025-04-25,Facturation,resolu,4.0
TK004438,CL03609,2025-06-11,Offre,ouvert,
TK004439,CL03611,2025-01-29,Facturation,ouvert,
TK004440,CL03614,2025-11-04,Facturation,resolu,1.0
TK004441,CL03615,2024-11-29,Materiel,abandonne,12.0
TK004442,CL03617,2024-02-26,Offre,resolu,2.0
TK004443,CL03618,2025-02-25,Facturation,resolu,6.0
TK004444,CL03620,2024-01-18,Facturation,resolu,2.0
TK004445,CL03620,2024-03-19,Materiel,abandonne,3.0
TK004446,CL03620,2024-04-08,Offre,ouvert,
TK004447,CL03622,2024-01-18,Materiel,resolu,2.0
TK004448,CL03623,2024-10-05,Reseau,abandonne,11.0
TK004449,CL03623,2024-07-19,Reseau,ouvert,
TK004450,CL03623,2024-05-17,Reseau,ouvert,
TK004451,CL03625,2024-12-24,Reseau,ouvert,
TK004452,CL03625,2025-01-25,Offre,ouvert,
TK004453,CL03625,2025-02-15,Reseau,ouvert,
TK004454,CL03625,2025-03-30,Facturation,abandonne,14.0
TK004455,CL03625,2025-07-30,Reseau,abandonne,5.0
TK004456,CL03625,2025-05-26,Facturation,abandonne,28.0
TK004457,CL03625,2025-08-08,Facturation,abandonne,16.0
TK004458,CL03625,2025-08-29,Reseau,ouvert,
TK004459,CL03626,2024-11-18,Offre,ouvert,
TK004460,CL03626,2024-01-03,Reseau,abandonne,5.0
TK004461,CL03627,2025-09-15,Facturation,resolu,1.0
TK004462,CL03628,2025-07-20,Facturation,ouvert,
TK004463,CL03628,2025-06-16,Reseau,resolu,1.0
TK004464,CL03628,2025-12-01,Materiel,resolu,1.0
TK004465,CL03629,2025-09-27,Reseau,resolu,1.0
TK004466,CL03629,2025-06-21,Facturation,resolu,-13.0
TK004467,CL03629,2025-09-18,Reseau,resolu,3.0
TK004468,CL03630,2024-07-17,Facturation,ouvert,
TK004469,CL03630,2025-02-04,Reseau,abandonne,1.0
TK004470,CL03632,2024-10-31,Materiel,ouvert,
TK004471,CL03632,2024-10-12,Reseau,ouvert,
TK004472,CL03632,2024-11-10,Offre,resolu,5.0
TK004473,CL03632,2024-12-01,Facturation,ouvert,
TK004474,CL03632,2024-09-28,Facturation,ouvert,
TK004475,CL03634,2025-01-17,Materiel,resolu,1.0
TK004476,CL03634,2025-04-24,Facturation,ouvert,
TK004477,CL03636,2025-06-25,Reseau,resolu,4.0
TK004478,CL03636,2025-02-21,Facturation,ouvert,
TK004479,CL03636,2025-05-28,Reseau,abandonne,19.0
TK004480,CL03638,2025-06-12,Materiel,resolu,1.0
TK004481,CL03638,2024-06-14,Reseau,resolu,3.0
TK004482,CL03640,2025-10-06,Facturation,resolu,5.0
TK004483,CL03640,2025-10-22,Facturation,resolu,5.0
TK004484,CL03640,2025-10-09,Facturation,resolu,1.0
TK004485,CL03642,2024-09-06,Offre,resolu,2.0
TK004486,CL03644,2025-08-24,Reseau,abandonne,5.0
TK004487,CL03644,2025-08-20,Materiel,abandonne,5.0
TK004488,CL03645,2025-11-16,Materiel,resolu,1.0
TK004489,CL03646,2025-12-10,Reseau,abandonne,11.0
TK004490,CL03647,2024-03-16,Reseau,ouvert,
TK004491,CL03647,2024-07-30,Offre,ouvert,
TK004492,CL03647,2024-06-06,Offre,ouvert,
TK004493,CL03648,2024-01-27,Facturation,ouvert,
TK004494,CL03648,2024-11-29,Facturation,resolu,5.0
TK004495,CL03649,2024-01-02,Facturation,resolu,14.0
TK004496,CL03649,2024-01-02,Offre,ouvert,
TK004497,CL03649,2024-01-01,Facturation,resolu,1.0
TK004498,CL03650,2024-04-26,Reseau,resolu,7.0
TK004499,CL03651,2025-01-13,Reseau,resolu,8.0
TK004500,CL03652,2025-04-06,Facturation,resolu,13.0
TK004501,CL03653,2025-01-23,Reseau,resolu,1.0
TK004502,CL03656,2025-03-14,Offre,ouvert,
TK004503,CL03656,2024-03-29,Reseau,resolu,6.0
TK004504,CL03657,2025-04-08,Materiel,resolu,1.0
TK004505,CL03657,2025-06-15,Reseau,abandonne,21.0
TK004506,CL03657,2025-04-23,Facturation,ouvert,
TK004507,CL03657,2025-01-11,Reseau,abandonne,9.0
TK004508,CL03660,2024-12-09,Facturation,resolu,4.0
TK004509,CL03663,2025-04-21,Facturation,resolu,1.0
TK004510,CL03663,2025-04-13,Facturation,ouvert,
TK004511,CL03664,2025-10-09,Facturation,resolu,1.0
TK004512,CL03665,2025-10-28,Reseau,resolu,5.0
TK004513,CL03665,2024-11-11,Facturation,resolu,1.0
TK004514,CL03669,2025-10-26,Reseau,resolu,1.0
TK004515,CL03669,2025-10-27,Offre,ouvert,
TK004516,CL03669,2025-11-25,Reseau,resolu,9.0
TK004517,CL03670,2024-07-22,Facturation,ouvert,
TK004518,CL03670,2024-12-10,Reseau,resolu,1.0
TK004519,CL03670,2024-10-07,Reseau,ouvert,
TK004520,CL03671,2025-08-07,Facturation,ouvert,
TK004521,CL03672,2024-12-23,Reseau,resolu,1.0
TK004522,CL03673,2025-11-05,Offre,abandonne,2.0
TK004523,CL03673,2025-09-17,Reseau,resolu,1.0
TK004524,CL03675,2025-10-13,Materiel,resolu,9.0
TK004525,CL03676,2025-12-28,Facturation,resolu,1.0
TK004526,CL03678,2024-02-06,Offre,abandonne,6.0
TK004527,CL03679,2024-09-23,Reseau,resolu,4.0
TK004528,CL03679,2025-12-28,Facturation,resolu,3.0
TK004529,CL03680,2025-07-17,Materiel,resolu,5.0
TK004530,CL03682,2025-07-04,Facturation,resolu,30.0
TK004531,CL03682,2025-05-13,Reseau,resolu,1.0
TK004532,CL03682,2025-09-23,Reseau,abandonne,3.0
TK004533,CL03682,2024-12-29,Facturation,ouvert,
TK004534,CL03683,2025-04-03,Reseau,ouvert,
TK004535,CL03683,2024-01-15,Materiel,ouvert,
TK004536,CL03684,2024-02-29,Materiel,abandonne,1.0
TK004537,CL03684,2024-09-30,Materiel,resolu,1.0
TK004538,CL03684,2024-01-10,Reseau,ouvert,
TK004539,CL03685,2024-10-28,Reseau,resolu,1.0
TK004540,CL03687,2024-07-03,Facturation,resolu,2.0
TK004541,CL03687,2024-04-13,Reseau,resolu,7.0
TK004542,CL03687,2025-02-22,Reseau,resolu,8.0
TK004543,CL03689,2025-10-25,Reseau,resolu,8.0
TK004544,CL03691,2024-12-23,Reseau,resolu,1.0
TK004545,CL03691,2025-03-27,Facturation,ouvert,
TK004546,CL03691,2025-02-08,Reseau,abandonne,5.0
TK004547,CL03691,2025-08-21,Reseau,ouvert,
TK004548,CL03692,2025-10-16,Facturation,resolu,3.0
TK004549,CL03693,2025-10-19,Reseau,resolu,12.0
TK004550,CL03695,2025-10-08,Facturation,resolu,4.0
TK004551,CL03697,2025-07-06,Reseau,abandonne,11.0
TK004552,CL03697,2025-05-08,Reseau,ouvert,
TK004553,CL03698,2025-05-22,Reseau,resolu,4.0
TK004554,CL03699,2024-10-11,Reseau,ouvert,
TK004555,CL03700,2024-02-12,Reseau,abandonne,33.0
TK004556,CL03700,2024-05-09,Facturation,abandonne,2.0
TK004557,CL03705,2024-12-04,Reseau,resolu,1.0
TK004558,CL03705,2025-07-14,Reseau,resolu,1.0
TK004559,CL03705,2024-10-28,Reseau,ouvert,
TK004560,CL03705,2025-05-20,Facturation,ouvert,
TK004561,CL03706,2025-09-05,Materiel,resolu,1.0
TK004562,CL03708,2024-05-26,Offre,ouvert,
TK004563,CL03708,2024-02-14,Facturation,abandonne,4.0
TK004564,CL03708,2024-02-28,Offre,abandonne,1.0
TK004565,CL03709,2025-04-19,Facturation,resolu,1.0
TK004566,CL03710,2025-05-27,Facturation,ouvert,
TK004567,CL03710,2024-09-20,Facturation,abandonne,6.0
TK004568,CL03710,2024-12-17,Facturation,ouvert,
TK004569,CL03713,2025-04-21,Reseau,resolu,4.0
TK004570,CL03713,2025-04-05,Reseau,ouvert,
TK004571,CL03713,2024-08-01,Reseau,abandonne,16.0
TK004572,CL03719,2025-01-20,Facturation,resolu,1.0
TK004573,CL03720,2025-03-23,Reseau,resolu,4.0
TK004574,CL03723,2025-04-01,Reseau,resolu,3.0
TK004575,CL03724,2025-06-09,Reseau,resolu,4.0
TK004576,CL03724,2025-06-25,Reseau,resolu,1.0
TK004577,CL03728,2025-10-11,Facturation,resolu,1.0
TK004578,CL03729,2025-03-16,Offre,ouvert,
TK004579,CL03731,2024-10-03,Facturation,abandonne,1.0
TK004580,CL03731,2024-11-11,Reseau,abandonne,42.0
TK004581,CL03731,2025-01-05,Facturation,resolu,4.0
TK004582,CL03732,2024-01-17,Materiel,ouvert,
TK004583,CL03733,2024-05-24,Materiel,resolu,1.0
TK004584,CL03733,2025-01-11,Facturation,resolu,5.0
TK004585,CL03734,2025-10-15,Reseau,ouvert,
TK004586,CL03734,2025-10-24,Materiel,ouvert,
TK004587,CL03734,2025-12-14,Reseau,resolu,4.0
TK004588,CL03734,2024-03-14,Reseau,resolu,1.0
TK004589,CL03735,2025-07-28,Reseau,resolu,2.0
TK004590,CL03735,2025-06-09,Facturation,ouvert,
TK004591,CL03735,2025-06-28,Reseau,resolu,2.0
TK004592,CL03736,2025-04-07,Reseau,resolu,4.0
TK004593,CL03736,2025-02-23,Reseau,resolu,2.0
TK004594,CL03737,2025-03-15,Facturation,resolu,10.0
TK004595,CL03737,2025-09-21,Reseau,resolu,12.0
TK004596,CL03737,2025-06-04,Offre,resolu,5.0
TK004597,CL03739,2025-10-23,Reseau,resolu,3.0
TK004598,CL03739,2025-12-26,Facturation,resolu,2.0
TK004599,CL03739,2025-09-06,Reseau,resolu,1.0
TK004600,CL03740,2024-08-08,Reseau,ouvert,
TK004601,CL03740,2024-05-02,Offre,resolu,1.0
TK004602,CL03740,2024-07-17,Reseau,abandonne,19.0
TK004603,CL03740,2024-04-23,Materiel,abandonne,4.0
TK004604,CL03741,2025-02-16,Facturation,resolu,1.0
TK004605,CL03742,2025-12-11,Facturation,ouvert,
TK004606,CL03742,2025-11-08,Reseau,resolu,1.0
TK004607,CL03742,2025-09-02,Materiel,resolu,2.0
TK004608,CL03744,2024-08-02,Offre,resolu,1.0
TK004609,CL03744,2024-03-18,Reseau,ouvert,
TK004610,CL03747,2025-12-29,Offre,ouvert,
TK004611,CL03748,2025-03-02,Facturation,resolu,2.0
TK004612,CL03748,2024-12-31,Reseau,abandonne,3.0
TK004613,CL03749,2025-03-30,Offre,resolu,6.0
TK004614,CL03750,2024-07-21,Reseau,ouvert,
TK004615,CL03750,2025-02-04,Facturation,abandonne,5.0
TK004616,CL03750,2024-06-24,Facturation,resolu,1.0
TK004617,CL03753,2025-03-14,Reseau,ouvert,
TK004618,CL03754,2024-06-10,Reseau,resolu,1.0
TK004619,CL03754,2024-02-29,Materiel,ouvert,
TK004620,CL03755,2024-02-26,Facturation,abandonne,1.0
TK004621,CL03755,2024-04-03,Materiel,resolu,4.0
TK004622,CL03755,2024-03-31,Reseau,abandonne,1.0
TK004623,CL03755,2024-03-02,Facturation,ouvert,
TK004624,CL03756,2024-09-16,Reseau,resolu,2.0
TK004625,CL03756,2025-09-17,Reseau,ouvert,
TK004626,CL03758,2024-08-24,Reseau,resolu,1.0
TK004627,CL03758,2025-08-09,Reseau,resolu,2.0
TK004628,CL03760,2025-02-05,Reseau,resolu,1.0
TK004629,CL03760,2024-12-04,Reseau,resolu,13.0
TK004630,CL03762,2024-05-24,Facturation,abandonne,13.0
TK004631,CL03764,2024-06-27,Offre,ouvert,
TK004632,CL03764,2025-05-21,Facturation,ouvert,
TK004633,CL03764,2024-05-28,Materiel,abandonne,1.0
TK004634,CL03764,2024-04-17,Facturation,ouvert,
TK004635,CL03765,2025-12-14,Reseau,ouvert,
TK004636,CL03766,2024-10-06,Materiel,resolu,1.0
TK004637,CL03766,2025-01-07,Offre,ouvert,
TK004638,CL03766,2024-10-03,Reseau,resolu,4.0
TK004639,CL03766,2024-09-01,Reseau,ouvert,
TK004640,CL03767,2025-05-06,Offre,ouvert,
TK004641,CL03768,2024-10-12,Materiel,resolu,2.0
TK004642,CL03768,2024-04-10,Offre,abandonne,34.0
TK004643,CL03768,2024-03-04,Reseau,abandonne,15.0
TK004644,CL03770,2025-05-04,Facturation,resolu,1.0
TK004645,CL03770,2025-03-08,Facturation,resolu,5.0
TK004646,CL03772,2025-01-20,Reseau,ouvert,
TK004647,CL03773,2025-07-07,Facturation,abandonne,10.0
TK004648,CL03773,2025-07-25,Materiel,ouvert,
TK004649,CL03773,2025-06-04,Reseau,resolu,1.0
TK004650,CL03773,2025-06-12,Facturation,resolu,3.0
TK004651,CL03774,2025-06-22,Offre,ouvert,
TK004652,CL03774,2024-10-14,Offre,ouvert,
TK004653,CL03775,2024-07-18,Facturation,resolu,1.0
TK004654,CL03779,2024-06-07,Reseau,resolu,9.0
TK004655,CL03779,2025-11-11,Reseau,resolu,2.0
TK004656,CL03786,2025-04-04,Facturation,ouvert,
TK004657,CL03786,2025-09-07,Materiel,ouvert,
TK004658,CL03787,2025-06-09,Offre,ouvert,
TK004659,CL03787,2025-04-04,Facturation,resolu,2.0
TK004660,CL03788,2025-06-26,Facturation,resolu,5.0
TK004661,CL03790,2024-06-21,Facturation,resolu,1.0
TK004662,CL03793,2024-06-18,Materiel,resolu,1.0
TK004663,CL03794,2024-07-31,Reseau,ouvert,
TK004664,CL03794,2024-06-27,Materiel,ouvert,
TK004665,CL03794,2024-02-08,Reseau,ouvert,
TK004666,CL03795,2025-11-23,Reseau,resolu,3.0
TK004667,CL03796,2024-10-29,Facturation,abandonne,4.0
TK004668,CL03796,2024-10-25,Reseau,resolu,1.0
TK004669,CL03796,2025-07-03,Facturation,ouvert,
TK004670,CL03797,2025-11-11,Reseau,resolu,-6.0
TK004671,CL03797,2025-06-25,Facturation,resolu,4.0
TK004672,CL03798,2025-12-27,Reseau,abandonne,1.0
TK004673,CL03799,2025-10-01,Facturation,resolu,2.0
TK004674,CL03799,2025-07-14,Offre,resolu,2.0
TK004675,CL03800,2024-12-24,Reseau,resolu,2.0
TK004676,CL03800,2025-01-09,Facturation,resolu,5.0
TK004677,CL03801,2025-06-18,Facturation,ouvert,
TK004678,CL03802,2025-01-04,Reseau,ouvert,
TK004679,CL03803,2024-05-21,Offre,abandonne,12.0
TK004680,CL03803,2024-06-05,Facturation,abandonne,5.0
TK004681,CL03804,2025-08-25,Facturation,resolu,1.0
TK004682,CL03804,2025-08-15,Offre,resolu,1.0
TK004683,CL03807,2025-12-17,Reseau,resolu,1.0
TK004684,CL03807,2025-03-22,Reseau,resolu,1.0
TK004685,CL03808,2025-11-20,Facturation,resolu,1.0
TK004686,CL03810,2024-05-28,Reseau,resolu,8.0
TK004687,CL03811,2025-02-19,Reseau,ouvert,
TK004688,CL03812,2025-11-24,Reseau,ouvert,
TK004689,CL03812,2024-08-01,Reseau,resolu,1.0
TK004690,CL03813,2025-05-15,Reseau,resolu,4.0
TK004691,CL03814,2025-01-27,Reseau,resolu,3.0
TK004692,CL03814,2024-03-20,Materiel,resolu,1.0
TK004693,CL03815,2024-05-13,Offre,resolu,3.0
TK004694,CL03817,2025-06-06,Reseau,resolu,1.0
TK004695,CL03822,2024-10-26,Reseau,resolu,1.0
TK004696,CL03822,2024-06-08,Reseau,resolu,3.0
TK004697,CL03824,2025-05-01,Reseau,resolu,1.0
TK004698,CL03826,2025-12-01,Offre,resolu,3.0
TK004699,CL03826,2025-11-13,Materiel,resolu,2.0
TK004700,CL03826,2025-10-27,Offre,ouvert,
TK004701,CL03826,2025-12-05,Facturation,resolu,1.0
TK004702,CL03827,2025-05-20,Facturation,resolu,5.0
TK004703,CL03827,2025-04-15,Offre,resolu,2.0
TK004704,CL03828,2025-04-05,Facturation,resolu,2.0
TK004705,CL03829,2025-08-29,Facturation,resolu,7.0
TK004706,CL03830,2025-09-05,Materiel,resolu,5.0
TK004707,CL03831,2025-01-12,Reseau,ouvert,
TK004708,CL03833,2024-09-01,Reseau,resolu,5.0
TK004709,CL03834,2025-07-26,Facturation,resolu,1.0
TK004710,CL03838,2024-03-31,Reseau,abandonne,11.0
TK004711,CL03838,2024-03-08,Offre,ouvert,
TK004712,CL03838,2024-01-13,Reseau,ouvert,
TK004713,CL03838,2024-04-05,Facturation,resolu,10.0
TK004714,CL03838,2024-03-15,Reseau,resolu,2.0
TK004715,CL03839,2025-04-01,Facturation,resolu,6.0
TK004716,CL03840,2025-11-11,Reseau,resolu,2.0
TK004717,CL03846,2025-04-27,Reseau,resolu,1.0
TK004718,CL03846,2024-06-03,Reseau,resolu,1.0
TK004719,CL03847,2025-04-12,Facturation,ouvert,
TK004720,CL03847,2025-03-19,Offre,ouvert,
TK004721,CL03847,2025-02-28,Reseau,abandonne,22.0
TK004722,CL03849,2024-11-19,Facturation,ouvert,
TK004723,CL03849,2025-06-19,Facturation,ouvert,
TK004724,CL03850,2025-07-14,Facturation,resolu,1.0
TK004725,CL03853,2025-02-14,Offre,resolu,1.0
TK004726,CL03855,2024-09-12,Reseau,abandonne,15.0
TK004727,CL03856,2025-11-06,Materiel,resolu,1.0
TK004728,CL03858,2024-03-09,Reseau,abandonne,-27.0
TK004729,CL03858,2024-04-28,Reseau,abandonne,2.0
TK004730,CL03858,2025-05-27,Reseau,ouvert,
TK004731,CL03858,2024-11-08,Materiel,ouvert,
TK004732,CL03858,2024-03-17,Materiel,abandonne,6.0
TK004733,CL03859,2025-10-18,Reseau,resolu,1.0
TK004734,CL03861,2025-06-14,Reseau,ouvert,
TK004735,CL03862,2025-03-10,Offre,resolu,2.0
TK004736,CL03863,2024-11-24,Reseau,ouvert,
TK004737,CL03866,2024-01-28,Facturation,ouvert,
TK004738,CL03866,2024-01-03,Reseau,resolu,3.0
TK004739,CL03869,2025-05-22,Facturation,abandonne,5.0
TK004740,CL03871,2025-05-19,Facturation,ouvert,
TK004741,CL03871,2025-04-17,Reseau,resolu,4.0
TK004742,CL03871,2025-10-27,Materiel,resolu,1.0
TK004743,CL03872,2025-11-26,Reseau,resolu,3.0
TK004744,CL03873,2025-09-27,Offre,ouvert,
TK004745,CL03873,2025-11-04,Facturation,ouvert,
TK004746,CL03874,2025-04-10,Reseau,ouvert,
TK004747,CL03874,2024-11-21,Facturation,resolu,3.0
TK004748,CL03876,2024-08-04,Reseau,resolu,5.0
TK004749,CL03876,2024-02-02,Facturation,abandonne,1.0
TK004750,CL03876,2024-06-11,Reseau,resolu,1.0
TK004751,CL03876,2024-07-23,Offre,abandonne,16.0
TK004752,CL03879,2025-10-29,Facturation,ouvert,
TK004753,CL03880,2025-03-05,Offre,resolu,3.0
TK004754,CL03881,2025-03-31,Materiel,resolu,3.0
TK004755,CL03881,2025-12-30,Reseau,abandonne,24.0
TK004756,CL03881,2024-04-05,Offre,resolu,-3.0
TK004757,CL03882,2025-11-14,Reseau,resolu,3.0
TK004758,CL03882,2025-10-25,Materiel,resolu,1.0
TK004759,CL03882,2025-08-22,Reseau,abandonne,11.0
TK004760,CL03882,2025-07-31,Facturation,abandonne,19.0
TK004761,CL03882,2025-09-29,Reseau,resolu,9.0
TK004762,CL03885,2024-01-21,Facturation,ouvert,
TK004763,CL03885,2024-04-12,Reseau,ouvert,
TK004764,CL03885,2024-06-01,Offre,resolu,-3.0
TK004765,CL03885,2024-06-28,Reseau,resolu,4.0
TK004766,CL03887,2024-10-12,Materiel,ouvert,
TK004767,CL03891,2024-11-22,Reseau,abandonne,44.0
TK004768,CL03891,2025-05-22,Reseau,resolu,6.0
TK004769,CL03891,2024-07-11,Offre,resolu,6.0
TK004770,CL03891,2025-03-19,Offre,resolu,10.0
TK004771,CL03892,2025-09-27,Reseau,ouvert,
TK004772,CL03893,2024-11-27,Facturation,resolu,21.0
TK004773,CL03894,2024-04-08,Offre,resolu,3.0
TK004774,CL03894,2025-10-30,Reseau,resolu,1.0
TK004775,CL03895,2025-11-21,Reseau,resolu,-1.0
TK004776,CL03895,2024-09-04,Facturation,resolu,4.0
TK004777,CL03896,2025-01-31,Materiel,resolu,1.0
TK004778,CL03896,2025-02-17,Facturation,resolu,1.0
TK004779,CL03898,2025-08-13,Offre,resolu,4.0
TK004780,CL03898,2025-04-08,Offre,resolu,1.0
TK004781,CL03901,2025-10-07,Reseau,resolu,3.0
TK004782,CL03901,2025-06-22,Offre,ouvert,
TK004783,CL03901,2025-08-05,Facturation,ouvert,
TK004784,CL03903,2025-12-09,Facturation,resolu,1.0
TK004785,CL03906,2025-01-27,Reseau,ouvert,
TK004786,CL03906,2025-09-04,Offre,ouvert,
TK004787,CL03906,2025-05-14,Offre,ouvert,
TK004788,CL03907,2024-11-03,Facturation,ouvert,
TK004789,CL03907,2024-12-07,Reseau,abandonne,1.0
TK004790,CL03908,2025-03-04,Reseau,ouvert,
TK004791,CL03908,2025-03-06,Offre,abandonne,15.0
TK004792,CL03910,2024-11-23,Reseau,abandonne,7.0
TK004793,CL03913,2025-07-31,Reseau,resolu,6.0
TK004794,CL03914,2025-05-23,Facturation,resolu,1.0
TK004795,CL03916,2025-07-24,Facturation,resolu,2.0
TK004796,CL03916,2025-10-21,Reseau,resolu,1.0
TK004797,CL03918,2025-10-01,Facturation,resolu,-1.0
TK004798,CL03919,2024-06-30,Reseau,ouvert,
TK004799,CL03919,2024-03-19,Facturation,ouvert,
TK004800,CL03919,2024-08-16,Offre,ouvert,
TK004801,CL03919,2024-09-15,Reseau,abandonne,4.0
TK004802,CL03919,2024-03-29,Reseau,ouvert,
TK004803,CL03921,2025-10-12,Reseau,resolu,1.0
TK004804,CL03922,2024-12-04,Reseau,ouvert,
TK004805,CL03922,2025-07-25,Materiel,ouvert,
TK004806,CL03922,2025-01-31,Reseau,ouvert,
TK004807,CL03923,2024-06-09,Facturation,ouvert,
TK004808,CL03923,2024-07-08,Reseau,abandonne,12.0
TK004809,CL03923,2024-08-13,Offre,resolu,8.0
TK004810,CL03924,2025-11-14,Offre,resolu,9.0
TK004811,CL03925,2025-11-18,Facturation,ouvert,
TK004812,CL03925,2025-10-02,Offre,ouvert,
TK004813,CL03926,2024-08-02,Reseau,resolu,1.0
TK004814,CL03927,2024-12-03,Reseau,resolu,2.0
TK004815,CL03932,2024-03-29,Reseau,ouvert,
TK004816,CL03932,2024-08-01,Reseau,abandonne,7.0
TK004817,CL03932,2024-08-29,Offre,ouvert,
TK004818,CL03932,2024-04-18,Reseau,ouvert,
TK004819,CL03933,2024-04-28,Materiel,resolu,10.0
TK004820,CL03935,2025-01-09,Reseau,resolu,8.0
TK004821,CL03936,2025-10-30,Offre,resolu,29.0
TK004822,CL03936,2024-07-25,Reseau,resolu,8.0
TK004823,CL03938,2024-05-05,Materiel,resolu,1.0
TK004824,CL03939,2024-04-13,Facturation,resolu,5.0
TK004825,CL03941,2025-04-19,Reseau,resolu,3.0
TK004826,CL03943,2025-03-13,Facturation,resolu,1.0
TK004827,CL03945,2025-05-26,Reseau,resolu,2.0
TK004828,CL03946,2024-09-17,Facturation,ouvert,
TK004829,CL03946,2024-11-11,Reseau,ouvert,
TK004830,CL03946,2025-03-16,Facturation,abandonne,6.0
TK004831,CL03946,2024-03-10,Facturation,abandonne,3.0
TK004832,CL03946,2024-06-17,Reseau,abandonne,15.0
TK004833,CL03947,2025-07-05,Offre,resolu,2.0
TK004834,CL03948,2025-08-11,Reseau,resolu,3.0
TK004835,CL03951,2025-12-13,Facturation,ouvert,
TK004836,CL03951,2025-11-03,Reseau,resolu,1.0
TK004837,CL03951,2025-03-31,Facturation,ouvert,
TK004838,CL03951,2025-06-24,Facturation,resolu,2.0
TK004839,CL03952,2025-10-03,Reseau,abandonne,2.0
TK004840,CL03952,2024-03-14,Reseau,resolu,10.0
TK004841,CL03952,2024-09-02,Reseau,resolu,5.0
TK004842,CL03952,2025-10-13,Reseau,resolu,1.0
TK004843,CL03953,2024-12-03,Reseau,resolu,1.0
TK004844,CL03954,2025-04-24,Reseau,resolu,2.0
TK004845,CL03955,2025-08-07,Reseau,resolu,1.0
TK004846,CL03956,2025-12-19,Reseau,resolu,1.0
TK004847,CL03956,2025-07-24,Offre,ouvert,
TK004848,CL03958,2025-06-26,Reseau,ouvert,
TK004849,CL03960,2024-05-09,Reseau,ouvert,
TK004850,CL03961,2025-09-08,Facturation,abandonne,9.0
TK004851,CL03961,2025-11-10,Offre,abandonne,7.0
TK004852,CL03962,2025-11-25,Reseau,resolu,6.0
TK004853,CL03963,2025-08-12,Reseau,resolu,1.0
TK004854,CL03966,2024-04-17,Reseau,resolu,1.0
TK004855,CL03966,2025-06-23,Materiel,resolu,9.0
TK004856,CL03966,2025-03-26,Materiel,resolu,3.0
TK004857,CL03968,2025-11-17,Reseau,resolu,23.0
TK004858,CL03971,2024-01-04,Facturation,abandonne,31.0
TK004859,CL03971,2024-01-18,Reseau,ouvert,
TK004860,CL03977,2024-03-03,Facturation,ouvert,
TK004861,CL03977,2024-08-09,Facturation,ouvert,
TK004862,CL03977,2024-09-01,Reseau,ouvert,
TK004863,CL03978,2024-11-22,Reseau,abandonne,5.0
TK004864,CL03978,2024-11-22,Facturation,abandonne,4.0
TK004865,CL03980,2024-05-06,Facturation,resolu,4.0
TK004866,CL03980,2024-11-22,Reseau,ouvert,
TK004867,CL03980,2025-01-14,Offre,ouvert,
TK004868,CL03981,2024-04-08,Reseau,resolu,1.0
TK004869,CL03984,2024-03-03,Facturation,resolu,2.0
TK004870,CL03986,2024-12-25,Reseau,abandonne,8.0
TK004871,CL03986,2024-12-04,Reseau,ouvert,
TK004872,CL03986,2025-01-17,Materiel,resolu,-1.0
TK004873,CL03986,2024-12-06,Materiel,abandonne,4.0
TK004874,CL03986,2024-12-06,Facturation,ouvert,
TK004875,CL03987,2024-03-07,Offre,abandonne,34.0
TK004876,CL03988,2025-07-19,Offre,resolu,3.0
TK004877,CL03988,2025-06-07,Reseau,resolu,10.0
TK004878,CL03991,2025-09-26,Facturation,resolu,1.0
TK004879,CL03992,2025-01-12,Materiel,resolu,1.0
TK004880,CL03992,2024-10-06,Offre,ouvert,
TK004881,CL03993,2024-05-05,Facturation,abandonne,1.0
TK004882,CL03993,2024-07-14,Reseau,ouvert,
TK004883,CL03993,2024-05-04,Offre,resolu,2.0
TK004884,CL03994,2025-03-29,Materiel,ouvert,
TK004885,CL03994,2025-05-26,Reseau,abandonne,26.0
TK004886,CL03995,2024-08-28,Reseau,resolu,12.0
TK004887,CL03996,2024-01-17,Reseau,resolu,-7.0
TK004888,CL03997,2025-11-27,Reseau,ouvert,
TK004889,CL03998,2025-12-15,Facturation,resolu,1.0
TK004890,CL04000,2024-09-22,Reseau,resolu,11.0
TK004891,CL04001,2024-01-18,Offre,ouvert,
TK004892,CL04002,2024-07-31,Materiel,resolu,1.0
TK004893,CL04002,2025-03-27,Offre,resolu,1.0
TK004894,CL04004,2024-09-07,Facturation,abandonne,4.0
TK004895,CL04004,2024-07-13,Reseau,resolu,4.0
TK004896,CL04005,2025-05-14,Facturation,resolu,2.0
TK004897,CL04006,2025-09-14,Reseau,ouvert,
TK004898,CL04007,2024-09-05,Facturation,ouvert,
TK004899,CL04008,2024-01-29,Facturation,ouvert,
TK004900,CL04011,2025-08-17,Reseau,resolu,6.0
TK004901,CL04013,2024-01-15,Reseau,abandonne,3.0
TK004902,CL04013,2025-06-13,Reseau,ouvert,
TK004903,CL04013,2024-04-08,Reseau,abandonne,3.0
TK004904,CL04013,2025-04-04,Materiel,resolu,1.0
TK004905,CL04017,2024-11-01,Facturation,resolu,1.0
TK004906,CL04019,2024-05-02,Reseau,ouvert,
TK004907,CL04019,2024-03-23,Reseau,ouvert,
TK004908,CL04022,2024-12-02,Offre,resolu,1.0
TK004909,CL04023,2025-12-12,Reseau,abandonne,4.0
TK004910,CL04023,2025-10-24,Reseau,abandonne,6.0
TK004911,CL04023,2025-11-21,Facturation,resolu,1.0
TK004912,CL04023,2025-09-29,Offre,abandonne,24.0
TK004913,CL04024,2024-04-13,Facturation,resolu,2.0
TK004914,CL04025,2025-09-11,Reseau,resolu,2.0
TK004915,CL04025,2024-11-24,Reseau,abandonne,5.0
TK004916,CL04025,2024-04-11,Facturation,abandonne,5.0
TK004917,CL04025,2025-02-28,Facturation,abandonne,3.0
TK004918,CL04025,2024-09-26,Reseau,ouvert,
TK004919,CL04026,2024-08-16,Materiel,abandonne,5.0
TK004920,CL04026,2024-10-02,Offre,abandonne,3.0
TK004921,CL04026,2024-08-16,Reseau,abandonne,2.0
TK004922,CL04026,2024-01-18,Materiel,resolu,12.0
TK004923,CL04027,2025-09-28,Materiel,abandonne,10.0
TK004924,CL04030,2025-10-08,Materiel,ouvert,
TK004925,CL04030,2025-10-21,Facturation,abandonne,17.0
TK004926,CL04030,2025-07-08,Facturation,resolu,3.0
TK004927,CL04030,2025-08-04,Offre,ouvert,
TK004928,CL04033,2025-02-13,Reseau,abandonne,20.0
TK004929,CL04033,2024-12-13,Reseau,abandonne,12.0
TK004930,CL04033,2024-01-13,Reseau,abandonne,-7.0
TK004931,CL04033,2025-03-18,Facturation,ouvert,
TK004932,CL04034,2025-10-04,Reseau,ouvert,
TK004933,CL04036,2025-08-24,Reseau,ouvert,
TK004934,CL04036,2025-10-30,Reseau,resolu,1.0
TK004935,CL04036,2025-11-26,Reseau,ouvert,
TK004936,CL04036,2025-09-26,Facturation,resolu,6.0
TK004937,CL04037,2024-01-26,Reseau,abandonne,1.0
TK004938,CL04037,2024-01-20,Reseau,abandonne,19.0
TK004939,CL04037,2024-05-10,Offre,resolu,1.0
TK004940,CL04037,2024-08-24,Reseau,abandonne,8.0
TK004941,CL04037,2024-05-31,Offre,ouvert,
TK004942,CL04043,2024-08-13,Reseau,ouvert,
TK004943,CL04043,2024-01-10,Reseau,abandonne,8.0
TK004944,CL04043,2024-10-24,Facturation,abandonne,1.0
TK004945,CL04046,2025-04-13,Facturation,ouvert,
TK004946,CL04048,2025-03-08,Reseau,abandonne,1.0
TK004947,CL04048,2025-06-27,Reseau,resolu,1.0
TK004948,CL04049,2024-12-05,Offre,resolu,9.0
TK004949,CL04049,2025-06-03,Reseau,resolu,1.0
TK004950,CL04050,2024-04-19,Offre,resolu,3.0
TK004951,CL04052,2024-03-31,Offre,ouvert,
TK004952,CL04052,2024-03-01,Reseau,ouvert,
TK004953,CL04052,2024-01-12,Reseau,resolu,2.0
TK004954,CL04052,2024-01-12,Facturation,abandonne,7.0
TK004955,CL04052,2024-02-06,Offre,resolu,8.0
TK004956,CL04053,2025-10-09,Facturation,resolu,2.0
TK004957,CL04054,2025-05-10,Offre,abandonne,13.0
TK004958,CL04054,2025-11-08,Reseau,resolu,1.0
TK004959,CL04054,2024-04-13,Facturation,resolu,10.0
TK004960,CL04058,2024-08-22,Offre,resolu,4.0
TK004961,CL04059,2024-09-10,Reseau,resolu,1.0
TK004962,CL04060,2025-04-28,Reseau,resolu,4.0
TK004963,CL04061,2025-12-26,Reseau,resolu,2.0
TK004964,CL04061,2025-06-28,Materiel,resolu,2.0
TK004965,CL04061,2025-09-22,Facturation,resolu,1.0
TK004966,CL04064,2025-11-13,Facturation,abandonne,14.0
TK004967,CL04064,2025-03-21,Reseau,ouvert,
TK004968,CL04065,2025-12-18,Facturation,resolu,3.0
TK004969,CL04065,2025-12-31,Reseau,resolu,1.0
TK004970,CL04066,2025-05-26,Materiel,resolu,5.0
TK004971,CL04067,2024-05-19,Materiel,ouvert,
TK004972,CL04067,2024-05-22,Offre,abandonne,4.0
TK004973,CL04069,2025-09-01,Offre,resolu,4.0
TK004974,CL04069,2025-08-15,Facturation,resolu,1.0
TK004975,CL04069,2025-08-11,Reseau,ouvert,
TK004976,CL04069,2024-11-02,Materiel,ouvert,
TK004977,CL04070,2025-09-17,Materiel,resolu,1.0
TK004978,CL04070,2025-04-24,Facturation,ouvert,
TK004979,CL04074,2025-05-27,Offre,ouvert,
TK004980,CL04074,2025-03-02,Materiel,resolu,1.0
TK004981,CL04074,2024-11-19,Facturation,resolu,1.0
TK004982,CL04074,2025-11-11,Facturation,resolu,2.0
TK004983,CL04074,2025-10-15,Offre,resolu,6.0
TK004984,CL04075,2025-11-13,Facturation,ouvert,
TK004985,CL04076,2025-03-04,Offre,ouvert,
TK004986,CL04076,2025-04-26,Materiel,resolu,2.0
TK004987,CL04078,2024-01-22,Reseau,resolu,3.0
TK004988,CL04078,2024-02-17,Reseau,ouvert,
TK004989,CL04078,2024-05-27,Facturation,ouvert,
TK004990,CL04079,2025-07-05,Facturation,resolu,1.0
TK004991,CL04082,2025-10-12,Offre,resolu,2.0
TK004992,CL04083,2025-11-30,Materiel,resolu,7.0
TK004993,CL04084,2025-12-09,Facturation,resolu,1.0
TK004994,CL04085,2025-05-21,Materiel,resolu,6.0
TK004995,CL04085,2025-06-06,Reseau,ouvert,
TK004996,CL04085,2025-05-26,Reseau,ouvert,
TK004997,CL04086,2025-12-23,Offre,ouvert,
TK004998,CL04087,2025-09-21,Offre,resolu,6.0
TK004999,CL04087,2025-06-28,Reseau,resolu,2.0
TK005000,CL04087,2025-12-30,Reseau,resolu,1.0
TK005001,CL04091,2024-02-24,Offre,abandonne,20.0
TK005002,CL04093,2025-10-29,Facturation,abandonne,4.0
TK005003,CL04094,2025-12-12,Reseau,resolu,1.0
TK005004,CL04095,2024-10-25,Offre,resolu,4.0
TK005005,CL04095,2025-05-21,Materiel,abandonne,3.0
TK005006,CL04098,2024-10-05,Reseau,ouvert,
TK005007,CL04100,2025-08-03,Materiel,resolu,4.0
TK005008,CL04101,2025-05-04,Materiel,resolu,1.0
TK005009,CL04101,2025-10-21,Reseau,resolu,1.0
TK005010,CL04102,2024-10-15,Reseau,resolu,-2.0
TK005011,CL04106,2025-09-06,Reseau,abandonne,4.0
TK005012,CL04107,2024-05-15,Reseau,abandonne,12.0
TK005013,CL04113,2024-08-09,Facturation,abandonne,1.0
TK005014,CL04113,2024-09-30,Materiel,ouvert,
TK005015,CL04113,2024-12-31,Reseau,ouvert,
TK005016,CL04113,2025-04-29,Reseau,abandonne,1.0
TK005017,CL04113,2025-02-23,Reseau,abandonne,11.0
TK005018,CL04114,2024-05-19,Materiel,resolu,1.0
TK005019,CL04115,2025-07-09,Materiel,resolu,3.0
TK005020,CL04116,2025-08-01,Materiel,ouvert,
TK005021,CL04117,2024-01-11,Offre,resolu,2.0
TK005022,CL04117,2025-04-26,Reseau,resolu,2.0
TK005023,CL04117,2025-12-13,Offre,resolu,1.0
TK005024,CL04118,2025-08-08,Reseau,resolu,1.0
TK005025,CL04119,2024-05-22,Facturation,abandonne,13.0
TK005026,CL04119,2024-05-22,Facturation,resolu,1.0
TK005027,CL04125,2025-08-27,Materiel,abandonne,1.0
TK005028,CL04125,2025-03-30,Materiel,abandonne,3.0
TK005029,CL04127,2024-01-24,Reseau,ouvert,
TK005030,CL04128,2025-09-16,Facturation,ouvert,
TK005031,CL04128,2024-07-10,Offre,resolu,9.0
TK005032,CL04128,2024-11-09,Reseau,resolu,11.0
TK005033,CL04131,2025-11-20,Materiel,ouvert,
TK005034,CL04132,2025-04-10,Reseau,resolu,1.0
TK005035,CL04133,2024-02-27,Materiel,resolu,1.0
TK005036,CL04134,2025-02-11,Offre,resolu,-3.0
TK005037,CL04134,2024-08-17,Facturation,ouvert,
TK005038,CL04135,2024-10-18,Offre,resolu,6.0
TK005039,CL04135,2024-09-24,Facturation,ouvert,
TK005040,CL04137,2024-10-21,Facturation,resolu,1.0
TK005041,CL04138,2024-04-24,Reseau,ouvert,
TK005042,CL04139,2025-03-14,Facturation,resolu,1.0
TK005043,CL04140,2025-12-04,Facturation,resolu,10.0
TK005044,CL04142,2025-10-21,Reseau,resolu,3.0
TK005045,CL04143,2025-05-03,Facturation,ouvert,
TK005046,CL04143,2025-08-01,Facturation,ouvert,
TK005047,CL04143,2025-09-04,Reseau,resolu,13.0
TK005048,CL04143,2024-05-18,Reseau,resolu,2.0
TK005049,CL04146,2024-08-08,Offre,resolu,8.0
TK005050,CL04148,2025-08-29,Reseau,resolu,1.0
TK005051,CL04148,2025-05-19,Reseau,resolu,1.0
TK005052,CL04148,2025-03-31,Facturation,resolu,1.0
TK005053,CL04149,2025-08-31,Facturation,resolu,2.0
TK005054,CL04149,2025-06-21,Reseau,ouvert,
TK005055,CL04149,2025-09-19,Materiel,ouvert,
TK005056,CL04149,2025-07-21,Facturation,resolu,1.0
TK005057,CL04150,2024-11-03,Facturation,resolu,5.0
TK005058,CL04151,2024-05-06,Reseau,resolu,4.0
TK005059,CL04151,2024-03-20,Facturation,abandonne,20.0
TK005060,CL04151,2025-04-08,Reseau,ouvert,
TK005061,CL04151,2024-07-01,Facturation,resolu,2.0
TK005062,CL04152,2024-03-25,Facturation,resolu,1.0
TK005063,CL04152,2024-07-12,Offre,resolu,3.0
TK005064,CL04154,2024-06-23,Materiel,resolu,7.0
TK005065,CL04156,2024-04-08,Materiel,ouvert,
TK005066,CL04156,2024-06-14,Facturation,resolu,16.0
TK005067,CL04156,2024-05-26,Materiel,resolu,4.0
TK005068,CL04156,2024-02-18,Facturation,resolu,2.0
TK005069,CL04157,2025-05-08,Reseau,ouvert,
TK005070,CL04159,2024-10-20,Materiel,resolu,1.0
TK005071,CL04160,2024-11-03,Reseau,resolu,1.0
TK005072,CL04160,2025-05-05,Reseau,resolu,1.0
TK005073,CL04161,2025-11-05,Offre,resolu,3.0
TK005074,CL04161,2025-04-21,Reseau,abandonne,15.0
TK005075,CL04163,2024-07-02,Materiel,ouvert,
TK005076,CL04163,2024-05-19,Offre,resolu,-3.0
TK005077,CL04163,2025-04-09,Facturation,abandonne,5.0
TK005078,CL04165,2025-02-14,Reseau,resolu,8.0
TK005079,CL04168,2025-06-28,Reseau,resolu,1.0
TK005080,CL04168,2025-08-26,Facturation,resolu,1.0
TK005081,CL04168,2025-06-16,Facturation,abandonne,17.0
TK005082,CL04168,2025-05-16,Offre,resolu,1.0
TK005083,CL04170,2025-10-16,Offre,resolu,2.0
TK005084,CL04170,2025-03-04,Offre,ouvert,
TK005085,CL04171,2025-08-11,Facturation,resolu,1.0
TK005086,CL04171,2025-09-15,Reseau,resolu,-2.0
TK005087,CL04171,2025-08-11,Materiel,resolu,4.0
TK005088,CL04172,2025-06-02,Facturation,resolu,1.0
TK005089,CL04172,2025-07-05,Reseau,resolu,5.0
TK005090,CL04172,2024-02-23,Reseau,resolu,1.0
TK005091,CL04174,2025-12-22,Materiel,ouvert,
TK005092,CL04176,2025-11-18,Reseau,resolu,6.0
TK005093,CL04176,2025-09-24,Reseau,ouvert,
TK005094,CL04176,2025-08-30,Reseau,resolu,2.0
TK005095,CL04177,2025-10-18,Reseau,resolu,1.0
TK005096,CL04178,2024-12-07,Reseau,resolu,1.0
TK005097,CL04180,2024-03-20,Offre,resolu,1.0
TK005098,CL04180,2024-04-14,Facturation,resolu,6.0
TK005099,CL04182,2024-10-26,Reseau,ouvert,
TK005100,CL04182,2025-04-25,Reseau,abandonne,2.0
TK005101,CL04182,2025-03-21,Reseau,ouvert,
TK005102,CL04183,2025-01-04,Reseau,ouvert,
TK005103,CL04185,2024-07-23,Reseau,resolu,1.0
TK005104,CL04185,2024-05-29,Reseau,resolu,3.0
TK005105,CL04186,2025-08-01,Facturation,resolu,6.0
TK005106,CL04187,2024-03-07,Offre,ouvert,
TK005107,CL04188,2025-01-13,Reseau,ouvert,
TK005108,CL04189,2025-07-05,Offre,resolu,1.0
TK005109,CL04190,2025-12-12,Reseau,resolu,9.0
TK005110,CL04192,2024-03-08,Materiel,ouvert,
TK005111,CL04192,2024-10-08,Facturation,resolu,8.0
TK005112,CL04192,2025-04-06,Reseau,abandonne,1.0
TK005113,CL04193,2025-10-17,Materiel,resolu,10.0
TK005114,CL04193,2025-08-28,Offre,abandonne,22.0
TK005115,CL04194,2025-03-31,Reseau,resolu,7.0
TK005116,CL04195,2025-09-01,Facturation,resolu,1.0
TK005117,CL04196,2024-08-01,Reseau,ouvert,
TK005118,CL04202,2024-01-06,Reseau,ouvert,
TK005119,CL04203,2024-10-23,Facturation,resolu,15.0
TK005120,CL04204,2024-03-19,Offre,abandonne,16.0
TK005121,CL04205,2025-11-03,Offre,ouvert,
TK005122,CL04206,2024-06-12,Materiel,ouvert,
TK005123,CL04206,2024-09-24,Reseau,resolu,1.0
TK005124,CL04207,2025-07-26,Reseau,resolu,20.0
TK005125,CL04208,2025-08-09,Offre,resolu,4.0
TK005126,CL04210,2025-06-14,Reseau,ouvert,
TK005127,CL04211,2025-03-23,Offre,abandonne,13.0
TK005128,CL04212,2025-02-21,Reseau,resolu,1.0
TK005129,CL04214,2024-08-08,Offre,abandonne,19.0
TK005130,CL04214,2024-08-29,Reseau,ouvert,
TK005131,CL04214,2025-09-27,Reseau,abandonne,16.0
TK005132,CL04217,2024-11-06,Reseau,resolu,2.0
TK005133,CL04219,2024-09-13,Offre,abandonne,11.0
TK005134,CL04219,2025-04-02,Reseau,abandonne,4.0
TK005135,CL04220,2025-06-09,Materiel,abandonne,3.0
TK005136,CL04220,2025-07-18,Offre,ouvert,
TK005137,CL04221,2024-06-03,Facturation,resolu,1.0
TK005138,CL04221,2024-07-14,Offre,resolu,6.0
TK005139,CL04221,2024-10-07,Offre,abandonne,1.0
TK005140,CL04221,2025-05-21,Materiel,resolu,3.0
TK005141,CL04222,2024-01-27,Reseau,ouvert,
TK005142,CL04222,2024-02-02,Offre,ouvert,
TK005143,CL04223,2024-10-25,Reseau,ouvert,
TK005144,CL04223,2024-11-25,Reseau,ouvert,
TK005145,CL04223,2024-11-22,Offre,ouvert,
TK005146,CL04223,2024-11-23,Facturation,ouvert,
TK005147,CL04224,2024-06-29,Offre,abandonne,18.0
TK005148,CL04224,2024-07-18,Reseau,resolu,3.0
TK005149,CL04224,2024-04-11,Offre,resolu,2.0
TK005150,CL04225,2025-11-13,Reseau,resolu,1.0
TK005151,CL04229,2025-04-13,Reseau,ouvert,
TK005152,CL04229,2025-03-25,Materiel,ouvert,
TK005153,CL04229,2025-06-12,Reseau,ouvert,
TK005154,CL04229,2025-05-02,Facturation,abandonne,3.0
TK005155,CL04231,2025-02-25,Offre,ouvert,
TK005156,CL04231,2024-09-06,Reseau,abandonne,1.0
TK005157,CL04232,2024-06-23,Materiel,ouvert,
TK005158,CL04233,2025-01-21,Offre,ouvert,
TK005159,CL04234,2024-09-23,Offre,resolu,1.0
TK005160,CL04234,2025-05-20,Offre,resolu,2.0
TK005161,CL04234,2025-07-05,Reseau,resolu,3.0
TK005162,CL04235,2024-02-14,Reseau,ouvert,
TK005163,CL04236,2024-08-20,Facturation,resolu,2.0
TK005164,CL04237,2025-06-10,Materiel,abandonne,33.0
TK005165,CL04237,2025-06-09,Facturation,abandonne,4.0
TK005166,CL04237,2025-06-17,Reseau,resolu,2.0
TK005167,CL04238,2024-01-09,Facturation,ouvert,
TK005168,CL04238,2024-03-05,Reseau,resolu,1.0
TK005169,CL04238,2024-01-01,Facturation,ouvert,
TK005170,CL04238,2024-01-11,Facturation,resolu,4.0
TK005171,CL04238,2024-02-24,Facturation,abandonne,1.0
TK005172,CL04238,2024-01-29,Facturation,ouvert,
TK005173,CL04238,2024-01-20,Facturation,resolu,1.0
TK005174,CL04239,2025-12-24,Facturation,resolu,3.0
TK005175,CL04239,2025-07-04,Offre,resolu,4.0
TK005176,CL04239,2025-05-15,Reseau,ouvert,
TK005177,CL04239,2025-01-17,Reseau,resolu,1.0
TK005178,CL04239,2025-08-16,Facturation,resolu,4.0
TK005179,CL04240,2025-04-13,Reseau,abandonne,16.0
TK005180,CL04240,2025-12-28,Offre,ouvert,
TK005181,CL04241,2024-01-06,Materiel,ouvert,
TK005182,CL04242,2024-07-20,Reseau,ouvert,
TK005183,CL04243,2025-06-19,Reseau,ouvert,
TK005184,CL04243,2025-07-30,Facturation,abandonne,9.0
TK005185,CL04243,2025-07-18,Offre,ouvert,
TK005186,CL04247,2025-10-27,Reseau,resolu,1.0
TK005187,CL04248,2025-10-17,Reseau,ouvert,
TK005188,CL04250,2025-03-24,Reseau,ouvert,
TK005189,CL04251,2024-09-22,Reseau,abandonne,12.0
TK005190,CL04251,2025-08-29,Offre,resolu,-4.0
TK005191,CL04251,2024-06-11,Facturation,resolu,1.0
TK005192,CL04251,2025-01-07,Facturation,ouvert,
TK005193,CL04253,2024-08-21,Facturation,ouvert,
TK005194,CL04253,2024-11-16,Offre,resolu,6.0
TK005195,CL04254,2024-09-25,Facturation,resolu,1.0
TK005196,CL04254,2024-12-17,Offre,ouvert,
TK005197,CL04254,2024-10-26,Offre,abandonne,9.0
TK005198,CL04254,2024-12-18,Facturation,abandonne,33.0
TK005199,CL04254,2024-07-19,Facturation,abandonne,30.0
TK005200,CL04254,2025-03-16,Facturation,resolu,2.0
TK005201,CL04255,2025-04-17,Reseau,resolu,1.0
TK005202,CL04255,2025-03-30,Reseau,resolu,3.0
TK005203,CL04259,2024-10-14,Offre,ouvert,
TK005204,CL04260,2024-10-27,Reseau,ouvert,
TK005205,CL04261,2025-06-17,Reseau,resolu,2.0
TK005206,CL04261,2025-04-13,Materiel,resolu,1.0
TK005207,CL04261,2025-01-12,Offre,ouvert,
TK005208,CL04261,2025-03-02,Facturation,resolu,1.0
TK005209,CL04261,2025-04-05,Materiel,ouvert,
TK005210,CL04262,2025-05-13,Reseau,resolu,1.0
TK005211,CL04262,2025-09-29,Offre,resolu,1.0
TK005212,CL04262,2025-10-17,Reseau,resolu,1.0
TK005213,CL04262,2025-09-13,Facturation,resolu,6.0
TK005214,CL04264,2024-09-01,Reseau,abandonne,8.0
TK005215,CL04264,2024-07-01,Offre,resolu,1.0
TK005216,CL04265,2024-06-29,Facturation,resolu,18.0
TK005217,CL04266,2024-05-27,Offre,resolu,1.0
TK005218,CL04267,2024-04-01,Reseau,resolu,1.0
TK005219,CL04268,2025-09-27,Offre,abandonne,13.0
TK005220,CL04269,2024-01-21,Reseau,resolu,14.0
TK005221,CL04272,2025-12-06,Facturation,ouvert,
TK005222,CL04275,2025-01-15,Offre,abandonne,4.0
TK005223,CL04276,2025-07-26,Facturation,resolu,5.0
TK005224,CL04277,2024-02-23,Facturation,resolu,1.0
TK005225,CL04277,2024-01-19,Materiel,abandonne,15.0
TK005226,CL04277,2024-01-04,Facturation,ouvert,
TK005227,CL04277,2024-01-21,Facturation,ouvert,
TK005228,CL04279,2024-09-03,Offre,resolu,9.0
TK005229,CL04279,2025-07-31,Reseau,resolu,1.0
TK005230,CL04282,2024-09-10,Reseau,resolu,2.0
TK005231,CL04282,2025-03-07,Offre,abandonne,6.0
TK005232,CL04282,2024-12-24,Reseau,ouvert,
TK005233,CL04282,2025-03-06,Offre,ouvert,
TK005234,CL04284,2024-04-23,Reseau,resolu,1.0
TK005235,CL04284,2024-04-20,Offre,resolu,2.0
TK005236,CL04284,2024-02-17,Facturation,resolu,1.0
TK005237,CL04284,2024-02-06,Facturation,ouvert,
TK005238,CL04284,2024-01-07,Facturation,abandonne,1.0
TK005239,CL04284,2024-04-05,Facturation,resolu,2.0
TK005240,CL04284,2024-02-03,Facturation,resolu,3.0
TK005241,CL04284,2024-03-24,Facturation,resolu,5.0
TK005242,CL04284,2024-04-18,Facturation,resolu,1.0
TK005243,CL04286,2024-04-26,Materiel,resolu,1.0
TK005244,CL04286,2024-02-18,Reseau,resolu,5.0
TK005245,CL04287,2024-02-21,Materiel,resolu,3.0
TK005246,CL04287,2025-09-30,Facturation,ouvert,
TK005247,CL04287,2025-05-17,Reseau,resolu,4.0
TK005248,CL04288,2024-09-17,Facturation,resolu,2.0
TK005249,CL04288,2024-08-15,Reseau,ouvert,
TK005250,CL04289,2025-03-27,Reseau,resolu,1.0
TK005251,CL04290,2024-11-29,Offre,resolu,5.0
TK005252,CL04291,2025-06-19,Reseau,resolu,1.0
TK005253,CL04292,2025-07-29,Offre,abandonne,10.0
TK005254,CL04293,2025-06-16,Reseau,abandonne,12.0
TK005255,CL04293,2025-03-30,Reseau,ouvert,
TK005256,CL04293,2025-05-19,Facturation,resolu,4.0
TK005257,CL04293,2025-07-06,Facturation,ouvert,
TK005258,CL04294,2024-08-19,Materiel,ouvert,
TK005259,CL04294,2024-08-09,Reseau,resolu,1.0
TK005260,CL04295,2025-12-24,Offre,resolu,1.0
TK005261,CL04296,2025-06-27,Facturation,resolu,4.0
TK005262,CL04296,2024-01-26,Reseau,resolu,3.0
TK005263,CL04298,2024-10-29,Reseau,resolu,1.0
TK005264,CL04298,2024-01-10,Facturation,resolu,4.0
TK005265,CL04299,2024-02-12,Materiel,resolu,6.0
TK005266,CL04299,2025-01-17,Reseau,resolu,1.0
TK005267,CL04301,2025-09-10,Materiel,resolu,2.0
TK005268,CL04303,2024-06-06,Facturation,resolu,3.0
TK005269,CL04304,2024-05-28,Offre,resolu,13.0
TK005270,CL04305,2024-09-28,Facturation,ouvert,
TK005271,CL04306,2025-09-18,Reseau,resolu,2.0
TK005272,CL04307,2025-08-19,Facturation,resolu,14.0
TK005273,CL04308,2024-07-27,Facturation,resolu,1.0
TK005274,CL04308,2024-02-22,Reseau,resolu,3.0
TK005275,CL04308,2024-02-16,Facturation,resolu,4.0
TK005276,CL04309,2024-07-03,Reseau,resolu,3.0
TK005277,CL04310,2024-12-18,Facturation,resolu,1.0
TK005278,CL04311,2025-03-09,Facturation,ouvert,
TK005279,CL04312,2025-08-04,Reseau,resolu,13.0
TK005280,CL04314,2025-05-10,Materiel,resolu,5.0
TK005281,CL04315,2024-07-31,Materiel,resolu,1.0
TK005282,CL04317,2024-12-20,Reseau,ouvert,
TK005283,CL04318,2024-11-18,Offre,resolu,4.0
TK005284,CL04319,2024-10-13,Reseau,resolu,4.0
TK005285,CL04319,2024-04-30,Reseau,resolu,3.0
TK005286,CL04320,2025-08-20,Reseau,resolu,1.0
TK005287,CL04320,2024-10-27,Reseau,resolu,3.0
TK005288,CL04321,2025-07-25,Facturation,ouvert,
TK005289,CL04321,2025-11-23,Facturation,ouvert,
TK005290,CL04321,2025-08-25,Reseau,ouvert,
TK005291,CL04321,2025-07-09,Reseau,resolu,11.0
TK005292,CL04321,2025-08-06,Offre,resolu,1.0
TK005293,CL04321,2025-08-23,Offre,ouvert,
TK005294,CL04321,2025-08-28,Reseau,ouvert,
TK005295,CL04321,2025-06-29,Offre,ouvert,
TK005296,CL04323,2025-11-21,Offre,ouvert,
TK005297,CL04323,2025-10-22,Reseau,resolu,1.0
TK005298,CL04323,2025-09-05,Reseau,abandonne,4.0
TK005299,CL04326,2025-09-03,Materiel,resolu,2.0
TK005300,CL04326,2025-04-21,Facturation,ouvert,
TK005301,CL04328,2025-10-29,Reseau,resolu,-5.0
TK005302,CL04331,2024-06-13,Facturation,resolu,2.0
TK005303,CL04332,2024-09-07,Facturation,abandonne,53.0
TK005304,CL04332,2024-07-30,Facturation,resolu,-1.0
TK005305,CL04333,2024-07-29,Materiel,resolu,1.0
TK005306,CL04335,2025-06-26,Reseau,resolu,2.0
TK005307,CL04336,2024-09-26,Materiel,resolu,1.0
TK005308,CL04336,2024-04-07,Materiel,resolu,1.0
TK005309,CL04336,2024-08-23,Reseau,ouvert,
TK005310,CL04337,2025-08-17,Facturation,resolu,6.0
TK005311,CL04340,2025-05-26,Reseau,resolu,1.0
TK005312,CL04340,2025-01-05,Reseau,resolu,2.0
TK005313,CL04341,2025-02-09,Reseau,resolu,1.0
TK005314,CL04341,2025-06-03,Facturation,ouvert,
TK005315,CL04346,2025-11-02,Offre,resolu,13.0
TK005316,CL04348,2025-05-08,Facturation,ouvert,
TK005317,CL04348,2025-05-04,Facturation,ouvert,
TK005318,CL04348,2025-07-07,Facturation,ouvert,
TK005319,CL04352,2024-01-12,Reseau,resolu,1.0
TK005320,CL04353,2025-02-14,Offre,resolu,1.0
TK005321,CL04354,2025-06-20,Reseau,ouvert,
TK005322,CL04356,2025-03-31,Facturation,ouvert,
TK005323,CL04356,2025-10-11,Reseau,resolu,3.0
TK005324,CL04356,2025-07-04,Reseau,ouvert,
TK005325,CL04356,2024-08-05,Facturation,abandonne,23.0
TK005326,CL04356,2025-07-06,Facturation,resolu,7.0
TK005327,CL04356,2025-06-13,Reseau,ouvert,
TK005328,CL04360,2025-12-14,Offre,abandonne,21.0
TK005329,CL04362,2024-08-14,Reseau,resolu,3.0
TK005330,CL04362,2024-10-12,Reseau,resolu,9.0
TK005331,CL04362,2024-10-13,Offre,ouvert,
TK005332,CL04365,2025-08-05,Materiel,resolu,4.0
TK005333,CL04368,2025-07-03,Materiel,resolu,1.0
TK005334,CL04371,2024-01-23,Materiel,abandonne,9.0
TK005335,CL04371,2024-05-19,Materiel,ouvert,
TK005336,CL04371,2024-04-08,Reseau,abandonne,1.0
TK005337,CL04371,2024-06-11,Facturation,abandonne,10.0
TK005338,CL04372,2025-08-23,Materiel,resolu,1.0
TK005339,CL04373,2025-11-03,Reseau,resolu,1.0
TK005340,CL04375,2025-02-03,Facturation,ouvert,
TK005341,CL04375,2025-01-14,Facturation,ouvert,
TK005342,CL04378,2024-07-31,Reseau,ouvert,
TK005343,CL04378,2024-11-23,Facturation,ouvert,
TK005344,CL04378,2024-11-21,Offre,resolu,1.0
TK005345,CL04379,2024-01-25,Facturation,resolu,4.0
TK005346,CL04379,2024-01-09,Offre,resolu,5.0
TK005347,CL04381,2025-06-20,Reseau,abandonne,-20.0
TK005348,CL04382,2025-10-22,Offre,ouvert,
TK005349,CL04383,2025-08-29,Reseau,resolu,1.0
TK005350,CL04384,2025-12-29,Materiel,resolu,2.0
TK005351,CL04386,2024-03-30,Reseau,ouvert,
TK005352,CL04386,2025-02-11,Offre,resolu,1.0
TK005353,CL04389,2025-07-07,Materiel,resolu,1.0
TK005354,CL04390,2025-10-08,Offre,resolu,1.0
TK005355,CL04392,2025-08-18,Reseau,resolu,1.0
TK005356,CL04394,2024-11-29,Offre,resolu,1.0
TK005357,CL04395,2025-12-02,Materiel,resolu,1.0
TK005358,CL04395,2025-11-03,Materiel,resolu,5.0
TK005359,CL04395,2025-10-14,Offre,ouvert,
TK005360,CL04395,2025-10-04,Facturation,abandonne,2.0
TK005361,CL04396,2024-02-09,Reseau,ouvert,
TK005362,CL04396,2025-05-04,Facturation,resolu,1.0
TK005363,CL04397,2025-09-14,Reseau,resolu,2.0
TK005364,CL04397,2025-07-31,Facturation,resolu,1.0
TK005365,CL04398,2025-02-14,Reseau,resolu,1.0
TK005366,CL04398,2024-04-27,Reseau,resolu,40.0
TK005367,CL04399,2024-04-14,Materiel,resolu,-2.0
TK005368,CL04399,2024-06-02,Facturation,ouvert,
TK005369,CL04400,2024-11-20,Offre,ouvert,
TK005370,CL04400,2024-05-08,Reseau,ouvert,
TK005371,CL04400,2024-11-03,Reseau,ouvert,
TK005372,CL04400,2025-03-08,Facturation,resolu,-6.0
TK005373,CL04400,2024-07-01,Facturation,resolu,3.0
TK005374,CL04402,2025-10-30,Reseau,abandonne,17.0
TK005375,CL04402,2025-09-16,Facturation,resolu,8.0
TK005376,CL04403,2025-08-29,Facturation,resolu,3.0
TK005377,CL04405,2024-09-23,Reseau,resolu,2.0
TK005378,CL04405,2025-03-24,Offre,ouvert,
TK005379,CL04406,2025-07-24,Facturation,resolu,1.0
TK005380,CL04406,2024-08-11,Materiel,resolu,9.0
TK005381,CL04407,2024-07-26,Offre,resolu,9.0
TK005382,CL04408,2025-09-12,Facturation,resolu,8.0
TK005383,CL04409,2024-08-06,Facturation,resolu,4.0
TK005384,CL04409,2025-01-02,Facturation,ouvert,
TK005385,CL04409,2024-11-19,Facturation,ouvert,
TK005386,CL04409,2024-03-20,Reseau,ouvert,
TK005387,CL04410,2025-10-24,Facturation,resolu,1.0
TK005388,CL04411,2024-04-06,Facturation,ouvert,
TK005389,CL04413,2025-03-28,Facturation,resolu,6.0
TK005390,CL04413,2025-02-09,Offre,ouvert,
TK005391,CL04413,2025-03-08,Reseau,resolu,1.0
TK005392,CL04413,2025-02-24,Reseau,ouvert,
TK005393,CL04414,2024-02-23,Offre,resolu,1.0
TK005394,CL04415,2024-04-19,Facturation,resolu,4.0
TK005395,CL04417,2024-07-18,Facturation,resolu,1.0
TK005396,CL04420,2025-03-20,Reseau,resolu,1.0
TK005397,CL04422,2024-02-07,Facturation,ouvert,
TK005398,CL04425,2024-09-18,Reseau,resolu,2.0
TK005399,CL04425,2024-12-26,Reseau,ouvert,
TK005400,CL04425,2024-12-08,Reseau,abandonne,2.0
TK005401,CL04427,2025-11-04,Reseau,resolu,5.0
TK005402,CL04428,2025-12-01,Materiel,ouvert,
TK005403,CL04429,2025-06-12,Reseau,resolu,2.0
TK005404,CL04431,2025-06-15,Offre,abandonne,2.0
TK005405,CL04431,2025-03-22,Offre,resolu,1.0
TK005406,CL04431,2025-05-01,Reseau,abandonne,5.0
TK005407,CL04432,2024-12-14,Facturation,resolu,8.0
TK005408,CL04432,2025-06-02,Materiel,resolu,1.0
TK005409,CL04435,2024-04-28,Reseau,abandonne,3.0
TK005410,CL04435,2024-04-28,Reseau,ouvert,
TK005411,CL04437,2025-02-10,Reseau,resolu,3.0
TK005412,CL04437,2025-02-13,Facturation,resolu,7.0
TK005413,CL04438,2024-08-17,Reseau,ouvert,
TK005414,CL04441,2024-02-12,Facturation,abandonne,16.0
TK005415,CL04441,2024-01-08,Offre,resolu,2.0
TK005416,CL04441,2024-02-12,Materiel,resolu,1.0
TK005417,CL04441,2024-01-10,Reseau,abandonne,9.0
TK005418,CL04441,2024-01-27,Reseau,resolu,1.0
TK005419,CL04443,2025-04-14,Materiel,ouvert,
TK005420,CL04444,2024-09-20,Reseau,ouvert,
TK005421,CL04444,2025-10-23,Reseau,resolu,1.0
TK005422,CL04444,2024-12-12,Reseau,resolu,14.0
TK005423,CL04444,2025-12-03,Materiel,resolu,1.0
TK005424,CL04445,2024-12-12,Materiel,resolu,8.0
TK005425,CL04445,2025-06-05,Facturation,resolu,1.0
TK005426,CL04445,2024-04-12,Materiel,resolu,-11.0
TK005427,CL04448,2024-05-10,Reseau,ouvert,
TK005428,CL04448,2024-03-31,Reseau,abandonne,15.0
TK005429,CL04448,2024-05-20,Facturation,ouvert,
TK005430,CL04448,2024-04-01,Facturation,abandonne,4.0
TK005431,CL04448,2024-05-06,Materiel,ouvert,
TK005432,CL04451,2025-12-02,Reseau,resolu,8.0
TK005433,CL04452,2024-10-25,Facturation,ouvert,
TK005434,CL04452,2024-12-12,Materiel,abandonne,12.0
TK005435,CL04452,2025-10-02,Offre,ouvert,
TK005436,CL04453,2024-04-07,Reseau,abandonne,23.0
TK005437,CL04455,2024-04-11,Reseau,ouvert,
TK005438,CL04455,2024-08-24,Reseau,resolu,1.0
TK005439,CL04457,2024-06-09,Materiel,resolu,1.0
TK005440,CL04457,2024-05-06,Facturation,resolu,-8.0
TK005441,CL04457,2024-06-13,Offre,resolu,3.0
TK005442,CL04458,2024-10-21,Facturation,resolu,-2.0
TK005443,CL04460,2025-11-26,Facturation,resolu,1.0
TK005444,CL04461,2024-09-12,Offre,abandonne,9.0
TK005445,CL04463,2024-09-25,Reseau,abandonne,19.0
TK005446,CL04463,2025-01-10,Materiel,resolu,2.0
TK005447,CL04463,2024-12-21,Offre,abandonne,1.0
TK005448,CL04463,2025-01-13,Reseau,abandonne,9.0
TK005449,CL04464,2025-06-06,Reseau,resolu,1.0
TK005450,CL04464,2024-04-15,Facturation,resolu,14.0
TK005451,CL04466,2025-04-06,Facturation,ouvert,
TK005452,CL04467,2024-03-17,Reseau,ouvert,
TK005453,CL04467,2025-03-28,Facturation,resolu,3.0
TK005454,CL04468,2024-03-29,Facturation,resolu,1.0
TK005455,CL04469,2024-07-15,Reseau,ouvert,
TK005456,CL04470,2025-10-19,Reseau,resolu,7.0
TK005457,CL04470,2025-10-02,Facturation,ouvert,
TK005458,CL04471,2025-02-19,Facturation,abandonne,2.0
TK005459,CL04471,2025-04-27,Offre,resolu,13.0
TK005460,CL04471,2025-02-16,Reseau,ouvert,
TK005461,CL04474,2025-10-19,Facturation,ouvert,
TK005462,CL04474,2025-09-14,Reseau,abandonne,-26.0
TK005463,CL04474,2025-11-09,Offre,resolu,3.0
TK005464,CL04474,2025-11-28,Materiel,abandonne,46.0
TK005465,CL04474,2025-10-17,Materiel,ouvert,
TK005466,CL04476,2024-08-16,Reseau,ouvert,
TK005467,CL04477,2024-10-08,Reseau,ouvert,
TK005468,CL04478,2024-08-29,Facturation,resolu,2.0
TK005469,CL04479,2025-12-12,Reseau,ouvert,
TK005470,CL04479,2024-10-16,Facturation,resolu,1.0
TK005471,CL04483,2024-10-26,Reseau,ouvert,
TK005472,CL04484,2025-07-22,Offre,resolu,1.0
TK005473,CL04484,2025-03-05,Offre,resolu,1.0
TK005474,CL04485,2025-05-15,Reseau,resolu,1.0
TK005475,CL04486,2025-09-11,Reseau,ouvert,
TK005476,CL04486,2025-06-06,Facturation,abandonne,1.0
TK005477,CL04488,2025-04-22,Reseau,resolu,6.0
TK005478,CL04489,2024-04-06,Materiel,ouvert,
TK005479,CL04489,2024-11-23,Reseau,abandonne,17.0
TK005480,CL04489,2025-07-20,Facturation,resolu,3.0
TK005481,CL04489,2025-04-20,Facturation,ouvert,
TK005482,CL04489,2025-05-14,Reseau,abandonne,7.0
TK005483,CL04489,2025-03-30,Reseau,ouvert,
TK005484,CL04489,2024-01-21,Facturation,abandonne,5.0
TK005485,CL04490,2025-08-27,Facturation,resolu,2.0
TK005486,CL04490,2025-09-01,Reseau,resolu,4.0
TK005487,CL04492,2025-11-03,Materiel,ouvert,
TK005488,CL04494,2025-05-24,Reseau,ouvert,
TK005489,CL04496,2024-12-25,Reseau,abandonne,20.0
TK005490,CL04496,2025-07-03,Reseau,abandonne,1.0
TK005491,CL04497,2025-01-06,Facturation,resolu,10.0
TK005492,CL04497,2025-11-10,Reseau,resolu,5.0
TK005493,CL04498,2025-06-13,Facturation,resolu,3.0
TK005494,CL04499,2024-06-15,Offre,ouvert,
TK005495,CL04499,2025-09-27,Facturation,ouvert,
TK005496,CL04499,2024-07-18,Reseau,abandonne,-18.0
TK005497,CL04499,2025-06-15,Reseau,resolu,6.0
TK005498,CL04499,2024-04-20,Materiel,abandonne,4.0
TK005499,CL04499,2025-07-12,Facturation,abandonne,16.0
TK005500,CL04499,2025-01-06,Facturation,abandonne,18.0
TK005501,CL04499,2025-08-05,Reseau,resolu,7.0
TK005502,CL04501,2024-05-30,Offre,resolu,2.0
TK005503,CL04505,2024-01-27,Offre,ouvert,
TK005504,CL04505,2024-01-21,Facturation,ouvert,
TK005505,CL04505,2024-01-11,Facturation,resolu,2.0
TK005506,CL04505,2024-02-01,Materiel,ouvert,
TK005507,CL04506,2024-12-05,Offre,resolu,1.0
TK005508,CL04510,2024-07-28,Reseau,resolu,7.0
TK005509,CL04512,2025-12-27,Materiel,resolu,7.0
TK005510,CL04512,2025-09-26,Facturation,ouvert,
TK005511,CL04514,2024-12-03,Materiel,ouvert,
TK005512,CL04514,2025-09-23,Offre,resolu,11.0
TK005513,CL04514,2025-04-20,Reseau,resolu,2.0
TK005514,CL04520,2024-11-20,Reseau,resolu,2.0
TK005515,CL04522,2024-08-19,Offre,resolu,2.0
TK005516,CL04523,2025-06-25,Facturation,resolu,2.0
TK005517,CL04524,2025-07-30,Reseau,ouvert,
TK005518,CL04526,2025-06-18,Facturation,resolu,1.0
TK005519,CL04526,2025-04-20,Reseau,resolu,1.0
TK005520,CL04526,2024-05-03,Facturation,ouvert,
TK005521,CL04527,2025-03-08,Facturation,resolu,2.0
TK005522,CL04530,2025-10-27,Offre,resolu,1.0
TK005523,CL04530,2025-09-20,Offre,resolu,1.0
TK005524,CL04531,2024-08-08,Materiel,ouvert,
TK005525,CL04532,2025-01-27,Materiel,resolu,2.0
TK005526,CL04532,2025-07-23,Facturation,ouvert,
TK005527,CL04532,2024-06-20,Offre,abandonne,1.0
TK005528,CL04532,2025-05-24,Reseau,abandonne,2.0
TK005529,CL04533,2024-09-08,Offre,resolu,2.0
TK005530,CL04533,2024-10-11,Facturation,ouvert,
TK005531,CL04534,2024-07-18,Reseau,resolu,1.0
TK005532,CL04534,2024-12-22,Reseau,resolu,2.0
TK005533,CL04536,2024-06-05,Facturation,resolu,1.0
TK005534,CL04536,2024-03-05,Facturation,ouvert,
TK005535,CL04536,2024-05-29,Offre,ouvert,
TK005536,CL04537,2025-10-28,Reseau,resolu,9.0
TK005537,CL04538,2024-10-01,Offre,ouvert,
TK005538,CL04539,2024-04-06,Facturation,ouvert,
TK005539,CL04539,2024-04-08,Reseau,resolu,6.0
TK005540,CL04539,2024-02-21,Facturation,resolu,3.0
TK005541,CL04540,2024-11-17,Offre,resolu,3.0
TK005542,CL04541,2025-11-11,Reseau,resolu,11.0
TK005543,CL04541,2024-08-22,Facturation,resolu,3.0
TK005544,CL04541,2024-12-05,Reseau,resolu,2.0
TK005545,CL04541,2024-11-24,Facturation,ouvert,
TK005546,CL04542,2025-09-11,Reseau,resolu,1.0
TK005547,CL04543,2024-11-06,Offre,abandonne,1.0
TK005548,CL04543,2024-10-22,Facturation,ouvert,
TK005549,CL04544,2024-03-07,Materiel,ouvert,
TK005550,CL04544,2024-02-23,Reseau,abandonne,12.0
TK005551,CL04544,2024-07-10,Facturation,abandonne,2.0
TK005552,CL04545,2024-10-18,Facturation,ouvert,
TK005553,CL04546,2024-04-27,Offre,abandonne,17.0
TK005554,CL04546,2024-01-24,Offre,resolu,7.0
TK005555,CL04546,2024-03-10,Reseau,abandonne,11.0
TK005556,CL04546,2024-01-21,Reseau,resolu,12.0
TK005557,CL04546,2024-04-05,Reseau,ouvert,
TK005558,CL04546,2024-03-18,Facturation,ouvert,
TK005559,CL04547,2025-07-03,Reseau,ouvert,
TK005560,CL04547,2025-05-12,Offre,ouvert,
TK005561,CL04547,2025-07-24,Facturation,ouvert,
TK005562,CL04550,2025-12-22,Reseau,resolu,4.0
TK005563,CL04550,2025-11-21,Reseau,resolu,15.0
TK005564,CL04551,2025-04-09,Reseau,resolu,6.0
TK005565,CL04551,2025-05-17,Materiel,ouvert,
TK005566,CL04551,2025-04-18,Reseau,abandonne,18.0
TK005567,CL04552,2025-10-13,Reseau,ouvert,
TK005568,CL04552,2024-04-10,Offre,abandonne,1.0
TK005569,CL04553,2024-12-08,Reseau,ouvert,
TK005570,CL04554,2025-04-18,Reseau,ouvert,
TK005571,CL04554,2024-01-13,Reseau,resolu,1.0
TK005572,CL04554,2024-10-30,Reseau,resolu,4.0
TK005573,CL04554,2025-05-17,Offre,resolu,2.0
TK005574,CL04555,2025-12-08,Offre,resolu,6.0
TK005575,CL04555,2025-06-14,Reseau,resolu,-2.0
TK005576,CL04556,2024-06-15,Reseau,ouvert,
TK005577,CL04557,2024-01-29,Facturation,abandonne,8.0
TK005578,CL04557,2024-01-26,Facturation,resolu,2.0
TK005579,CL04557,2024-11-05,Reseau,ouvert,
TK005580,CL04557,2025-03-21,Facturation,ouvert,
TK005581,CL04558,2024-10-02,Reseau,resolu,8.0
TK005582,CL04558,2025-03-04,Offre,ouvert,
TK005583,CL04558,2025-03-10,Facturation,ouvert,
TK005584,CL04559,2025-05-30,Reseau,resolu,6.0
TK005585,CL04560,2024-10-18,Facturation,resolu,18.0
TK005586,CL04561,2025-09-28,Reseau,resolu,2.0
TK005587,CL04562,2025-07-11,Reseau,ouvert,
TK005588,CL04562,2025-04-01,Materiel,resolu,1.0
TK005589,CL04563,2025-11-22,Reseau,resolu,1.0
TK005590,CL04564,2025-05-16,Facturation,resolu,5.0
TK005591,CL04565,2025-04-25,Facturation,resolu,1.0
TK005592,CL04566,2024-09-17,Materiel,resolu,3.0
TK005593,CL04567,2025-02-26,Facturation,resolu,2.0
TK005594,CL04567,2025-08-25,Facturation,resolu,2.0
TK005595,CL04568,2024-06-30,Facturation,resolu,4.0
TK005596,CL04569,2025-10-12,Materiel,resolu,2.0
TK005597,CL04569,2025-09-04,Facturation,resolu,1.0
TK005598,CL04570,2024-11-28,Reseau,ouvert,
TK005599,CL04572,2025-08-06,Materiel,resolu,1.0
TK005600,CL04572,2025-09-03,Materiel,abandonne,1.0
TK005601,CL04572,2025-09-02,Materiel,ouvert,
TK005602,CL04572,2025-06-11,Offre,resolu,3.0
TK005603,CL04573,2024-12-01,Reseau,resolu,4.0
TK005604,CL04573,2025-06-18,Materiel,resolu,2.0
TK005605,CL04577,2025-07-02,Reseau,resolu,13.0
TK005606,CL04580,2024-10-27,Offre,resolu,1.0
TK005607,CL04580,2025-09-15,Facturation,ouvert,
TK005608,CL04580,2024-05-01,Facturation,resolu,1.0
TK005609,CL04581,2025-03-06,Offre,resolu,1.0
TK005610,CL04583,2024-10-12,Facturation,resolu,1.0
TK005611,CL04585,2024-04-20,Facturation,ouvert,
TK005612,CL04585,2024-10-18,Facturation,resolu,8.0
TK005613,CL04585,2024-10-02,Reseau,resolu,8.0
TK005614,CL04585,2024-11-30,Offre,resolu,1.0
TK005615,CL04586,2024-04-18,Facturation,resolu,3.0
TK005616,CL04588,2024-09-04,Reseau,ouvert,
TK005617,CL04588,2024-01-24,Reseau,abandonne,8.0
TK005618,CL04592,2025-08-22,Reseau,resolu,1.0
TK005619,CL04593,2024-10-15,Facturation,resolu,-1.0
TK005620,CL04596,2025-07-11,Offre,resolu,1.0
TK005621,CL04596,2025-07-02,Reseau,resolu,3.0
TK005622,CL04597,2025-08-22,Reseau,resolu,1.0
TK005623,CL04597,2025-08-15,Facturation,resolu,2.0
TK005624,CL04600,2025-10-15,Facturation,resolu,2.0
TK005625,CL04601,2025-11-08,Reseau,ouvert,
TK005626,CL04601,2025-08-22,Facturation,resolu,1.0
TK005627,CL04601,2025-08-05,Offre,resolu,1.0
TK005628,CL04601,2025-11-04,Reseau,resolu,5.0
TK005629,CL04602,2024-09-24,Reseau,abandonne,46.0
TK005630,CL04602,2024-05-29,Reseau,resolu,1.0
TK005631,CL04603,2025-10-24,Facturation,abandonne,1.0
TK005632,CL04603,2025-06-07,Reseau,abandonne,6.0
TK005633,CL04604,2024-06-24,Reseau,ouvert,
TK005634,CL04604,2024-02-11,Materiel,ouvert,
TK005635,CL04604,2024-04-30,Reseau,abandonne,17.0
TK005636,CL04605,2025-01-05,Offre,resolu,1.0
TK005637,CL04608,2024-12-18,Facturation,resolu,5.0
TK005638,CL04609,2024-01-12,Reseau,ouvert,
TK005639,CL04609,2025-05-11,Offre,ouvert,
TK005640,CL04609,2024-11-26,Offre,resolu,-1.0
TK005641,CL04609,2024-01-07,Reseau,resolu,1.0
TK005642,CL04610,2024-03-26,Reseau,abandonne,4.0
TK005643,CL04610,2025-06-16,Materiel,resolu,3.0
TK005644,CL04610,2024-12-21,Facturation,ouvert,
TK005645,CL04611,2024-07-01,Offre,resolu,1.0
TK005646,CL04612,2025-09-17,Reseau,ouvert,
TK005647,CL04612,2025-03-05,Reseau,ouvert,
TK005648,CL04614,2024-10-03,Facturation,abandonne,-16.0
TK005649,CL04614,2025-06-02,Materiel,resolu,7.0
TK005650,CL04614,2025-01-06,Reseau,ouvert,
TK005651,CL04614,2024-03-25,Reseau,abandonne,3.0
TK005652,CL04614,2025-02-17,Reseau,resolu,3.0
TK005653,CL04614,2024-05-17,Materiel,ouvert,
TK005654,CL04614,2025-05-12,Offre,ouvert,
TK005655,CL04615,2024-09-29,Reseau,ouvert,
TK005656,CL04617,2025-11-26,Reseau,resolu,1.0
TK005657,CL04618,2024-12-01,Facturation,abandonne,29.0
TK005658,CL04618,2025-04-09,Reseau,resolu,1.0
TK005659,CL04618,2024-12-12,Reseau,abandonne,21.0
TK005660,CL04621,2024-04-03,Reseau,ouvert,
TK005661,CL04621,2024-04-30,Reseau,ouvert,
TK005662,CL04621,2024-12-13,Facturation,ouvert,
TK005663,CL04621,2024-04-12,Facturation,ouvert,
TK005664,CL04622,2024-10-03,Reseau,resolu,1.0
TK005665,CL04624,2025-05-02,Materiel,ouvert,
TK005666,CL04624,2025-01-05,Reseau,ouvert,
TK005667,CL04625,2025-04-26,Reseau,resolu,7.0
TK005668,CL04627,2025-05-13,Facturation,resolu,1.0
TK005669,CL04628,2025-06-06,Reseau,resolu,-2.0
TK005670,CL04628,2025-03-25,Reseau,abandonne,6.0
TK005671,CL04629,2024-08-13,Reseau,resolu,1.0
TK005672,CL04629,2024-05-28,Reseau,resolu,1.0
TK005673,CL04629,2024-12-23,Offre,ouvert,
TK005674,CL04629,2025-03-18,Reseau,ouvert,
TK005675,CL04630,2024-07-10,Facturation,ouvert,
TK005676,CL04631,2025-01-17,Reseau,resolu,1.0
TK005677,CL04636,2024-09-22,Offre,resolu,1.0
TK005678,CL04636,2024-11-29,Offre,resolu,3.0
TK005679,CL04638,2024-11-08,Offre,resolu,1.0
TK005680,CL04638,2024-10-26,Reseau,ouvert,
TK005681,CL04640,2025-12-28,Reseau,resolu,-3.0
TK005682,CL04642,2025-01-09,Offre,resolu,2.0
TK005683,CL04642,2024-07-03,Facturation,ouvert,
TK005684,CL04643,2025-03-27,Facturation,abandonne,27.0
TK005685,CL04643,2025-03-28,Reseau,ouvert,
TK005686,CL04644,2025-06-02,Materiel,resolu,3.0
TK005687,CL04644,2025-01-24,Reseau,resolu,5.0
TK005688,CL04646,2024-12-26,Facturation,abandonne,7.0
TK005689,CL04646,2024-05-19,Facturation,abandonne,1.0
TK005690,CL04646,2025-11-11,Reseau,ouvert,
TK005691,CL04647,2024-08-23,Reseau,resolu,4.0
TK005692,CL04647,2024-02-13,Reseau,abandonne,11.0
TK005693,CL04648,2025-10-13,Materiel,resolu,1.0
TK005694,CL04649,2024-08-08,Offre,resolu,4.0
TK005695,CL04649,2024-10-19,Materiel,resolu,1.0
TK005696,CL04650,2024-12-11,Offre,ouvert,
TK005697,CL04651,2025-04-21,Offre,ouvert,
TK005698,CL04651,2025-04-15,Reseau,abandonne,3.0
TK005699,CL04651,2025-04-28,Facturation,ouvert,
TK005700,CL04652,2025-09-14,Reseau,resolu,4.0
TK005701,CL04654,2025-08-20,Facturation,abandonne,17.0
TK005702,CL04654,2024-06-29,Offre,resolu,1.0
TK005703,CL04655,2025-12-13,Reseau,resolu,6.0
TK005704,CL04655,2025-11-01,Reseau,ouvert,
TK005705,CL04657,2025-08-27,Offre,ouvert,
TK005706,CL04657,2025-04-17,Offre,ouvert,
TK005707,CL04657,2025-07-26,Reseau,resolu,2.0
TK005708,CL04658,2024-01-30,Reseau,ouvert,
TK005709,CL04661,2025-04-23,Reseau,resolu,4.0
TK005710,CL04662,2024-08-31,Facturation,abandonne,28.0
TK005711,CL04662,2024-10-19,Offre,abandonne,6.0
TK005712,CL04662,2024-11-01,Facturation,abandonne,32.0
TK005713,CL04663,2025-07-14,Facturation,resolu,1.0
TK005714,CL04663,2025-09-17,Reseau,resolu,1.0
TK005715,CL04663,2025-10-03,Reseau,resolu,4.0
TK005716,CL04665,2025-01-20,Reseau,abandonne,4.0
TK005717,CL04665,2025-08-06,Facturation,ouvert,
TK005718,CL04665,2025-09-11,Facturation,ouvert,
TK005719,CL04665,2024-02-07,Materiel,ouvert,
TK005720,CL04666,2025-06-25,Reseau,resolu,1.0
TK005721,CL04666,2025-09-23,Reseau,resolu,1.0
TK005722,CL04666,2025-08-19,Facturation,resolu,1.0
TK005723,CL04667,2024-01-16,Reseau,resolu,6.0
TK005724,CL04669,2025-09-06,Reseau,resolu,1.0
TK005725,CL04670,2025-12-25,Reseau,resolu,1.0
TK005726,CL04670,2025-09-19,Facturation,resolu,4.0
TK005727,CL04672,2025-01-03,Reseau,resolu,1.0
TK005728,CL04673,2025-10-28,Offre,ouvert,
TK005729,CL04674,2024-11-19,Facturation,resolu,1.0
TK005730,CL04675,2024-07-15,Facturation,resolu,8.0
TK005731,CL04675,2024-04-19,Reseau,ouvert,
TK005732,CL04675,2024-10-06,Facturation,ouvert,
TK005733,CL04676,2024-02-20,Facturation,ouvert,
TK005734,CL04676,2025-07-29,Offre,resolu,1.0
TK005735,CL04677,2025-01-27,Offre,resolu,1.0
TK005736,CL04678,2024-04-03,Materiel,resolu,4.0
TK005737,CL04679,2024-10-29,Reseau,resolu,1.0
TK005738,CL04680,2025-12-27,Materiel,resolu,1.0
TK005739,CL04680,2025-09-04,Reseau,abandonne,3.0
TK005740,CL04681,2024-05-10,Reseau,ouvert,
TK005741,CL04681,2024-05-22,Facturation,resolu,1.0
TK005742,CL04681,2024-07-19,Offre,resolu,2.0
TK005743,CL04681,2024-08-01,Facturation,abandonne,21.0
TK005744,CL04682,2024-07-22,Reseau,ouvert,
TK005745,CL04683,2025-08-20,Offre,abandonne,6.0
TK005746,CL04683,2025-10-31,Facturation,ouvert,
TK005747,CL04683,2025-09-24,Materiel,resolu,2.0
TK005748,CL04684,2024-08-25,Offre,resolu,3.0
TK005749,CL04685,2025-05-31,Reseau,resolu,10.0
TK005750,CL04687,2025-05-09,Materiel,resolu,1.0
TK005751,CL04687,2024-09-12,Offre,abandonne,5.0
TK005752,CL04688,2025-08-06,Materiel,resolu,5.0
TK005753,CL04690,2025-03-29,Facturation,abandonne,10.0
TK005754,CL04690,2024-12-17,Reseau,resolu,1.0
TK005755,CL04692,2024-02-03,Reseau,resolu,11.0
TK005756,CL04693,2025-06-09,Facturation,ouvert,
TK005757,CL04693,2025-05-21,Reseau,abandonne,45.0
TK005758,CL04693,2025-04-04,Reseau,resolu,4.0
TK005759,CL04694,2025-10-31,Reseau,resolu,1.0
TK005760,CL04696,2024-11-12,Reseau,resolu,1.0
TK005761,CL04696,2024-05-14,Offre,resolu,8.0
TK005762,CL04697,2024-04-16,Facturation,resolu,4.0
TK005763,CL04698,2024-07-13,Reseau,resolu,3.0
TK005764,CL04699,2025-02-07,Facturation,ouvert,
TK005765,CL04699,2025-09-02,Facturation,abandonne,24.0
TK005766,CL04700,2025-06-29,Reseau,ouvert,
TK005767,CL04700,2024-01-25,Facturation,resolu,3.0
TK005768,CL04700,2024-09-24,Reseau,resolu,2.0
TK005769,CL04702,2025-09-30,Reseau,ouvert,
TK005770,CL04702,2025-10-12,Materiel,resolu,3.0
TK005771,CL04702,2025-10-15,Reseau,resolu,1.0
TK005772,CL04702,2025-08-08,Reseau,abandonne,8.0
TK005773,CL04703,2024-03-12,Facturation,resolu,8.0
TK005774,CL04703,2024-07-04,Offre,resolu,3.0
TK005775,CL04703,2025-02-10,Materiel,resolu,2.0
TK005776,CL04705,2024-02-19,Facturation,resolu,1.0
TK005777,CL04705,2024-02-25,Facturation,abandonne,17.0
TK005778,CL04705,2024-02-15,Reseau,ouvert,
TK005779,CL04708,2024-01-12,Offre,ouvert,
TK005780,CL04708,2024-01-10,Materiel,abandonne,1.0
TK005781,CL04709,2025-02-01,Facturation,resolu,1.0
TK005782,CL04709,2025-12-22,Reseau,resolu,2.0
TK005783,CL04710,2024-04-29,Facturation,abandonne,2.0
TK005784,CL04711,2024-03-21,Reseau,abandonne,1.0
TK005785,CL04711,2024-07-05,Reseau,abandonne,10.0
TK005786,CL04711,2024-10-09,Reseau,abandonne,19.0
TK005787,CL04711,2025-04-03,Reseau,ouvert,
TK005788,CL04711,2025-03-29,Reseau,resolu,1.0
TK005789,CL04714,2025-07-20,Reseau,resolu,2.0
TK005790,CL04715,2025-11-06,Offre,resolu,1.0
TK005791,CL04718,2024-11-29,Materiel,resolu,17.0
TK005792,CL04718,2025-08-13,Reseau,ouvert,
TK005793,CL04720,2025-07-03,Reseau,ouvert,
TK005794,CL04721,2025-01-06,Facturation,ouvert,
TK005795,CL04722,2024-03-27,Reseau,resolu,1.0
TK005796,CL04722,2024-02-02,Reseau,ouvert,
TK005797,CL04722,2024-02-21,Reseau,abandonne,4.0
TK005798,CL04722,2024-05-30,Offre,abandonne,11.0
TK005799,CL04723,2024-06-02,Reseau,resolu,15.0
TK005800,CL04725,2025-07-02,Reseau,ouvert,
TK005801,CL04726,2025-03-20,Facturation,resolu,1.0
TK005802,CL04726,2025-06-06,Reseau,resolu,10.0
TK005803,CL04727,2024-01-13,Reseau,ouvert,
TK005804,CL04727,2024-05-12,Materiel,ouvert,
TK005805,CL04727,2024-03-12,Reseau,ouvert,
TK005806,CL04727,2024-05-30,Reseau,ouvert,
TK005807,CL04730,2025-12-20,Reseau,ouvert,
TK005808,CL04731,2024-11-01,Reseau,resolu,3.0
TK005809,CL04732,2024-07-12,Facturation,resolu,2.0
TK005810,CL04732,2024-12-31,Reseau,ouvert,
TK005811,CL04732,2024-11-27,Reseau,ouvert,
TK005812,CL04735,2024-01-03,Materiel,abandonne,1.0
TK005813,CL04735,2024-04-25,Facturation,abandonne,10.0
TK005814,CL04736,2024-02-17,Materiel,ouvert,
TK005815,CL04738,2025-11-22,Offre,ouvert,
TK005816,CL04739,2024-04-09,Materiel,resolu,1.0
TK005817,CL04740,2024-06-14,Reseau,resolu,1.0
TK005818,CL04741,2025-11-03,Materiel,resolu,1.0
TK005819,CL04741,2024-08-17,Reseau,resolu,15.0
TK005820,CL04742,2024-06-27,Reseau,ouvert,
TK005821,CL04743,2024-01-08,Facturation,resolu,1.0
TK005822,CL04743,2024-04-24,Offre,abandonne,29.0
TK005823,CL04743,2024-02-03,Facturation,ouvert,
TK005824,CL04744,2025-08-15,Materiel,resolu,1.0
TK005825,CL04744,2025-04-17,Facturation,resolu,4.0
TK005826,CL04745,2024-01-22,Reseau,resolu,2.0
TK005827,CL04746,2025-02-04,Facturation,resolu,6.0
TK005828,CL04748,2025-09-12,Facturation,ouvert,
TK005829,CL04748,2025-07-24,Materiel,abandonne,17.0
TK005830,CL04748,2025-09-12,Facturation,ouvert,
TK005831,CL04748,2025-09-21,Materiel,ouvert,
TK005832,CL04748,2025-09-23,Facturation,abandonne,27.0
TK005833,CL04749,2025-07-17,Reseau,ouvert,
TK005834,CL04750,2025-10-24,Offre,ouvert,
TK005835,CL04750,2025-12-22,Reseau,resolu,3.0
TK005836,CL04751,2025-02-16,Reseau,resolu,1.0
TK005837,CL04752,2024-08-20,Reseau,resolu,12.0
TK005838,CL04754,2024-11-12,Reseau,resolu,1.0
TK005839,CL04754,2024-06-09,Offre,resolu,6.0
TK005840,CL04755,2025-04-25,Reseau,ouvert,
TK005841,CL04756,2025-08-07,Materiel,resolu,2.0
TK005842,CL04758,2024-03-06,Materiel,resolu,1.0
TK005843,CL04762,2025-01-12,Reseau,ouvert,
TK005844,CL04762,2024-02-22,Reseau,resolu,4.0
TK005845,CL04762,2024-01-19,Materiel,resolu,2.0
TK005846,CL04762,2024-12-24,Reseau,resolu,11.0
TK005847,CL04762,2024-11-18,Facturation,ouvert,
TK005848,CL04763,2024-12-01,Offre,resolu,3.0
TK005849,CL04763,2025-07-23,Reseau,resolu,5.0
TK005850,CL04763,2024-11-09,Reseau,ouvert,
TK005851,CL04766,2024-02-07,Facturation,abandonne,30.0
TK005852,CL04767,2024-05-13,Reseau,ouvert,
TK005853,CL04768,2024-04-29,Reseau,resolu,1.0
TK005854,CL04770,2024-12-18,Facturation,resolu,1.0
TK005855,CL04770,2024-10-28,Facturation,ouvert,
TK005856,CL04771,2025-10-04,Facturation,ouvert,
TK005857,CL04771,2025-09-21,Reseau,resolu,1.0
TK005858,CL04771,2025-11-01,Reseau,ouvert,
TK005859,CL04771,2025-12-13,Facturation,resolu,1.0
TK005860,CL04772,2024-04-05,Facturation,resolu,1.0
TK005861,CL04774,2024-02-17,Facturation,abandonne,40.0
TK005862,CL04774,2024-03-29,Reseau,resolu,1.0
TK005863,CL04774,2024-04-04,Reseau,resolu,2.0
TK005864,CL04775,2025-06-12,Reseau,abandonne,7.0
TK005865,CL04776,2025-09-20,Reseau,resolu,1.0
TK005866,CL04777,2024-10-01,Facturation,resolu,6.0
TK005867,CL04779,2025-04-01,Reseau,resolu,1.0
TK005868,CL04780,2025-09-17,Offre,ouvert,
TK005869,CL04780,2024-04-15,Reseau,abandonne,13.0
TK005870,CL04780,2025-07-10,Reseau,ouvert,
TK005871,CL04781,2025-12-01,Facturation,resolu,5.0
TK005872,CL04782,2024-10-08,Reseau,resolu,5.0
TK005873,CL04783,2025-08-25,Reseau,resolu,1.0
TK005874,CL04784,2025-08-15,Offre,abandonne,-2.0
TK005875,CL04785,2025-01-20,Reseau,resolu,1.0
TK005876,CL04785,2024-12-30,Reseau,resolu,5.0
TK005877,CL04787,2024-10-02,Facturation,ouvert,
TK005878,CL04788,2024-09-15,Offre,resolu,1.0
TK005879,CL04788,2025-11-03,Materiel,ouvert,
TK005880,CL04789,2024-09-10,Offre,ouvert,
TK005881,CL04789,2025-08-10,Facturation,resolu,1.0
TK005882,CL04792,2025-07-21,Materiel,ouvert,
TK005883,CL04793,2024-10-23,Materiel,ouvert,
TK005884,CL04794,2024-05-03,Reseau,ouvert,
TK005885,CL04794,2024-06-27,Offre,resolu,6.0
TK005886,CL04794,2024-06-03,Facturation,abandonne,15.0
TK005887,CL04795,2024-11-26,Offre,resolu,5.0
TK005888,CL04796,2024-09-09,Reseau,ouvert,
TK005889,CL04796,2025-07-08,Offre,resolu,5.0
TK005890,CL04797,2025-10-15,Reseau,resolu,2.0
TK005891,CL04798,2025-06-14,Materiel,ouvert,
TK005892,CL04798,2025-05-01,Offre,resolu,4.0
TK005893,CL04799,2024-07-29,Offre,resolu,1.0
TK005894,CL04799,2024-02-13,Offre,resolu,2.0
TK005895,CL04800,2025-03-11,Materiel,resolu,3.0
TK005896,CL04801,2025-02-07,Offre,resolu,-5.0
TK005897,CL04803,2024-10-02,Reseau,abandonne,13.0
TK005898,CL04805,2024-10-06,Reseau,abandonne,-7.0
TK005899,CL04807,2025-10-14,Facturation,ouvert,
TK005900,CL04808,2025-08-29,Reseau,resolu,15.0
TK005901,CL04809,2024-03-07,Facturation,resolu,2.0
TK005902,CL04809,2024-01-18,Reseau,ouvert,
TK005903,CL04809,2024-04-13,Facturation,resolu,1.0
TK005904,CL04809,2024-12-28,Materiel,resolu,2.0
TK005905,CL04810,2024-11-09,Reseau,resolu,1.0
TK005906,CL04811,2024-08-17,Offre,resolu,3.0
TK005907,CL04812,2025-01-20,Materiel,resolu,3.0
TK005908,CL04812,2025-07-12,Offre,resolu,4.0
TK005909,CL04812,2025-08-31,Facturation,resolu,4.0
TK005910,CL04813,2024-03-29,Materiel,ouvert,
TK005911,CL04813,2024-02-17,Facturation,ouvert,
TK005912,CL04813,2024-02-10,Facturation,ouvert,
TK005913,CL04815,2025-04-24,Facturation,resolu,1.0
TK005914,CL04817,2024-07-28,Reseau,abandonne,1.0
TK005915,CL04817,2024-04-21,Reseau,resolu,10.0
TK005916,CL04817,2024-04-26,Facturation,resolu,12.0
TK005917,CL04817,2024-12-12,Materiel,ouvert,
TK005918,CL04817,2024-10-19,Facturation,resolu,1.0
TK005919,CL04817,2024-07-28,Facturation,ouvert,
TK005920,CL04818,2025-02-08,Materiel,resolu,1.0
TK005921,CL04819,2025-09-02,Reseau,resolu,3.0
TK005922,CL04819,2025-12-18,Facturation,resolu,1.0
TK005923,CL04820,2024-08-24,Reseau,resolu,-1.0
TK005924,CL04821,2025-02-28,Facturation,abandonne,5.0
TK005925,CL04821,2025-03-21,Reseau,ouvert,
TK005926,CL04821,2025-01-20,Reseau,ouvert,
TK005927,CL04822,2024-03-29,Facturation,ouvert,
TK005928,CL04822,2024-01-08,Reseau,resolu,3.0
TK005929,CL04825,2025-06-26,Facturation,resolu,1.0
TK005930,CL04825,2025-07-03,Offre,resolu,1.0
TK005931,CL04828,2025-07-30,Facturation,resolu,1.0
TK005932,CL04829,2025-09-09,Facturation,resolu,8.0
TK005933,CL04829,2025-10-06,Reseau,resolu,1.0
TK005934,CL04830,2025-11-21,Facturation,resolu,2.0
TK005935,CL04830,2025-03-23,Offre,resolu,-1.0
TK005936,CL04830,2024-05-07,Reseau,resolu,2.0
TK005937,CL04831,2024-10-20,Facturation,ouvert,
TK005938,CL04831,2024-06-23,Reseau,resolu,3.0
TK005939,CL04831,2025-04-17,Facturation,ouvert,
TK005940,CL04832,2025-11-17,Reseau,ouvert,
TK005941,CL04832,2025-06-08,Reseau,abandonne,1.0
TK005942,CL04833,2024-12-23,Offre,resolu,1.0
TK005943,CL04834,2025-09-17,Facturation,abandonne,8.0
TK005944,CL04834,2025-09-02,Reseau,resolu,7.0
TK005945,CL04834,2025-09-28,Facturation,ouvert,
TK005946,CL04835,2024-01-23,Facturation,resolu,7.0
TK005947,CL04835,2024-03-22,Offre,resolu,15.0
TK005948,CL04835,2024-03-23,Facturation,ouvert,
TK005949,CL04835,2024-01-29,Facturation,resolu,1.0
TK005950,CL04836,2024-11-01,Facturation,resolu,5.0
TK005951,CL04837,2025-06-03,Offre,ouvert,
TK005952,CL04840,2025-02-18,Reseau,resolu,4.0
TK005953,CL04840,2025-06-15,Facturation,resolu,1.0
TK005954,CL04841,2025-04-05,Offre,resolu,1.0
TK005955,CL04841,2024-05-28,Facturation,ouvert,
TK005956,CL04844,2024-12-31,Reseau,resolu,1.0
TK005957,CL04845,2025-02-15,Offre,resolu,3.0
TK005958,CL04846,2025-12-30,Offre,resolu,1.0
TK005959,CL04846,2025-11-30,Reseau,resolu,7.0
TK005960,CL04848,2025-02-25,Materiel,ouvert,
TK005961,CL04849,2025-10-07,Reseau,ouvert,
TK005962,CL04849,2025-05-29,Reseau,resolu,2.0
TK005963,CL04850,2024-07-20,Facturation,resolu,2.0
TK005964,CL04850,2024-08-30,Offre,resolu,1.0
TK005965,CL04851,2024-07-25,Facturation,abandonne,1.0
TK005966,CL04851,2024-11-08,Reseau,resolu,1.0
TK005967,CL04853,2024-01-01,Offre,ouvert,
TK005968,CL04853,2024-04-04,Reseau,ouvert,
TK005969,CL04853,2024-03-24,Reseau,resolu,2.0
TK005970,CL04853,2024-02-22,Reseau,resolu,1.0
TK005971,CL04853,2024-03-02,Reseau,ouvert,
TK005972,CL04856,2025-05-08,Facturation,resolu,1.0
TK005973,CL04857,2024-08-27,Materiel,resolu,4.0
TK005974,CL04859,2025-08-27,Materiel,resolu,4.0
TK005975,CL04861,2025-05-14,Offre,ouvert,
TK005976,CL04862,2024-06-16,Facturation,ouvert,
TK005977,CL04862,2024-08-09,Facturation,resolu,5.0
TK005978,CL04864,2025-05-27,Facturation,resolu,1.0
TK005979,CL04864,2024-09-06,Reseau,ouvert,
TK005980,CL04864,2024-07-11,Facturation,ouvert,
TK005981,CL04864,2024-10-12,Facturation,resolu,6.0
TK005982,CL04865,2025-04-29,Offre,resolu,2.0
TK005983,CL04865,2024-01-14,Reseau,resolu,4.0
TK005984,CL04867,2025-09-09,Materiel,ouvert,
TK005985,CL04867,2025-07-23,Materiel,ouvert,
TK005986,CL04868,2025-02-15,Facturation,resolu,3.0
TK005987,CL04868,2025-05-10,Reseau,ouvert,
TK005988,CL04868,2024-12-19,Facturation,resolu,1.0
TK005989,CL04869,2025-06-27,Facturation,resolu,3.0
TK005990,CL04870,2025-06-29,Facturation,ouvert,
TK005991,CL04870,2025-09-26,Reseau,abandonne,1.0
TK005992,CL04870,2025-05-18,Offre,abandonne,1.0
TK005993,CL04870,2025-06-20,Offre,ouvert,
TK005994,CL04870,2025-09-13,Reseau,ouvert,
TK005995,CL04870,2025-08-01,Reseau,ouvert,
TK005996,CL04870,2025-08-19,Facturation,abandonne,3.0
TK005997,CL04871,2025-06-06,Materiel,abandonne,1.0
TK005998,CL04873,2024-02-13,Facturation,resolu,1.0
TK005999,CL04874,2024-12-15,Facturation,abandonne,2.0
TK006000,CL04874,2024-05-11,Reseau,abandonne,9.0
TK006001,CL04874,2024-06-18,Reseau,resolu,1.0
TK006002,CL04874,2024-10-14,Facturation,resolu,1.0
TK006003,CL04874,2025-01-17,Reseau,ouvert,
TK006004,CL04875,2024-03-27,Reseau,abandonne,1.0
TK006005,CL04875,2024-06-03,Facturation,abandonne,3.0
TK006006,CL04877,2024-09-13,Reseau,resolu,2.0
TK006007,CL04877,2024-07-26,Reseau,ouvert,
TK006008,CL04877,2024-12-06,Reseau,ouvert,
TK006009,CL04878,2024-11-10,Facturation,ouvert,
TK006010,CL04878,2024-08-07,Offre,ouvert,
TK006011,CL04879,2025-08-27,Facturation,resolu,1.0
TK006012,CL04879,2024-09-18,Offre,resolu,5.0
TK006013,CL04880,2025-06-01,Facturation,resolu,10.0
TK006014,CL04881,2025-09-05,Materiel,resolu,6.0
TK006015,CL04883,2025-12-20,Offre,ouvert,
TK006016,CL04884,2024-09-22,Reseau,ouvert,
TK006017,CL04884,2024-09-06,Reseau,ouvert,
TK006018,CL04884,2024-08-23,Reseau,ouvert,
TK006019,CL04884,2024-09-07,Facturation,ouvert,
TK006020,CL04885,2025-12-20,Materiel,ouvert,
TK006021,CL04885,2025-08-14,Reseau,resolu,5.0
TK006022,CL04885,2025-08-31,Offre,ouvert,
TK006023,CL04885,2025-09-20,Reseau,abandonne,24.0
TK006024,CL04892,2025-01-30,Reseau,resolu,7.0
TK006025,CL04892,2025-05-02,Facturation,resolu,1.0
TK006026,CL04892,2025-06-08,Reseau,resolu,13.0
TK006027,CL04894,2024-06-05,Reseau,ouvert,
TK006028,CL04894,2024-02-29,Facturation,ouvert,
TK006029,CL04894,2024-06-23,Materiel,ouvert,
TK006030,CL04899,2024-10-11,Reseau,resolu,6.0
TK006031,CL04899,2024-09-01,Materiel,abandonne,16.0
TK006032,CL04900,2024-07-13,Offre,ouvert,
TK006033,CL04900,2025-01-21,Reseau,resolu,8.0
TK006034,CL04901,2025-07-08,Reseau,resolu,17.0
TK006035,CL04902,2025-10-26,Facturation,resolu,1.0
TK006036,CL04906,2024-05-03,Materiel,ouvert,
TK006037,CL04908,2025-06-08,Facturation,ouvert,
TK006038,CL04909,2025-10-24,Facturation,ouvert,
TK006039,CL04909,2025-09-05,Offre,resolu,7.0
TK006040,CL04910,2024-08-27,Facturation,resolu,1.0
TK006041,CL04911,2024-03-23,Facturation,resolu,1.0
TK006042,CL04911,2024-09-17,Materiel,abandonne,32.0
TK006043,CL04911,2024-01-16,Reseau,ouvert,
TK006044,CL04913,2024-12-01,Facturation,ouvert,
TK006045,CL04914,2024-05-20,Materiel,ouvert,
TK006046,CL04914,2024-04-06,Reseau,abandonne,42.0
TK006047,CL04914,2024-01-04,Facturation,abandonne,22.0
TK006048,CL04914,2024-01-27,Facturation,ouvert,
TK006049,CL04914,2024-01-01,Materiel,abandonne,9.0
TK006050,CL04914,2024-05-08,Reseau,abandonne,7.0
TK006051,CL04914,2024-01-21,Reseau,ouvert,
TK006052,CL04914,2024-01-09,Reseau,ouvert,
TK006053,CL04914,2024-04-03,Facturation,resolu,1.0
TK006054,CL04916,2025-11-28,Reseau,ouvert,
TK006055,CL04919,2024-09-02,Reseau,ouvert,
TK006056,CL04919,2024-07-21,Facturation,ouvert,
TK006057,CL04919,2024-05-27,Facturation,ouvert,
TK006058,CL04919,2024-02-14,Offre,ouvert,
TK006059,CL04920,2025-10-16,Offre,resolu,7.0
TK006060,CL04922,2024-03-28,Reseau,abandonne,4.0
TK006061,CL04922,2024-03-27,Materiel,ouvert,
TK006062,CL04922,2024-05-13,Offre,abandonne,11.0
TK006063,CL04922,2024-08-02,Reseau,resolu,5.0
TK006064,CL04922,2024-04-13,Reseau,resolu,4.0
TK006065,CL04922,2024-04-20,Materiel,abandonne,1.0
TK006066,CL04922,2024-04-14,Materiel,abandonne,1.0
TK006067,CL04923,2024-03-09,Facturation,resolu,6.0
TK006068,CL04923,2024-03-22,Facturation,resolu,7.0
TK006069,CL04925,2025-04-17,Reseau,ouvert,
TK006070,CL04925,2025-08-03,Facturation,abandonne,9.0
TK006071,CL04926,2024-11-24,Facturation,resolu,1.0
TK006072,CL04926,2025-02-03,Offre,ouvert,
TK006073,CL04927,2025-06-03,Materiel,abandonne,30.0
TK006074,CL04927,2025-04-04,Facturation,ouvert,
TK006075,CL04928,2025-01-05,Reseau,ouvert,
TK006076,CL04928,2025-01-28,Facturation,resolu,1.0
TK006077,CL04928,2024-07-03,Facturation,resolu,2.0
TK006078,CL04929,2025-06-02,Materiel,ouvert,
TK006079,CL04929,2025-09-11,Reseau,abandonne,19.0
TK006080,CL04929,2025-07-23,Facturation,ouvert,
TK006081,CL04930,2024-03-02,Facturation,ouvert,
TK006082,CL04932,2024-01-30,Facturation,abandonne,2.0
TK006083,CL04933,2025-06-13,Facturation,resolu,7.0
TK006084,CL04934,2024-05-28,Facturation,resolu,2.0
TK006085,CL04934,2024-04-24,Materiel,ouvert,
TK006086,CL04934,2024-05-13,Reseau,resolu,1.0
TK006087,CL04934,2024-07-18,Reseau,ouvert,
TK006088,CL04937,2024-10-03,Materiel,resolu,2.0
TK006089,CL04937,2024-07-17,Reseau,resolu,1.0
TK006090,CL04937,2025-10-13,Reseau,resolu,2.0
TK006091,CL04938,2024-09-03,Offre,resolu,3.0
TK006092,CL04938,2024-10-11,Materiel,ouvert,
TK006093,CL04938,2024-06-23,Offre,resolu,16.0
TK006094,CL04938,2024-09-29,Offre,ouvert,
TK006095,CL04938,2024-08-08,Facturation,ouvert,
TK006096,CL04938,2024-10-08,Reseau,resolu,1.0
TK006097,CL04939,2025-03-31,Reseau,ouvert,
TK006098,CL04940,2024-10-22,Reseau,resolu,6.0
TK006099,CL04940,2024-08-30,Facturation,abandonne,1.0
TK006100,CL04942,2024-02-14,Facturation,ouvert,
TK006101,CL04942,2024-01-26,Facturation,resolu,4.0
TK006102,CL04942,2024-03-28,Reseau,abandonne,21.0
TK006103,CL04943,2024-02-23,Reseau,resolu,5.0
TK006104,CL04944,2025-05-12,Facturation,ouvert,
TK006105,CL04945,2025-04-01,Facturation,abandonne,13.0
TK006106,CL04945,2025-06-27,Offre,resolu,4.0
TK006107,CL04948,2024-03-06,Offre,resolu,1.0
TK006108,CL04948,2024-07-15,Facturation,ouvert,
TK006109,CL04948,2024-10-28,Facturation,ouvert,
TK006110,CL04949,2025-08-30,Facturation,resolu,5.0
TK006111,CL04950,2025-05-01,Reseau,ouvert,
TK006112,CL04950,2025-05-27,Reseau,resolu,5.0
TK006113,CL04950,2025-05-05,Facturation,ouvert,
TK006114,CL04952,2025-07-23,Materiel,resolu,10.0
TK006115,CL04952,2025-11-28,Reseau,ouvert,
TK006116,CL04953,2025-04-02,Facturation,resolu,1.0
TK006117,CL04953,2024-05-03,Reseau,resolu,1.0
TK006118,CL04953,2025-05-13,Reseau,resolu,2.0
TK006119,CL04954,2025-03-12,Offre,resolu,1.0
TK006120,CL04955,2025-09-11,Reseau,ouvert,
TK006121,CL04956,2025-06-15,Offre,resolu,1.0
TK006122,CL04956,2024-08-25,Facturation,resolu,1.0
TK006123,CL04957,2024-10-31,Reseau,resolu,2.0
TK006124,CL04958,2024-11-27,Facturation,abandonne,21.0
TK006125,CL04958,2024-10-19,Facturation,ouvert,
TK006126,CL04958,2024-10-25,Reseau,resolu,3.0
TK006127,CL04958,2025-04-14,Reseau,resolu,1.0
TK006128,CL04958,2024-11-03,Reseau,abandonne,1.0
TK006129,CL04959,2024-09-02,Facturation,resolu,2.0
TK006130,CL04959,2024-11-04,Reseau,ouvert,
TK006131,CL04959,2024-11-28,Reseau,ouvert,
TK006132,CL04961,2025-08-13,Facturation,abandonne,2.0
TK006133,CL04961,2025-10-23,Reseau,resolu,1.0
TK006134,CL04961,2025-09-07,Reseau,resolu,9.0
TK006135,CL04961,2025-10-02,Facturation,abandonne,1.0
TK006136,CL04963,2024-02-01,Reseau,resolu,5.0
TK006137,CL04964,2024-01-15,Facturation,resolu,1.0
TK006138,CL04964,2024-02-17,Facturation,ouvert,
TK006139,CL04964,2024-01-01,Materiel,ouvert,
TK006140,CL04964,2024-01-04,Reseau,ouvert,
TK006141,CL04964,2024-01-28,Offre,ouvert,
TK006142,CL04968,2024-06-26,Materiel,resolu,12.0
TK006143,CL04969,2025-04-07,Offre,ouvert,
TK006144,CL04970,2025-05-04,Offre,resolu,1.0
TK006145,CL04971,2025-04-04,Offre,resolu,2.0
TK006146,CL04975,2025-05-05,Offre,resolu,1.0
TK006147,CL04976,2025-05-27,Reseau,resolu,1.0
TK006148,CL04976,2025-06-15,Offre,ouvert,
TK006149,CL04976,2025-05-31,Reseau,ouvert,
TK006150,CL04978,2025-12-26,Reseau,resolu,1.0
TK006151,CL04978,2025-02-28,Offre,resolu,4.0
TK006152,CL04979,2024-01-11,Materiel,resolu,1.0
TK006153,CL04979,2025-02-23,Reseau,resolu,2.0
TK006154,CL04979,2025-09-21,Facturation,resolu,1.0
TK006155,CL04981,2025-11-08,Reseau,resolu,9.0
TK006156,CL04981,2024-12-02,Facturation,resolu,2.0
TK006157,CL04983,2025-06-09,Reseau,resolu,1.0
TK006158,CL04985,2025-03-30,Offre,abandonne,2.0
TK006159,CL04989,2025-12-27,Reseau,resolu,2.0
TK006160,CL04990,2024-04-21,Facturation,ouvert,
TK006161,CL04990,2024-02-19,Materiel,ouvert,
TK006162,CL04990,2024-03-19,Offre,abandonne,15.0
TK006163,CL04991,2025-12-03,Reseau,resolu,4.0
TK006164,CL04995,2025-09-13,Reseau,resolu,1.0
TK006165,CL04995,2025-01-09,Offre,ouvert,
TK006166,CL04995,2025-01-06,Reseau,abandonne,13.0
TK006167,CL04995,2025-06-10,Reseau,ouvert,
TK006168,CL04996,2025-02-12,Facturation,resolu,5.0
TK006169,CL04997,2025-11-05,Reseau,abandonne,3.0
TK006170,CL04997,2025-11-05,Reseau,resolu,7.0
TK006171,CL05000,2024-04-30,Offre,ouvert,
TK006172,CL05000,2024-10-31,Reseau,abandonne,4.0
TK006173,CL05000,2024-11-22,Materiel,abandonne,39.0
TK006174,CL05000,2024-09-18,Facturation,ouvert,
TK006175,CL05000,2024-06-15,Offre,resolu,2.0
TK006176,CL05001,2025-03-09,Facturation,abandonne,10.0
TK006177,CL05001,2024-04-05,Facturation,resolu,2.0
TK006178,CL05002,2025-04-04,Offre,resolu,2.0
TK006179,CL05003,2025-11-29,Offre,resolu,1.0
TK006180,CL05003,2024-12-27,Reseau,ouvert,
TK006181,CL05004,2025-03-22,Materiel,resolu,1.0
TK006182,CL05006,2024-03-20,Reseau,ouvert,
TK006183,CL05009,2024-05-11,Offre,ouvert,
TK006184,CL05009,2024-07-12,Reseau,abandonne,1.0
TK006185,CL05010,2024-07-02,Facturation,resolu,7.0
TK006186,CL05011,2025-08-12,Offre,ouvert,
TK006187,CL05012,2024-01-12,Reseau,ouvert,
TK006188,CL05012,2024-01-03,Reseau,resolu,3.0
TK006189,CL05012,2024-01-10,Reseau,ouvert,
TK006190,CL05012,2024-01-16,Materiel,ouvert,
TK006191,CL05015,2025-10-15,Facturation,ouvert,
TK006192,CL05015,2024-08-05,Reseau,abandonne,4.0
TK006193,CL05016,2025-01-13,Offre,ouvert,
TK006194,CL05017,2024-10-15,Facturation,resolu,10.0
TK006195,CL05019,2025-11-05,Offre,resolu,1.0
TK006196,CL05019,2025-07-08,Reseau,abandonne,57.0
TK006197,CL05020,2024-04-26,Facturation,ouvert,
TK006198,CL05020,2024-03-18,Facturation,resolu,11.0
TK006199,CL05025,2025-10-27,Materiel,resolu,1.0
TK006200,CL05026,2025-03-14,Offre,ouvert,
TK006201,CL05026,2025-02-27,Materiel,ouvert,
TK006202,CL05028,2024-12-07,Materiel,resolu,5.0
TK006203,CL05029,2024-11-23,Reseau,resolu,6.0
TK006204,CL05029,2024-11-18,Offre,abandonne,10.0
TK006205,CL05030,2024-05-08,Offre,resolu,1.0
TK006206,CL05031,2025-03-08,Offre,resolu,2.0
TK006207,CL05036,2025-08-30,Offre,ouvert,
TK006208,CL05037,2025-09-10,Offre,abandonne,43.0
TK006209,CL05037,2025-06-18,Reseau,abandonne,1.0
TK006210,CL05038,2024-12-07,Offre,resolu,2.0
TK006211,CL05039,2025-09-30,Reseau,resolu,1.0
TK006212,CL05039,2025-08-14,Reseau,resolu,7.0
TK006213,CL05041,2025-03-30,Reseau,resolu,-4.0
TK006214,CL05043,2025-07-02,Materiel,resolu,1.0
TK006215,CL05044,2024-09-23,Reseau,resolu,3.0
TK006216,CL05046,2024-11-18,Offre,resolu,6.0
TK006217,CL05048,2024-12-25,Reseau,resolu,1.0
TK006218,CL05048,2025-09-23,Reseau,resolu,7.0
TK006219,CL05052,2024-04-20,Reseau,ouvert,
TK006220,CL05052,2024-03-30,Offre,ouvert,
TK006221,CL05052,2024-04-22,Reseau,resolu,2.0
TK006222,CL05058,2024-12-09,Reseau,resolu,6.0
TK006223,CL05058,2025-04-27,Reseau,resolu,1.0
TK006224,CL05062,2025-11-20,Offre,resolu,1.0
TK006225,CL05065,2024-05-10,Facturation,resolu,2.0
TK006226,CL05067,2025-03-28,Facturation,resolu,1.0
TK006227,CL05068,2025-05-08,Offre,abandonne,5.0
TK006228,CL05070,2025-08-28,Reseau,ouvert,
TK006229,CL05072,2024-02-18,Materiel,resolu,1.0
TK006230,CL05072,2024-09-05,Reseau,ouvert,
TK006231,CL05072,2025-12-01,Reseau,resolu,4.0
TK006232,CL05072,2024-02-08,Reseau,resolu,5.0
TK006233,CL05073,2025-11-14,Reseau,resolu,1.0
TK006234,CL05073,2025-11-09,Reseau,resolu,2.0
TK006235,CL05074,2024-01-26,Materiel,resolu,1.0
TK006236,CL05075,2025-08-17,Offre,ouvert,
TK006237,CL05076,2024-11-05,Offre,abandonne,10.0
TK006238,CL05079,2024-11-04,Facturation,resolu,1.0
TK006239,CL05080,2025-12-27,Reseau,ouvert,
TK006240,CL05082,2025-07-13,Offre,ouvert,
TK006241,CL05082,2024-08-22,Facturation,resolu,9.0
TK006242,CL05083,2024-10-23,Reseau,resolu,2.0
TK006243,CL05083,2025-11-29,Reseau,abandonne,13.0
TK006244,CL05084,2025-09-13,Facturation,resolu,5.0
TK006245,CL05084,2025-10-27,Facturation,ouvert,
TK006246,CL05087,2025-06-26,Materiel,resolu,1.0
TK006247,CL05088,2025-08-02,Reseau,resolu,3.0
TK006248,CL05088,2025-06-05,Reseau,resolu,3.0
TK006249,CL05090,2024-07-22,Reseau,ouvert,
TK006250,CL05091,2025-03-18,Offre,ouvert,
TK006251,CL05091,2024-10-26,Facturation,abandonne,4.0
TK006252,CL05091,2024-01-19,Offre,abandonne,5.0
TK006253,CL05091,2024-12-15,Materiel,resolu,1.0
TK006254,CL05091,2024-11-23,Facturation,ouvert,
TK006255,CL05092,2025-11-16,Reseau,resolu,7.0
TK006256,CL05092,2025-06-10,Facturation,ouvert,
TK006257,CL05094,2025-10-16,Facturation,resolu,1.0
TK006258,CL05095,2025-04-07,Offre,resolu,1.0
TK006259,CL05096,2025-12-01,Facturation,resolu,7.0
TK006260,CL05099,2025-09-16,Reseau,ouvert,
TK006261,CL05102,2025-11-14,Materiel,resolu,3.0
TK006262,CL05103,2025-11-18,Offre,resolu,2.0
TK006263,CL05103,2025-10-04,Materiel,abandonne,21.0
TK006264,CL05104,2025-09-29,Facturation,resolu,2.0
TK006265,CL05106,2024-09-22,Materiel,resolu,1.0
TK006266,CL05109,2024-05-06,Reseau,resolu,1.0
TK006267,CL05109,2024-02-08,Reseau,abandonne,10.0
TK006268,CL05112,2025-06-28,Reseau,resolu,1.0
TK006269,CL05113,2025-10-12,Reseau,resolu,1.0
TK006270,CL05114,2025-04-10,Facturation,ouvert,
TK006271,CL05114,2024-12-10,Reseau,resolu,3.0
TK006272,CL05116,2024-02-29,Offre,resolu,11.0
TK006273,CL05117,2025-12-01,Materiel,resolu,1.0
TK006274,CL05120,2025-10-11,Reseau,resolu,6.0
TK006275,CL05120,2025-11-20,Facturation,ouvert,
TK006276,CL05120,2025-12-12,Facturation,abandonne,4.0
TK006277,CL05120,2025-11-12,Materiel,resolu,1.0
TK006278,CL05121,2025-01-10,Reseau,resolu,2.0
TK006279,CL05121,2024-11-21,Facturation,ouvert,
TK006280,CL05123,2024-12-20,Reseau,ouvert,
TK006281,CL05123,2025-01-10,Reseau,abandonne,1.0
TK006282,CL05123,2024-01-26,Facturation,resolu,1.0
TK006283,CL05123,2024-07-16,Reseau,resolu,2.0
TK006284,CL05123,2025-01-30,Reseau,abandonne,20.0
TK006285,CL05123,2024-08-14,Reseau,ouvert,
TK006286,CL05125,2025-08-05,Materiel,resolu,3.0
TK006287,CL05125,2025-05-19,Reseau,ouvert,
TK006288,CL05126,2025-04-09,Materiel,resolu,1.0
TK006289,CL05126,2024-12-12,Reseau,resolu,2.0
TK006290,CL05129,2025-04-01,Reseau,resolu,1.0
TK006291,CL05129,2025-05-17,Offre,resolu,4.0
TK006292,CL05129,2025-04-06,Facturation,resolu,8.0
TK006293,CL05129,2025-07-31,Materiel,ouvert,
TK006294,CL05131,2025-01-13,Reseau,resolu,8.0
TK006295,CL05131,2024-02-29,Reseau,resolu,1.0
TK006296,CL05131,2024-07-20,Reseau,ouvert,
TK006297,CL05131,2024-11-25,Reseau,abandonne,11.0
TK006298,CL05132,2025-12-05,Facturation,resolu,2.0
TK006299,CL05134,2024-03-15,Reseau,resolu,1.0
TK006300,CL05135,2025-08-13,Reseau,resolu,1.0
TK006301,CL05136,2024-07-27,Facturation,resolu,2.0
TK006302,CL05138,2025-10-12,Offre,resolu,1.0
TK006303,CL05140,2025-11-02,Reseau,resolu,24.0
TK006304,CL05140,2024-12-19,Offre,resolu,1.0
TK006305,CL05143,2025-10-18,Offre,resolu,1.0
TK006306,CL05143,2025-09-18,Facturation,resolu,5.0
TK006307,CL05144,2024-01-22,Materiel,abandonne,14.0
TK006308,CL05144,2024-08-18,Reseau,ouvert,
TK006309,CL05144,2024-11-23,Facturation,abandonne,5.0
TK006310,CL05147,2024-10-13,Offre,ouvert,
TK006311,CL05147,2024-03-26,Offre,resolu,2.0
TK006312,CL05148,2025-09-01,Offre,resolu,1.0
TK006313,CL05149,2025-08-20,Offre,resolu,4.0
TK006314,CL05149,2025-05-09,Facturation,resolu,11.0
TK006315,CL05149,2025-02-15,Reseau,resolu,1.0
TK006316,CL05150,2024-02-14,Facturation,resolu,1.0
TK006317,CL05150,2024-08-07,Reseau,ouvert,
TK006318,CL05150,2024-01-26,Reseau,ouvert,
TK006319,CL05151,2024-10-01,Reseau,ouvert,
TK006320,CL05153,2024-03-31,Reseau,resolu,1.0
TK006321,CL05155,2025-04-24,Reseau,resolu,-2.0
TK006322,CL05156,2024-08-15,Reseau,abandonne,6.0
TK006323,CL05156,2024-09-29,Offre,abandonne,3.0
TK006324,CL05159,2024-04-01,Materiel,resolu,3.0
TK006325,CL05159,2024-05-22,Reseau,resolu,1.0
TK006326,CL05161,2024-12-27,Offre,ouvert,
TK006327,CL05161,2024-12-04,Reseau,abandonne,10.0
TK006328,CL05161,2025-03-30,Reseau,ouvert,
TK006329,CL05161,2025-01-04,Materiel,abandonne,12.0
TK006330,CL05161,2025-01-23,Materiel,ouvert,
TK006331,CL05161,2024-12-04,Offre,abandonne,2.0
TK006332,CL05161,2025-01-26,Facturation,abandonne,8.0
TK006333,CL05162,2025-10-14,Materiel,resolu,2.0
TK006334,CL05162,2025-12-08,Facturation,resolu,1.0
TK006335,CL05164,2025-12-12,Reseau,resolu,3.0
TK006336,CL05165,2025-01-11,Facturation,resolu,1.0
TK006337,CL05166,2025-11-21,Materiel,resolu,10.0
TK006338,CL05166,2025-05-09,Offre,resolu,1.0
TK006339,CL05167,2024-05-03,Reseau,resolu,2.0
TK006340,CL05167,2024-04-23,Reseau,ouvert,
TK006341,CL05167,2024-01-28,Reseau,ouvert,
TK006342,CL05167,2024-01-25,Materiel,abandonne,14.0
TK006343,CL05167,2024-04-26,Materiel,abandonne,10.0
TK006344,CL05169,2024-08-26,Materiel,resolu,4.0
TK006345,CL05172,2025-04-01,Reseau,resolu,1.0
TK006346,CL05172,2025-01-24,Offre,resolu,4.0
TK006347,CL05172,2024-11-19,Reseau,resolu,2.0
TK006348,CL05173,2025-02-08,Facturation,resolu,4.0
TK006349,CL05174,2025-05-09,Reseau,abandonne,4.0
TK006350,CL05175,2025-07-04,Reseau,resolu,1.0
TK006351,CL05176,2024-08-24,Reseau,ouvert,
TK006352,CL05176,2024-10-02,Facturation,ouvert,
TK006353,CL05176,2024-08-02,Facturation,resolu,1.0
TK006354,CL05176,2024-07-30,Reseau,ouvert,
TK006355,CL05176,2024-12-09,Materiel,ouvert,
TK006356,CL05179,2025-12-12,Offre,ouvert,
TK006357,CL05179,2025-03-10,Offre,resolu,3.0
TK006358,CL05180,2024-07-13,Reseau,ouvert,
TK006359,CL05183,2024-03-25,Reseau,resolu,1.0
TK006360,CL05183,2025-12-17,Reseau,resolu,1.0
TK006361,CL05185,2024-01-31,Reseau,resolu,6.0
TK006362,CL05185,2024-01-18,Materiel,resolu,1.0
TK006363,CL05186,2024-11-26,Materiel,ouvert,
TK006364,CL05186,2024-11-26,Offre,ouvert,
TK006365,CL05186,2025-01-28,Reseau,ouvert,
TK006366,CL05186,2024-07-13,Offre,ouvert,
TK006367,CL05186,2024-04-23,Reseau,resolu,2.0
TK006368,CL05187,2024-11-10,Facturation,resolu,12.0
TK006369,CL05187,2024-12-10,Offre,resolu,2.0
TK006370,CL05189,2025-06-19,Reseau,ouvert,
TK006371,CL05190,2025-10-19,Facturation,resolu,1.0
TK006372,CL05190,2025-12-04,Offre,ouvert,
TK006373,CL05192,2025-07-08,Offre,resolu,14.0
TK006374,CL05194,2025-07-02,Reseau,resolu,8.0
TK006375,CL05196,2025-11-30,Offre,resolu,1.0
TK006376,CL05196,2024-01-18,Facturation,resolu,3.0
TK006377,CL05197,2025-12-02,Reseau,resolu,2.0
TK006378,CL05200,2025-02-22,Reseau,resolu,3.0
TK006379,CL05202,2025-12-07,Materiel,resolu,2.0
TK006380,CL05202,2025-11-09,Facturation,ouvert,
TK006381,CL05202,2025-09-07,Facturation,resolu,2.0
TK006382,CL05203,2025-09-05,Reseau,resolu,1.0
TK006383,CL05203,2025-10-28,Reseau,resolu,1.0
TK006384,CL05203,2025-07-31,Offre,ouvert,
TK006385,CL05208,2025-10-01,Facturation,resolu,2.0
TK006386,CL05209,2024-09-11,Reseau,resolu,1.0
TK006387,CL05210,2025-12-19,Reseau,resolu,5.0
TK006388,CL05210,2025-04-19,Reseau,resolu,4.0
TK006389,CL05211,2025-11-05,Facturation,resolu,1.0
TK006390,CL05211,2025-06-26,Facturation,resolu,4.0
TK006391,CL05211,2025-09-06,Reseau,ouvert,
TK006392,CL05214,2025-01-21,Reseau,resolu,1.0
TK006393,CL05214,2025-04-14,Facturation,resolu,4.0
TK006394,CL05216,2025-10-21,Materiel,resolu,4.0
TK006395,CL05218,2025-03-15,Reseau,resolu,1.0
TK006396,CL05219,2024-11-17,Offre,resolu,1.0
TK006397,CL05219,2024-07-13,Reseau,ouvert,
TK006398,CL05220,2025-10-19,Reseau,resolu,5.0
TK006399,CL05220,2025-10-26,Reseau,ouvert,
TK006400,CL05221,2024-09-27,Reseau,resolu,7.0
TK006401,CL05223,2025-04-21,Reseau,ouvert,
TK006402,CL05223,2024-09-29,Reseau,abandonne,40.0
TK006403,CL05226,2025-06-25,Facturation,ouvert,
TK006404,CL05228,2024-09-15,Reseau,abandonne,48.0
TK006405,CL05228,2025-03-11,Reseau,resolu,1.0
TK006406,CL05229,2025-03-12,Reseau,ouvert,
TK006407,CL05229,2025-07-29,Facturation,resolu,6.0
TK006408,CL05230,2024-07-17,Facturation,resolu,9.0
TK006409,CL05231,2025-05-03,Reseau,resolu,1.0
TK006410,CL05235,2025-01-30,Reseau,ouvert,
TK006411,CL05238,2025-10-06,Facturation,resolu,2.0
TK006412,CL05240,2025-10-20,Reseau,resolu,4.0
TK006413,CL05240,2025-08-16,Reseau,resolu,2.0
TK006414,CL05241,2025-04-24,Reseau,ouvert,
TK006415,CL05241,2025-07-22,Materiel,ouvert,
TK006416,CL05242,2025-05-15,Reseau,resolu,2.0
TK006417,CL05244,2024-11-01,Reseau,resolu,5.0
TK006418,CL05244,2024-09-12,Reseau,resolu,7.0
TK006419,CL05245,2024-02-17,Facturation,abandonne,12.0
TK006420,CL05245,2024-07-20,Reseau,resolu,2.0
TK006421,CL05245,2024-06-29,Facturation,abandonne,17.0
TK006422,CL05248,2024-05-10,Materiel,ouvert,
TK006423,CL05248,2024-10-20,Offre,abandonne,24.0
TK006424,CL05249,2025-06-15,Reseau,resolu,5.0
TK006425,CL05249,2025-07-21,Materiel,ouvert,
TK006426,CL05251,2024-09-02,Reseau,ouvert,
TK006427,CL05251,2024-09-24,Reseau,resolu,2.0
TK006428,CL05253,2024-03-08,Reseau,ouvert,
TK006429,CL05253,2024-05-28,Facturation,resolu,1.0
TK006430,CL05253,2024-01-26,Reseau,abandonne,16.0
TK006431,CL05253,2024-02-26,Facturation,ouvert,
TK006432,CL05253,2024-01-21,Facturation,abandonne,16.0
TK006433,CL05255,2025-05-28,Offre,resolu,2.0
TK006434,CL05255,2025-10-28,Reseau,resolu,10.0
TK006435,CL05257,2025-07-27,Materiel,abandonne,23.0
TK006436,CL05259,2025-11-21,Reseau,resolu,2.0
TK006437,CL05259,2024-03-16,Reseau,resolu,3.0
TK006438,CL05259,2025-05-16,Offre,ouvert,
TK006439,CL05262,2025-08-12,Facturation,abandonne,-47.0
TK006440,CL05263,2025-07-22,Offre,resolu,4.0
TK006441,CL05264,2024-11-03,Offre,resolu,-3.0
TK006442,CL05264,2025-05-22,Facturation,abandonne,10.0
TK006443,CL05264,2024-09-22,Materiel,resolu,1.0
TK006444,CL05264,2024-12-22,Reseau,abandonne,5.0
TK006445,CL05264,2024-12-05,Reseau,ouvert,
TK006446,CL05265,2025-02-16,Reseau,resolu,1.0
TK006447,CL05266,2024-09-18,Offre,ouvert,
TK006448,CL05266,2024-10-21,Reseau,resolu,3.0
TK006449,CL05266,2024-09-04,Reseau,ouvert,
TK006450,CL05267,2025-08-08,Reseau,resolu,1.0
TK006451,CL05267,2025-08-07,Facturation,abandonne,52.0
TK006452,CL05268,2024-05-19,Materiel,resolu,2.0
TK006453,CL05271,2025-05-01,Reseau,resolu,3.0
TK006454,CL05271,2025-05-15,Reseau,resolu,1.0
TK006455,CL05271,2024-10-20,Reseau,resolu,11.0
TK006456,CL05272,2025-11-16,Materiel,ouvert,
TK006457,CL05273,2025-11-11,Facturation,resolu,3.0
TK006458,CL05274,2025-12-16,Reseau,resolu,1.0
TK006459,CL05274,2024-07-18,Facturation,resolu,11.0
TK006460,CL05274,2025-02-10,Materiel,resolu,1.0
TK006461,CL05276,2025-11-30,Reseau,resolu,1.0
TK006462,CL05278,2025-10-04,Reseau,ouvert,
TK006463,CL05279,2024-04-07,Reseau,resolu,5.0
TK006464,CL05279,2024-10-04,Reseau,abandonne,1.0
TK006465,CL05280,2025-09-24,Materiel,resolu,6.0
TK006466,CL05281,2025-12-25,Facturation,resolu,1.0
TK006467,CL05281,2025-10-25,Reseau,resolu,1.0
TK006468,CL05282,2025-10-26,Reseau,ouvert,
TK006469,CL05282,2025-09-05,Materiel,abandonne,7.0
TK006470,CL05282,2025-09-03,Facturation,ouvert,
TK006471,CL05284,2024-12-13,Materiel,ouvert,
TK006472,CL05284,2024-03-09,Facturation,resolu,2.0
TK006473,CL05284,2024-10-31,Reseau,abandonne,8.0
TK006474,CL05285,2024-06-07,Facturation,resolu,1.0
TK006475,CL05286,2025-08-10,Facturation,ouvert,
TK006476,CL05290,2025-04-04,Facturation,resolu,4.0
TK006477,CL05290,2025-06-29,Reseau,resolu,9.0
TK006478,CL05292,2025-10-14,Offre,resolu,1.0
TK006479,CL05293,2024-04-13,Facturation,ouvert,
TK006480,CL05294,2024-03-31,Reseau,resolu,11.0
TK006481,CL05295,2024-01-30,Materiel,ouvert,
TK006482,CL05295,2024-03-05,Reseau,abandonne,4.0
TK006483,CL05295,2024-01-20,Materiel,ouvert,
TK006484,CL05295,2024-02-03,Facturation,resolu,1.0
TK006485,CL05297,2025-11-26,Offre,resolu,1.0
TK006486,CL05297,2025-11-05,Reseau,resolu,4.0
TK006487,CL05297,2025-10-14,Reseau,ouvert,
TK006488,CL05297,2025-11-18,Reseau,resolu,5.0
TK006489,CL05298,2025-10-13,Reseau,resolu,1.0
TK006490,CL05299,2024-10-05,Offre,resolu,3.0
TK006491,CL05304,2024-02-28,Materiel,ouvert,
TK006492,CL05305,2025-12-03,Offre,resolu,2.0
TK006493,CL05306,2024-03-30,Facturation,resolu,1.0
TK006494,CL05306,2025-10-27,Facturation,resolu,4.0
TK006495,CL05306,2024-08-02,Facturation,ouvert,
TK006496,CL05307,2025-02-04,Facturation,abandonne,5.0
TK006497,CL05307,2024-10-21,Reseau,abandonne,4.0
TK006498,CL05307,2025-02-12,Reseau,resolu,5.0
TK006499,CL05307,2025-03-03,Materiel,ouvert,
TK006500,CL05307,2024-11-07,Facturation,ouvert,
TK006501,CL05308,2024-03-18,Facturation,ouvert,
TK006502,CL05308,2024-03-06,Reseau,resolu,1.0
TK006503,CL05309,2024-08-29,Facturation,resolu,3.0
TK006504,CL05310,2025-06-13,Materiel,resolu,5.0
TK006505,CL05312,2025-07-07,Offre,abandonne,4.0
TK006506,CL05312,2025-05-20,Facturation,abandonne,25.0
TK006507,CL05312,2024-02-27,Facturation,ouvert,
TK006508,CL05312,2024-12-30,Facturation,resolu,1.0
TK006509,CL05312,2025-08-06,Materiel,resolu,1.0
TK006510,CL05313,2024-08-03,Materiel,resolu,-1.0
TK006511,CL05313,2024-11-25,Facturation,resolu,1.0
TK006512,CL05313,2025-11-04,Materiel,resolu,1.0
TK006513,CL05315,2024-03-29,Materiel,abandonne,16.0
TK006514,CL05315,2024-04-05,Materiel,ouvert,
TK006515,CL05315,2024-01-07,Offre,ouvert,
TK006516,CL05315,2024-04-18,Offre,abandonne,1.0
TK006517,CL05316,2025-04-05,Reseau,resolu,1.0
TK006518,CL05317,2025-11-29,Reseau,ouvert,
TK006519,CL05319,2025-11-19,Offre,resolu,1.0
TK006520,CL05321,2025-10-02,Reseau,resolu,-2.0
TK006521,CL05323,2025-11-30,Reseau,resolu,2.0
TK006522,CL05324,2024-02-08,Reseau,abandonne,9.0
TK006523,CL05326,2024-12-19,Reseau,resolu,1.0
TK006524,CL05327,2025-02-06,Materiel,resolu,1.0
TK006525,CL05328,2025-06-04,Reseau,resolu,1.0
TK006526,CL05328,2025-10-28,Reseau,ouvert,
TK006527,CL05330,2025-10-14,Offre,ouvert,
TK006528,CL05330,2025-08-27,Facturation,resolu,3.0
TK006529,CL05330,2025-10-10,Reseau,ouvert,
TK006530,CL05331,2024-02-25,Materiel,resolu,14.0
TK006531,CL05332,2024-03-26,Facturation,ouvert,
TK006532,CL05332,2024-06-03,Reseau,ouvert,
TK006533,CL05333,2024-01-30,Reseau,ouvert,
TK006534,CL05334,2025-08-29,Reseau,resolu,2.0
TK006535,CL05334,2025-08-01,Facturation,resolu,1.0
TK006536,CL05335,2025-06-01,Reseau,resolu,17.0
TK006537,CL05336,2024-05-17,Reseau,resolu,1.0
TK006538,CL05337,2024-07-18,Reseau,abandonne,9.0
TK006539,CL05337,2025-07-31,Facturation,ouvert,
TK006540,CL05337,2024-09-12,Reseau,abandonne,30.0
TK006541,CL05338,2025-03-19,Materiel,resolu,1.0
TK006542,CL05338,2024-07-10,Materiel,ouvert,
TK006543,CL05339,2025-01-22,Reseau,resolu,5.0
TK006544,CL05341,2025-08-20,Reseau,resolu,3.0
TK006545,CL05343,2025-02-27,Facturation,ouvert,
TK006546,CL05344,2025-09-01,Reseau,resolu,1.0
TK006547,CL05345,2025-11-25,Offre,resolu,1.0
TK006548,CL05346,2024-09-13,Facturation,resolu,4.0
TK006549,CL05346,2024-07-24,Reseau,abandonne,9.0
TK006550,CL05346,2024-08-30,Reseau,resolu,4.0
TK006551,CL05346,2024-01-28,Reseau,ouvert,
TK006552,CL05346,2024-07-26,Facturation,ouvert,
TK006553,CL05350,2024-09-12,Reseau,resolu,4.0
TK006554,CL05350,2025-06-05,Reseau,resolu,4.0
TK006555,CL05351,2025-10-12,Facturation,resolu,14.0
TK006556,CL05353,2024-05-27,Facturation,resolu,9.0
TK006557,CL05353,2024-03-01,Offre,ouvert,
TK006558,CL05356,2024-02-06,Reseau,resolu,2.0
TK006559,CL05356,2024-08-05,Offre,resolu,9.0
TK006560,CL05357,2025-03-13,Facturation,ouvert,
TK006561,CL05357,2024-04-18,Offre,ouvert,
TK006562,CL05359,2025-08-27,Reseau,resolu,6.0
TK006563,CL05360,2024-05-16,Facturation,abandonne,17.0
TK006564,CL05361,2025-02-12,Facturation,resolu,12.0
TK006565,CL05362,2025-07-31,Reseau,resolu,1.0
TK006566,CL05362,2025-06-21,Materiel,ouvert,
TK006567,CL05362,2024-09-09,Materiel,ouvert,
TK006568,CL05364,2024-10-22,Reseau,resolu,1.0
TK006569,CL05365,2025-04-16,Offre,ouvert,
TK006570,CL05365,2024-03-30,Reseau,resolu,5.0
TK006571,CL05365,2024-04-20,Offre,resolu,1.0
TK006572,CL05366,2025-03-05,Reseau,abandonne,16.0
TK006573,CL05366,2025-01-23,Reseau,resolu,7.0
TK006574,CL05367,2024-01-03,Materiel,ouvert,
TK006575,CL05368,2024-06-03,Reseau,resolu,5.0
TK006576,CL05368,2024-03-07,Reseau,ouvert,
TK006577,CL05369,2024-12-01,Facturation,abandonne,36.0
TK006578,CL05369,2024-09-25,Materiel,resolu,5.0
TK006579,CL05370,2025-11-24,Reseau,abandonne,5.0
TK006580,CL05370,2025-12-01,Facturation,abandonne,14.0
TK006581,CL05371,2025-03-03,Reseau,resolu,3.0
TK006582,CL05372,2024-02-16,Offre,ouvert,
TK006583,CL05372,2024-09-03,Offre,ouvert,
TK006584,CL05372,2024-06-10,Facturation,resolu,5.0
TK006585,CL05373,2025-07-26,Reseau,ouvert,
TK006586,CL05373,2025-09-27,Facturation,resolu,2.0
TK006587,CL05374,2024-03-09,Materiel,resolu,1.0
TK006588,CL05375,2024-10-15,Offre,ouvert,
TK006589,CL05375,2024-01-15,Offre,resolu,2.0
TK006590,CL05375,2024-02-03,Reseau,ouvert,
TK006591,CL05376,2025-01-14,Reseau,abandonne,4.0
TK006592,CL05377,2024-12-03,Reseau,ouvert,
TK006593,CL05377,2025-07-29,Offre,resolu,1.0
TK006594,CL05378,2025-02-07,Facturation,resolu,5.0
TK006595,CL05378,2025-05-26,Facturation,resolu,1.0
TK006596,CL05380,2025-08-01,Materiel,resolu,-3.0
TK006597,CL05380,2024-06-23,Facturation,resolu,2.0
TK006598,CL05381,2024-02-05,Facturation,resolu,3.0
TK006599,CL05382,2025-03-06,Reseau,abandonne,3.0
TK006600,CL05382,2025-01-21,Offre,ouvert,
TK006601,CL05384,2025-06-26,Reseau,resolu,1.0
TK006602,CL05387,2024-09-24,Reseau,resolu,1.0
TK006603,CL05388,2024-07-25,Reseau,resolu,2.0
TK006604,CL05388,2025-06-12,Reseau,resolu,4.0
TK006605,CL05389,2025-09-02,Reseau,ouvert,
TK006606,CL05392,2024-09-23,Materiel,resolu,1.0
TK006607,CL05393,2024-12-12,Offre,resolu,1.0
TK006608,CL05394,2024-12-02,Reseau,ouvert,
TK006609,CL05394,2025-02-17,Facturation,resolu,2.0
TK006610,CL05394,2025-06-29,Reseau,resolu,4.0
TK006611,CL05395,2024-02-26,Reseau,resolu,12.0
TK006612,CL05395,2024-09-19,Facturation,ouvert,
TK006613,CL05395,2024-05-12,Facturation,resolu,5.0
TK006614,CL05397,2025-11-01,Reseau,resolu,1.0
TK006615,CL05398,2024-02-01,Reseau,abandonne,3.0
TK006616,CL05401,2024-11-10,Reseau,resolu,3.0
TK006617,CL05402,2025-10-23,Reseau,ouvert,
TK006618,CL05404,2024-04-05,Reseau,abandonne,13.0
TK006619,CL05404,2024-02-01,Offre,ouvert,
TK006620,CL05404,2024-01-10,Offre,ouvert,
TK006621,CL05405,2025-08-29,Offre,resolu,5.0
TK006622,CL05406,2024-02-01,Reseau,resolu,4.0
TK006623,CL05406,2024-01-10,Reseau,abandonne,2.0
TK006624,CL05406,2024-02-26,Reseau,ouvert,
TK006625,CL05407,2025-06-03,Reseau,ouvert,
TK006626,CL05407,2024-12-23,Facturation,ouvert,
TK006627,CL05408,2025-05-29,Materiel,resolu,6.0
TK006628,CL05411,2025-03-03,Offre,abandonne,1.0
TK006629,CL05411,2025-03-09,Facturation,resolu,1.0
TK006630,CL05411,2025-02-04,Facturation,abandonne,6.0
TK006631,CL05412,2025-07-20,Materiel,ouvert,
TK006632,CL05412,2025-06-16,Facturation,abandonne,4.0
TK006633,CL05414,2024-12-26,Reseau,ouvert,
TK006634,CL05415,2025-04-29,Offre,ouvert,
TK006635,CL05415,2024-06-11,Offre,ouvert,
TK006636,CL05417,2024-01-15,Materiel,ouvert,
TK006637,CL05417,2024-01-01,Reseau,ouvert,
TK006638,CL05418,2025-09-29,Reseau,resolu,4.0
TK006639,CL05418,2025-10-30,Reseau,resolu,7.0
TK006640,CL05419,2025-06-30,Facturation,resolu,2.0
TK006641,CL05419,2025-05-16,Facturation,ouvert,
TK006642,CL05420,2024-06-19,Reseau,ouvert,
TK006643,CL05420,2024-04-01,Facturation,ouvert,
TK006644,CL05422,2025-08-27,Facturation,resolu,8.0
TK006645,CL05422,2024-06-06,Facturation,ouvert,
TK006646,CL05423,2025-10-06,Reseau,ouvert,
TK006647,CL05424,2025-10-10,Facturation,resolu,1.0
TK006648,CL05424,2025-08-11,Offre,resolu,7.0
TK006649,CL05425,2024-01-02,Offre,abandonne,3.0
TK006650,CL05425,2024-01-05,Reseau,ouvert,
TK006651,CL05426,2024-05-08,Facturation,resolu,5.0
TK006652,CL05426,2025-08-14,Facturation,resolu,8.0
TK006653,CL05429,2025-03-07,Facturation,ouvert,
TK006654,CL05432,2024-01-14,Reseau,abandonne,1.0
TK006655,CL05436,2024-07-29,Reseau,resolu,3.0
TK006656,CL05439,2025-08-02,Reseau,resolu,1.0
TK006657,CL05440,2025-03-27,Facturation,resolu,4.0
TK006658,CL05440,2025-09-27,Materiel,resolu,1.0
TK006659,CL05441,2025-05-04,Reseau,resolu,8.0
TK006660,CL05441,2025-05-16,Reseau,resolu,1.0
TK006661,CL05443,2024-03-03,Reseau,resolu,1.0
TK006662,CL05444,2025-09-25,Reseau,resolu,3.0
TK006663,CL05446,2025-10-04,Offre,ouvert,
TK006664,CL05446,2025-08-23,Offre,resolu,4.0
TK006665,CL05449,2024-09-04,Reseau,resolu,7.0
TK006666,CL05450,2024-12-09,Offre,resolu,-3.0
TK006667,CL05452,2024-11-04,Materiel,resolu,1.0
TK006668,CL05454,2024-12-26,Materiel,resolu,1.0
TK006669,CL05454,2025-06-22,Reseau,ouvert,
TK006670,CL05454,2025-03-21,Reseau,resolu,2.0
TK006671,CL05456,2025-12-25,Reseau,resolu,3.0
TK006672,CL05460,2025-12-30,Reseau,resolu,13.0
TK006673,CL05460,2025-05-18,Reseau,resolu,5.0
TK006674,CL05461,2024-02-17,Facturation,resolu,5.0
TK006675,CL05461,2024-01-16,Reseau,resolu,1.0
TK006676,CL05461,2024-01-09,Offre,resolu,1.0
TK006677,CL05462,2025-09-28,Reseau,resolu,-1.0
TK006678,CL05462,2025-12-01,Materiel,resolu,7.0
TK006679,CL05464,2025-11-06,Facturation,resolu,3.0
TK006680,CL05464,2024-08-29,Reseau,resolu,5.0
TK006681,CL05467,2025-11-21,Facturation,resolu,6.0
TK006682,CL05469,2025-06-02,Reseau,resolu,10.0
TK006683,CL05471,2025-09-10,Reseau,resolu,3.0
TK006684,CL05473,2025-11-28,Materiel,resolu,4.0
TK006685,CL05473,2025-08-15,Materiel,resolu,2.0
TK006686,CL05474,2025-04-02,Facturation,resolu,9.0
TK006687,CL05476,2025-04-27,Reseau,abandonne,7.0
TK006688,CL05477,2025-06-08,Offre,ouvert,
TK006689,CL05478,2025-09-02,Materiel,resolu,1.0
TK006690,CL05479,2025-01-06,Reseau,resolu,1.0
TK006691,CL05481,2025-04-11,Reseau,resolu,1.0
TK006692,CL05483,2025-10-26,Reseau,resolu,2.0
TK006693,CL05483,2025-07-05,Materiel,resolu,1.0
TK006694,CL05483,2025-03-30,Reseau,ouvert,
TK006695,CL05483,2025-05-03,Offre,resolu,1.0
TK006696,CL05487,2025-04-26,Offre,resolu,1.0
TK006697,CL05488,2024-03-11,Facturation,ouvert,
TK006698,CL05488,2024-07-21,Facturation,resolu,7.0
TK006699,CL05488,2024-10-25,Reseau,resolu,3.0
TK006700,CL05489,2024-02-04,Facturation,abandonne,4.0
TK006701,CL05490,2025-10-04,Reseau,resolu,1.0
TK006702,CL05491,2025-01-06,Offre,resolu,11.0
TK006703,CL05492,2025-05-29,Reseau,resolu,4.0
TK006704,CL05492,2024-06-19,Facturation,resolu,1.0
TK006705,CL05493,2024-06-13,Materiel,ouvert,
TK006706,CL05493,2024-07-20,Facturation,ouvert,
TK006707,CL05493,2024-07-20,Facturation,ouvert,
TK006708,CL05495,2024-01-12,Offre,resolu,1.0
TK006709,CL05495,2024-02-08,Materiel,ouvert,
TK006710,CL05496,2025-12-15,Offre,resolu,2.0
TK006711,CL05496,2025-10-26,Materiel,ouvert,
TK006712,CL05497,2024-04-18,Materiel,resolu,-1.0
TK006713,CL05497,2024-12-15,Reseau,resolu,5.0
TK006714,CL05500,2024-12-12,Materiel,resolu,8.0
TK006715,CL05502,2024-03-20,Reseau,ouvert,
TK006716,CL05502,2024-08-14,Facturation,ouvert,
TK006717,CL05502,2024-11-26,Facturation,ouvert,
TK006718,CL05502,2024-04-26,Materiel,ouvert,
TK006719,CL05503,2025-10-21,Reseau,resolu,15.0
TK006720,CL05503,2025-09-02,Offre,resolu,1.0
TK006721,CL05504,2024-07-12,Reseau,ouvert,
TK006722,CL05505,2024-10-12,Reseau,ouvert,
TK006723,CL05505,2024-12-16,Facturation,ouvert,
TK006724,CL05506,2025-08-19,Reseau,ouvert,
TK006725,CL05507,2025-06-04,Facturation,resolu,14.0
TK006726,CL05508,2025-11-09,Reseau,ouvert,
TK006727,CL05509,2024-06-21,Reseau,abandonne,4.0
TK006728,CL05510,2024-05-28,Facturation,resolu,1.0
TK006729,CL05510,2024-05-23,Facturation,ouvert,
TK006730,CL05510,2024-01-16,Facturation,abandonne,27.0
TK006731,CL05514,2024-12-19,Offre,resolu,7.0
TK006732,CL05514,2024-08-18,Reseau,resolu,1.0
TK006733,CL05515,2024-07-14,Reseau,resolu,5.0
TK006734,CL05515,2025-07-26,Facturation,ouvert,
TK006735,CL05515,2025-07-24,Facturation,ouvert,
TK006736,CL05516,2025-05-30,Offre,resolu,2.0
TK006737,CL05517,2025-10-14,Reseau,resolu,3.0
TK006738,CL05517,2025-08-21,Reseau,resolu,13.0
TK006739,CL05517,2025-07-10,Facturation,resolu,1.0
TK006740,CL05518,2025-10-23,Reseau,resolu,2.0
TK006741,CL05521,2025-07-23,Facturation,resolu,3.0
TK006742,CL05523,2024-05-19,Facturation,resolu,1.0
TK006743,CL05524,2024-04-13,Offre,resolu,2.0
TK006744,CL05525,2024-12-03,Facturation,resolu,10.0
TK006745,CL05525,2025-11-12,Facturation,resolu,1.0
TK006746,CL05526,2025-05-11,Reseau,resolu,1.0
TK006747,CL05526,2025-05-21,Reseau,abandonne,2.0
TK006748,CL05526,2025-03-06,Reseau,ouvert,
TK006749,CL05526,2025-05-18,Reseau,resolu,1.0
TK006750,CL05526,2025-03-20,Facturation,ouvert,
TK006751,CL05527,2025-12-30,Facturation,ouvert,
TK006752,CL05529,2025-08-06,Offre,ouvert,
TK006753,CL05531,2024-11-16,Facturation,resolu,1.0
TK006754,CL05532,2024-05-03,Reseau,resolu,1.0
TK006755,CL05534,2025-08-30,Reseau,resolu,1.0
TK006756,CL05535,2024-11-28,Offre,abandonne,1.0
TK006757,CL05536,2025-06-04,Reseau,resolu,1.0
TK006758,CL05537,2024-08-18,Reseau,resolu,1.0
TK006759,CL05539,2024-01-18,Reseau,resolu,2.0
TK006760,CL05539,2024-01-16,Offre,abandonne,28.0
TK006761,CL05539,2024-02-23,Facturation,ouvert,
TK006762,CL05539,2024-03-09,Reseau,resolu,2.0
TK006763,CL05539,2024-01-17,Reseau,abandonne,11.0
TK006764,CL05539,2024-04-15,Facturation,ouvert,
TK006765,CL05540,2024-01-31,Facturation,ouvert,
TK006766,CL05540,2025-01-08,Reseau,abandonne,7.0
TK006767,CL05540,2024-03-20,Offre,resolu,4.0
TK006768,CL05542,2024-02-16,Reseau,abandonne,3.0
TK006769,CL05542,2024-02-21,Reseau,ouvert,
TK006770,CL05543,2025-03-24,Facturation,resolu,1.0
TK006771,CL05547,2025-03-24,Facturation,resolu,1.0
TK006772,CL05547,2024-10-24,Reseau,resolu,5.0
TK006773,CL05549,2025-11-29,Materiel,resolu,1.0
TK006774,CL05550,2025-04-22,Materiel,resolu,7.0
TK006775,CL05552,2024-08-23,Facturation,abandonne,12.0
TK006776,CL05553,2024-03-11,Offre,resolu,1.0
TK006777,CL05554,2025-04-09,Materiel,abandonne,11.0
TK006778,CL05554,2025-11-30,Offre,resolu,6.0
TK006779,CL05554,2025-04-12,Materiel,resolu,1.0
TK006780,CL05554,2025-11-15,Facturation,resolu,1.0
TK006781,CL05556,2024-01-11,Reseau,resolu,2.0
TK006782,CL05556,2024-02-05,Offre,ouvert,
TK006783,CL05556,2024-02-01,Facturation,ouvert,
TK006784,CL05557,2024-08-08,Offre,ouvert,
TK006785,CL05557,2025-12-31,Reseau,resolu,8.0
TK006786,CL05558,2025-02-03,Reseau,ouvert,
TK006787,CL05559,2025-08-20,Reseau,resolu,1.0
TK006788,CL05560,2024-05-13,Reseau,resolu,5.0
TK006789,CL05563,2025-11-18,Offre,resolu,2.0
TK006790,CL05564,2024-07-30,Reseau,ouvert,
TK006791,CL05565,2024-08-19,Offre,resolu,1.0
TK006792,CL05565,2024-08-18,Offre,ouvert,
TK006793,CL05565,2024-10-04,Reseau,ouvert,
TK006794,CL05566,2024-01-16,Offre,resolu,7.0
TK006795,CL05567,2025-12-24,Reseau,resolu,1.0
TK006796,CL05568,2024-04-28,Reseau,resolu,6.0
TK006797,CL05568,2024-03-14,Reseau,resolu,1.0
TK006798,CL05570,2024-03-30,Reseau,abandonne,24.0
TK006799,CL05570,2024-04-27,Facturation,ouvert,
TK006800,CL05571,2024-08-10,Reseau,resolu,2.0
TK006801,CL05572,2025-11-04,Reseau,abandonne,13.0
TK006802,CL05572,2025-10-01,Reseau,ouvert,
TK006803,CL05574,2024-07-09,Reseau,abandonne,8.0
TK006804,CL05574,2024-04-13,Reseau,abandonne,4.0
TK006805,CL05574,2024-08-24,Reseau,resolu,4.0
TK006806,CL05574,2024-06-28,Reseau,abandonne,2.0
TK006807,CL05574,2024-06-11,Reseau,resolu,18.0
TK006808,CL05574,2024-07-25,Reseau,ouvert,
TK006809,CL05575,2024-08-08,Reseau,resolu,17.0
TK006810,CL05576,2025-05-23,Reseau,ouvert,
TK006811,CL05576,2024-07-10,Reseau,resolu,2.0
TK006812,CL05577,2025-06-20,Offre,resolu,1.0
TK006813,CL05578,2024-11-09,Reseau,abandonne,3.0
TK006814,CL05578,2024-06-30,Reseau,resolu,3.0
TK006815,CL05578,2025-06-13,Facturation,abandonne,13.0
TK006816,CL05579,2025-09-16,Facturation,resolu,1.0
TK006817,CL05579,2024-11-21,Offre,resolu,1.0
TK006818,CL05580,2025-01-20,Facturation,resolu,7.0
TK006819,CL05580,2024-09-29,Materiel,resolu,1.0
TK006820,CL05581,2025-11-01,Facturation,resolu,2.0
TK006821,CL05584,2024-03-17,Offre,resolu,-1.0
TK006822,CL05585,2024-04-10,Materiel,resolu,2.0
TK006823,CL05585,2024-10-02,Offre,resolu,3.0
TK006824,CL05586,2024-03-17,Facturation,ouvert,
TK006825,CL05586,2024-01-22,Offre,abandonne,4.0
TK006826,CL05586,2024-02-27,Materiel,resolu,1.0
TK006827,CL05586,2024-04-11,Facturation,ouvert,
TK006828,CL05586,2024-04-18,Offre,resolu,2.0
TK006829,CL05588,2025-06-10,Facturation,ouvert,
TK006830,CL05588,2025-09-27,Reseau,resolu,5.0
TK006831,CL05589,2024-09-20,Facturation,ouvert,
TK006832,CL05590,2025-05-20,Facturation,resolu,3.0
TK006833,CL05592,2024-12-04,Offre,resolu,3.0
TK006834,CL05592,2025-03-12,Reseau,resolu,9.0
TK006835,CL05592,2024-09-05,Facturation,abandonne,6.0
TK006836,CL05593,2025-04-16,Facturation,ouvert,
TK006837,CL05594,2025-03-23,Materiel,ouvert,
TK006838,CL05594,2024-03-26,Reseau,resolu,3.0
TK006839,CL05594,2024-06-24,Facturation,abandonne,4.0
TK006840,CL05594,2025-04-24,Reseau,resolu,3.0
TK006841,CL05594,2024-01-20,Offre,ouvert,
TK006842,CL05594,2025-05-24,Facturation,resolu,1.0
TK006843,CL05595,2025-01-29,Facturation,resolu,2.0
TK006844,CL05596,2024-01-12,Facturation,resolu,-1.0
TK006845,CL05598,2024-05-17,Reseau,resolu,4.0
TK006846,CL05598,2025-09-16,Offre,resolu,3.0
TK006847,CL05598,2024-03-26,Offre,ouvert,
TK006848,CL05599,2024-08-12,Reseau,resolu,1.0
TK006849,CL05600,2024-12-29,Facturation,resolu,2.0
TK006850,CL05600,2025-07-29,Reseau,resolu,9.0
TK006851,CL05600,2025-03-18,Reseau,ouvert,
TK006852,CL05602,2025-08-22,Facturation,resolu,2.0
TK006853,CL05602,2025-10-21,Offre,ouvert,
TK006854,CL05603,2025-08-26,Offre,resolu,1.0
TK006855,CL05603,2024-04-29,Facturation,resolu,1.0
TK006856,CL05605,2025-01-19,Reseau,ouvert,
TK006857,CL05605,2025-01-24,Materiel,ouvert,
TK006858,CL05606,2024-04-23,Materiel,ouvert,
TK006859,CL05607,2024-01-25,Facturation,resolu,1.0
TK006860,CL05607,2024-09-06,Facturation,resolu,-7.0
TK006861,CL05609,2024-07-03,Facturation,resolu,7.0
TK006862,CL05609,2025-05-03,Reseau,resolu,2.0
TK006863,CL05609,2025-02-25,Reseau,resolu,6.0
TK006864,CL05610,2024-08-22,Materiel,resolu,1.0
TK006865,CL05611,2025-08-20,Facturation,abandonne,13.0
TK006866,CL05611,2024-02-15,Reseau,resolu,2.0
TK006867,CL05612,2025-10-20,Materiel,resolu,5.0
TK006868,CL05613,2024-12-14,Reseau,resolu,26.0
TK006869,CL05615,2024-01-28,Facturation,ouvert,
TK006870,CL05615,2024-02-19,Facturation,resolu,3.0
TK006871,CL05615,2024-08-11,Reseau,ouvert,
TK006872,CL05615,2024-07-10,Reseau,ouvert,
TK006873,CL05615,2025-08-27,Offre,abandonne,7.0
TK006874,CL05616,2025-05-28,Materiel,abandonne,11.0
TK006875,CL05616,2025-07-08,Materiel,ouvert,
TK006876,CL05616,2025-01-08,Facturation,abandonne,22.0
TK006877,CL05616,2025-01-03,Offre,resolu,11.0
TK006878,CL05618,2025-07-31,Reseau,resolu,2.0
TK006879,CL05619,2024-01-14,Offre,resolu,1.0
TK006880,CL05621,2025-01-24,Facturation,resolu,2.0
TK006881,CL05621,2025-03-04,Offre,ouvert,
TK006882,CL05623,2025-06-03,Facturation,resolu,1.0
TK006883,CL05624,2025-02-26,Facturation,resolu,5.0
TK006884,CL05628,2025-04-28,Reseau,ouvert,
TK006885,CL05628,2025-05-18,Facturation,resolu,1.0
TK006886,CL05629,2025-06-13,Materiel,abandonne,21.0
TK006887,CL05630,2025-11-18,Facturation,resolu,1.0
TK006888,CL05630,2025-04-30,Reseau,ouvert,
TK006889,CL05631,2024-12-13,Facturation,resolu,2.0
TK006890,CL05632,2024-08-11,Reseau,abandonne,-5.0
TK006891,CL05633,2024-12-28,Facturation,resolu,6.0
TK006892,CL05634,2024-02-03,Materiel,ouvert,
TK006893,CL05634,2024-01-14,Offre,resolu,5.0
TK006894,CL05635,2025-12-07,Reseau,ouvert,
TK006895,CL05636,2025-08-20,Reseau,resolu,6.0
TK006896,CL05640,2025-05-29,Facturation,ouvert,
TK006897,CL05640,2025-06-16,Materiel,ouvert,
TK006898,CL05642,2024-01-24,Offre,abandonne,2.0
TK006899,CL05642,2024-01-21,Materiel,abandonne,1.0
TK006900,CL05642,2024-01-16,Reseau,ouvert,
TK006901,CL05642,2024-02-01,Reseau,ouvert,
TK006902,CL05642,2024-01-09,Facturation,ouvert,
TK006903,CL05642,2024-01-11,Reseau,ouvert,
TK006904,CL05643,2024-01-27,Reseau,resolu,8.0
TK006905,CL05643,2024-01-03,Reseau,resolu,2.0
TK006906,CL05644,2024-05-26,Offre,resolu,12.0
TK006907,CL05644,2024-06-04,Offre,resolu,1.0
TK006908,CL05644,2024-04-09,Offre,ouvert,
TK006909,CL05644,2025-09-03,Offre,resolu,14.0
TK006910,CL05645,2025-04-06,Reseau,resolu,1.0
TK006911,CL05647,2025-09-10,Offre,resolu,2.0
TK006912,CL05649,2025-02-14,Reseau,resolu,6.0
TK006913,CL05649,2025-05-25,Materiel,resolu,1.0
TK006914,CL05649,2024-09-29,Materiel,resolu,4.0
TK006915,CL05650,2025-04-14,Offre,resolu,1.0
TK006916,CL05653,2024-12-09,Offre,abandonne,2.0
TK006917,CL05654,2024-07-02,Reseau,abandonne,5.0
TK006918,CL05654,2024-02-06,Reseau,resolu,4.0
TK006919,CL05654,2024-04-29,Offre,abandonne,13.0
TK006920,CL05654,2024-02-03,Facturation,resolu,2.0
TK006921,CL05655,2025-05-06,Offre,ouvert,
TK006922,CL05657,2025-12-27,Reseau,resolu,2.0
TK006923,CL05658,2024-01-03,Offre,resolu,2.0
TK006924,CL05658,2024-03-24,Reseau,abandonne,8.0
TK006925,CL05658,2024-02-15,Offre,ouvert,
TK006926,CL05662,2024-05-12,Offre,resolu,1.0
TK006927,CL05662,2025-03-07,Facturation,ouvert,
TK006928,CL05665,2024-09-13,Materiel,resolu,5.0
TK006929,CL05665,2024-08-10,Offre,resolu,5.0
TK006930,CL05667,2025-05-07,Materiel,resolu,4.0
TK006931,CL05667,2025-10-15,Materiel,resolu,2.0
TK006932,CL05668,2024-12-06,Reseau,resolu,4.0
TK006933,CL05668,2025-09-03,Facturation,ouvert,
TK006934,CL05670,2025-06-13,Reseau,resolu,1.0
TK006935,CL05670,2025-05-03,Facturation,resolu,6.0
TK006936,CL05671,2024-08-25,Reseau,resolu,1.0
TK006937,CL05672,2024-02-07,Facturation,ouvert,
TK006938,CL05673,2025-11-15,Reseau,resolu,5.0
TK006939,CL05673,2025-10-23,Facturation,resolu,5.0
TK006940,CL05673,2025-06-16,Reseau,resolu,5.0
TK006941,CL05675,2025-09-13,Reseau,abandonne,1.0
TK006942,CL05675,2025-06-24,Reseau,resolu,1.0
TK006943,CL05675,2025-09-05,Reseau,ouvert,
TK006944,CL05677,2025-07-12,Reseau,resolu,4.0
TK006945,CL05677,2025-09-09,Offre,resolu,-12.0
TK006946,CL05678,2024-08-02,Reseau,abandonne,6.0
TK006947,CL05678,2024-05-13,Reseau,abandonne,16.0
TK006948,CL05678,2024-10-30,Facturation,resolu,1.0
TK006949,CL05679,2025-06-19,Materiel,resolu,2.0
TK006950,CL05681,2024-10-27,Reseau,ouvert,
TK006951,CL05681,2025-10-09,Materiel,resolu,1.0
TK006952,CL05682,2024-08-05,Facturation,ouvert,
TK006953,CL05682,2024-05-17,Reseau,ouvert,
TK006954,CL05689,2025-03-07,Reseau,resolu,1.0
TK006955,CL05689,2025-08-13,Reseau,abandonne,1.0
TK006956,CL05691,2024-09-13,Offre,ouvert,
TK006957,CL05692,2024-11-17,Facturation,abandonne,8.0
TK006958,CL05692,2024-11-16,Reseau,ouvert,
TK006959,CL05692,2025-03-27,Facturation,ouvert,
TK006960,CL05693,2025-08-21,Materiel,resolu,2.0
TK006961,CL05694,2024-09-16,Reseau,ouvert,
TK006962,CL05694,2025-02-03,Facturation,resolu,2.0
TK006963,CL05695,2024-06-01,Materiel,resolu,2.0
TK006964,CL05696,2025-06-27,Reseau,resolu,1.0
TK006965,CL05697,2025-09-11,Offre,ouvert,
TK006966,CL05698,2024-08-18,Reseau,resolu,2.0
TK006967,CL05702,2024-04-24,Materiel,ouvert,
TK006968,CL05702,2024-04-13,Reseau,resolu,10.0
TK006969,CL05703,2025-09-07,Offre,resolu,2.0
TK006970,CL05704,2024-08-18,Offre,abandonne,1.0
TK006971,CL05704,2024-12-13,Facturation,abandonne,18.0
TK006972,CL05705,2024-10-07,Reseau,resolu,1.0
TK006973,CL05705,2025-09-25,Facturation,resolu,4.0
TK006974,CL05706,2025-07-02,Materiel,resolu,2.0
TK006975,CL05707,2024-06-12,Reseau,ouvert,
TK006976,CL05707,2024-03-17,Facturation,ouvert,
TK006977,CL05709,2024-05-08,Reseau,abandonne,15.0
TK006978,CL05709,2024-09-17,Reseau,abandonne,4.0
TK006979,CL05709,2024-10-13,Facturation,ouvert,
TK006980,CL05709,2024-09-08,Offre,abandonne,14.0
TK006981,CL05709,2024-03-15,Materiel,resolu,18.0
TK006982,CL05710,2025-01-27,Reseau,ouvert,
TK006983,CL05713,2024-01-24,Offre,ouvert,
TK006984,CL05713,2024-12-10,Reseau,abandonne,6.0
TK006985,CL05713,2024-01-29,Facturation,ouvert,
TK006986,CL05713,2024-08-16,Materiel,ouvert,
TK006987,CL05713,2024-01-18,Offre,resolu,2.0
TK006988,CL05714,2025-12-22,Reseau,ouvert,
TK006989,CL05717,2025-10-14,Facturation,ouvert,
TK006990,CL05718,2025-07-01,Reseau,resolu,4.0
TK006991,CL05718,2025-02-17,Reseau,abandonne,8.0
TK006992,CL05718,2024-08-04,Reseau,abandonne,8.0
TK006993,CL05718,2025-02-27,Reseau,abandonne,11.0
TK006994,CL05719,2025-01-26,Offre,abandonne,2.0
TK006995,CL05719,2025-01-11,Reseau,ouvert,
TK006996,CL05719,2024-08-11,Facturation,resolu,4.0
TK006997,CL05719,2024-05-20,Facturation,abandonne,13.0
TK006998,CL05719,2025-02-11,Offre,abandonne,13.0
TK006999,CL05720,2025-03-07,Facturation,resolu,1.0
TK007000,CL05721,2025-07-12,Reseau,resolu,2.0
TK007001,CL05722,2025-09-30,Offre,ouvert,
TK007002,CL05722,2025-12-14,Facturation,resolu,5.0
TK007003,CL05722,2025-12-16,Reseau,resolu,17.0
TK007004,CL05722,2025-10-30,Reseau,ouvert,
TK007005,CL05725,2025-07-26,Offre,resolu,1.0
TK007006,CL05726,2025-07-26,Reseau,resolu,15.0
TK007007,CL05730,2025-07-27,Offre,resolu,1.0
TK007008,CL05731,2024-11-30,Facturation,ouvert,
TK007009,CL05731,2024-10-29,Materiel,ouvert,
TK007010,CL05732,2025-09-06,Facturation,resolu,4.0
TK007011,CL05733,2024-01-09,Facturation,resolu,1.0
TK007012,CL05733,2024-02-05,Facturation,ouvert,
TK007013,CL05733,2024-01-22,Reseau,resolu,8.0
TK007014,CL05733,2024-01-20,Materiel,ouvert,
TK007015,CL05733,2024-01-08,Reseau,resolu,-1.0
TK007016,CL05735,2024-07-16,Facturation,resolu,13.0
TK007017,CL05735,2024-01-07,Offre,resolu,2.0
TK007018,CL05738,2024-06-16,Facturation,resolu,1.0
TK007019,CL05739,2025-08-05,Materiel,resolu,1.0
TK007020,CL05742,2024-08-16,Materiel,resolu,1.0
TK007021,CL05743,2025-01-05,Reseau,resolu,8.0
TK007022,CL05743,2024-09-14,Reseau,ouvert,
TK007023,CL05744,2025-02-07,Reseau,ouvert,
TK007024,CL05744,2025-06-14,Offre,abandonne,15.0
TK007025,CL05744,2025-04-08,Facturation,ouvert,
TK007026,CL05745,2025-01-01,Reseau,resolu,1.0
TK007027,CL05749,2025-01-25,Facturation,resolu,10.0
TK007028,CL05750,2024-12-18,Reseau,ouvert,
TK007029,CL05752,2025-08-31,Reseau,resolu,4.0
TK007030,CL05752,2025-07-16,Facturation,ouvert,
TK007031,CL05752,2025-09-17,Materiel,ouvert,
TK007032,CL05752,2025-10-14,Facturation,abandonne,21.0
TK007033,CL05752,2025-05-13,Reseau,ouvert,
TK007034,CL05752,2025-10-25,Facturation,abandonne,2.0
TK007035,CL05753,2025-09-13,Reseau,ouvert,
TK007036,CL05753,2024-10-06,Offre,ouvert,
TK007037,CL05757,2024-12-05,Materiel,resolu,4.0
TK007038,CL05757,2025-06-15,Facturation,ouvert,
TK007039,CL05758,2024-12-27,Offre,resolu,2.0
TK007040,CL05758,2024-10-04,Facturation,resolu,5.0
TK007041,CL05759,2025-04-08,Reseau,resolu,10.0
TK007042,CL05760,2024-01-19,Facturation,ouvert,
TK007043,CL05761,2025-09-04,Facturation,resolu,1.0
TK007044,CL05761,2025-08-19,Offre,resolu,1.0
TK007045,CL05761,2025-12-09,Materiel,resolu,1.0
TK007046,CL05761,2025-11-19,Offre,resolu,5.0
TK007047,CL05761,2025-10-21,Facturation,resolu,2.0
TK007048,CL05761,2025-12-12,Facturation,ouvert,
TK007049,CL05761,2025-12-14,Facturation,resolu,2.0
TK007050,CL05762,2025-04-07,Facturation,ouvert,
TK007051,CL05764,2024-09-18,Materiel,resolu,5.0
TK007052,CL05770,2024-12-16,Reseau,ouvert,
TK007053,CL05771,2024-04-16,Reseau,resolu,17.0
TK007054,CL05772,2025-06-05,Reseau,abandonne,3.0
TK007055,CL05772,2025-07-16,Reseau,abandonne,1.0
TK007056,CL05772,2024-12-16,Offre,ouvert,
TK007057,CL05774,2024-03-11,Offre,resolu,1.0
TK007058,CL05775,2025-10-20,Offre,resolu,1.0
TK007059,CL05776,2024-09-27,Offre,resolu,22.0
TK007060,CL05776,2024-05-29,Reseau,ouvert,
TK007061,CL05776,2024-04-20,Materiel,ouvert,
TK007062,CL05776,2024-03-01,Reseau,ouvert,
TK007063,CL05777,2025-08-06,Facturation,resolu,1.0
TK007064,CL05778,2025-02-10,Facturation,ouvert,
TK007065,CL05779,2024-04-20,Facturation,abandonne,1.0
TK007066,CL05781,2024-03-29,Materiel,resolu,1.0
TK007067,CL05784,2025-04-12,Reseau,ouvert,
TK007068,CL05786,2024-11-18,Facturation,resolu,-1.0
TK007069,CL05786,2024-09-09,Facturation,abandonne,3.0
TK007070,CL05787,2025-04-20,Facturation,ouvert,
TK007071,CL05787,2024-12-17,Facturation,ouvert,
TK007072,CL05787,2024-08-14,Reseau,resolu,1.0
TK007073,CL05787,2024-12-06,Facturation,ouvert,
TK007074,CL05789,2025-03-13,Reseau,ouvert,
TK007075,CL05789,2025-08-01,Reseau,abandonne,9.0
TK007076,CL05790,2024-11-29,Facturation,resolu,1.0
TK007077,CL05791,2024-01-27,Offre,resolu,3.0
TK007078,CL05791,2024-03-12,Reseau,resolu,1.0
TK007079,CL05793,2025-10-30,Reseau,resolu,7.0
TK007080,CL05793,2025-11-03,Facturation,abandonne,17.0
TK007081,CL05795,2025-01-22,Reseau,resolu,5.0
TK007082,CL05795,2024-06-10,Facturation,resolu,6.0
TK007083,CL05800,2024-04-02,Materiel,ouvert,
TK007084,CL05801,2024-12-07,Reseau,resolu,1.0
TK007085,CL05801,2024-01-02,Facturation,resolu,1.0
TK007086,CL05803,2025-11-23,Facturation,resolu,3.0
TK007087,CL05803,2025-12-20,Facturation,ouvert,
TK007088,CL05805,2024-04-29,Reseau,ouvert,
TK007089,CL05806,2025-02-04,Materiel,resolu,1.0
TK007090,CL05807,2025-05-27,Facturation,resolu,2.0
TK007091,CL05808,2024-11-08,Reseau,ouvert,
TK007092,CL05808,2024-01-18,Offre,abandonne,3.0
TK007093,CL05810,2024-05-05,Reseau,abandonne,1.0
TK007094,CL05810,2025-01-17,Offre,resolu,1.0
TK007095,CL05810,2025-01-10,Reseau,resolu,4.0
TK007096,CL05812,2024-12-11,Materiel,resolu,3.0
TK007097,CL05813,2025-03-20,Reseau,abandonne,4.0
TK007098,CL05813,2024-09-06,Reseau,ouvert,
TK007099,CL05815,2025-09-11,Reseau,resolu,3.0
TK007100,CL05818,2025-04-04,Facturation,resolu,4.0
TK007101,CL05820,2024-12-25,Offre,resolu,4.0
TK007102,CL05820,2024-08-07,Facturation,abandonne,3.0
TK007103,CL05820,2024-07-08,Facturation,resolu,1.0
TK007104,CL05820,2024-02-04,Materiel,abandonne,4.0
TK007105,CL05821,2025-07-09,Reseau,resolu,12.0
TK007106,CL05821,2025-12-06,Materiel,resolu,1.0
TK007107,CL05821,2025-08-24,Materiel,resolu,2.0
TK007108,CL05822,2024-09-20,Offre,abandonne,6.0
TK007109,CL05822,2024-04-27,Facturation,ouvert,
TK007110,CL05823,2025-03-05,Facturation,ouvert,
TK007111,CL05823,2025-11-16,Reseau,resolu,5.0
TK007112,CL05824,2025-08-16,Facturation,resolu,5.0
TK007113,CL05824,2025-11-08,Facturation,abandonne,3.0
TK007114,CL05824,2024-05-15,Offre,abandonne,6.0
TK007115,CL05828,2024-07-16,Facturation,resolu,1.0
TK007116,CL05829,2024-09-21,Offre,abandonne,7.0
TK007117,CL05829,2024-08-26,Reseau,abandonne,4.0
TK007118,CL05829,2024-08-31,Reseau,ouvert,
TK007119,CL05831,2025-04-22,Offre,resolu,1.0
TK007120,CL05831,2025-05-10,Reseau,resolu,1.0
TK007121,CL05832,2025-07-07,Facturation,ouvert,
TK007122,CL05832,2025-09-11,Reseau,resolu,13.0
TK007123,CL05833,2025-05-09,Facturation,resolu,1.0
TK007124,CL05834,2025-10-12,Facturation,resolu,1.0
TK007125,CL05834,2025-07-06,Reseau,resolu,1.0
TK007126,CL05835,2024-05-21,Materiel,resolu,8.0
TK007127,CL05839,2024-06-03,Offre,resolu,2.0
TK007128,CL05840,2024-07-15,Facturation,ouvert,
TK007129,CL05840,2025-09-02,Materiel,ouvert,
TK007130,CL05841,2024-04-17,Reseau,resolu,18.0
TK007131,CL05841,2025-11-13,Materiel,resolu,1.0
TK007132,CL05843,2024-04-04,Facturation,abandonne,4.0
TK007133,CL05843,2024-05-05,Materiel,resolu,9.0
TK007134,CL05844,2025-09-02,Materiel,resolu,1.0
TK007135,CL05844,2025-09-11,Materiel,ouvert,
TK007136,CL05844,2025-07-23,Reseau,abandonne,11.0
TK007137,CL05844,2025-06-26,Reseau,abandonne,17.0
TK007138,CL05844,2025-09-18,Materiel,resolu,7.0
TK007139,CL05846,2025-03-06,Facturation,resolu,1.0
TK007140,CL05846,2025-12-18,Offre,resolu,1.0
TK007141,CL05846,2024-10-07,Reseau,resolu,-1.0
TK007142,CL05847,2024-01-01,Materiel,resolu,1.0
TK007143,CL05847,2024-07-19,Reseau,resolu,4.0
TK007144,CL05848,2025-09-26,Reseau,abandonne,-25.0
TK007145,CL05848,2025-10-17,Facturation,ouvert,
TK007146,CL05848,2025-12-16,Facturation,ouvert,
TK007147,CL05848,2025-11-25,Reseau,ouvert,
TK007148,CL05848,2025-11-28,Offre,resolu,1.0
TK007149,CL05848,2025-10-31,Offre,abandonne,16.0
TK007150,CL05849,2025-09-28,Offre,resolu,1.0
TK007151,CL05851,2024-03-09,Reseau,resolu,6.0
TK007152,CL05851,2025-05-16,Facturation,resolu,-3.0
TK007153,CL05852,2024-06-28,Facturation,resolu,1.0
TK007154,CL05852,2024-07-30,Reseau,ouvert,
TK007155,CL05852,2024-05-18,Facturation,abandonne,19.0
TK007156,CL05852,2024-01-07,Materiel,abandonne,3.0
TK007157,CL05855,2024-09-11,Facturation,resolu,7.0
TK007158,CL05856,2024-01-28,Offre,ouvert,
TK007159,CL05856,2024-06-18,Reseau,abandonne,-2.0
TK007160,CL05856,2024-01-05,Facturation,resolu,1.0
TK007161,CL05856,2024-06-04,Reseau,ouvert,
TK007162,CL05857,2024-07-19,Facturation,ouvert,
TK007163,CL05860,2025-05-19,Reseau,resolu,1.0
TK007164,CL05860,2025-08-20,Facturation,ouvert,
TK007165,CL05861,2025-07-15,Reseau,resolu,1.0
TK007166,CL05861,2024-07-29,Reseau,resolu,3.0
TK007167,CL05861,2025-06-17,Materiel,resolu,1.0
TK007168,CL05862,2025-02-13,Facturation,abandonne,1.0
TK007169,CL05865,2025-07-28,Offre,ouvert,
TK007170,CL05865,2025-08-16,Offre,ouvert,
TK007171,CL05869,2024-11-03,Materiel,resolu,12.0
TK007172,CL05869,2024-09-28,Facturation,resolu,5.0
TK007173,CL05870,2025-12-18,Reseau,resolu,4.0
TK007174,CL05871,2024-01-13,Offre,ouvert,
TK007175,CL05871,2024-01-27,Reseau,resolu,1.0
TK007176,CL05872,2024-12-06,Materiel,resolu,6.0
TK007177,CL05873,2025-06-20,Offre,ouvert,
TK007178,CL05873,2025-03-30,Reseau,abandonne,1.0
TK007179,CL05873,2025-08-18,Reseau,resolu,4.0
TK007180,CL05875,2024-09-30,Facturation,resolu,9.0
TK007181,CL05875,2025-07-06,Offre,resolu,13.0
TK007182,CL05877,2025-02-09,Offre,ouvert,
TK007183,CL05877,2025-03-27,Offre,ouvert,
TK007184,CL05877,2025-01-03,Reseau,abandonne,1.0
TK007185,CL05880,2024-12-06,Facturation,ouvert,
TK007186,CL05883,2025-01-22,Facturation,resolu,1.0
TK007187,CL05886,2024-09-24,Offre,resolu,8.0
TK007188,CL05887,2024-03-07,Reseau,resolu,1.0
TK007189,CL05891,2025-08-20,Facturation,resolu,3.0
TK007190,CL05894,2025-09-17,Reseau,ouvert,
TK007191,CL05896,2025-07-06,Offre,ouvert,
TK007192,CL05896,2025-06-10,Offre,ouvert,
TK007193,CL05897,2025-07-11,Reseau,resolu,3.0
TK007194,CL05898,2024-11-28,Facturation,resolu,1.0
TK007195,CL05898,2024-09-22,Reseau,resolu,1.0
TK007196,CL05899,2025-08-16,Offre,resolu,3.0
TK007197,CL05900,2025-06-16,Offre,ouvert,
TK007198,CL05900,2025-02-24,Offre,ouvert,
TK007199,CL05900,2025-05-16,Facturation,ouvert,
TK007200,CL05900,2025-07-27,Reseau,abandonne,17.0
TK007201,CL05901,2025-08-29,Reseau,resolu,3.0
TK007202,CL05901,2024-10-07,Reseau,resolu,1.0
TK007203,CL05901,2024-03-14,Facturation,resolu,19.0
TK007204,CL05902,2025-01-30,Reseau,abandonne,13.0
TK007205,CL05902,2024-01-03,Reseau,resolu,3.0
TK007206,CL05902,2025-01-01,Reseau,ouvert,
TK007207,CL05902,2024-05-18,Offre,ouvert,
TK007208,CL05902,2025-06-02,Materiel,resolu,1.0
TK007209,CL05902,2025-08-19,Reseau,ouvert,
TK007210,CL05904,2025-01-05,Reseau,resolu,4.0
TK007211,CL05904,2025-09-22,Reseau,resolu,4.0
TK007212,CL05905,2025-02-10,Facturation,resolu,2.0
TK007213,CL05906,2025-04-30,Materiel,resolu,3.0
TK007214,CL05910,2025-12-27,Offre,abandonne,24.0
TK007215,CL05911,2025-08-17,Facturation,resolu,1.0
TK007216,CL05911,2024-04-08,Facturation,resolu,1.0
TK007217,CL05913,2024-05-04,Reseau,resolu,1.0
TK007218,CL05913,2024-04-20,Facturation,resolu,2.0
TK007219,CL05914,2024-02-26,Reseau,abandonne,2.0
TK007220,CL05914,2024-09-20,Materiel,resolu,19.0
TK007221,CL05914,2024-01-20,Facturation,abandonne,36.0
TK007222,CL05915,2024-05-13,Reseau,ouvert,
TK007223,CL05917,2024-12-25,Reseau,ouvert,
TK007224,CL05918,2025-06-03,Materiel,resolu,1.0
TK007225,CL05922,2025-06-12,Reseau,resolu,4.0
TK007226,CL05924,2025-10-14,Reseau,resolu,1.0
TK007227,CL05925,2024-06-17,Offre,resolu,1.0
TK007228,CL05928,2024-06-02,Reseau,resolu,13.0
TK007229,CL05928,2025-06-04,Reseau,resolu,3.0
TK007230,CL05929,2025-02-03,Facturation,ouvert,
TK007231,CL05929,2024-07-10,Reseau,resolu,1.0
TK007232,CL05930,2024-07-15,Reseau,resolu,2.0
TK007233,CL05930,2024-10-27,Reseau,resolu,2.0
TK007234,CL05931,2024-06-22,Reseau,resolu,1.0
TK007235,CL05931,2025-05-13,Reseau,resolu,-8.0
TK007236,CL05932,2024-02-27,Reseau,resolu,1.0
TK007237,CL05932,2025-11-21,Materiel,abandonne,12.0
TK007238,CL05932,2025-10-18,Reseau,abandonne,3.0
TK007239,CL05932,2025-01-11,Reseau,abandonne,8.0
TK007240,CL05934,2025-10-30,Materiel,resolu,1.0
TK007241,CL05935,2024-03-23,Reseau,ouvert,
TK007242,CL05936,2025-03-16,Reseau,ouvert,
TK007243,CL05937,2025-05-18,Reseau,resolu,4.0
TK007244,CL05938,2025-05-28,Facturation,resolu,1.0
TK007245,CL05939,2025-10-04,Materiel,ouvert,
TK007246,CL05941,2025-01-16,Facturation,abandonne,21.0
TK007247,CL05941,2024-12-24,Offre,abandonne,6.0
TK007248,CL05941,2025-08-09,Facturation,abandonne,1.0
TK007249,CL05942,2024-01-22,Reseau,ouvert,
TK007250,CL05942,2024-05-21,Reseau,ouvert,
TK007251,CL05943,2025-12-09,Reseau,resolu,8.0
TK007252,CL05943,2025-10-01,Reseau,resolu,6.0
TK007253,CL05944,2025-03-09,Reseau,resolu,3.0
TK007254,CL05946,2025-05-24,Reseau,resolu,2.0
TK007255,CL05948,2025-06-21,Facturation,resolu,8.0
TK007256,CL05953,2024-06-24,Facturation,resolu,4.0
TK007257,CL05953,2024-06-14,Reseau,resolu,2.0
TK007258,CL05954,2024-01-20,Facturation,ouvert,
TK007259,CL05955,2024-06-25,Reseau,resolu,1.0
TK007260,CL05955,2025-10-31,Facturation,resolu,3.0
TK007261,CL05955,2024-05-29,Reseau,resolu,1.0
TK007262,CL05956,2025-03-06,Facturation,abandonne,3.0
TK007263,CL05957,2024-09-07,Reseau,resolu,1.0
TK007264,CL05958,2025-01-23,Reseau,resolu,5.0
TK007265,CL05959,2024-03-03,Reseau,ouvert,
TK007266,CL05962,2024-10-14,Offre,resolu,1.0
TK007267,CL05962,2024-01-16,Reseau,resolu,1.0
TK007268,CL05964,2025-08-05,Facturation,ouvert,
TK007269,CL05964,2025-07-11,Reseau,resolu,1.0
TK007270,CL05965,2024-11-24,Facturation,ouvert,
TK007271,CL05965,2024-12-12,Reseau,abandonne,30.0
TK007272,CL05966,2025-11-03,Facturation,resolu,9.0
TK007273,CL05967,2024-05-16,Materiel,abandonne,13.0
TK007274,CL05967,2024-01-25,Materiel,resolu,1.0
TK007275,CL05967,2024-02-24,Offre,ouvert,
TK007276,CL05969,2025-07-07,Facturation,resolu,6.0
TK007277,CL05970,2025-09-19,Facturation,abandonne,17.0
TK007278,CL05970,2025-04-05,Offre,resolu,5.0
TK007279,CL05971,2025-11-18,Facturation,resolu,2.0
TK007280,CL05972,2024-06-05,Reseau,resolu,13.0
TK007281,CL05972,2024-01-08,Offre,ouvert,
TK007282,CL05972,2025-02-06,Reseau,ouvert,
TK007283,CL05972,2024-08-19,Reseau,ouvert,
TK007284,CL05972,2024-07-25,Reseau,ouvert,
TK007285,CL05974,2024-08-10,Reseau,resolu,5.0
TK007286,CL05974,2024-05-01,Materiel,ouvert,
TK007287,CL05974,2024-06-14,Facturation,resolu,2.0
TK007288,CL05974,2024-07-03,Facturation,resolu,18.0
TK007289,CL05975,2024-04-07,Reseau,ouvert,
TK007290,CL05976,2025-12-25,Offre,ouvert,
TK007291,CL05976,2025-06-09,Offre,resolu,14.0
TK007292,CL05978,2024-05-29,Reseau,ouvert,
TK007293,CL05978,2024-03-29,Reseau,abandonne,45.0
TK007294,CL05978,2024-03-18,Reseau,ouvert,
TK007295,CL05979,2024-02-08,Reseau,resolu,1.0
TK007296,CL05979,2024-01-10,Facturation,ouvert,
TK007297,CL05981,2025-10-26,Reseau,resolu,10.0
TK007298,CL05981,2025-09-26,Facturation,resolu,1.0
TK007299,CL05985,2024-11-13,Reseau,abandonne,1.0
TK007300,CL05985,2025-07-09,Reseau,resolu,4.0
TK007301,CL05985,2024-11-11,Reseau,ouvert,
TK007302,CL05986,2024-04-26,Reseau,ouvert,
TK007303,CL05987,2024-07-20,Facturation,resolu,1.0
TK007304,CL05988,2025-11-04,Materiel,ouvert,
TK007305,CL05988,2025-08-04,Reseau,ouvert,
TK007306,CL05988,2025-09-24,Facturation,resolu,5.0
TK007307,CL05992,2024-11-09,Reseau,resolu,1.0
TK007308,CL05993,2024-10-19,Offre,resolu,1.0
TK007309,CL05994,2024-07-30,Facturation,ouvert,
TK007310,CL05994,2025-04-17,Facturation,resolu,1.0
TK007311,CL05994,2024-01-27,Facturation,resolu,23.0
TK007312,CL05995,2025-07-01,Facturation,resolu,1.0
TK007313,CL05995,2025-08-09,Facturation,resolu,1.0
TK007314,CL05996,2024-10-12,Reseau,resolu,12.0
TK007315,CL05996,2025-05-14,Offre,abandonne,74.0
TK007316,CL05996,2025-09-08,Reseau,resolu,1.0
TK007317,CL05997,2025-05-01,Facturation,abandonne,35.0
TK007318,CL05997,2025-07-29,Reseau,abandonne,4.0
TK007319,CL05997,2025-05-29,Reseau,abandonne,13.0
TK007320,CL05997,2025-08-25,Reseau,ouvert,
TK007321,CL05998,2024-01-20,Facturation,ouvert,
TK007322,CL05998,2024-07-08,Facturation,ouvert,
TK007323,CL05998,2024-02-26,Reseau,ouvert,
TK007324,CL05998,2024-03-14,Facturation,ouvert,
TK007325,CL05999,2025-06-23,Offre,resolu,2.0
TK007326,CL06002,2024-05-08,Facturation,resolu,2.0
TK007327,CL06003,2024-09-05,Facturation,resolu,1.0
TK007328,CL06004,2025-09-21,Offre,ouvert,
TK007329,CL06007,2024-04-17,Reseau,resolu,5.0
TK007330,CL06008,2024-10-18,Reseau,resolu,1.0
TK007331,CL06008,2024-12-09,Reseau,resolu,1.0
TK007332,CL06009,2025-06-18,Reseau,ouvert,
TK007333,CL06009,2025-07-14,Facturation,resolu,-1.0
TK007334,CL06010,2024-09-26,Facturation,abandonne,7.0
TK007335,CL06010,2024-10-04,Materiel,ouvert,
TK007336,CL06010,2024-07-11,Facturation,ouvert,
TK007337,CL06010,2024-05-21,Reseau,resolu,3.0
TK007338,CL06016,2025-05-23,Reseau,resolu,1.0
TK007339,CL06017,2025-01-26,Reseau,resolu,1.0
TK007340,CL06017,2025-03-12,Facturation,resolu,1.0
TK007341,CL06018,2024-07-06,Facturation,resolu,-3.0
TK007342,CL06020,2025-10-14,Facturation,resolu,2.0
TK007343,CL06021,2024-02-23,Reseau,ouvert,
TK007344,CL06021,2025-10-23,Materiel,resolu,2.0
TK007345,CL06021,2024-04-17,Facturation,resolu,2.0
TK007346,CL06021,2025-06-28,Reseau,ouvert,
TK007347,CL06022,2025-10-27,Facturation,ouvert,
TK007348,CL06023,2025-08-11,Reseau,resolu,1.0
TK007349,CL06023,2025-12-09,Offre,ouvert,
TK007350,CL06023,2025-04-07,Reseau,resolu,4.0
TK007351,CL06025,2024-07-04,Reseau,resolu,9.0
TK007352,CL06025,2025-06-10,Reseau,resolu,1.0
TK007353,CL06026,2024-06-23,Reseau,resolu,7.0
TK007354,CL06027,2024-04-19,Offre,ouvert,
TK007355,CL06028,2025-03-05,Reseau,resolu,14.0
TK007356,CL06030,2025-08-02,Facturation,resolu,2.0
TK007357,CL06030,2025-05-04,Facturation,abandonne,1.0
TK007358,CL06034,2024-01-16,Offre,ouvert,
TK007359,CL06034,2024-04-02,Offre,ouvert,
TK007360,CL06034,2024-01-23,Reseau,abandonne,5.0
TK007361,CL06035,2025-03-08,Offre,resolu,10.0
TK007362,CL06036,2025-09-11,Reseau,resolu,1.0
TK007363,CL06036,2025-11-04,Offre,abandonne,8.0
TK007364,CL06038,2024-03-10,Facturation,resolu,1.0
TK007365,CL06040,2025-02-17,Reseau,resolu,1.0
TK007366,CL06041,2025-12-31,Materiel,resolu,1.0
TK007367,CL06042,2025-01-12,Offre,abandonne,9.0
TK007368,CL06042,2024-12-29,Materiel,resolu,5.0
TK007369,CL06042,2024-11-26,Facturation,ouvert,
TK007370,CL06050,2024-07-10,Reseau,resolu,3.0
TK007371,CL06052,2024-07-29,Reseau,abandonne,6.0
TK007372,CL06052,2024-02-19,Offre,resolu,4.0
TK007373,CL06052,2024-08-26,Reseau,ouvert,
TK007374,CL06053,2025-11-10,Facturation,resolu,2.0
TK007375,CL06054,2025-06-10,Facturation,resolu,1.0
TK007376,CL06055,2025-11-21,Reseau,resolu,7.0
TK007377,CL06056,2024-10-04,Facturation,resolu,1.0
TK007378,CL06057,2024-01-12,Reseau,ouvert,
TK007379,CL06059,2024-02-17,Materiel,resolu,2.0
TK007380,CL06062,2024-01-06,Materiel,ouvert,
TK007381,CL06062,2024-01-22,Reseau,ouvert,
TK007382,CL06063,2025-11-20,Materiel,abandonne,8.0
TK007383,CL06063,2025-11-13,Reseau,ouvert,
TK007384,CL06064,2025-08-30,Reseau,resolu,1.0
TK007385,CL06066,2024-02-03,Reseau,resolu,1.0
TK007386,CL06068,2025-12-08,Facturation,resolu,-3.0
TK007387,CL06069,2025-10-30,Facturation,resolu,3.0
TK007388,CL06069,2025-10-23,Offre,ouvert,
TK007389,CL06070,2025-07-08,Reseau,ouvert,
TK007390,CL06072,2024-02-03,Facturation,resolu,13.0
TK007391,CL06072,2025-08-17,Reseau,resolu,3.0
TK007392,CL06074,2024-08-15,Reseau,abandonne,76.0
TK007393,CL06074,2024-05-31,Reseau,ouvert,
TK007394,CL06075,2024-11-23,Reseau,ouvert,
TK007395,CL06075,2025-12-16,Reseau,resolu,1.0
TK007396,CL06075,2025-09-19,Reseau,resolu,4.0
TK007397,CL06077,2024-03-28,Facturation,ouvert,
TK007398,CL06077,2024-02-22,Reseau,abandonne,5.0
TK007399,CL06077,2024-04-01,Reseau,resolu,3.0
TK007400,CL06078,2025-09-28,Reseau,resolu,10.0
TK007401,CL06079,2024-08-27,Facturation,resolu,7.0
TK007402,CL06079,2024-10-28,Facturation,resolu,5.0
TK007403,CL06079,2024-03-02,Materiel,resolu,4.0
TK007404,CL06079,2024-07-14,Reseau,ouvert,
TK007405,CL06079,2025-02-28,Offre,resolu,3.0
TK007406,CL06080,2025-05-17,Facturation,resolu,2.0
TK007407,CL06082,2024-07-09,Materiel,ouvert,
TK007408,CL06083,2024-01-11,Offre,ouvert,
TK007409,CL06083,2024-01-06,Reseau,resolu,16.0
TK007410,CL06083,2024-01-01,Offre,resolu,2.0
TK007411,CL06083,2024-01-08,Facturation,resolu,3.0
TK007412,CL06084,2024-11-12,Facturation,ouvert,
TK007413,CL06084,2024-01-17,Reseau,resolu,6.0
TK007414,CL06084,2024-07-30,Offre,abandonne,35.0
TK007415,CL06085,2024-10-31,Materiel,ouvert,
TK007416,CL06086,2025-12-24,Reseau,resolu,1.0
TK007417,CL06088,2024-04-08,Reseau,abandonne,1.0
TK007418,CL06088,2024-02-20,Reseau,ouvert,
TK007419,CL06088,2024-04-24,Materiel,abandonne,2.0
TK007420,CL06088,2024-01-11,Facturation,resolu,2.0
TK007421,CL06088,2024-02-21,Reseau,ouvert,
TK007422,CL06088,2024-01-31,Reseau,resolu,15.0
TK007423,CL06088,2024-02-21,Facturation,resolu,2.0
TK007424,CL06089,2024-10-11,Reseau,resolu,6.0
TK007425,CL06089,2025-02-01,Reseau,resolu,1.0
TK007426,CL06090,2024-07-03,Offre,resolu,1.0
TK007427,CL06091,2025-08-18,Reseau,resolu,9.0
TK007428,CL06094,2024-05-22,Offre,resolu,4.0
TK007429,CL06094,2025-09-13,Reseau,resolu,14.0
TK007430,CL06097,2025-07-13,Reseau,resolu,1.0
TK007431,CL06098,2024-12-04,Offre,ouvert,
TK007432,CL06098,2025-02-03,Reseau,ouvert,
TK007433,CL06098,2025-05-11,Reseau,ouvert,
TK007434,CL06100,2024-07-05,Offre,abandonne,3.0
TK007435,CL06101,2024-05-13,Materiel,abandonne,2.0
TK007436,CL06104,2025-03-22,Facturation,ouvert,
TK007437,CL06104,2025-07-27,Reseau,abandonne,8.0
TK007438,CL06104,2024-10-16,Reseau,resolu,2.0
TK007439,CL06104,2024-07-18,Facturation,resolu,5.0
TK007440,CL06105,2025-06-07,Reseau,resolu,2.0
TK007441,CL06105,2025-07-13,Offre,resolu,5.0
TK007442,CL06108,2025-02-19,Reseau,resolu,-7.0
TK007443,CL06112,2024-07-18,Facturation,resolu,2.0
TK007444,CL06113,2024-10-02,Reseau,resolu,8.0
TK007445,CL06113,2024-09-13,Offre,ouvert,
TK007446,CL06113,2024-10-06,Reseau,resolu,2.0
TK007447,CL06113,2024-10-12,Facturation,resolu,2.0
TK007448,CL06113,2024-10-20,Materiel,ouvert,
TK007449,CL06115,2024-10-13,Reseau,abandonne,1.0
TK007450,CL06115,2024-08-19,Offre,resolu,1.0
TK007451,CL06115,2024-12-15,Reseau,abandonne,22.0
TK007452,CL06115,2024-05-27,Facturation,resolu,3.0
TK007453,CL06115,2024-10-18,Reseau,resolu,1.0
TK007454,CL06115,2024-03-14,Offre,abandonne,1.0
TK007455,CL06116,2025-05-30,Facturation,abandonne,34.0
TK007456,CL06116,2024-12-01,Reseau,ouvert,
TK007457,CL06116,2025-03-02,Offre,resolu,-1.0
TK007458,CL06117,2025-01-31,Offre,resolu,1.0
TK007459,CL06119,2025-02-08,Offre,abandonne,2.0
TK007460,CL06119,2025-06-07,Reseau,abandonne,6.0
TK007461,CL06119,2024-01-31,Facturation,resolu,9.0
TK007462,CL06121,2024-09-20,Reseau,abandonne,4.0
TK007463,CL06121,2024-06-25,Facturation,resolu,3.0
TK007464,CL06121,2024-08-01,Materiel,ouvert,
TK007465,CL06121,2024-01-14,Facturation,ouvert,
TK007466,CL06122,2025-04-14,Facturation,resolu,1.0
TK007467,CL06123,2024-03-04,Reseau,resolu,13.0
TK007468,CL06124,2024-04-28,Reseau,resolu,1.0
TK007469,CL06124,2024-03-16,Materiel,abandonne,40.0
TK007470,CL06124,2024-06-17,Offre,resolu,2.0
TK007471,CL06125,2025-02-27,Facturation,resolu,5.0
TK007472,CL06125,2025-05-04,Reseau,resolu,-2.0
TK007473,CL06128,2025-12-21,Offre,resolu,1.0
TK007474,CL06129,2024-01-24,Materiel,resolu,11.0
TK007475,CL06131,2024-03-21,Materiel,resolu,12.0
TK007476,CL06131,2024-03-22,Reseau,resolu,1.0
TK007477,CL06133,2024-12-23,Materiel,resolu,-1.0
TK007478,CL06133,2024-10-28,Facturation,abandonne,8.0
TK007479,CL06134,2024-09-16,Reseau,resolu,1.0
TK007480,CL06135,2024-07-21,Reseau,abandonne,12.0
TK007481,CL06135,2024-02-05,Facturation,ouvert,
TK007482,CL06135,2024-03-29,Offre,resolu,1.0
TK007483,CL06136,2025-08-30,Offre,ouvert,
TK007484,CL06136,2024-08-18,Reseau,resolu,1.0
TK007485,CL06138,2024-01-05,Materiel,ouvert,
TK007486,CL06139,2024-08-25,Reseau,resolu,7.0
TK007487,CL06139,2024-10-21,Facturation,abandonne,25.0
TK007488,CL06142,2025-05-05,Reseau,resolu,3.0
TK007489,CL06143,2025-12-27,Reseau,ouvert,
TK007490,CL06144,2024-05-17,Facturation,resolu,1.0
TK007491,CL06144,2024-07-16,Offre,resolu,1.0
TK007492,CL06145,2025-12-27,Reseau,resolu,1.0
TK007493,CL06145,2025-02-13,Reseau,resolu,2.0
TK007494,CL06146,2024-01-28,Offre,abandonne,2.0
TK007495,CL06146,2024-08-09,Facturation,ouvert,
TK007496,CL06146,2024-09-17,Reseau,abandonne,9.0
TK007497,CL06148,2024-03-05,Materiel,resolu,9.0
TK007498,CL06149,2025-11-06,Facturation,ouvert,
TK007499,CL06149,2025-12-17,Reseau,abandonne,13.0
TK007500,CL06150,2025-01-23,Materiel,ouvert,
TK007501,CL06150,2025-03-29,Facturation,abandonne,33.0
TK007502,CL06150,2024-05-21,Reseau,resolu,3.0
TK007503,CL06151,2025-07-09,Facturation,resolu,12.0
TK007504,CL06153,2024-12-21,Offre,ouvert,
TK007505,CL06155,2025-03-20,Facturation,resolu,1.0
TK007506,CL06156,2024-02-04,Reseau,ouvert,
TK007507,CL06158,2024-06-07,Reseau,resolu,4.0
TK007508,CL06159,2025-08-13,Reseau,resolu,1.0
TK007509,CL06159,2025-08-23,Facturation,abandonne,3.0
TK007510,CL06159,2025-09-19,Materiel,resolu,9.0
TK007511,CL06161,2024-05-28,Reseau,resolu,5.0
TK007512,CL06162,2025-06-27,Reseau,ouvert,
TK007513,CL06162,2025-08-31,Offre,ouvert,
TK007514,CL06163,2024-09-08,Reseau,ouvert,
TK007515,CL06163,2024-12-14,Offre,abandonne,9.0
TK007516,CL06163,2024-10-28,Reseau,resolu,6.0
TK007517,CL06163,2024-08-21,Reseau,ouvert,
TK007518,CL06164,2024-11-12,Reseau,resolu,1.0
TK007519,CL06166,2024-07-06,Facturation,abandonne,1.0
TK007520,CL06166,2024-06-16,Reseau,abandonne,17.0
TK007521,CL06167,2024-04-30,Reseau,resolu,1.0
TK007522,CL06167,2024-06-01,Reseau,abandonne,3.0
TK007523,CL06167,2024-06-14,Reseau,resolu,1.0
TK007524,CL06167,2024-08-06,Offre,abandonne,10.0
TK007525,CL06168,2024-03-16,Materiel,resolu,2.0
TK007526,CL06168,2024-04-22,Materiel,ouvert,
TK007527,CL06168,2024-06-10,Materiel,abandonne,2.0
TK007528,CL06168,2024-04-07,Reseau,abandonne,24.0
TK007529,CL06168,2024-03-30,Reseau,ouvert,
TK007530,CL06168,2024-06-28,Reseau,resolu,4.0
TK007531,CL06170,2025-06-28,Reseau,resolu,1.0
TK007532,CL06172,2025-10-06,Materiel,resolu,-4.0
TK007533,CL06172,2025-06-23,Reseau,ouvert,
TK007534,CL06173,2024-10-05,Facturation,resolu,3.0
TK007535,CL06174,2025-11-21,Reseau,resolu,1.0
TK007536,CL06175,2025-08-20,Reseau,ouvert,
TK007537,CL06176,2025-08-29,Materiel,resolu,1.0
TK007538,CL06176,2025-07-18,Offre,resolu,8.0
TK007539,CL06177,2024-09-19,Materiel,ouvert,
TK007540,CL06177,2024-03-01,Facturation,ouvert,
TK007541,CL06177,2024-12-17,Materiel,abandonne,1.0
TK007542,CL06178,2025-10-20,Facturation,abandonne,8.0
TK007543,CL06178,2025-06-21,Offre,resolu,6.0
TK007544,CL06180,2024-10-27,Facturation,resolu,2.0
TK007545,CL06182,2025-02-06,Reseau,resolu,3.0
TK007546,CL06182,2025-03-15,Reseau,resolu,1.0
TK007547,CL06182,2025-09-14,Materiel,resolu,6.0
TK007548,CL06184,2024-12-22,Facturation,resolu,24.0
TK007549,CL06189,2025-08-11,Reseau,resolu,1.0
TK007550,CL06189,2025-01-31,Reseau,resolu,2.0
TK007551,CL06189,2025-09-14,Offre,ouvert,
TK007552,CL06189,2025-05-27,Reseau,resolu,5.0
TK007553,CL06192,2025-05-25,Offre,resolu,2.0
TK007554,CL06193,2025-03-03,Facturation,abandonne,5.0
TK007555,CL06193,2025-01-18,Materiel,abandonne,3.0
TK007556,CL06193,2024-06-27,Reseau,abandonne,2.0
TK007557,CL06193,2024-11-05,Offre,ouvert,
TK007558,CL06194,2025-02-01,Facturation,resolu,1.0
TK007559,CL06194,2025-08-31,Facturation,abandonne,57.0
TK007560,CL06196,2024-02-23,Reseau,resolu,1.0
TK007561,CL06197,2025-08-20,Facturation,resolu,1.0
TK007562,CL06199,2024-04-18,Facturation,ouvert,
TK007563,CL06200,2025-12-19,Reseau,resolu,1.0
TK007564,CL06202,2025-11-22,Reseau,resolu,1.0
TK007565,CL06203,2024-09-21,Reseau,abandonne,1.0
TK007566,CL06203,2024-04-29,Facturation,resolu,1.0
TK007567,CL06203,2025-01-07,Reseau,abandonne,20.0
TK007568,CL06203,2025-04-08,Materiel,ouvert,
TK007569,CL06204,2024-01-02,Reseau,abandonne,6.0
TK007570,CL06204,2025-03-20,Reseau,abandonne,9.0
TK007571,CL06204,2025-07-08,Offre,abandonne,2.0
TK007572,CL06204,2024-10-05,Reseau,ouvert,
TK007573,CL06209,2025-09-22,Reseau,resolu,9.0
TK007574,CL06210,2024-05-25,Reseau,ouvert,
TK007575,CL06210,2024-06-26,Facturation,ouvert,
TK007576,CL06210,2024-04-23,Reseau,ouvert,
TK007577,CL06211,2025-10-03,Offre,ouvert,
TK007578,CL06212,2025-09-11,Reseau,resolu,1.0
TK007579,CL06214,2024-01-29,Reseau,ouvert,
TK007580,CL06214,2024-06-13,Reseau,abandonne,14.0
TK007581,CL06214,2024-04-05,Reseau,abandonne,20.0
TK007582,CL06216,2024-12-03,Facturation,abandonne,95.0
TK007583,CL06217,2025-05-12,Facturation,ouvert,
TK007584,CL06219,2025-02-17,Reseau,resolu,1.0
TK007585,CL06220,2025-11-10,Offre,resolu,1.0
TK007586,CL06221,2024-05-28,Reseau,ouvert,
TK007587,CL06221,2024-04-29,Facturation,ouvert,
TK007588,CL06221,2024-05-11,Materiel,abandonne,5.0
TK007589,CL06222,2025-11-29,Facturation,resolu,1.0
TK007590,CL06224,2025-10-24,Offre,resolu,2.0
TK007591,CL06225,2025-05-14,Offre,resolu,2.0
TK007592,CL06225,2025-02-18,Reseau,ouvert,
TK007593,CL06225,2024-03-19,Facturation,resolu,1.0
TK007594,CL06225,2025-03-23,Reseau,resolu,1.0
TK007595,CL06226,2025-11-26,Reseau,resolu,-1.0
TK007596,CL06227,2024-12-21,Materiel,resolu,6.0
TK007597,CL06227,2025-01-13,Offre,resolu,-15.0
TK007598,CL06228,2025-08-04,Facturation,resolu,1.0
TK007599,CL06228,2025-11-04,Reseau,resolu,3.0
TK007600,CL06229,2025-02-26,Reseau,ouvert,
TK007601,CL06231,2025-11-25,Offre,resolu,5.0
TK007602,CL06231,2025-09-16,Offre,resolu,1.0
TK007603,CL06232,2025-11-02,Facturation,abandonne,4.0
TK007604,CL06232,2025-12-13,Facturation,abandonne,9.0
TK007605,CL06234,2024-02-13,Reseau,ouvert,
TK007606,CL06235,2024-06-28,Reseau,abandonne,12.0
TK007607,CL06236,2024-04-01,Reseau,abandonne,13.0
TK007608,CL06236,2024-01-09,Facturation,ouvert,
TK007609,CL06236,2024-04-09,Reseau,abandonne,11.0
TK007610,CL06237,2025-10-27,Materiel,resolu,1.0
TK007611,CL06237,2025-06-01,Reseau,resolu,-4.0
TK007612,CL06237,2025-07-27,Reseau,resolu,1.0
TK007613,CL06239,2025-05-11,Facturation,resolu,13.0
TK007614,CL06239,2024-01-21,Reseau,resolu,7.0
TK007615,CL06239,2025-04-17,Facturation,ouvert,
TK007616,CL06239,2024-08-25,Reseau,resolu,12.0
TK007617,CL06243,2025-12-10,Materiel,ouvert,
TK007618,CL06243,2025-11-27,Facturation,resolu,3.0
TK007619,CL06244,2025-10-22,Reseau,resolu,2.0
TK007620,CL06245,2025-12-21,Facturation,resolu,4.0
TK007621,CL06246,2024-04-10,Facturation,resolu,3.0
TK007622,CL06247,2025-10-29,Reseau,ouvert,
TK007623,CL06249,2024-04-26,Reseau,abandonne,8.0
TK007624,CL06249,2024-02-22,Reseau,resolu,1.0
TK007625,CL06252,2024-05-01,Offre,resolu,1.0
TK007626,CL06253,2024-02-21,Facturation,resolu,1.0
TK007627,CL06254,2024-01-18,Reseau,resolu,14.0
TK007628,CL06254,2024-02-10,Reseau,ouvert,
TK007629,CL06254,2024-01-04,Reseau,ouvert,
TK007630,CL06256,2024-12-30,Reseau,ouvert,
TK007631,CL06260,2025-02-13,Reseau,resolu,8.0
TK007632,CL06262,2025-09-26,Offre,resolu,1.0
TK007633,CL06263,2025-12-31,Reseau,resolu,4.0
TK007634,CL06264,2025-07-19,Reseau,resolu,2.0
TK007635,CL06264,2025-08-23,Reseau,ouvert,
TK007636,CL06264,2025-06-19,Facturation,abandonne,5.0
TK007637,CL06265,2025-10-25,Facturation,resolu,2.0
TK007638,CL06270,2025-09-18,Reseau,resolu,9.0
TK007639,CL06270,2025-09-03,Reseau,resolu,1.0
TK007640,CL06270,2025-07-20,Reseau,ouvert,
TK007641,CL06271,2025-12-13,Facturation,ouvert,
TK007642,CL06272,2025-12-27,Materiel,resolu,1.0
TK007643,CL06272,2025-12-07,Materiel,resolu,3.0
TK007644,CL06273,2024-10-24,Facturation,ouvert,
TK007645,CL06273,2025-07-26,Reseau,resolu,6.0
TK007646,CL06276,2025-06-26,Reseau,ouvert,
TK007647,CL06277,2025-02-19,Facturation,ouvert,
TK007648,CL06279,2025-11-08,Offre,resolu,3.0
TK007649,CL06279,2025-08-18,Reseau,resolu,20.0
TK007650,CL06280,2025-02-23,Materiel,resolu,9.0
TK007651,CL06280,2024-10-19,Materiel,resolu,1.0
TK007652,CL06280,2025-01-05,Reseau,resolu,6.0
TK007653,CL06280,2025-02-14,Materiel,resolu,1.0
TK007654,CL06281,2024-08-21,Materiel,resolu,1.0
TK007655,CL06281,2025-10-16,Reseau,resolu,1.0
TK007656,CL06282,2025-06-27,Offre,resolu,3.0
TK007657,CL06283,2024-12-20,Reseau,resolu,5.0
TK007658,CL06287,2024-10-01,Materiel,ouvert,
TK007659,CL06287,2024-12-10,Reseau,resolu,5.0
TK007660,CL06287,2024-12-05,Materiel,ouvert,
TK007661,CL06288,2025-10-12,Facturation,resolu,2.0
TK007662,CL06289,2024-03-27,Facturation,ouvert,
TK007663,CL06291,2025-10-26,Offre,ouvert,
TK007664,CL06291,2025-07-18,Materiel,resolu,27.0
TK007665,CL06293,2025-07-08,Facturation,ouvert,
TK007666,CL06294,2025-08-14,Facturation,ouvert,
TK007667,CL06295,2024-07-21,Offre,ouvert,
TK007668,CL06295,2025-02-27,Facturation,abandonne,7.0
TK007669,CL06295,2024-10-31,Offre,ouvert,
TK007670,CL06296,2024-10-03,Facturation,ouvert,
TK007671,CL06297,2025-11-04,Facturation,resolu,1.0
TK007672,CL06298,2024-10-25,Materiel,resolu,4.0
TK007673,CL06299,2024-07-08,Facturation,resolu,1.0
TK007674,CL06300,2025-08-02,Offre,resolu,1.0
TK007675,CL06301,2024-01-18,Facturation,resolu,1.0
TK007676,CL06301,2025-12-20,Reseau,resolu,8.0
TK007677,CL06302,2025-03-17,Reseau,resolu,5.0
TK007678,CL06302,2025-08-11,Facturation,resolu,13.0
TK007679,CL06303,2024-01-11,Facturation,resolu,3.0
TK007680,CL06304,2024-01-25,Facturation,resolu,1.0
TK007681,CL06305,2025-01-22,Offre,resolu,3.0
TK007682,CL06305,2025-02-03,Facturation,resolu,1.0
TK007683,CL06306,2024-08-29,Facturation,resolu,21.0
TK007684,CL06308,2025-03-08,Reseau,ouvert,
TK007685,CL06309,2025-05-07,Reseau,resolu,1.0
TK007686,CL06312,2025-07-24,Reseau,resolu,1.0
TK007687,CL06312,2024-12-31,Offre,ouvert,
TK007688,CL06313,2024-10-29,Facturation,resolu,6.0
TK007689,CL06313,2024-07-01,Offre,ouvert,
TK007690,CL06313,2025-02-04,Facturation,ouvert,
TK007691,CL06313,2024-06-24,Reseau,ouvert,
TK007692,CL06313,2025-07-14,Reseau,ouvert,
TK007693,CL06313,2024-07-05,Reseau,resolu,1.0
TK007694,CL06314,2024-07-12,Materiel,resolu,-8.0
TK007695,CL06316,2025-11-20,Materiel,ouvert,
TK007696,CL06316,2025-11-18,Reseau,abandonne,8.0
TK007697,CL06316,2025-11-02,Offre,ouvert,
TK007698,CL06316,2025-09-11,Reseau,resolu,1.0
TK007699,CL06317,2024-07-06,Reseau,abandonne,11.0
TK007700,CL06317,2024-08-26,Reseau,resolu,6.0
TK007701,CL06317,2024-03-09,Reseau,abandonne,8.0
TK007702,CL06319,2025-09-18,Facturation,resolu,9.0
TK007703,CL06320,2024-12-02,Reseau,resolu,1.0
TK007704,CL06320,2025-11-23,Materiel,resolu,1.0
TK007705,CL06320,2025-08-03,Reseau,resolu,-19.0
TK007706,CL06321,2025-10-06,Reseau,ouvert,
TK007707,CL06322,2024-08-24,Offre,resolu,1.0
TK007708,CL06323,2024-05-04,Reseau,abandonne,28.0
TK007709,CL06323,2024-01-15,Materiel,abandonne,4.0
TK007710,CL06324,2025-10-15,Facturation,resolu,1.0
TK007711,CL06324,2025-05-15,Reseau,resolu,11.0
TK007712,CL06325,2024-04-27,Reseau,resolu,1.0
TK007713,CL06326,2024-02-27,Facturation,resolu,1.0
TK007714,CL06326,2025-09-13,Facturation,ouvert,
TK007715,CL06327,2025-11-01,Offre,resolu,2.0
TK007716,CL06328,2024-04-18,Offre,resolu,3.0
TK007717,CL06330,2024-03-13,Facturation,ouvert,
TK007718,CL06330,2024-03-31,Reseau,resolu,1.0
TK007719,CL06330,2024-04-29,Facturation,resolu,4.0
TK007720,CL06332,2024-07-31,Reseau,resolu,4.0
TK007721,CL06333,2025-12-15,Reseau,resolu,1.0
TK007722,CL06333,2025-11-21,Materiel,abandonne,1.0
TK007723,CL06334,2024-12-24,Reseau,resolu,1.0
TK007724,CL06334,2024-06-24,Facturation,resolu,2.0
TK007725,CL06335,2024-06-02,Reseau,abandonne,6.0
TK007726,CL06335,2024-05-25,Reseau,resolu,1.0
TK007727,CL06335,2024-03-17,Facturation,abandonne,1.0
TK007728,CL06335,2024-04-22,Facturation,resolu,5.0
TK007729,CL06338,2025-10-04,Offre,ouvert,
TK007730,CL06339,2025-12-23,Reseau,abandonne,11.0
TK007731,CL06340,2024-10-26,Offre,resolu,8.0
TK007732,CL06342,2024-08-07,Materiel,abandonne,22.0
TK007733,CL06342,2024-08-11,Facturation,ouvert,
TK007734,CL06342,2024-06-14,Facturation,ouvert,
TK007735,CL06342,2024-01-03,Reseau,ouvert,
TK007736,CL06343,2024-02-16,Materiel,resolu,1.0
TK007737,CL06343,2024-02-29,Facturation,abandonne,1.0
TK007738,CL06343,2024-02-22,Materiel,abandonne,1.0
TK007739,CL06343,2024-01-09,Reseau,ouvert,
TK007740,CL06344,2024-01-06,Reseau,resolu,2.0
TK007741,CL06346,2024-12-05,Facturation,resolu,1.0
TK007742,CL06348,2024-11-13,Materiel,resolu,2.0
TK007743,CL06349,2025-01-21,Materiel,resolu,1.0
TK007744,CL06353,2025-09-27,Reseau,abandonne,1.0
TK007745,CL06353,2025-07-10,Offre,resolu,2.0
TK007746,CL06354,2025-09-09,Facturation,resolu,3.0
TK007747,CL06354,2025-09-05,Reseau,resolu,2.0
TK007748,CL06354,2025-05-22,Facturation,resolu,4.0
TK007749,CL06354,2025-07-19,Reseau,resolu,18.0
TK007750,CL06354,2025-10-13,Reseau,ouvert,
TK007751,CL06354,2025-05-12,Reseau,resolu,9.0
TK007752,CL06355,2025-06-06,Reseau,resolu,4.0
TK007753,CL06356,2025-01-27,Offre,resolu,1.0
TK007754,CL06356,2024-01-07,Reseau,abandonne,3.0
TK007755,CL06357,2025-02-03,Reseau,abandonne,5.0
TK007756,CL06358,2025-12-31,Offre,ouvert,
TK007757,CL06359,2025-01-26,Reseau,abandonne,2.0
TK007758,CL06359,2024-09-04,Materiel,resolu,20.0
TK007759,CL06359,2025-03-11,Reseau,abandonne,7.0
TK007760,CL06360,2025-11-16,Reseau,resolu,2.0
TK007761,CL06360,2025-03-06,Facturation,ouvert,
TK007762,CL06360,2025-05-19,Reseau,ouvert,
TK007763,CL06360,2025-10-31,Reseau,abandonne,7.0
TK007764,CL06361,2024-12-09,Reseau,resolu,1.0
TK007765,CL06362,2024-08-20,Reseau,ouvert,
TK007766,CL06362,2024-10-27,Facturation,resolu,-2.0
TK007767,CL06363,2025-09-09,Offre,ouvert,
TK007768,CL06364,2025-08-27,Facturation,ouvert,
TK007769,CL06365,2024-12-22,Materiel,resolu,1.0
TK007770,CL06366,2025-09-06,Offre,resolu,1.0
TK007771,CL06367,2025-07-17,Offre,resolu,3.0
TK007772,CL06367,2024-11-25,Reseau,abandonne,1.0
TK007773,CL06368,2025-04-16,Reseau,resolu,10.0
TK007774,CL06369,2025-11-14,Reseau,resolu,1.0
TK007775,CL06370,2024-09-12,Offre,resolu,2.0
TK007776,CL06370,2024-10-21,Materiel,resolu,7.0
TK007777,CL06371,2025-03-08,Facturation,resolu,1.0
TK007778,CL06371,2025-08-25,Facturation,resolu,1.0
TK007779,CL06372,2024-08-10,Reseau,ouvert,
TK007780,CL06372,2024-03-13,Facturation,abandonne,4.0
TK007781,CL06372,2024-06-03,Offre,ouvert,
TK007782,CL06372,2024-01-27,Facturation,ouvert,
TK007783,CL06374,2024-10-02,Reseau,abandonne,2.0
TK007784,CL06374,2025-01-05,Facturation,ouvert,
TK007785,CL06374,2025-06-16,Reseau,abandonne,18.0
TK007786,CL06376,2025-04-09,Reseau,resolu,4.0
TK007787,CL06377,2025-05-21,Reseau,abandonne,5.0
TK007788,CL06378,2024-12-11,Reseau,resolu,2.0
TK007789,CL06378,2025-02-16,Offre,ouvert,
TK007790,CL06378,2024-12-23,Facturation,ouvert,
TK007791,CL06379,2025-02-20,Reseau,ouvert,
TK007792,CL06379,2025-04-21,Facturation,resolu,1.0
TK007793,CL06379,2024-12-02,Reseau,ouvert,
TK007794,CL06381,2024-03-02,Reseau,abandonne,4.0
TK007795,CL06381,2024-11-06,Reseau,resolu,2.0
TK007796,CL06381,2024-07-08,Offre,abandonne,9.0
TK007797,CL06381,2024-01-02,Materiel,abandonne,7.0
TK007798,CL06383,2025-08-16,Materiel,resolu,1.0
TK007799,CL06384,2024-12-09,Materiel,ouvert,
TK007800,CL06384,2025-01-10,Materiel,ouvert,
TK007801,CL06386,2024-10-09,Reseau,resolu,1.0
TK007802,CL06387,2024-12-13,Reseau,ouvert,
TK007803,CL06387,2025-08-03,Reseau,abandonne,4.0
TK007804,CL06389,2025-07-19,Materiel,ouvert,
TK007805,CL06390,2024-10-28,Offre,ouvert,
TK007806,CL06390,2024-03-22,Facturation,abandonne,2.0
TK007807,CL06390,2024-12-20,Facturation,ouvert,
TK007808,CL06390,2024-03-08,Materiel,ouvert,
TK007809,CL06391,2025-11-28,Facturation,ouvert,
TK007810,CL06392,2025-03-23,Facturation,resolu,2.0
TK007811,CL06393,2024-09-14,Facturation,resolu,1.0
TK007812,CL06395,2024-01-22,Offre,ouvert,
TK007813,CL06395,2025-05-24,Facturation,resolu,4.0
TK007814,CL06396,2024-10-10,Offre,ouvert,
TK007815,CL06396,2024-09-28,Facturation,resolu,2.0
TK007816,CL06397,2024-03-07,Reseau,ouvert,
TK007817,CL06397,2024-04-08,Facturation,ouvert,
TK007818,CL06397,2024-04-30,Reseau,resolu,18.0
TK007819,CL06398,2025-11-02,Materiel,resolu,4.0
TK007820,CL06400,2025-10-12,Facturation,resolu,9.0
TK007821,CL06401,2025-11-01,Reseau,ouvert,
TK007822,CL06402,2025-09-02,Facturation,resolu,1.0
TK007823,CL06403,2025-12-06,Offre,ouvert,
TK007824,CL06403,2025-11-30,Facturation,resolu,1.0
TK007825,CL06405,2025-09-23,Facturation,ouvert,
TK007826,CL06405,2025-11-14,Offre,abandonne,2.0
TK007827,CL06406,2025-05-19,Reseau,resolu,3.0
TK007828,CL06406,2025-08-17,Facturation,ouvert,
TK007829,CL06406,2025-08-01,Materiel,resolu,1.0
TK007830,CL06409,2024-04-06,Reseau,resolu,6.0
TK007831,CL06410,2025-09-01,Facturation,resolu,4.0
TK007832,CL06412,2025-12-08,Materiel,resolu,4.0
TK007833,CL06413,2024-05-28,Facturation,resolu,1.0
TK007834,CL06413,2025-09-08,Facturation,resolu,4.0
TK007835,CL06414,2025-06-06,Facturation,ouvert,
TK007836,CL06416,2024-06-14,Reseau,ouvert,
TK007837,CL06420,2025-02-22,Reseau,abandonne,6.0
TK007838,CL06420,2025-04-16,Offre,abandonne,1.0
TK007839,CL06421,2024-05-25,Reseau,resolu,1.0
TK007840,CL06422,2024-10-15,Facturation,resolu,3.0
TK007841,CL06423,2024-10-09,Materiel,resolu,2.0
TK007842,CL06423,2025-06-24,Facturation,abandonne,4.0
TK007843,CL06424,2025-12-22,Reseau,ouvert,
TK007844,CL06424,2025-05-22,Facturation,ouvert,
TK007845,CL06425,2024-03-03,Offre,abandonne,3.0
TK007846,CL06425,2025-01-22,Materiel,abandonne,2.0
TK007847,CL06425,2024-12-13,Reseau,abandonne,28.0
TK007848,CL06426,2025-11-05,Facturation,resolu,1.0
TK007849,CL06426,2024-11-11,Reseau,resolu,11.0
TK007850,CL06427,2025-05-25,Reseau,resolu,4.0
TK007851,CL06427,2025-10-31,Offre,abandonne,21.0
TK007852,CL06427,2025-10-03,Offre,resolu,14.0
TK007853,CL06428,2025-05-19,Facturation,resolu,1.0
TK007854,CL06428,2024-02-05,Reseau,ouvert,
TK007855,CL06428,2024-03-01,Offre,resolu,1.0
TK007856,CL06428,2025-04-29,Facturation,resolu,1.0
TK007857,CL06429,2025-10-16,Reseau,resolu,1.0
TK007858,CL06429,2024-09-08,Materiel,resolu,4.0
TK007859,CL06432,2024-08-26,Facturation,resolu,5.0
TK007860,CL06433,2024-06-15,Reseau,ouvert,
TK007861,CL06434,2025-06-24,Offre,ouvert,
TK007862,CL06434,2025-09-23,Facturation,ouvert,
TK007863,CL06434,2025-07-03,Materiel,ouvert,
TK007864,CL06436,2024-01-06,Reseau,abandonne,2.0
TK007865,CL06436,2024-01-01,Facturation,ouvert,
TK007866,CL06436,2024-01-03,Facturation,abandonne,6.0
TK007867,CL06437,2024-05-15,Reseau,resolu,1.0
TK007868,CL06438,2025-11-03,Reseau,resolu,3.0
TK007869,CL06439,2025-11-23,Facturation,resolu,5.0
TK007870,CL06440,2024-11-17,Reseau,abandonne,1.0
TK007871,CL06441,2024-05-10,Reseau,resolu,3.0
TK007872,CL06441,2024-12-06,Reseau,ouvert,
TK007873,CL06443,2024-04-17,Reseau,resolu,3.0
TK007874,CL06444,2025-09-12,Reseau,ouvert,
TK007875,CL06445,2025-04-02,Reseau,ouvert,
TK007876,CL06445,2025-03-25,Reseau,abandonne,6.0
TK007877,CL06445,2024-11-03,Facturation,ouvert,
TK007878,CL06446,2025-04-09,Reseau,resolu,3.0
TK007879,CL06447,2025-12-05,Facturation,abandonne,8.0
TK007880,CL06448,2025-03-25,Reseau,resolu,1.0
TK007881,CL06452,2025-10-11,Facturation,abandonne,3.0
TK007882,CL06454,2024-10-22,Facturation,ouvert,
TK007883,CL06456,2024-11-09,Materiel,resolu,1.0
TK007884,CL06457,2025-04-03,Offre,resolu,3.0
TK007885,CL06457,2025-08-05,Reseau,resolu,3.0
TK007886,CL06458,2024-09-26,Offre,ouvert,
TK007887,CL06458,2024-10-17,Reseau,ouvert,
TK007888,CL06458,2025-12-11,Offre,ouvert,
TK007889,CL06459,2024-03-07,Reseau,resolu,13.0
TK007890,CL06459,2024-02-10,Reseau,resolu,15.0
TK007891,CL06459,2024-03-06,Offre,ouvert,
TK007892,CL06461,2025-02-07,Reseau,resolu,1.0
TK007893,CL06462,2024-05-15,Materiel,resolu,20.0
TK007894,CL06462,2024-05-23,Reseau,abandonne,3.0
TK007895,CL06465,2025-05-02,Materiel,resolu,8.0
TK007896,CL06468,2024-12-27,Reseau,resolu,1.0
TK007897,CL06468,2025-03-12,Offre,resolu,1.0
TK007898,CL06470,2025-06-08,Materiel,ouvert,
TK007899,CL06470,2025-04-22,Reseau,resolu,1.0
TK007900,CL06471,2025-09-08,Facturation,abandonne,9.0
TK007901,CL06471,2025-08-27,Offre,abandonne,1.0
TK007902,CL06471,2025-07-10,Offre,resolu,4.0
TK007903,CL06471,2025-06-05,Reseau,ouvert,
TK007904,CL06472,2025-04-03,Offre,ouvert,
TK007905,CL06475,2025-09-11,Reseau,abandonne,7.0
TK007906,CL06475,2025-05-08,Reseau,resolu,4.0
TK007907,CL06476,2025-08-17,Materiel,ouvert,
TK007908,CL06476,2025-07-27,Reseau,resolu,3.0
TK007909,CL06477,2024-03-11,Facturation,resolu,2.0
TK007910,CL06477,2025-05-03,Reseau,resolu,1.0
TK007911,CL06478,2025-03-15,Reseau,resolu,1.0
TK007912,CL06480,2025-09-10,Facturation,resolu,3.0
TK007913,CL06481,2025-12-10,Materiel,resolu,2.0
TK007914,CL06481,2025-08-12,Reseau,abandonne,7.0
TK007915,CL06485,2024-05-15,Reseau,ouvert,
TK007916,CL06485,2024-06-12,Facturation,ouvert,
TK007917,CL06485,2024-05-19,Materiel,abandonne,15.0
TK007918,CL06486,2025-06-14,Materiel,resolu,4.0
TK007919,CL06486,2024-12-28,Facturation,resolu,-1.0
TK007920,CL06486,2025-12-13,Offre,ouvert,
TK007921,CL06490,2025-01-21,Reseau,ouvert,
TK007922,CL06490,2025-01-30,Facturation,abandonne,5.0
TK007923,CL06490,2024-12-14,Facturation,abandonne,2.0
TK007924,CL06491,2024-04-05,Facturation,ouvert,
TK007925,CL06492,2025-12-10,Facturation,resolu,4.0
TK007926,CL06493,2024-05-02,Facturation,ouvert,
TK007927,CL06495,2024-05-23,Reseau,resolu,6.0
TK007928,CL06495,2024-06-13,Reseau,resolu,1.0
TK007929,CL06495,2024-02-21,Facturation,ouvert,
TK007930,CL06495,2024-06-16,Materiel,ouvert,
TK007931,CL06495,2024-02-18,Offre,resolu,7.0
TK007932,CL06496,2024-03-13,Facturation,ouvert,
TK007933,CL06496,2024-01-26,Offre,ouvert,
TK007934,CL06497,2025-10-02,Reseau,resolu,11.0
TK007935,CL06497,2025-08-01,Facturation,resolu,3.0
TK007936,CL06498,2025-05-15,Reseau,resolu,1.0
TK007937,CL06506,2025-10-03,Materiel,ouvert,
TK007938,CL06507,2024-02-02,Materiel,resolu,2.0
TK007939,CL06508,2024-03-23,Offre,abandonne,2.0
TK007940,CL06510,2025-11-22,Reseau,resolu,3.0
TK007941,CL06512,2024-08-14,Reseau,resolu,-1.0
TK007942,CL06513,2024-01-04,Facturation,ouvert,
TK007943,CL06513,2025-11-11,Facturation,abandonne,18.0
TK007944,CL06513,2024-11-09,Reseau,ouvert,
TK007945,CL06513,2025-08-09,Offre,abandonne,17.0
TK007946,CL06513,2024-05-01,Materiel,resolu,1.0
TK007947,CL06515,2025-04-02,Reseau,resolu,1.0
TK007948,CL06515,2025-10-10,Materiel,resolu,4.0
TK007949,CL06516,2024-11-03,Materiel,resolu,4.0
TK007950,CL06516,2024-06-04,Offre,ouvert,
TK007951,CL06516,2024-09-14,Offre,ouvert,
TK007952,CL06521,2024-08-29,Offre,abandonne,8.0
TK007953,CL06521,2024-05-28,Facturation,ouvert,
TK007954,CL06521,2024-01-20,Facturation,ouvert,
TK007955,CL06521,2024-11-17,Offre,ouvert,
TK007956,CL06522,2025-09-25,Reseau,resolu,2.0
TK007957,CL06523,2024-10-16,Facturation,ouvert,
TK007958,CL06523,2024-07-01,Reseau,ouvert,
TK007959,CL06523,2024-01-29,Materiel,abandonne,5.0
TK007960,CL06523,2024-01-25,Reseau,resolu,1.0
TK007961,CL06525,2024-01-11,Offre,ouvert,
TK007962,CL06525,2024-07-18,Reseau,ouvert,
TK007963,CL06525,2024-03-05,Reseau,ouvert,
TK007964,CL06525,2024-06-22,Offre,ouvert,
TK007965,CL06526,2024-01-13,Materiel,resolu,1.0
TK007966,CL06527,2025-01-30,Materiel,abandonne,24.0
TK007967,CL06527,2024-12-23,Facturation,ouvert,
TK007968,CL06528,2025-08-22,Offre,abandonne,3.0
TK007969,CL06529,2025-12-05,Reseau,resolu,1.0
TK007970,CL06531,2024-07-23,Facturation,ouvert,
TK007971,CL06531,2024-07-22,Reseau,ouvert,
TK007972,CL06532,2025-05-22,Offre,ouvert,
TK007973,CL06532,2025-04-03,Materiel,resolu,1.0
TK007974,CL06532,2025-03-27,Materiel,resolu,1.0
TK007975,CL06533,2025-08-29,Offre,resolu,1.0
TK007976,CL06533,2024-07-15,Facturation,abandonne,9.0
TK007977,CL06534,2024-01-16,Materiel,ouvert,
TK007978,CL06534,2024-01-04,Reseau,ouvert,
TK007979,CL06537,2025-06-17,Materiel,resolu,5.0
TK007980,CL06537,2024-07-29,Materiel,resolu,2.0
TK007981,CL06538,2024-10-03,Reseau,resolu,3.0
TK007982,CL06538,2025-04-20,Reseau,resolu,2.0
TK007983,CL06540,2025-04-10,Facturation,resolu,4.0
TK007984,CL06542,2024-02-14,Facturation,resolu,3.0
TK007985,CL06542,2024-02-09,Facturation,ouvert,
TK007986,CL06542,2024-04-10,Reseau,abandonne,5.0
TK007987,CL06543,2025-11-27,Facturation,resolu,1.0
TK007988,CL06544,2024-08-15,Offre,ouvert,
TK007989,CL06544,2024-04-04,Reseau,ouvert,
TK007990,CL06545,2025-09-01,Materiel,resolu,3.0
TK007991,CL06545,2025-01-29,Reseau,ouvert,
TK007992,CL06545,2024-10-15,Reseau,abandonne,2.0
TK007993,CL06545,2025-03-27,Reseau,abandonne,1.0
TK007994,CL06546,2025-11-28,Facturation,ouvert,
TK007995,CL06546,2025-06-22,Reseau,ouvert,
TK007996,CL06548,2025-10-28,Reseau,ouvert,
TK007997,CL06548,2025-12-08,Facturation,resolu,1.0
TK007998,CL06548,2025-09-26,Materiel,ouvert,
TK007999,CL06548,2025-08-08,Offre,resolu,1.0
TK008000,CL06548,2025-08-09,Offre,ouvert,
TK008001,CL06548,2025-10-14,Reseau,abandonne,20.0
TK008002,CL06549,2025-05-31,Reseau,resolu,2.0
TK008003,CL06550,2024-01-14,Reseau,resolu,2.0
TK008004,CL06550,2024-01-22,Facturation,abandonne,4.0
TK008005,CL06550,2024-04-11,Reseau,ouvert,
TK008006,CL06550,2024-03-15,Offre,abandonne,3.0
TK008007,CL06550,2024-05-04,Materiel,resolu,6.0
TK008008,CL06551,2024-08-16,Facturation,resolu,7.0
TK008009,CL06551,2025-05-21,Offre,resolu,3.0
TK008010,CL06551,2025-05-11,Reseau,resolu,3.0
TK008011,CL06551,2025-03-18,Reseau,resolu,1.0
TK008012,CL06552,2025-02-27,Reseau,resolu,2.0
TK008013,CL06552,2025-07-08,Reseau,ouvert,
TK008014,CL06552,2025-03-28,Offre,ouvert,
TK008015,CL06552,2025-03-10,Facturation,ouvert,
TK008016,CL06554,2025-07-16,Facturation,resolu,3.0
TK008017,CL06554,2025-12-05,Reseau,resolu,4.0
TK008018,CL06556,2025-07-25,Facturation,resolu,4.0
TK008019,CL06558,2025-10-10,Facturation,resolu,16.0
TK008020,CL06558,2025-09-19,Facturation,resolu,1.0
TK008021,CL06558,2025-12-29,Facturation,resolu,2.0
TK008022,CL06559,2024-10-26,Materiel,resolu,9.0
TK008023,CL06560,2025-10-25,Materiel,resolu,4.0
TK008024,CL06561,2025-05-02,Reseau,resolu,7.0
TK008025,CL06561,2025-07-30,Reseau,resolu,6.0
TK008026,CL06561,2025-09-23,Materiel,ouvert,
TK008027,CL06562,2025-06-24,Reseau,ouvert,
TK008028,CL06562,2025-04-08,Facturation,resolu,1.0
TK008029,CL06563,2025-03-17,Materiel,resolu,1.0
TK008030,CL06564,2024-07-04,Offre,resolu,34.0
TK008031,CL06565,2025-12-15,Facturation,resolu,1.0
TK008032,CL06565,2024-11-24,Facturation,resolu,1.0
TK008033,CL06567,2025-05-07,Facturation,abandonne,9.0
TK008034,CL06567,2025-05-27,Reseau,resolu,4.0
TK008035,CL06567,2025-05-28,Materiel,ouvert,
TK008036,CL06567,2025-04-01,Offre,ouvert,
TK008037,CL06567,2025-03-21,Facturation,ouvert,
TK008038,CL06568,2025-09-23,Facturation,resolu,17.0
TK008039,CL06569,2024-06-24,Reseau,ouvert,
TK008040,CL06570,2024-01-21,Materiel,resolu,16.0
TK008041,CL06571,2025-12-22,Materiel,resolu,2.0
TK008042,CL06571,2025-12-12,Facturation,resolu,5.0
TK008043,CL06572,2024-03-16,Offre,resolu,3.0
TK008044,CL06572,2025-05-12,Reseau,resolu,3.0
TK008045,CL06573,2024-07-27,Offre,resolu,2.0
TK008046,CL06574,2024-09-08,Reseau,resolu,1.0
TK008047,CL06574,2025-10-08,Reseau,resolu,2.0
TK008048,CL06575,2025-02-20,Reseau,abandonne,50.0
TK008049,CL06575,2025-04-16,Materiel,resolu,1.0
TK008050,CL06575,2025-04-01,Offre,ouvert,
TK008051,CL06577,2024-03-13,Facturation,resolu,1.0
TK008052,CL06577,2025-05-19,Reseau,ouvert,
TK008053,CL06578,2024-04-09,Facturation,abandonne,46.0
TK008054,CL06580,2024-03-19,Offre,abandonne,6.0
TK008055,CL06580,2024-09-25,Materiel,resolu,2.0
TK008056,CL06582,2024-03-13,Materiel,ouvert,
TK008057,CL06582,2024-07-13,Materiel,abandonne,3.0
TK008058,CL06582,2025-05-11,Reseau,ouvert,
TK008059,CL06582,2025-06-25,Reseau,abandonne,1.0
TK008060,CL06582,2024-02-28,Facturation,ouvert,
TK008061,CL06582,2024-08-27,Facturation,abandonne,28.0
TK008062,CL06584,2024-08-23,Materiel,abandonne,8.0
TK008063,CL06584,2024-09-01,Facturation,ouvert,
TK008064,CL06584,2024-11-29,Reseau,abandonne,4.0
TK008065,CL06584,2024-08-17,Reseau,abandonne,1.0
TK008066,CL06584,2024-11-17,Facturation,resolu,1.0
TK008067,CL06584,2024-11-22,Reseau,ouvert,
TK008068,CL06586,2024-03-08,Reseau,ouvert,
TK008069,CL06586,2025-02-04,Reseau,abandonne,9.0
TK008070,CL06586,2024-02-06,Facturation,ouvert,
TK008071,CL06586,2024-01-02,Facturation,ouvert,
TK008072,CL06586,2024-05-04,Offre,resolu,2.0
TK008073,CL06587,2025-05-26,Reseau,resolu,2.0
TK008074,CL06589,2024-01-04,Materiel,abandonne,3.0
TK008075,CL06589,2024-03-08,Offre,resolu,6.0
TK008076,CL06590,2025-09-12,Facturation,resolu,4.0
TK008077,CL06591,2025-09-15,Reseau,resolu,4.0
TK008078,CL06591,2025-07-03,Reseau,abandonne,1.0
TK008079,CL06591,2025-07-08,Offre,abandonne,13.0
TK008080,CL06591,2025-07-07,Offre,ouvert,
TK008081,CL06592,2024-10-02,Offre,resolu,1.0
TK008082,CL06593,2025-08-19,Materiel,resolu,-1.0
TK008083,CL06594,2025-08-28,Materiel,ouvert,
TK008084,CL06594,2024-04-25,Offre,resolu,2.0
TK008085,CL06596,2024-03-19,Reseau,resolu,3.0
TK008086,CL06596,2024-04-12,Materiel,abandonne,14.0
TK008087,CL06596,2024-01-30,Offre,ouvert,
TK008088,CL06597,2024-06-04,Reseau,resolu,7.0
TK008089,CL06597,2024-09-20,Offre,ouvert,
TK008090,CL06599,2025-08-27,Materiel,ouvert,
TK008091,CL06599,2025-01-30,Reseau,ouvert,
TK008092,CL06599,2024-04-21,Reseau,abandonne,2.0
TK008093,CL06599,2024-01-21,Materiel,resolu,3.0
TK008094,CL06602,2024-11-30,Reseau,resolu,1.0
TK008095,CL06603,2025-11-12,Reseau,resolu,2.0
TK008096,CL06604,2024-06-09,Offre,ouvert,
TK008097,CL06604,2024-06-09,Materiel,resolu,1.0
TK008098,CL06605,2024-09-22,Facturation,abandonne,3.0
TK008099,CL06605,2024-06-15,Offre,resolu,1.0
TK008100,CL06605,2024-09-25,Reseau,ouvert,
TK008101,CL06606,2025-07-01,Facturation,abandonne,7.0
TK008102,CL06606,2024-07-15,Materiel,resolu,17.0
TK008103,CL06606,2024-12-05,Materiel,resolu,6.0
TK008104,CL06609,2024-05-21,Facturation,resolu,4.0
TK008105,CL06609,2025-01-18,Reseau,resolu,3.0
TK008106,CL06609,2025-04-19,Facturation,resolu,4.0
TK008107,CL06610,2025-03-29,Facturation,resolu,1.0
TK008108,CL06610,2025-12-03,Materiel,resolu,4.0
TK008109,CL06611,2024-06-07,Reseau,resolu,2.0
TK008110,CL06612,2025-01-05,Facturation,ouvert,
TK008111,CL06612,2024-11-17,Reseau,abandonne,4.0
TK008112,CL06612,2025-02-28,Facturation,abandonne,2.0
TK008113,CL06613,2025-07-21,Reseau,resolu,1.0
TK008114,CL06613,2025-02-20,Reseau,resolu,6.0
TK008115,CL06613,2025-09-06,Reseau,ouvert,
TK008116,CL06614,2024-11-10,Reseau,abandonne,1.0
TK008117,CL06614,2024-06-02,Facturation,resolu,15.0
TK008118,CL06614,2024-12-23,Facturation,ouvert,
TK008119,CL06614,2024-07-19,Materiel,abandonne,21.0
TK008120,CL06615,2025-03-23,Reseau,resolu,4.0
TK008121,CL06615,2025-10-09,Reseau,ouvert,
TK008122,CL06616,2025-06-03,Materiel,ouvert,
TK008123,CL06616,2024-11-28,Materiel,ouvert,
TK008124,CL06617,2025-01-03,Offre,ouvert,
TK008125,CL06617,2025-03-25,Reseau,abandonne,10.0
TK008126,CL06618,2024-10-16,Materiel,abandonne,8.0
TK008127,CL06618,2024-10-13,Facturation,abandonne,12.0
TK008128,CL06618,2024-10-04,Materiel,ouvert,
TK008129,CL06619,2024-11-24,Offre,resolu,2.0
TK008130,CL06619,2025-01-21,Offre,ouvert,
TK008131,CL06622,2025-03-08,Reseau,resolu,1.0
TK008132,CL06622,2025-06-07,Facturation,ouvert,
TK008133,CL06623,2025-09-02,Facturation,abandonne,1.0
TK008134,CL06623,2025-09-13,Reseau,abandonne,8.0
TK008135,CL06623,2025-09-02,Offre,abandonne,18.0
TK008136,CL06624,2025-10-16,Materiel,resolu,2.0
TK008137,CL06624,2025-08-07,Reseau,abandonne,1.0
TK008138,CL06624,2025-08-07,Materiel,ouvert,
TK008139,CL06624,2025-09-03,Facturation,ouvert,
TK008140,CL06624,2025-06-16,Materiel,resolu,1.0
TK008141,CL06625,2024-01-29,Reseau,resolu,6.0
TK008142,CL06625,2024-11-03,Reseau,resolu,1.0
TK008143,CL06626,2025-09-10,Offre,abandonne,1.0
TK008144,CL06626,2025-01-16,Reseau,ouvert,
TK008145,CL06628,2024-02-14,Materiel,resolu,1.0
TK008146,CL06629,2025-02-16,Reseau,abandonne,1.0
TK008147,CL06629,2025-02-15,Reseau,ouvert,
TK008148,CL06629,2025-04-25,Offre,abandonne,20.0
TK008149,CL06631,2025-06-20,Facturation,resolu,5.0
TK008150,CL06632,2025-10-16,Offre,resolu,2.0
TK008151,CL06633,2025-11-17,Reseau,resolu,4.0
TK008152,CL06633,2025-10-11,Reseau,resolu,-1.0
TK008153,CL06636,2025-12-03,Materiel,ouvert,
TK008154,CL06637,2025-09-21,Facturation,resolu,3.0
TK008155,CL06637,2024-08-26,Offre,resolu,8.0
TK008156,CL06645,2025-02-10,Reseau,ouvert,
TK008157,CL06645,2025-01-09,Facturation,ouvert,
TK008158,CL06645,2024-01-09,Reseau,ouvert,
TK008159,CL06646,2024-04-01,Reseau,resolu,1.0
TK008160,CL06647,2025-07-20,Offre,resolu,11.0
TK008161,CL06647,2025-04-17,Offre,resolu,3.0
TK008162,CL06648,2024-12-28,Reseau,resolu,2.0
TK008163,CL06650,2025-08-26,Reseau,resolu,5.0
TK008164,CL06650,2025-07-13,Materiel,ouvert,
TK008165,CL06651,2025-02-22,Reseau,resolu,1.0
TK008166,CL06654,2025-05-17,Reseau,resolu,2.0
TK008167,CL06654,2025-05-05,Reseau,ouvert,
TK008168,CL06656,2025-12-13,Offre,resolu,5.0
TK008169,CL06657,2024-05-03,Materiel,resolu,3.0
TK008170,CL06657,2024-02-09,Facturation,resolu,1.0
TK008171,CL06658,2025-08-22,Reseau,ouvert,
TK008172,CL06658,2025-09-13,Reseau,resolu,6.0
TK008173,CL06658,2025-08-28,Facturation,resolu,10.0
TK008174,CL06658,2025-08-12,Facturation,ouvert,
TK008175,CL06659,2025-12-05,Reseau,resolu,15.0
TK008176,CL06662,2025-02-26,Facturation,resolu,2.0
TK008177,CL06664,2025-11-07,Reseau,ouvert,
TK008178,CL06667,2024-06-17,Materiel,ouvert,
TK008179,CL06668,2025-03-03,Offre,resolu,2.0
TK008180,CL06668,2024-04-12,Reseau,resolu,2.0
TK008181,CL06668,2024-03-03,Facturation,resolu,5.0
TK008182,CL06670,2025-09-03,Facturation,ouvert,
TK008183,CL06670,2025-05-02,Materiel,resolu,1.0
TK008184,CL06673,2025-03-11,Offre,abandonne,14.0
TK008185,CL06673,2025-04-22,Offre,resolu,6.0
TK008186,CL06673,2025-06-02,Reseau,abandonne,6.0
TK008187,CL06674,2025-02-25,Offre,ouvert,
TK008188,CL06675,2024-10-15,Materiel,resolu,2.0
TK008189,CL06678,2025-06-16,Offre,resolu,1.0
TK008190,CL06678,2025-12-05,Offre,resolu,-2.0
TK008191,CL06680,2024-11-03,Offre,resolu,1.0
TK008192,CL06680,2025-07-07,Offre,ouvert,
TK008193,CL06681,2024-03-20,Materiel,ouvert,
TK008194,CL06682,2024-05-25,Facturation,resolu,27.0
TK008195,CL06685,2025-07-25,Offre,resolu,5.0
TK008196,CL06685,2024-12-10,Reseau,resolu,1.0
TK008197,CL06686,2025-08-26,Facturation,ouvert,
TK008198,CL06687,2025-09-22,Reseau,abandonne,8.0
TK008199,CL06687,2025-06-15,Materiel,ouvert,
TK008200,CL06689,2025-08-26,Facturation,resolu,-1.0
TK008201,CL06689,2024-10-21,Reseau,ouvert,
TK008202,CL06690,2024-01-28,Offre,ouvert,
TK008203,CL06691,2024-03-18,Reseau,resolu,3.0
TK008204,CL06691,2024-06-02,Facturation,ouvert,
TK008205,CL06691,2024-03-01,Reseau,abandonne,4.0
TK008206,CL06691,2024-08-30,Facturation,ouvert,
TK008207,CL06691,2024-05-23,Reseau,ouvert,
TK008208,CL06692,2025-03-04,Facturation,abandonne,12.0
TK008209,CL06693,2025-03-26,Offre,ouvert,
TK008210,CL06693,2025-01-28,Materiel,abandonne,6.0
TK008211,CL06697,2025-03-17,Facturation,ouvert,
TK008212,CL06700,2025-09-29,Reseau,resolu,3.0
TK008213,CL06702,2024-05-03,Materiel,abandonne,8.0
TK008214,CL06703,2024-01-03,Reseau,ouvert,
TK008215,CL06703,2024-02-02,Facturation,abandonne,10.0
TK008216,CL06708,2024-07-19,Facturation,ouvert,
TK008217,CL06709,2024-07-06,Materiel,resolu,2.0
TK008218,CL06709,2025-12-10,Reseau,ouvert,
TK008219,CL06712,2025-05-14,Facturation,resolu,2.0
TK008220,CL06714,2024-03-30,Offre,resolu,1.0
TK008221,CL06714,2024-07-04,Facturation,abandonne,9.0
TK008222,CL06714,2025-02-17,Reseau,resolu,4.0
TK008223,CL06714,2024-02-18,Offre,resolu,2.0
TK008224,CL06715,2025-03-31,Reseau,resolu,2.0
TK008225,CL06716,2025-05-20,Reseau,resolu,10.0
TK008226,CL06716,2025-04-17,Materiel,abandonne,1.0
TK008227,CL06716,2025-05-05,Reseau,resolu,1.0
TK008228,CL06716,2025-09-11,Facturation,ouvert,
TK008229,CL06717,2025-07-20,Facturation,resolu,3.0
TK008230,CL06718,2024-02-05,Facturation,resolu,1.0
TK008231,CL06718,2024-06-14,Materiel,abandonne,11.0
TK008232,CL06718,2024-04-20,Reseau,ouvert,
TK008233,CL06719,2025-06-09,Offre,resolu,1.0
TK008234,CL06719,2024-02-27,Materiel,ouvert,
TK008235,CL06720,2024-10-12,Facturation,resolu,5.0
TK008236,CL06720,2024-06-27,Reseau,resolu,1.0
TK008237,CL06721,2025-05-10,Reseau,resolu,3.0
TK008238,CL06721,2024-10-14,Reseau,resolu,-1.0
TK008239,CL06722,2024-07-26,Facturation,resolu,4.0
TK008240,CL06724,2025-02-13,Facturation,resolu,7.0
TK008241,CL06725,2025-07-16,Facturation,resolu,2.0
TK008242,CL06725,2025-12-21,Facturation,resolu,9.0
TK008243,CL06725,2025-11-13,Offre,resolu,7.0
TK008244,CL06726,2024-04-15,Reseau,resolu,1.0
TK008245,CL06726,2025-03-26,Offre,resolu,1.0
TK008246,CL06726,2025-08-27,Facturation,ouvert,
TK008247,CL06727,2024-04-10,Reseau,ouvert,
TK008248,CL06727,2024-06-16,Facturation,ouvert,
TK008249,CL06729,2024-02-11,Reseau,abandonne,2.0
TK008250,CL06729,2024-01-21,Materiel,abandonne,2.0
TK008251,CL06729,2024-02-03,Reseau,abandonne,4.0
TK008252,CL06731,2025-01-08,Reseau,resolu,13.0
TK008253,CL06732,2024-02-06,Reseau,resolu,6.0
TK008254,CL06732,2024-01-06,Reseau,ouvert,
TK008255,CL06732,2024-02-10,Offre,ouvert,
TK008256,CL06732,2024-01-02,Reseau,abandonne,2.0
TK008257,CL06732,2024-01-09,Reseau,resolu,3.0
TK008258,CL06732,2024-02-15,Offre,abandonne,13.0
TK008259,CL06732,2024-02-15,Reseau,abandonne,1.0
TK008260,CL06735,2025-06-10,Reseau,ouvert,
TK008261,CL06735,2025-10-14,Reseau,ouvert,
TK008262,CL06735,2025-05-21,Reseau,ouvert,
TK008263,CL06735,2025-07-26,Offre,ouvert,
TK008264,CL06736,2024-12-01,Offre,resolu,11.0
TK008265,CL06736,2025-01-01,Offre,resolu,6.0
TK008266,CL06737,2025-09-27,Facturation,resolu,1.0
TK008267,CL06738,2025-11-06,Facturation,resolu,5.0
TK008268,CL06739,2025-11-28,Reseau,resolu,3.0
TK008269,CL06740,2024-04-11,Reseau,ouvert,
TK008270,CL06740,2024-05-29,Offre,abandonne,2.0
TK008271,CL06740,2024-08-18,Offre,ouvert,
TK008272,CL06740,2024-05-28,Reseau,abandonne,13.0
TK008273,CL06740,2024-08-03,Offre,abandonne,28.0
TK008274,CL06741,2025-02-10,Materiel,resolu,3.0
TK008275,CL06742,2025-03-31,Facturation,resolu,1.0
TK008276,CL06742,2025-05-10,Materiel,resolu,8.0
TK008277,CL06743,2024-12-21,Offre,resolu,2.0
TK008278,CL06744,2024-12-06,Facturation,resolu,11.0
TK008279,CL06746,2024-01-17,Offre,ouvert,
TK008280,CL06746,2024-01-02,Facturation,resolu,1.0
TK008281,CL06746,2024-01-11,Reseau,abandonne,33.0
TK008282,CL06746,2024-01-13,Facturation,resolu,-9.0
TK008283,CL06747,2025-01-30,Facturation,resolu,3.0
TK008284,CL06748,2024-01-20,Facturation,resolu,6.0
TK008285,CL06749,2024-12-25,Facturation,ouvert,
TK008286,CL06750,2025-03-06,Facturation,resolu,1.0
TK008287,CL06751,2025-08-10,Offre,resolu,4.0
TK008288,CL06752,2024-05-19,Reseau,abandonne,5.0
TK008289,CL06753,2025-12-08,Reseau,resolu,1.0
TK008290,CL06754,2024-09-22,Reseau,ouvert,
TK008291,CL06754,2024-01-15,Facturation,abandonne,4.0
TK008292,CL06755,2025-06-16,Facturation,resolu,1.0
TK008293,CL06756,2025-06-11,Offre,resolu,2.0
TK008294,CL06757,2025-03-23,Reseau,resolu,2.0
TK008295,CL06757,2024-04-28,Facturation,resolu,15.0
TK008296,CL06759,2024-03-09,Materiel,ouvert,
TK008297,CL06759,2024-09-20,Facturation,ouvert,
TK008298,CL06759,2024-12-13,Reseau,resolu,6.0
TK008299,CL06760,2024-11-15,Facturation,resolu,1.0
TK008300,CL06762,2025-05-13,Facturation,abandonne,38.0
TK008301,CL06762,2024-10-20,Materiel,ouvert,
TK008302,CL06763,2025-05-08,Reseau,ouvert,
TK008303,CL06765,2024-01-03,Reseau,resolu,1.0
TK008304,CL06767,2024-10-29,Facturation,resolu,1.0
TK008305,CL06767,2025-04-25,Offre,resolu,4.0
TK008306,CL06768,2024-01-17,Materiel,ouvert,
TK008307,CL06769,2025-03-26,Offre,resolu,1.0
TK008308,CL06769,2024-05-08,Reseau,resolu,1.0
TK008309,CL06770,2024-07-26,Reseau,ouvert,
TK008310,CL06770,2024-08-30,Reseau,resolu,1.0
TK008311,CL06770,2024-10-15,Materiel,ouvert,
TK008312,CL06770,2024-07-24,Facturation,ouvert,
TK008313,CL06772,2024-03-20,Reseau,ouvert,
TK008314,CL06773,2025-07-03,Materiel,ouvert,
TK008315,CL06773,2025-04-06,Reseau,resolu,3.0
TK008316,CL06773,2025-07-11,Facturation,ouvert,
TK008317,CL06773,2025-04-23,Offre,ouvert,
TK008318,CL06774,2025-11-07,Reseau,resolu,3.0
TK008319,CL06775,2025-08-04,Reseau,ouvert,
TK008320,CL06777,2025-03-25,Reseau,ouvert,
TK008321,CL06777,2025-03-25,Facturation,abandonne,9.0
TK008322,CL06778,2024-01-15,Reseau,ouvert,
TK008323,CL06778,2024-02-28,Reseau,resolu,4.0
TK008324,CL06778,2024-02-12,Reseau,ouvert,
TK008325,CL06779,2025-02-27,Reseau,resolu,1.0
TK008326,CL06779,2024-07-18,Reseau,resolu,8.0
TK008327,CL06779,2024-12-07,Reseau,resolu,1.0
TK008328,CL06780,2025-04-04,Reseau,resolu,1.0
TK008329,CL06783,2025-11-05,Facturation,ouvert,
TK008330,CL06783,2025-10-14,Facturation,ouvert,
TK008331,CL06787,2025-10-23,Offre,resolu,4.0
TK008332,CL06788,2024-11-18,Reseau,resolu,3.0
TK008333,CL06789,2024-11-19,Reseau,abandonne,1.0
TK008334,CL06791,2025-10-20,Reseau,abandonne,1.0
TK008335,CL06792,2025-11-06,Reseau,abandonne,13.0
TK008336,CL06792,2024-12-03,Materiel,ouvert,
TK008337,CL06792,2025-05-16,Materiel,resolu,8.0
TK008338,CL06792,2024-02-10,Materiel,ouvert,
TK008339,CL06792,2024-08-11,Offre,ouvert,
TK008340,CL06792,2024-07-31,Reseau,ouvert,
TK008341,CL06792,2025-01-17,Reseau,abandonne,8.0
TK008342,CL06793,2025-07-01,Reseau,resolu,1.0
TK008343,CL06795,2025-08-14,Materiel,resolu,2.0
TK008344,CL06796,2024-08-12,Facturation,ouvert,
TK008345,CL06797,2025-07-10,Facturation,resolu,6.0
TK008346,CL06798,2024-08-21,Reseau,resolu,9.0
TK008347,CL06800,2024-09-01,Facturation,resolu,3.0
TK008348,CL06801,2025-04-11,Reseau,ouvert,
TK008349,CL06802,2024-01-27,Facturation,resolu,2.0
TK008350,CL06802,2024-05-18,Facturation,resolu,4.0
TK008351,CL06803,2025-11-07,Materiel,ouvert,
TK008352,CL06803,2025-10-07,Reseau,abandonne,1.0
TK008353,CL06803,2025-11-19,Offre,abandonne,12.0
TK008354,CL06806,2025-10-11,Facturation,abandonne,1.0
TK008355,CL06806,2025-08-04,Reseau,ouvert,
TK008356,CL06806,2025-10-08,Facturation,ouvert,
TK008357,CL06807,2024-07-13,Reseau,abandonne,2.0
TK008358,CL06807,2025-05-11,Facturation,resolu,12.0
TK008359,CL06807,2025-01-21,Materiel,abandonne,6.0
TK008360,CL06808,2024-04-24,Facturation,abandonne,39.0
TK008361,CL06809,2024-02-26,Materiel,resolu,8.0
TK008362,CL06809,2024-10-08,Reseau,abandonne,11.0
TK008363,CL06809,2024-12-09,Offre,ouvert,
TK008364,CL06811,2024-06-18,Offre,resolu,1.0
TK008365,CL06811,2024-06-20,Reseau,abandonne,1.0
TK008366,CL06812,2025-05-13,Offre,abandonne,23.0
TK008367,CL06813,2024-02-24,Reseau,resolu,1.0
TK008368,CL06813,2024-04-11,Reseau,abandonne,20.0
TK008369,CL06813,2024-06-28,Reseau,abandonne,1.0
TK008370,CL06813,2024-05-08,Materiel,ouvert,
TK008371,CL06813,2024-05-10,Facturation,abandonne,4.0
TK008372,CL06814,2025-11-14,Facturation,resolu,1.0
TK008373,CL06815,2024-11-07,Reseau,resolu,4.0
TK008374,CL06816,2025-12-22,Offre,resolu,8.0
TK008375,CL06820,2024-12-30,Facturation,resolu,2.0
TK008376,CL06823,2024-03-28,Reseau,ouvert,
TK008377,CL06823,2024-03-29,Facturation,abandonne,29.0
TK008378,CL06823,2024-10-27,Facturation,resolu,1.0
TK008379,CL06824,2024-11-09,Reseau,ouvert,
TK008380,CL06824,2024-12-28,Materiel,resolu,3.0
TK008381,CL06824,2024-04-25,Facturation,ouvert,
TK008382,CL06824,2024-06-30,Reseau,ouvert,
TK008383,CL06824,2024-11-28,Materiel,abandonne,5.0
TK008384,CL06824,2025-01-11,Materiel,abandonne,2.0
TK008385,CL06824,2025-01-25,Facturation,ouvert,
TK008386,CL06824,2024-07-22,Reseau,abandonne,12.0
TK008387,CL06824,2024-10-04,Materiel,abandonne,4.0
TK008388,CL06825,2025-08-08,Facturation,resolu,5.0
TK008389,CL06827,2024-07-06,Reseau,abandonne,7.0
TK008390,CL06827,2025-01-24,Reseau,ouvert,
TK008391,CL06828,2024-08-05,Materiel,ouvert,
TK008392,CL06829,2025-06-02,Reseau,resolu,2.0
TK008393,CL06831,2024-03-27,Reseau,ouvert,
TK008394,CL06832,2025-02-20,Reseau,resolu,7.0
TK008395,CL06833,2025-12-25,Reseau,resolu,1.0
TK008396,CL06834,2025-07-30,Reseau,resolu,4.0
TK008397,CL06834,2025-03-23,Reseau,resolu,1.0
TK008398,CL06835,2025-10-07,Offre,resolu,12.0
TK008399,CL06837,2024-05-25,Materiel,resolu,4.0
TK008400,CL06838,2025-10-09,Facturation,resolu,2.0
TK008401,CL06839,2025-01-02,Facturation,resolu,1.0
TK008402,CL06840,2025-06-14,Reseau,ouvert,
TK008403,CL06841,2025-07-09,Facturation,resolu,8.0
TK008404,CL06847,2025-12-12,Offre,resolu,2.0
TK008405,CL06847,2025-05-17,Reseau,resolu,8.0
TK008406,CL06848,2025-09-11,Materiel,resolu,1.0
TK008407,CL06849,2024-11-03,Facturation,ouvert,
TK008408,CL06849,2024-03-10,Materiel,abandonne,19.0
TK008409,CL06849,2024-05-03,Reseau,resolu,5.0
TK008410,CL06849,2025-06-08,Facturation,ouvert,
TK008411,CL06851,2025-07-29,Facturation,abandonne,10.0
TK008412,CL06851,2025-08-13,Reseau,abandonne,7.0
TK008413,CL06852,2024-08-10,Materiel,ouvert,
TK008414,CL06852,2024-03-13,Facturation,resolu,1.0
TK008415,CL06852,2024-03-24,Reseau,abandonne,5.0
TK008416,CL06852,2024-03-11,Materiel,resolu,1.0
TK008417,CL06853,2025-11-24,Facturation,resolu,3.0
TK008418,CL06855,2025-06-25,Reseau,resolu,-1.0
TK008419,CL06855,2025-08-25,Offre,resolu,1.0
TK008420,CL06855,2025-06-13,Reseau,ouvert,
TK008421,CL06855,2025-07-10,Reseau,abandonne,5.0
TK008422,CL06856,2024-04-22,Reseau,ouvert,
TK008423,CL06856,2024-05-03,Materiel,ouvert,
TK008424,CL06856,2024-01-20,Offre,abandonne,2.0
TK008425,CL06857,2024-03-01,Facturation,abandonne,1.0
TK008426,CL06857,2024-02-07,Offre,abandonne,3.0
TK008427,CL06861,2025-10-19,Facturation,resolu,-1.0
TK008428,CL06861,2024-04-16,Facturation,resolu,1.0
TK008429,CL06862,2024-09-30,Facturation,resolu,1.0
TK008430,CL06864,2025-12-26,Reseau,resolu,2.0
TK008431,CL06866,2025-09-06,Offre,abandonne,10.0
TK008432,CL06867,2025-07-21,Materiel,ouvert,
TK008433,CL06867,2025-05-02,Reseau,resolu,10.0
TK008434,CL06868,2024-10-07,Offre,resolu,7.0
TK008435,CL06870,2025-04-15,Facturation,ouvert,
TK008436,CL06870,2025-09-10,Offre,abandonne,14.0
TK008437,CL06870,2025-05-30,Reseau,resolu,-5.0
TK008438,CL06871,2024-06-24,Facturation,resolu,2.0
TK008439,CL06873,2025-08-20,Reseau,ouvert,
TK008440,CL06873,2025-10-08,Materiel,ouvert,
TK008441,CL06873,2025-09-13,Facturation,abandonne,11.0
TK008442,CL06875,2024-01-07,Facturation,ouvert,
TK008443,CL06875,2024-01-15,Facturation,ouvert,
TK008444,CL06876,2025-04-19,Reseau,resolu,1.0
TK008445,CL06876,2025-08-27,Facturation,resolu,4.0
TK008446,CL06877,2025-11-11,Facturation,ouvert,
TK008447,CL06877,2025-08-26,Facturation,abandonne,5.0
TK008448,CL06879,2025-08-25,Reseau,abandonne,44.0
TK008449,CL06879,2025-08-28,Facturation,resolu,3.0
TK008450,CL06879,2025-06-07,Facturation,ouvert,
TK008451,CL06879,2025-08-11,Offre,abandonne,12.0
TK008452,CL06879,2025-07-12,Reseau,ouvert,
TK008453,CL06879,2025-07-08,Materiel,resolu,2.0
TK008454,CL06880,2024-01-11,Reseau,resolu,5.0
TK008455,CL06880,2025-05-27,Facturation,resolu,1.0
TK008456,CL06886,2024-10-20,Facturation,ouvert,
TK008457,CL06887,2025-07-31,Reseau,ouvert,
TK008458,CL06887,2025-07-07,Facturation,ouvert,
TK008459,CL06892,2024-06-04,Facturation,ouvert,
TK008460,CL06892,2024-12-22,Reseau,abandonne,11.0
TK008461,CL06892,2024-12-23,Reseau,resolu,2.0
TK008462,CL06892,2024-10-24,Reseau,ouvert,
TK008463,CL06892,2024-07-25,Facturation,resolu,1.0
TK008464,CL06892,2024-12-16,Reseau,ouvert,
TK008465,CL06893,2024-05-05,Facturation,abandonne,13.0
TK008466,CL06893,2024-03-14,Reseau,abandonne,6.0
TK008467,CL06893,2024-04-08,Materiel,resolu,1.0
TK008468,CL06893,2024-02-06,Reseau,abandonne,14.0
TK008469,CL06893,2024-03-14,Reseau,abandonne,1.0
TK008470,CL06893,2024-01-29,Reseau,resolu,1.0
TK008471,CL06895,2024-12-20,Materiel,resolu,1.0
TK008472,CL06895,2024-09-21,Reseau,resolu,1.0
TK008473,CL06895,2025-02-06,Reseau,resolu,1.0
TK008474,CL06897,2025-11-25,Reseau,resolu,2.0
TK008475,CL06897,2025-09-28,Reseau,ouvert,
TK008476,CL06898,2025-01-13,Materiel,resolu,1.0
TK008477,CL06898,2025-03-30,Reseau,resolu,16.0
TK008478,CL06900,2025-08-06,Reseau,ouvert,
TK008479,CL06901,2025-06-07,Reseau,ouvert,
TK008480,CL06902,2025-09-22,Facturation,resolu,4.0
TK008481,CL06905,2025-01-26,Materiel,resolu,4.0
TK008482,CL06905,2025-06-29,Reseau,abandonne,1.0
TK008483,CL06906,2025-05-02,Reseau,resolu,1.0
TK008484,CL06908,2025-06-27,Offre,abandonne,17.0
TK008485,CL06908,2025-11-29,Offre,resolu,1.0
TK008486,CL06909,2025-04-15,Facturation,resolu,1.0
TK008487,CL06909,2025-02-02,Facturation,ouvert,
TK008488,CL06909,2024-08-17,Offre,ouvert,
TK008489,CL06909,2024-07-26,Reseau,resolu,3.0
TK008490,CL06910,2025-01-02,Facturation,abandonne,11.0
TK008491,CL06910,2025-11-22,Reseau,abandonne,2.0
TK008492,CL06910,2025-07-29,Facturation,abandonne,8.0
TK008493,CL06910,2024-11-16,Reseau,resolu,4.0
TK008494,CL06912,2025-08-11,Reseau,ouvert,
TK008495,CL06913,2025-03-20,Materiel,resolu,4.0
TK008496,CL06913,2025-01-22,Reseau,resolu,1.0
TK008497,CL06914,2024-09-12,Reseau,resolu,1.0
TK008498,CL06915,2025-10-12,Facturation,resolu,1.0
TK008499,CL06915,2025-09-22,Reseau,resolu,2.0
TK008500,CL06918,2025-12-11,Reseau,resolu,3.0
TK008501,CL06919,2024-05-16,Reseau,resolu,5.0
TK008502,CL06922,2024-01-26,Reseau,resolu,3.0
TK008503,CL06923,2025-12-16,Facturation,resolu,4.0
TK008504,CL06925,2024-10-28,Materiel,resolu,2.0
TK008505,CL06925,2025-01-09,Reseau,ouvert,
TK008506,CL06927,2025-09-14,Materiel,resolu,4.0
TK008507,CL06927,2025-11-18,Facturation,resolu,1.0
TK008508,CL06928,2024-03-31,Materiel,resolu,1.0
TK008509,CL06929,2025-03-26,Facturation,abandonne,4.0
TK008510,CL06929,2025-07-05,Offre,abandonne,11.0
TK008511,CL06930,2025-08-04,Offre,abandonne,4.0
TK008512,CL06930,2025-07-11,Reseau,abandonne,29.0
TK008513,CL06931,2024-05-13,Reseau,ouvert,
TK008514,CL06932,2024-09-28,Materiel,resolu,10.0
TK008515,CL06934,2025-08-10,Materiel,resolu,4.0
TK008516,CL06934,2024-02-03,Reseau,resolu,6.0
TK008517,CL06934,2024-10-14,Reseau,resolu,2.0
TK008518,CL06935,2024-10-12,Reseau,ouvert,
TK008519,CL06935,2024-06-17,Offre,resolu,3.0
TK008520,CL06938,2024-10-13,Materiel,resolu,1.0
TK008521,CL06939,2025-07-03,Reseau,resolu,3.0
TK008522,CL06940,2024-09-27,Facturation,abandonne,-11.0
TK008523,CL06940,2024-02-26,Facturation,abandonne,26.0
TK008524,CL06940,2025-01-21,Reseau,resolu,1.0
TK008525,CL06940,2024-10-24,Reseau,ouvert,
TK008526,CL06941,2025-01-08,Materiel,resolu,4.0
TK008527,CL06942,2025-06-24,Facturation,resolu,11.0
TK008528,CL06943,2025-12-03,Reseau,resolu,4.0
TK008529,CL06944,2025-09-29,Reseau,resolu,1.0
TK008530,CL06947,2024-11-26,Reseau,resolu,1.0
TK008531,CL06947,2025-07-20,Materiel,resolu,1.0
TK008532,CL06950,2024-04-26,Facturation,abandonne,7.0
TK008533,CL06951,2024-11-14,Facturation,abandonne,8.0
TK008534,CL06952,2024-01-09,Reseau,resolu,10.0
TK008535,CL06952,2025-08-25,Materiel,resolu,5.0
TK008536,CL06953,2025-12-17,Materiel,ouvert,
TK008537,CL06955,2024-09-14,Facturation,abandonne,10.0
TK008538,CL06956,2024-11-16,Offre,ouvert,
TK008539,CL06958,2024-05-22,Materiel,resolu,2.0
TK008540,CL06959,2024-11-13,Facturation,resolu,2.0
TK008541,CL06960,2024-12-01,Reseau,ouvert,
TK008542,CL06960,2025-02-16,Reseau,abandonne,51.0
TK008543,CL06965,2025-05-01,Reseau,resolu,1.0
TK008544,CL06969,2025-09-16,Facturation,resolu,6.0
TK008545,CL06969,2025-07-18,Facturation,resolu,4.0
TK008546,CL06969,2025-11-26,Facturation,resolu,2.0
TK008547,CL06970,2024-02-06,Reseau,resolu,9.0
TK008548,CL06970,2024-04-19,Reseau,abandonne,1.0
TK008549,CL06970,2024-07-05,Facturation,abandonne,1.0
TK008550,CL06970,2024-03-23,Materiel,resolu,1.0
TK008551,CL06972,2024-07-27,Reseau,ouvert,
TK008552,CL06972,2024-09-17,Facturation,ouvert,
TK008553,CL06972,2024-08-09,Offre,ouvert,
TK008554,CL06974,2025-03-05,Offre,abandonne,13.0
TK008555,CL06976,2025-08-31,Facturation,abandonne,-13.0
TK008556,CL06976,2025-07-17,Offre,resolu,1.0
TK008557,CL06976,2025-08-12,Offre,abandonne,6.0
TK008558,CL06976,2025-04-24,Reseau,resolu,3.0
TK008559,CL06976,2025-08-16,Reseau,ouvert,
TK008560,CL06976,2025-03-30,Reseau,ouvert,
TK008561,CL06978,2025-02-17,Reseau,ouvert,
TK008562,CL06978,2025-01-31,Facturation,ouvert,
TK008563,CL06979,2024-04-20,Reseau,resolu,2.0
TK008564,CL06980,2024-08-06,Materiel,resolu,1.0
TK008565,CL06980,2025-05-05,Materiel,resolu,1.0
TK008566,CL06981,2025-08-22,Materiel,resolu,-15.0
TK008567,CL06985,2025-08-20,Materiel,resolu,5.0
TK008568,CL06986,2024-07-01,Materiel,ouvert,
TK008569,CL06986,2024-04-18,Reseau,resolu,-1.0
TK008570,CL06986,2025-01-15,Materiel,abandonne,1.0
TK008571,CL06987,2024-11-12,Reseau,resolu,1.0
TK008572,CL06987,2025-09-28,Offre,resolu,1.0
TK008573,CL06989,2025-03-23,Facturation,ouvert,
TK008574,CL06990,2024-12-26,Facturation,resolu,10.0
TK008575,CL06990,2024-06-30,Reseau,resolu,1.0
TK008576,CL06991,2025-03-20,Facturation,resolu,1.0
TK008577,CL06993,2024-02-12,Facturation,resolu,3.0
TK008578,CL06993,2025-11-06,Facturation,resolu,1.0
TK008579,CL06993,2025-01-13,Offre,resolu,16.0
TK008580,CL06995,2025-09-02,Offre,resolu,7.0
TK008581,CL06997,2025-11-30,Reseau,ouvert,
TK008582,CL06999,2024-06-25,Facturation,resolu,1.0
TK008583,CL07000,2024-12-30,Offre,resolu,1.0
TK008584,CL07001,2024-02-27,Reseau,abandonne,2.0
TK008585,CL07001,2024-01-13,Offre,ouvert,
TK008586,CL07001,2024-11-03,Reseau,ouvert,
TK008587,CL07002,2025-05-11,Reseau,resolu,1.0
TK008588,CL07002,2025-11-17,Materiel,ouvert,
TK008589,CL07002,2025-10-26,Reseau,resolu,10.0
TK008590,CL07003,2025-04-03,Reseau,resolu,1.0
TK008591,CL07004,2025-05-18,Reseau,resolu,2.0
TK008592,CL07004,2025-12-25,Reseau,resolu,6.0
TK008593,CL07005,2024-08-09,Reseau,abandonne,1.0
TK008594,CL07005,2024-07-09,Reseau,resolu,1.0
TK008595,CL07005,2024-06-16,Facturation,resolu,1.0
TK008596,CL07008,2025-07-13,Reseau,abandonne,18.0
TK008597,CL07009,2025-08-03,Facturation,resolu,5.0
TK008598,CL07009,2025-07-18,Reseau,abandonne,2.0
TK008599,CL07010,2024-05-19,Materiel,ouvert,
TK008600,CL07011,2024-05-03,Facturation,abandonne,6.0
TK008601,CL07011,2024-08-07,Reseau,ouvert,
TK008602,CL07011,2024-02-05,Facturation,resolu,1.0
TK008603,CL07017,2025-07-29,Facturation,ouvert,
TK008604,CL07018,2024-12-17,Materiel,resolu,2.0
TK008605,CL07018,2024-08-22,Reseau,ouvert,
TK008606,CL07018,2024-06-21,Reseau,resolu,1.0
TK008607,CL07018,2024-01-15,Offre,abandonne,1.0
TK008608,CL07021,2024-02-18,Offre,resolu,6.0
TK008609,CL07022,2024-04-11,Facturation,abandonne,12.0
TK008610,CL07023,2024-10-05,Facturation,ouvert,
TK008611,CL07024,2025-05-10,Reseau,resolu,1.0
TK008612,CL07024,2025-07-10,Materiel,abandonne,2.0
TK008613,CL07024,2025-07-02,Offre,abandonne,2.0
TK008614,CL07027,2024-07-31,Facturation,ouvert,
TK008615,CL07027,2025-01-13,Facturation,resolu,7.0
TK008616,CL07027,2025-01-05,Reseau,ouvert,
TK008617,CL07027,2024-07-15,Offre,abandonne,3.0
TK008618,CL07028,2025-10-21,Reseau,resolu,5.0
TK008619,CL07028,2024-12-03,Facturation,ouvert,
TK008620,CL07030,2024-12-25,Offre,ouvert,
TK008621,CL07030,2025-09-01,Materiel,ouvert,
TK008622,CL07031,2025-09-22,Reseau,resolu,3.0
TK008623,CL07031,2025-07-12,Reseau,resolu,1.0
TK008624,CL07032,2025-04-06,Offre,resolu,2.0
TK008625,CL07033,2024-11-19,Reseau,abandonne,5.0
TK008626,CL07033,2025-03-05,Offre,abandonne,19.0
TK008627,CL07035,2024-01-19,Facturation,resolu,9.0
TK008628,CL07035,2025-04-11,Facturation,ouvert,
TK008629,CL07037,2025-10-19,Reseau,abandonne,38.0
TK008630,CL07037,2025-08-31,Reseau,ouvert,
TK008631,CL07038,2024-08-21,Reseau,resolu,4.0
TK008632,CL07038,2025-10-09,Facturation,resolu,1.0
TK008633,CL07038,2025-10-25,Facturation,ouvert,
TK008634,CL07038,2024-08-28,Facturation,resolu,1.0
TK008635,CL07038,2025-10-09,Materiel,resolu,2.0
TK008636,CL07040,2024-08-12,Materiel,abandonne,5.0
TK008637,CL07040,2024-01-08,Facturation,abandonne,11.0
TK008638,CL07040,2024-09-06,Reseau,resolu,-1.0
TK008639,CL07041,2024-06-15,Reseau,resolu,3.0
TK008640,CL07042,2024-07-25,Reseau,ouvert,
TK008641,CL07042,2024-10-27,Offre,resolu,4.0
TK008642,CL07042,2025-03-02,Reseau,resolu,1.0
TK008643,CL07044,2024-07-05,Facturation,ouvert,
TK008644,CL07044,2024-07-20,Facturation,ouvert,
TK008645,CL07044,2024-06-19,Materiel,resolu,1.0
TK008646,CL07044,2024-01-26,Offre,abandonne,27.0
TK008647,CL07047,2025-08-12,Facturation,ouvert,
TK008648,CL07048,2025-08-15,Offre,resolu,1.0
TK008649,CL07049,2025-04-08,Facturation,resolu,6.0
TK008650,CL07049,2024-07-01,Materiel,ouvert,
TK008651,CL07051,2025-11-03,Reseau,ouvert,
TK008652,CL07052,2025-11-17,Facturation,resolu,3.0
TK008653,CL07053,2025-10-12,Reseau,resolu,2.0
TK008654,CL07054,2025-09-01,Facturation,resolu,1.0
TK008655,CL07055,2025-09-24,Offre,ouvert,
TK008656,CL07056,2024-09-23,Materiel,resolu,1.0
TK008657,CL07056,2024-12-08,Offre,ouvert,
TK008658,CL07056,2025-02-06,Offre,abandonne,42.0
TK008659,CL07058,2025-02-05,Facturation,resolu,8.0
TK008660,CL07059,2025-06-26,Reseau,resolu,2.0
TK008661,CL07059,2024-08-17,Reseau,ouvert,
TK008662,CL07059,2025-07-19,Facturation,resolu,1.0
TK008663,CL07060,2025-02-09,Reseau,resolu,-4.0
TK008664,CL07062,2024-10-29,Reseau,abandonne,7.0
TK008665,CL07062,2024-10-22,Reseau,abandonne,5.0
TK008666,CL07062,2024-11-08,Reseau,abandonne,4.0
TK008667,CL07062,2024-12-03,Facturation,ouvert,
TK008668,CL07062,2025-01-03,Materiel,ouvert,
TK008669,CL07062,2024-08-09,Reseau,resolu,11.0
TK008670,CL07062,2024-10-09,Materiel,abandonne,4.0
TK008671,CL07063,2025-07-23,Materiel,resolu,6.0
TK008672,CL07064,2025-12-20,Facturation,resolu,2.0
TK008673,CL07065,2025-03-15,Materiel,resolu,17.0
TK008674,CL07065,2024-11-13,Facturation,resolu,2.0
TK008675,CL07066,2025-10-25,Reseau,resolu,1.0
TK008676,CL07067,2024-10-26,Facturation,resolu,2.0
TK008677,CL07067,2024-11-24,Offre,ouvert,
TK008678,CL07067,2024-09-04,Facturation,abandonne,2.0
TK008679,CL07067,2024-11-15,Reseau,ouvert,
TK008680,CL07068,2025-06-23,Reseau,abandonne,7.0
TK008681,CL07068,2025-09-05,Facturation,abandonne,-9.0
TK008682,CL07070,2025-08-15,Materiel,resolu,1.0
TK008683,CL07071,2025-09-14,Reseau,resolu,2.0
TK008684,CL07071,2025-07-25,Facturation,ouvert,
TK008685,CL07071,2025-11-25,Reseau,resolu,13.0
TK008686,CL07072,2024-03-30,Reseau,ouvert,
TK008687,CL07073,2024-07-13,Facturation,resolu,3.0
TK008688,CL07074,2025-03-20,Offre,abandonne,2.0
TK008689,CL07074,2025-03-13,Reseau,resolu,1.0
TK008690,CL07074,2025-03-08,Facturation,ouvert,
TK008691,CL07074,2025-03-08,Materiel,abandonne,1.0
TK008692,CL07075,2025-08-16,Facturation,resolu,1.0
TK008693,CL07075,2025-10-02,Offre,ouvert,
TK008694,CL07075,2025-10-08,Offre,ouvert,
TK008695,CL07077,2024-09-27,Facturation,ouvert,
TK008696,CL07078,2025-07-31,Materiel,resolu,1.0
TK008697,CL07080,2024-01-08,Reseau,ouvert,
TK008698,CL07080,2024-01-02,Offre,ouvert,
TK008699,CL07080,2024-01-06,Facturation,ouvert,
TK008700,CL07080,2024-01-01,Reseau,ouvert,
TK008701,CL07082,2024-05-04,Offre,resolu,1.0
TK008702,CL07084,2024-12-02,Reseau,resolu,1.0
TK008703,CL07085,2024-07-05,Reseau,ouvert,
TK008704,CL07086,2025-05-26,Reseau,resolu,4.0
TK008705,CL07088,2024-05-12,Facturation,resolu,4.0
TK008706,CL07088,2024-11-14,Facturation,resolu,1.0
TK008707,CL07089,2025-03-12,Offre,resolu,14.0
TK008708,CL07090,2024-08-19,Reseau,abandonne,4.0
TK008709,CL07090,2024-12-07,Reseau,ouvert,
TK008710,CL07090,2024-03-01,Reseau,ouvert,
TK008711,CL07091,2024-10-02,Facturation,abandonne,8.0
TK008712,CL07092,2025-04-07,Reseau,ouvert,
TK008713,CL07092,2025-07-20,Facturation,resolu,2.0
TK008714,CL07093,2025-11-20,Reseau,resolu,5.0
TK008715,CL07096,2024-11-02,Materiel,resolu,1.0
TK008716,CL07097,2025-06-26,Reseau,ouvert,
TK008717,CL07097,2025-07-19,Reseau,abandonne,34.0
TK008718,CL07097,2024-12-11,Reseau,resolu,1.0
TK008719,CL07097,2025-07-05,Facturation,resolu,15.0
TK008720,CL07097,2024-10-29,Facturation,ouvert,
TK008721,CL07098,2025-08-15,Facturation,resolu,1.0
TK008722,CL07099,2024-01-20,Materiel,resolu,2.0
TK008723,CL07100,2025-12-02,Reseau,resolu,1.0
TK008724,CL07101,2025-12-08,Facturation,resolu,1.0
TK008725,CL07102,2024-08-24,Facturation,ouvert,
TK008726,CL07103,2024-01-25,Facturation,abandonne,13.0
TK008727,CL07103,2024-01-30,Reseau,ouvert,
TK008728,CL07104,2024-03-20,Offre,resolu,3.0
TK008729,CL07105,2024-09-30,Reseau,abandonne,2.0
TK008730,CL07105,2024-09-22,Materiel,ouvert,
TK008731,CL07105,2024-10-03,Reseau,resolu,1.0
TK008732,CL07107,2025-04-24,Offre,abandonne,7.0
TK008733,CL07108,2024-11-29,Materiel,abandonne,45.0
TK008734,CL07109,2025-11-14,Reseau,ouvert,
TK008735,CL07114,2024-12-27,Offre,resolu,1.0
TK008736,CL07114,2024-10-25,Reseau,resolu,1.0
TK008737,CL07114,2025-12-21,Reseau,resolu,1.0
TK008738,CL07115,2024-09-24,Reseau,resolu,5.0
TK008739,CL07115,2025-11-21,Facturation,resolu,2.0
TK008740,CL07117,2025-01-28,Offre,resolu,2.0
TK008741,CL07118,2025-08-02,Reseau,resolu,2.0
TK008742,CL07118,2025-11-19,Offre,resolu,6.0
TK008743,CL07119,2024-05-22,Offre,ouvert,
TK008744,CL07119,2024-06-19,Reseau,ouvert,
TK008745,CL07119,2025-03-12,Facturation,ouvert,
TK008746,CL07121,2024-02-03,Offre,resolu,1.0
TK008747,CL07122,2025-10-26,Reseau,resolu,4.0
TK008748,CL07122,2025-08-22,Reseau,ouvert,
TK008749,CL07122,2024-12-31,Reseau,abandonne,3.0
TK008750,CL07122,2024-06-17,Facturation,abandonne,2.0
TK008751,CL07122,2025-01-09,Reseau,resolu,4.0
TK008752,CL07123,2025-03-24,Materiel,abandonne,25.0
TK008753,CL07124,2025-07-30,Facturation,resolu,4.0
TK008754,CL07124,2024-11-08,Offre,resolu,5.0
TK008755,CL07126,2025-11-24,Facturation,ouvert,
TK008756,CL07128,2025-08-24,Facturation,resolu,6.0
TK008757,CL07128,2024-03-01,Facturation,abandonne,19.0
TK008758,CL07129,2024-01-27,Facturation,ouvert,
TK008759,CL07129,2025-04-14,Reseau,resolu,1.0
TK008760,CL07129,2024-01-12,Offre,resolu,5.0
TK008761,CL07129,2024-09-05,Reseau,abandonne,5.0
TK008762,CL07131,2024-10-24,Reseau,resolu,2.0
TK008763,CL07132,2025-09-21,Offre,resolu,1.0
TK008764,CL07136,2025-10-31,Reseau,resolu,-7.0
TK008765,CL07137,2024-07-25,Materiel,abandonne,7.0
TK008766,CL07138,2025-08-17,Offre,ouvert,
TK008767,CL07138,2025-08-21,Facturation,resolu,1.0
TK008768,CL07139,2024-05-10,Facturation,resolu,4.0
TK008769,CL07142,2025-11-05,Reseau,resolu,7.0
TK008770,CL07143,2024-09-22,Reseau,ouvert,
TK008771,CL07143,2025-09-15,Materiel,resolu,3.0
TK008772,CL07144,2025-06-08,Materiel,resolu,9.0
TK008773,CL07146,2025-08-17,Facturation,resolu,-1.0
TK008774,CL07147,2025-09-14,Facturation,resolu,16.0
TK008775,CL07148,2024-09-05,Reseau,ouvert,
TK008776,CL07148,2024-08-15,Facturation,ouvert,
TK008777,CL07149,2024-03-21,Reseau,ouvert,
TK008778,CL07149,2024-05-11,Facturation,ouvert,
TK008779,CL07150,2024-12-07,Materiel,resolu,2.0
TK008780,CL07152,2024-10-27,Facturation,resolu,2.0
TK008781,CL07152,2025-04-08,Offre,resolu,2.0
TK008782,CL07154,2025-08-28,Offre,resolu,1.0
TK008783,CL07154,2025-09-03,Facturation,resolu,3.0
TK008784,CL07154,2025-11-08,Offre,ouvert,
TK008785,CL07154,2025-10-23,Facturation,abandonne,1.0
TK008786,CL07155,2024-03-23,Offre,abandonne,1.0
TK008787,CL07155,2024-01-23,Reseau,resolu,6.0
TK008788,CL07155,2024-03-06,Reseau,abandonne,16.0
TK008789,CL07155,2024-02-06,Facturation,abandonne,1.0
TK008790,CL07155,2024-02-28,Reseau,ouvert,
TK008791,CL07156,2024-11-17,Reseau,ouvert,
TK008792,CL07156,2024-09-23,Materiel,ouvert,
TK008793,CL07156,2024-03-06,Reseau,ouvert,
TK008794,CL07157,2025-07-16,Reseau,ouvert,
TK008795,CL07157,2025-06-22,Materiel,ouvert,
TK008796,CL07160,2025-01-21,Reseau,abandonne,1.0
TK008797,CL07163,2025-07-08,Reseau,resolu,4.0
TK008798,CL07163,2025-06-04,Offre,resolu,8.0
TK008799,CL07165,2024-01-22,Materiel,resolu,1.0
TK008800,CL07166,2025-11-02,Offre,resolu,1.0
TK008801,CL07166,2024-10-08,Materiel,resolu,1.0
TK008802,CL07167,2024-10-24,Materiel,resolu,1.0
TK008803,CL07169,2025-10-29,Facturation,resolu,5.0
TK008804,CL07169,2025-11-26,Reseau,abandonne,1.0
TK008805,CL07169,2025-09-22,Offre,abandonne,19.0
TK008806,CL07173,2025-02-09,Reseau,resolu,2.0
TK008807,CL07173,2025-01-28,Reseau,ouvert,
TK008808,CL07175,2025-01-07,Reseau,resolu,2.0
TK008809,CL07175,2025-03-03,Facturation,resolu,3.0
TK008810,CL07175,2024-07-14,Reseau,ouvert,
TK008811,CL07176,2024-04-05,Reseau,abandonne,27.0
TK008812,CL07177,2024-06-17,Facturation,resolu,1.0
TK008813,CL07178,2024-01-03,Facturation,abandonne,1.0
TK008814,CL07180,2024-03-06,Reseau,resolu,2.0
TK008815,CL07182,2024-07-26,Materiel,resolu,3.0
TK008816,CL07182,2024-02-07,Reseau,resolu,1.0
TK008817,CL07182,2025-02-06,Facturation,abandonne,1.0
TK008818,CL07182,2025-05-20,Facturation,abandonne,15.0
TK008819,CL07182,2024-03-21,Facturation,ouvert,
TK008820,CL07183,2025-09-12,Reseau,resolu,1.0
TK008821,CL07183,2025-07-03,Reseau,resolu,4.0
TK008822,CL07183,2024-06-28,Offre,resolu,1.0
TK008823,CL07184,2024-12-11,Reseau,resolu,9.0
TK008824,CL07184,2025-09-17,Offre,resolu,5.0
TK008825,CL07184,2025-01-31,Offre,resolu,1.0
TK008826,CL07185,2024-07-11,Reseau,ouvert,
TK008827,CL07185,2024-12-15,Facturation,resolu,1.0
TK008828,CL07186,2024-09-10,Reseau,resolu,5.0
TK008829,CL07188,2024-04-12,Reseau,resolu,1.0
TK008830,CL07189,2025-07-14,Facturation,abandonne,10.0
TK008831,CL07190,2025-09-26,Offre,resolu,1.0
TK008832,CL07191,2025-07-04,Facturation,resolu,2.0
TK008833,CL07191,2025-07-09,Materiel,ouvert,
TK008834,CL07191,2025-08-04,Reseau,ouvert,
TK008835,CL07191,2025-07-22,Reseau,ouvert,
TK008836,CL07193,2024-06-06,Facturation,ouvert,
TK008837,CL07193,2024-01-21,Facturation,ouvert,
TK008838,CL07193,2024-05-03,Offre,ouvert,
TK008839,CL07194,2024-01-19,Materiel,ouvert,
TK008840,CL07196,2025-09-13,Facturation,resolu,1.0
TK008841,CL07198,2025-03-18,Materiel,abandonne,5.0
TK008842,CL07199,2024-02-01,Materiel,ouvert,
TK008843,CL07199,2024-03-15,Facturation,abandonne,3.0
TK008844,CL07200,2025-07-03,Reseau,resolu,1.0
TK008845,CL07201,2024-08-28,Materiel,resolu,3.0
TK008846,CL07202,2025-03-06,Reseau,resolu,1.0
TK008847,CL07202,2025-06-04,Reseau,ouvert,
TK008848,CL07202,2025-05-26,Facturation,ouvert,
TK008849,CL07202,2025-04-28,Materiel,abandonne,18.0
TK008850,CL07203,2024-01-27,Reseau,resolu,1.0
TK008851,CL07203,2024-04-22,Facturation,resolu,3.0
TK008852,CL07204,2025-11-25,Offre,resolu,3.0
TK008853,CL07206,2024-04-14,Materiel,ouvert,
TK008854,CL07206,2024-07-26,Materiel,ouvert,
TK008855,CL07206,2024-07-27,Facturation,abandonne,12.0
TK008856,CL07208,2024-08-29,Reseau,resolu,3.0
TK008857,CL07209,2025-12-31,Reseau,resolu,3.0
TK008858,CL07211,2025-11-25,Reseau,ouvert,
TK008859,CL07211,2025-09-04,Reseau,resolu,6.0
TK008860,CL07214,2025-04-17,Reseau,resolu,2.0
TK008861,CL07215,2025-04-26,Offre,resolu,4.0
TK008862,CL07216,2024-10-24,Offre,resolu,-3.0
TK008863,CL07221,2025-01-28,Reseau,resolu,8.0
TK008864,CL07222,2024-12-05,Reseau,resolu,2.0
TK008865,CL07222,2024-01-29,Materiel,abandonne,36.0
TK008866,CL07222,2024-08-24,Reseau,ouvert,
TK008867,CL07225,2024-06-10,Materiel,ouvert,
TK008868,CL07225,2024-06-13,Offre,ouvert,
TK008869,CL07226,2025-04-07,Facturation,abandonne,9.0
TK008870,CL07226,2025-06-17,Reseau,resolu,2.0
TK008871,CL07226,2024-06-13,Reseau,resolu,1.0
TK008872,CL07228,2024-10-10,Offre,resolu,4.0
TK008873,CL07229,2024-04-13,Reseau,resolu,11.0
TK008874,CL07229,2025-07-15,Facturation,resolu,1.0
TK008875,CL07229,2025-10-20,Materiel,resolu,1.0
TK008876,CL07229,2025-10-01,Materiel,resolu,2.0
TK008877,CL07230,2025-05-19,Offre,resolu,1.0
TK008878,CL07230,2025-06-06,Reseau,abandonne,15.0
TK008879,CL07230,2025-07-24,Offre,resolu,2.0
TK008880,CL07231,2025-01-01,Offre,resolu,7.0
TK008881,CL07232,2024-02-04,Facturation,abandonne,-4.0
TK008882,CL07232,2025-01-07,Reseau,ouvert,
TK008883,CL07232,2024-04-19,Materiel,ouvert,
TK008884,CL07233,2024-08-12,Offre,resolu,1.0
TK008885,CL07234,2024-08-14,Reseau,resolu,1.0
TK008886,CL07234,2025-05-17,Reseau,resolu,1.0
TK008887,CL07235,2025-12-06,Reseau,resolu,2.0
TK008888,CL07236,2024-09-22,Reseau,resolu,1.0
TK008889,CL07236,2025-05-05,Reseau,resolu,5.0
TK008890,CL07236,2024-12-08,Reseau,abandonne,6.0
TK008891,CL07236,2025-07-01,Reseau,ouvert,
TK008892,CL07236,2024-08-12,Reseau,resolu,1.0
TK008893,CL07237,2024-10-19,Offre,abandonne,5.0
TK008894,CL07237,2025-02-16,Offre,ouvert,
TK008895,CL07238,2025-04-06,Offre,resolu,2.0
TK008896,CL07239,2025-03-18,Facturation,resolu,4.0
TK008897,CL07241,2025-08-05,Reseau,resolu,1.0
TK008898,CL07241,2024-04-14,Reseau,resolu,-3.0
TK008899,CL07241,2025-01-28,Reseau,ouvert,
TK008900,CL07242,2025-02-17,Offre,ouvert,
TK008901,CL07242,2025-10-03,Offre,resolu,2.0
TK008902,CL07242,2024-12-02,Facturation,abandonne,26.0
TK008903,CL07245,2025-08-24,Offre,resolu,1.0
TK008904,CL07247,2025-11-21,Reseau,ouvert,
TK008905,CL07248,2024-04-13,Offre,ouvert,
TK008906,CL07248,2024-03-20,Reseau,ouvert,
TK008907,CL07248,2024-08-06,Reseau,ouvert,
TK008908,CL07249,2024-03-10,Facturation,ouvert,
TK008909,CL07249,2024-04-14,Reseau,ouvert,
TK008910,CL07249,2024-01-01,Facturation,resolu,5.0
TK008911,CL07249,2024-11-27,Reseau,abandonne,8.0
TK008912,CL07249,2024-06-25,Facturation,resolu,2.0
TK008913,CL07250,2025-01-11,Reseau,resolu,1.0
TK008914,CL07251,2024-05-21,Reseau,resolu,1.0
TK008915,CL07251,2024-08-23,Reseau,resolu,1.0
TK008916,CL07251,2024-07-23,Materiel,resolu,1.0
TK008917,CL07253,2025-01-26,Facturation,abandonne,6.0
TK008918,CL07255,2024-05-19,Facturation,resolu,2.0
TK008919,CL07255,2024-02-04,Reseau,abandonne,5.0
TK008920,CL07255,2024-02-05,Materiel,ouvert,
TK008921,CL07255,2024-10-31,Facturation,resolu,1.0
TK008922,CL07258,2024-03-15,Materiel,abandonne,12.0
TK008923,CL07258,2024-06-26,Reseau,resolu,8.0
TK008924,CL07258,2024-06-16,Facturation,resolu,1.0
TK008925,CL07262,2024-12-19,Materiel,resolu,9.0
TK008926,CL07262,2025-11-04,Reseau,resolu,1.0
TK008927,CL07263,2024-09-03,Facturation,ouvert,
TK008928,CL07263,2024-05-25,Reseau,resolu,6.0
TK008929,CL07263,2024-07-29,Reseau,ouvert,
TK008930,CL07263,2024-08-07,Offre,ouvert,
TK008931,CL07264,2025-05-23,Reseau,resolu,5.0
TK008932,CL07264,2025-03-04,Materiel,resolu,1.0
TK008933,CL07265,2024-12-02,Reseau,ouvert,
TK008934,CL07265,2024-11-28,Reseau,resolu,1.0
TK008935,CL07266,2024-12-21,Reseau,resolu,10.0
TK008936,CL07266,2024-07-13,Offre,abandonne,7.0
TK008937,CL07267,2025-08-28,Facturation,abandonne,25.0
TK008938,CL07267,2025-10-20,Facturation,abandonne,5.0
TK008939,CL07267,2025-09-12,Reseau,resolu,12.0
TK008940,CL07268,2025-10-22,Reseau,resolu,3.0
TK008941,CL07270,2025-05-07,Facturation,abandonne,18.0
TK008942,CL07272,2024-08-14,Reseau,resolu,1.0
TK008943,CL07272,2025-09-14,Facturation,abandonne,4.0
TK008944,CL07273,2025-09-04,Reseau,ouvert,
TK008945,CL07275,2025-01-20,Reseau,resolu,3.0
TK008946,CL07275,2024-06-17,Reseau,resolu,1.0
TK008947,CL07275,2025-02-09,Reseau,resolu,10.0
TK008948,CL07276,2024-09-12,Reseau,ouvert,
TK008949,CL07276,2025-01-23,Reseau,resolu,1.0
TK008950,CL07277,2024-05-25,Facturation,resolu,1.0
TK008951,CL07277,2024-07-13,Facturation,resolu,1.0
TK008952,CL07279,2025-06-03,Reseau,resolu,1.0
TK008953,CL07279,2025-07-21,Reseau,ouvert,
TK008954,CL07279,2025-12-12,Reseau,ouvert,
TK008955,CL07280,2025-10-09,Materiel,resolu,1.0
TK008956,CL07280,2025-09-06,Offre,resolu,1.0
TK008957,CL07281,2025-02-19,Materiel,resolu,10.0
TK008958,CL07282,2025-03-17,Materiel,resolu,2.0
TK008959,CL07284,2025-05-13,Facturation,resolu,2.0
TK008960,CL07284,2025-05-07,Facturation,resolu,2.0
TK008961,CL07285,2025-11-05,Reseau,resolu,3.0
TK008962,CL07285,2024-07-09,Reseau,resolu,3.0
TK008963,CL07290,2025-12-27,Reseau,ouvert,
TK008964,CL07290,2024-04-01,Offre,resolu,9.0
TK008965,CL07293,2025-09-22,Facturation,abandonne,22.0
TK008966,CL07293,2025-12-09,Offre,abandonne,21.0
TK008967,CL07295,2024-05-18,Offre,abandonne,17.0
TK008968,CL07295,2024-01-02,Reseau,abandonne,1.0
TK008969,CL07295,2025-05-10,Reseau,ouvert,
TK008970,CL07296,2024-03-13,Reseau,resolu,1.0
TK008971,CL07296,2025-09-30,Reseau,resolu,1.0
TK008972,CL07296,2024-05-02,Reseau,resolu,3.0
TK008973,CL07299,2025-09-18,Materiel,abandonne,13.0
TK008974,CL07301,2024-02-12,Offre,resolu,8.0
TK008975,CL07303,2025-08-20,Materiel,abandonne,5.0
TK008976,CL07304,2024-09-19,Reseau,abandonne,2.0
TK008977,CL07304,2025-03-25,Materiel,abandonne,38.0
TK008978,CL07304,2025-03-18,Facturation,ouvert,
TK008979,CL07306,2024-07-25,Reseau,abandonne,9.0
TK008980,CL07306,2025-01-20,Reseau,abandonne,7.0
TK008981,CL07306,2024-07-14,Reseau,abandonne,4.0
TK008982,CL07307,2024-06-06,Reseau,abandonne,7.0
TK008983,CL07309,2024-06-10,Offre,ouvert,
TK008984,CL07309,2025-04-07,Facturation,resolu,1.0
TK008985,CL07310,2024-11-17,Offre,resolu,7.0
TK008986,CL07310,2024-08-27,Reseau,abandonne,4.0
TK008987,CL07310,2024-10-19,Reseau,abandonne,1.0
TK008988,CL07312,2025-08-12,Offre,ouvert,
TK008989,CL07313,2024-10-22,Reseau,resolu,1.0
TK008990,CL07313,2025-05-14,Reseau,abandonne,8.0
TK008991,CL07313,2024-11-26,Materiel,abandonne,28.0
TK008992,CL07315,2025-10-02,Offre,resolu,9.0
TK008993,CL07317,2025-12-04,Offre,resolu,2.0
TK008994,CL07317,2025-08-04,Offre,resolu,9.0
TK008995,CL07318,2025-10-03,Reseau,ouvert,
TK008996,CL07319,2025-04-20,Reseau,resolu,13.0
TK008997,CL07320,2025-02-08,Reseau,ouvert,
TK008998,CL07320,2024-10-10,Reseau,resolu,5.0
TK008999,CL07320,2024-10-03,Facturation,ouvert,
TK009000,CL07320,2024-02-24,Offre,abandonne,20.0
TK009001,CL07320,2024-11-16,Offre,ouvert,
TK009002,CL07321,2025-05-24,Offre,resolu,2.0
TK009003,CL07323,2025-03-16,Facturation,ouvert,
TK009004,CL07325,2024-11-17,Facturation,abandonne,4.0
TK009005,CL07325,2025-07-13,Materiel,ouvert,
TK009006,CL07326,2024-03-21,Reseau,resolu,2.0
TK009007,CL07328,2025-12-21,Offre,resolu,1.0
TK009008,CL07329,2025-08-30,Offre,ouvert,
TK009009,CL07329,2025-02-21,Reseau,resolu,1.0
TK009010,CL07330,2025-12-03,Reseau,resolu,1.0
TK009011,CL07333,2025-07-22,Facturation,resolu,2.0
TK009012,CL07335,2025-08-31,Reseau,resolu,6.0
TK009013,CL07337,2025-06-24,Reseau,resolu,1.0
TK009014,CL07338,2024-10-12,Facturation,abandonne,5.0
TK009015,CL07338,2024-03-04,Facturation,abandonne,2.0
TK009016,CL07338,2024-03-13,Reseau,abandonne,4.0
TK009017,CL07338,2024-09-20,Reseau,resolu,-1.0
TK009018,CL07340,2024-01-02,Facturation,resolu,6.0
TK009019,CL07340,2024-02-25,Facturation,abandonne,14.0
TK009020,CL07340,2024-01-22,Facturation,ouvert,
TK009021,CL07343,2025-12-29,Materiel,resolu,2.0
TK009022,CL07344,2025-10-10,Facturation,resolu,1.0
TK009023,CL07345,2024-07-18,Reseau,resolu,5.0
TK009024,CL07346,2024-01-01,Materiel,abandonne,18.0
TK009025,CL07346,2024-05-23,Facturation,ouvert,
TK009026,CL07347,2024-03-13,Reseau,abandonne,5.0
TK009027,CL07347,2024-02-13,Facturation,abandonne,24.0
TK009028,CL07347,2024-05-31,Reseau,ouvert,
TK009029,CL07348,2025-09-23,Materiel,resolu,4.0
TK009030,CL07348,2025-07-19,Reseau,abandonne,6.0
TK009031,CL07349,2024-09-27,Offre,resolu,5.0
TK009032,CL07352,2025-02-23,Reseau,ouvert,
TK009033,CL07352,2024-08-06,Materiel,abandonne,8.0
TK009034,CL07352,2024-07-02,Reseau,resolu,6.0
TK009035,CL07352,2025-06-22,Offre,abandonne,1.0
TK009036,CL07353,2024-04-27,Materiel,resolu,1.0
TK009037,CL07354,2025-03-14,Reseau,resolu,1.0
TK009038,CL07354,2024-04-16,Reseau,resolu,4.0
TK009039,CL07358,2025-04-02,Reseau,abandonne,25.0
TK009040,CL07358,2024-08-19,Reseau,resolu,6.0
TK009041,CL07358,2024-10-18,Materiel,resolu,3.0
TK009042,CL07358,2025-03-30,Reseau,resolu,15.0
TK009043,CL07358,2025-03-24,Reseau,ouvert,
TK009044,CL07358,2025-05-03,Facturation,ouvert,
TK009045,CL07360,2024-03-26,Offre,resolu,1.0
TK009046,CL07360,2025-05-19,Facturation,abandonne,7.0
TK009047,CL07363,2024-05-01,Facturation,ouvert,
TK009048,CL07365,2024-10-11,Offre,resolu,1.0
TK009049,CL07367,2025-05-27,Reseau,resolu,2.0
TK009050,CL07368,2024-07-13,Reseau,abandonne,2.0
TK009051,CL07369,2024-01-31,Offre,resolu,1.0
TK009052,CL07370,2024-02-01,Materiel,abandonne,8.0
TK009053,CL07371,2025-07-29,Reseau,resolu,1.0
TK009054,CL07372,2024-12-15,Offre,abandonne,2.0
TK009055,CL07372,2025-01-11,Facturation,abandonne,9.0
TK009056,CL07374,2025-01-29,Reseau,resolu,2.0
TK009057,CL07376,2024-05-10,Reseau,abandonne,1.0
TK009058,CL07376,2024-07-09,Materiel,ouvert,
TK009059,CL07376,2025-01-01,Materiel,ouvert,
TK009060,CL07377,2024-09-18,Facturation,resolu,4.0
TK009061,CL07377,2024-05-18,Materiel,ouvert,
TK009062,CL07377,2024-03-12,Offre,ouvert,
TK009063,CL07378,2024-08-21,Offre,ouvert,
TK009064,CL07378,2025-01-26,Reseau,resolu,1.0
TK009065,CL07379,2024-01-25,Reseau,ouvert,
TK009066,CL07379,2024-04-28,Facturation,ouvert,
TK009067,CL07379,2024-05-22,Reseau,ouvert,
TK009068,CL07379,2024-07-16,Offre,ouvert,
TK009069,CL07380,2025-02-12,Facturation,ouvert,
TK009070,CL07380,2025-04-09,Offre,resolu,1.0
TK009071,CL07381,2024-11-10,Facturation,ouvert,
TK009072,CL07383,2024-02-16,Reseau,resolu,1.0
TK009073,CL07384,2025-03-23,Offre,abandonne,7.0
TK009074,CL07384,2024-09-03,Facturation,abandonne,12.0
TK009075,CL07386,2025-10-04,Facturation,resolu,8.0
TK009076,CL07386,2025-06-13,Reseau,resolu,-7.0
TK009077,CL07386,2024-04-26,Offre,ouvert,
TK009078,CL07387,2025-06-07,Reseau,resolu,7.0
TK009079,CL07388,2024-04-04,Offre,resolu,2.0
TK009080,CL07388,2024-08-27,Reseau,resolu,4.0
TK009081,CL07388,2024-11-12,Reseau,resolu,5.0
TK009082,CL07389,2025-10-03,Facturation,resolu,4.0
TK009083,CL07389,2024-12-01,Facturation,resolu,3.0
TK009084,CL07391,2025-11-02,Materiel,resolu,5.0
TK009085,CL07391,2025-12-18,Reseau,resolu,5.0
TK009086,CL07392,2025-11-21,Facturation,resolu,1.0
TK009087,CL07392,2025-07-28,Reseau,resolu,1.0
TK009088,CL07394,2025-03-24,Reseau,resolu,1.0
TK009089,CL07394,2025-04-07,Facturation,resolu,1.0
TK009090,CL07395,2024-03-07,Reseau,resolu,1.0
TK009091,CL07396,2025-04-02,Offre,resolu,3.0
TK009092,CL07398,2024-10-16,Reseau,ouvert,
TK009093,CL07398,2025-04-30,Offre,resolu,5.0
TK009094,CL07400,2025-06-30,Reseau,ouvert,
TK009095,CL07400,2025-06-25,Facturation,abandonne,6.0
TK009096,CL07401,2025-11-11,Facturation,resolu,2.0
TK009097,CL07401,2025-09-22,Facturation,resolu,18.0
TK009098,CL07401,2025-07-10,Offre,ouvert,
TK009099,CL07403,2024-03-13,Facturation,ouvert,
TK009100,CL07405,2025-08-10,Reseau,resolu,3.0
TK009101,CL07407,2024-10-14,Reseau,resolu,2.0
TK009102,CL07409,2024-02-11,Reseau,resolu,16.0
TK009103,CL07410,2025-11-25,Reseau,resolu,7.0
TK009104,CL07412,2024-06-24,Reseau,resolu,3.0
TK009105,CL07414,2025-10-04,Facturation,resolu,1.0
TK009106,CL07416,2025-09-16,Reseau,resolu,1.0
TK009107,CL07417,2025-09-23,Reseau,resolu,1.0
TK009108,CL07418,2025-11-07,Materiel,resolu,11.0
TK009109,CL07419,2024-10-28,Materiel,resolu,9.0
TK009110,CL07419,2025-12-18,Reseau,resolu,26.0
TK009111,CL07421,2025-10-01,Reseau,resolu,3.0
TK009112,CL07423,2025-12-16,Offre,resolu,3.0
TK009113,CL07423,2025-06-23,Materiel,resolu,3.0
TK009114,CL07425,2025-03-24,Reseau,resolu,9.0
TK009115,CL07426,2025-01-06,Offre,resolu,1.0
TK009116,CL07427,2024-10-09,Facturation,resolu,1.0
TK009117,CL07427,2024-05-11,Offre,ouvert,
TK009118,CL07427,2024-05-05,Offre,abandonne,11.0
TK009119,CL07428,2025-05-22,Reseau,abandonne,12.0
TK009120,CL07428,2024-07-21,Offre,ouvert,
TK009121,CL07428,2025-01-29,Reseau,abandonne,1.0
TK009122,CL07428,2024-11-20,Reseau,ouvert,
TK009123,CL07430,2025-02-08,Reseau,resolu,7.0
TK009124,CL07431,2024-12-29,Facturation,ouvert,
TK009125,CL07432,2024-08-30,Materiel,ouvert,
TK009126,CL07434,2024-05-23,Reseau,resolu,1.0
TK009127,CL07435,2024-04-17,Facturation,resolu,15.0
TK009128,CL07438,2025-08-22,Reseau,resolu,4.0
TK009129,CL07439,2025-08-03,Reseau,resolu,6.0
TK009130,CL07439,2025-03-08,Facturation,resolu,4.0
TK009131,CL07440,2024-07-09,Offre,ouvert,
TK009132,CL07440,2024-07-05,Reseau,ouvert,
TK009133,CL07443,2024-03-11,Reseau,ouvert,
TK009134,CL07443,2024-06-27,Reseau,abandonne,15.0
TK009135,CL07443,2025-03-09,Materiel,resolu,3.0
TK009136,CL07446,2025-07-15,Materiel,resolu,1.0
TK009137,CL07446,2025-04-15,Facturation,ouvert,
TK009138,CL07446,2025-09-25,Reseau,resolu,3.0
TK009139,CL07447,2025-11-06,Offre,ouvert,
TK009140,CL07447,2025-03-06,Offre,abandonne,7.0
TK009141,CL07447,2025-03-13,Reseau,resolu,14.0
TK009142,CL07447,2025-09-28,Facturation,ouvert,
TK009143,CL07451,2025-05-22,Facturation,resolu,2.0
TK009144,CL07453,2024-08-14,Materiel,ouvert,
TK009145,CL07454,2024-01-04,Reseau,resolu,1.0
TK009146,CL07454,2025-08-19,Facturation,ouvert,
TK009147,CL07455,2024-01-10,Facturation,resolu,1.0
TK009148,CL07455,2024-02-18,Reseau,abandonne,2.0
TK009149,CL07455,2025-03-06,Reseau,ouvert,
TK009150,CL07456,2025-08-03,Facturation,resolu,1.0
TK009151,CL07456,2024-11-07,Reseau,ouvert,
TK009152,CL07456,2024-12-06,Offre,resolu,1.0
TK009153,CL07459,2024-12-26,Facturation,resolu,1.0
TK009154,CL07461,2025-11-01,Offre,ouvert,
TK009155,CL07462,2025-09-05,Facturation,resolu,3.0
TK009156,CL07462,2025-09-18,Offre,resolu,4.0
TK009157,CL07464,2025-07-31,Reseau,ouvert,
TK009158,CL07464,2025-02-08,Facturation,resolu,1.0
TK009159,CL07464,2025-08-12,Materiel,ouvert,
TK009160,CL07464,2024-07-16,Offre,ouvert,
TK009161,CL07465,2024-09-30,Facturation,resolu,2.0
TK009162,CL07465,2025-01-24,Reseau,resolu,3.0
TK009163,CL07469,2025-11-18,Reseau,abandonne,22.0
TK009164,CL07469,2025-11-14,Materiel,ouvert,
TK009165,CL07471,2025-09-19,Materiel,resolu,6.0
TK009166,CL07472,2025-11-20,Facturation,resolu,2.0
TK009167,CL07473,2025-02-24,Offre,ouvert,
TK009168,CL07473,2024-11-02,Materiel,abandonne,11.0
TK009169,CL07475,2025-12-06,Reseau,resolu,2.0
TK009170,CL07476,2025-10-23,Offre,resolu,2.0
TK009171,CL07476,2025-11-17,Materiel,resolu,13.0
TK009172,CL07479,2024-02-04,Facturation,resolu,3.0
TK009173,CL07479,2024-07-07,Reseau,ouvert,
TK009174,CL07481,2025-02-24,Offre,resolu,2.0
TK009175,CL07482,2024-08-29,Reseau,resolu,8.0
TK009176,CL07483,2025-06-30,Offre,resolu,5.0
TK009177,CL07484,2025-04-22,Reseau,ouvert,
TK009178,CL07487,2024-06-15,Reseau,ouvert,
TK009179,CL07489,2025-10-08,Reseau,resolu,-3.0
TK009180,CL07490,2025-11-01,Facturation,abandonne,4.0
TK009181,CL07490,2025-10-23,Materiel,resolu,2.0
TK009182,CL07491,2025-11-22,Reseau,resolu,5.0
TK009183,CL07491,2025-11-10,Facturation,resolu,5.0
TK009184,CL07492,2024-05-22,Offre,resolu,1.0
TK009185,CL07492,2024-03-27,Reseau,resolu,6.0
TK009186,CL07497,2025-12-06,Offre,resolu,1.0
TK009187,CL07504,2025-10-20,Facturation,resolu,-1.0
TK009188,CL07506,2024-01-10,Materiel,ouvert,
TK009189,CL07506,2024-02-07,Reseau,ouvert,
TK009190,CL07508,2025-12-07,Offre,resolu,6.0
TK009191,CL07510,2025-02-19,Offre,ouvert,
TK009192,CL07512,2025-04-19,Reseau,ouvert,
TK009193,CL07513,2025-05-08,Materiel,resolu,3.0
TK009194,CL07513,2025-05-28,Facturation,resolu,1.0
TK009195,CL07514,2024-11-09,Reseau,resolu,2.0
TK009196,CL07515,2025-03-23,Facturation,resolu,4.0
TK009197,CL07515,2025-12-07,Reseau,resolu,1.0
TK009198,CL07517,2025-08-13,Materiel,ouvert,
TK009199,CL07518,2025-09-08,Materiel,ouvert,
TK009200,CL07518,2025-10-10,Materiel,ouvert,
TK009201,CL07521,2025-03-04,Reseau,resolu,18.0
TK009202,CL07521,2025-11-12,Reseau,ouvert,
TK009203,CL07523,2025-08-14,Facturation,resolu,2.0
TK009204,CL07524,2025-09-13,Offre,resolu,1.0
TK009205,CL07525,2025-09-17,Facturation,abandonne,20.0
TK009206,CL07526,2025-10-29,Offre,ouvert,
TK009207,CL07526,2024-10-12,Reseau,resolu,1.0
TK009208,CL07530,2025-09-02,Reseau,resolu,1.0
TK009209,CL07534,2024-04-30,Reseau,resolu,7.0
TK009210,CL07534,2024-12-25,Facturation,abandonne,24.0
TK009211,CL07534,2024-11-22,Facturation,resolu,12.0
TK009212,CL07535,2024-01-18,Reseau,abandonne,13.0
TK009213,CL07535,2024-06-09,Facturation,resolu,3.0
TK009214,CL07536,2024-03-19,Reseau,resolu,3.0
TK009215,CL07537,2025-12-29,Facturation,resolu,2.0
TK009216,CL07537,2025-08-26,Reseau,ouvert,
TK009217,CL07539,2024-05-11,Reseau,resolu,1.0
TK009218,CL07539,2024-08-06,Offre,abandonne,20.0
TK009219,CL07540,2024-01-25,Facturation,resolu,11.0
TK009220,CL07541,2025-01-18,Offre,abandonne,2.0
TK009221,CL07541,2025-05-23,Reseau,resolu,1.0
TK009222,CL07541,2024-07-10,Reseau,resolu,3.0
TK009223,CL07543,2024-11-22,Facturation,resolu,1.0
TK009224,CL07544,2025-01-28,Facturation,resolu,1.0
TK009225,CL07547,2025-07-16,Facturation,resolu,6.0
TK009226,CL07547,2025-07-21,Facturation,abandonne,26.0
TK009227,CL07548,2025-12-20,Offre,abandonne,3.0
TK009228,CL07549,2025-11-12,Facturation,resolu,7.0
TK009229,CL07550,2024-08-09,Reseau,resolu,2.0
TK009230,CL07551,2025-06-15,Materiel,resolu,1.0
TK009231,CL07553,2024-05-24,Reseau,resolu,4.0
TK009232,CL07554,2024-09-03,Materiel,ouvert,
TK009233,CL07554,2024-08-31,Facturation,resolu,5.0
TK009234,CL07554,2024-07-11,Reseau,ouvert,
TK009235,CL07556,2024-07-28,Offre,resolu,1.0
TK009236,CL07559,2025-10-26,Facturation,resolu,1.0
TK009237,CL07559,2025-12-20,Materiel,abandonne,7.0
TK009238,CL07560,2025-07-01,Facturation,resolu,4.0
TK009239,CL07561,2024-02-10,Materiel,ouvert,
TK009240,CL07561,2024-01-23,Facturation,ouvert,
TK009241,CL07561,2024-01-29,Facturation,ouvert,
TK009242,CL07562,2024-11-02,Reseau,resolu,2.0
TK009243,CL07562,2025-08-18,Reseau,resolu,2.0
TK009244,CL07563,2025-08-04,Reseau,resolu,1.0
TK009245,CL07563,2025-11-28,Reseau,resolu,1.0
TK009246,CL07565,2025-11-15,Facturation,resolu,1.0
TK009247,CL07565,2025-02-12,Reseau,resolu,1.0
TK009248,CL07568,2025-08-08,Facturation,abandonne,-7.0
TK009249,CL07569,2024-06-16,Reseau,ouvert,
TK009250,CL07569,2024-09-03,Facturation,resolu,2.0
TK009251,CL07570,2025-11-27,Reseau,resolu,5.0
TK009252,CL07570,2025-06-27,Facturation,resolu,1.0
TK009253,CL07573,2024-08-27,Materiel,abandonne,7.0
TK009254,CL07573,2024-11-07,Facturation,abandonne,3.0
TK009255,CL07573,2024-01-22,Reseau,ouvert,
TK009256,CL07574,2025-08-04,Offre,abandonne,37.0
TK009257,CL07575,2024-07-02,Facturation,abandonne,1.0
TK009258,CL07577,2025-03-04,Materiel,ouvert,
TK009259,CL07578,2024-11-16,Facturation,abandonne,9.0
TK009260,CL07578,2024-11-17,Reseau,ouvert,
TK009261,CL07578,2024-08-10,Offre,resolu,3.0
TK009262,CL07578,2024-06-01,Reseau,abandonne,3.0
TK009263,CL07578,2024-11-16,Offre,ouvert,
TK009264,CL07580,2025-07-01,Materiel,ouvert,
TK009265,CL07580,2024-05-27,Offre,ouvert,
TK009266,CL07580,2024-09-25,Offre,ouvert,
TK009267,CL07580,2025-06-28,Offre,abandonne,6.0
TK009268,CL07580,2024-04-26,Reseau,resolu,1.0
TK009269,CL07580,2024-03-06,Reseau,resolu,1.0
TK009270,CL07581,2024-02-29,Offre,resolu,1.0
TK009271,CL07581,2024-06-06,Facturation,abandonne,-1.0
TK009272,CL07581,2024-06-08,Reseau,abandonne,7.0
TK009273,CL07582,2024-04-03,Facturation,ouvert,
TK009274,CL07582,2024-02-10,Offre,abandonne,1.0
TK009275,CL07583,2024-09-16,Facturation,resolu,1.0
TK009276,CL07583,2024-02-24,Offre,resolu,1.0
TK009277,CL07584,2024-01-15,Offre,resolu,2.0
TK009278,CL07584,2025-08-03,Reseau,resolu,12.0
TK009279,CL07586,2025-02-25,Reseau,ouvert,
TK009280,CL07588,2024-11-13,Reseau,abandonne,28.0
TK009281,CL07589,2024-07-07,Reseau,resolu,5.0
TK009282,CL07591,2024-05-16,Reseau,resolu,4.0
TK009283,CL07592,2025-03-01,Reseau,resolu,1.0
TK009284,CL07593,2024-01-24,Offre,ouvert,
TK009285,CL07594,2024-07-19,Materiel,resolu,1.0
TK009286,CL07595,2025-08-09,Reseau,resolu,2.0
TK009287,CL07597,2024-07-03,Reseau,ouvert,
TK009288,CL07598,2024-04-01,Reseau,resolu,1.0
TK009289,CL07599,2024-03-23,Facturation,resolu,18.0
TK009290,CL07599,2024-03-25,Offre,resolu,10.0
TK009291,CL07600,2024-06-07,Reseau,resolu,2.0
TK009292,CL07601,2024-05-10,Facturation,ouvert,
TK009293,CL07601,2024-06-19,Reseau,ouvert,
TK009294,CL07601,2024-05-06,Reseau,ouvert,
TK009295,CL07601,2024-03-17,Facturation,resolu,1.0
TK009296,CL07602,2025-10-02,Reseau,resolu,2.0
TK009297,CL07602,2025-10-16,Offre,resolu,1.0
TK009298,CL07603,2025-10-11,Reseau,resolu,1.0
TK009299,CL07603,2024-09-25,Facturation,resolu,3.0
TK009300,CL07603,2025-08-24,Facturation,resolu,1.0
TK009301,CL07605,2025-04-27,Reseau,resolu,10.0
TK009302,CL07606,2024-02-01,Reseau,ouvert,
TK009303,CL07606,2024-01-30,Materiel,ouvert,
TK009304,CL07607,2024-12-08,Facturation,resolu,1.0
TK009305,CL07610,2025-10-25,Reseau,resolu,1.0
TK009306,CL07610,2024-05-27,Reseau,resolu,-2.0
TK009307,CL07611,2024-06-05,Facturation,ouvert,
TK009308,CL07613,2025-08-20,Materiel,abandonne,29.0
TK009309,CL07615,2025-09-08,Reseau,resolu,4.0
TK009310,CL07615,2024-01-29,Facturation,resolu,7.0
TK009311,CL07616,2024-07-22,Materiel,ouvert,
TK009312,CL07617,2024-05-30,Materiel,resolu,1.0
TK009313,CL07618,2025-02-19,Offre,resolu,1.0
TK009314,CL07619,2024-09-29,Materiel,ouvert,
TK009315,CL07620,2025-05-26,Reseau,resolu,1.0
TK009316,CL07621,2024-11-03,Reseau,abandonne,17.0
TK009317,CL07621,2024-09-05,Reseau,abandonne,3.0
TK009318,CL07622,2024-11-30,Reseau,resolu,12.0
TK009319,CL07622,2024-06-18,Facturation,resolu,6.0
TK009320,CL07622,2024-08-25,Facturation,ouvert,
TK009321,CL07622,2024-06-19,Facturation,resolu,6.0
TK009322,CL07622,2024-06-28,Reseau,resolu,7.0
TK009323,CL07625,2025-08-01,Reseau,resolu,6.0
TK009324,CL07627,2024-05-21,Facturation,resolu,6.0
TK009325,CL07629,2024-03-21,Reseau,resolu,1.0
TK009326,CL07632,2024-10-22,Reseau,ouvert,
TK009327,CL07634,2025-11-19,Facturation,resolu,3.0
TK009328,CL07635,2024-07-09,Facturation,resolu,7.0
TK009329,CL07635,2024-09-26,Offre,ouvert,
TK009330,CL07637,2025-05-02,Reseau,resolu,3.0
TK009331,CL07638,2024-02-17,Reseau,resolu,2.0
TK009332,CL07638,2025-03-17,Reseau,resolu,4.0
TK009333,CL07641,2025-04-20,Facturation,resolu,1.0
TK009334,CL07641,2024-06-13,Facturation,ouvert,
TK009335,CL07641,2025-06-28,Reseau,resolu,1.0
TK009336,CL07642,2024-06-11,Reseau,abandonne,1.0
TK009337,CL07643,2025-12-10,Offre,resolu,1.0
TK009338,CL07644,2024-04-21,Materiel,ouvert,
TK009339,CL07644,2024-12-05,Offre,abandonne,2.0
TK009340,CL07644,2024-05-04,Facturation,ouvert,
TK009341,CL07644,2025-03-31,Facturation,resolu,2.0
TK009342,CL07645,2024-12-30,Facturation,resolu,1.0
TK009343,CL07645,2024-03-20,Facturation,ouvert,
TK009344,CL07647,2024-10-11,Offre,ouvert,
TK009345,CL07647,2025-09-19,Facturation,resolu,1.0
TK009346,CL07649,2024-10-04,Reseau,ouvert,
TK009347,CL07651,2025-02-26,Reseau,abandonne,4.0
TK009348,CL07651,2025-07-23,Materiel,ouvert,
TK009349,CL07652,2025-11-05,Reseau,resolu,1.0
TK009350,CL07652,2025-12-18,Reseau,resolu,2.0
TK009351,CL07652,2025-07-25,Reseau,resolu,1.0
TK009352,CL07653,2025-04-12,Facturation,ouvert,
TK009353,CL07654,2025-06-18,Materiel,ouvert,
TK009354,CL07654,2025-02-03,Offre,ouvert,
TK009355,CL07654,2025-04-24,Reseau,abandonne,7.0
TK009356,CL07655,2024-12-11,Reseau,ouvert,
TK009357,CL07655,2024-12-03,Reseau,resolu,-1.0
TK009358,CL07655,2024-09-10,Reseau,abandonne,5.0
TK009359,CL07655,2024-11-27,Offre,abandonne,6.0
TK009360,CL07655,2024-10-05,Reseau,resolu,9.0
TK009361,CL07655,2024-10-28,Reseau,abandonne,5.0
TK009362,CL07656,2025-04-05,Facturation,ouvert,
TK009363,CL07656,2025-02-20,Facturation,resolu,1.0
TK009364,CL07657,2025-03-13,Facturation,resolu,15.0
TK009365,CL07658,2024-08-06,Offre,ouvert,
TK009366,CL07659,2025-08-09,Reseau,ouvert,
TK009367,CL07660,2025-07-05,Facturation,resolu,1.0
TK009368,CL07662,2025-05-02,Reseau,resolu,1.0
TK009369,CL07662,2024-07-10,Offre,resolu,1.0
TK009370,CL07663,2024-02-05,Offre,resolu,11.0
TK009371,CL07664,2024-06-16,Facturation,resolu,1.0
TK009372,CL07664,2024-10-10,Reseau,resolu,5.0
TK009373,CL07666,2025-09-17,Facturation,ouvert,
TK009374,CL07666,2025-09-07,Materiel,ouvert,
TK009375,CL07667,2025-09-27,Reseau,resolu,1.0
TK009376,CL07668,2025-02-28,Materiel,ouvert,
TK009377,CL07668,2025-10-14,Reseau,abandonne,18.0
TK009378,CL07670,2024-02-12,Reseau,resolu,1.0
TK009379,CL07671,2024-11-16,Facturation,ouvert,
TK009380,CL07671,2024-04-29,Facturation,ouvert,
TK009381,CL07672,2025-09-29,Offre,resolu,1.0
TK009382,CL07672,2025-10-15,Materiel,resolu,1.0
TK009383,CL07673,2024-07-30,Reseau,ouvert,
TK009384,CL07673,2025-02-07,Reseau,resolu,5.0
TK009385,CL07673,2024-02-09,Materiel,abandonne,3.0
TK009386,CL07673,2024-09-17,Facturation,ouvert,
TK009387,CL07679,2024-01-05,Reseau,abandonne,6.0
TK009388,CL07679,2024-07-02,Reseau,resolu,2.0
TK009389,CL07679,2024-08-29,Reseau,resolu,1.0
TK009390,CL07679,2025-07-08,Facturation,ouvert,
TK009391,CL07682,2024-04-01,Reseau,abandonne,2.0
TK009392,CL07682,2024-05-15,Facturation,resolu,-2.0
TK009393,CL07682,2024-04-18,Reseau,abandonne,2.0
TK009394,CL07683,2024-04-29,Offre,resolu,1.0
TK009395,CL07683,2024-04-04,Reseau,abandonne,26.0
TK009396,CL07683,2024-07-04,Reseau,ouvert,
TK009397,CL07683,2024-12-26,Materiel,ouvert,
TK009398,CL07683,2024-04-12,Offre,abandonne,8.0
TK009399,CL07684,2024-12-31,Facturation,ouvert,
TK009400,CL07686,2025-03-04,Reseau,abandonne,32.0
TK009401,CL07689,2024-09-14,Reseau,abandonne,6.0
TK009402,CL07689,2024-01-20,Reseau,abandonne,18.0
TK009403,CL07689,2024-04-10,Reseau,resolu,1.0
TK009404,CL07690,2024-12-22,Reseau,resolu,1.0
TK009405,CL07690,2024-12-14,Reseau,ouvert,
TK009406,CL07690,2024-07-23,Reseau,resolu,3.0
TK009407,CL07692,2024-02-01,Materiel,ouvert,
TK009408,CL07692,2024-06-27,Reseau,abandonne,1.0
TK009409,CL07692,2024-02-15,Facturation,abandonne,8.0
TK009410,CL07695,2025-12-06,Offre,resolu,1.0
TK009411,CL07697,2024-06-11,Offre,ouvert,
TK009412,CL07697,2024-03-17,Reseau,ouvert,
TK009413,CL07697,2024-04-29,Reseau,ouvert,
TK009414,CL07697,2024-06-17,Offre,resolu,5.0
TK009415,CL07698,2025-09-13,Offre,resolu,3.0
TK009416,CL07698,2025-01-26,Offre,resolu,1.0
TK009417,CL07700,2024-01-05,Reseau,abandonne,4.0
TK009418,CL07701,2024-06-06,Offre,resolu,1.0
TK009419,CL07701,2025-01-13,Reseau,ouvert,
TK009420,CL07702,2025-02-16,Facturation,resolu,10.0
TK009421,CL07703,2025-05-01,Reseau,ouvert,
TK009422,CL07704,2024-04-07,Materiel,resolu,2.0
TK009423,CL07704,2025-03-09,Offre,ouvert,
TK009424,CL07705,2025-07-09,Offre,resolu,1.0
TK009425,CL07706,2025-03-13,Offre,ouvert,
TK009426,CL07707,2025-06-29,Materiel,resolu,3.0
TK009427,CL07710,2024-03-01,Reseau,resolu,1.0
TK009428,CL07711,2025-10-23,Reseau,resolu,3.0
TK009429,CL07712,2025-04-24,Reseau,resolu,3.0
TK009430,CL07713,2025-09-23,Materiel,ouvert,
TK009431,CL07713,2025-06-18,Offre,resolu,5.0
TK009432,CL07714,2024-11-29,Materiel,resolu,4.0
TK009433,CL07715,2024-05-05,Facturation,resolu,6.0
TK009434,CL07716,2025-08-10,Facturation,abandonne,11.0
TK009435,CL07716,2025-11-09,Reseau,abandonne,48.0
TK009436,CL07716,2025-08-19,Facturation,ouvert,
TK009437,CL07717,2024-10-19,Reseau,resolu,11.0
TK009438,CL07718,2025-08-25,Facturation,resolu,5.0
TK009439,CL07718,2024-08-18,Reseau,resolu,1.0
TK009440,CL07718,2025-12-17,Reseau,resolu,1.0
TK009441,CL07722,2025-06-22,Reseau,resolu,-26.0
TK009442,CL07723,2025-05-07,Reseau,resolu,1.0
TK009443,CL07726,2025-06-30,Reseau,abandonne,37.0
TK009444,CL07726,2024-10-19,Reseau,abandonne,1.0
TK009445,CL07726,2024-10-30,Offre,ouvert,
TK009446,CL07727,2024-04-08,Facturation,ouvert,
TK009447,CL07727,2024-10-02,Reseau,resolu,4.0
TK009448,CL07728,2025-11-22,Materiel,resolu,1.0
TK009449,CL07729,2024-04-17,Facturation,ouvert,
TK009450,CL07729,2024-03-30,Reseau,ouvert,
TK009451,CL07729,2024-11-01,Offre,ouvert,
TK009452,CL07731,2025-01-28,Reseau,resolu,1.0
TK009453,CL07733,2025-07-18,Offre,abandonne,23.0
TK009454,CL07733,2025-09-08,Reseau,resolu,10.0
TK009455,CL07735,2024-04-13,Materiel,abandonne,1.0
TK009456,CL07735,2024-02-01,Reseau,abandonne,21.0
TK009457,CL07735,2024-03-25,Reseau,resolu,1.0
TK009458,CL07736,2025-06-20,Reseau,resolu,6.0
TK009459,CL07738,2024-10-28,Offre,ouvert,
TK009460,CL07738,2025-05-13,Reseau,resolu,9.0
TK009461,CL07740,2024-11-28,Reseau,resolu,1.0
TK009462,CL07740,2024-10-19,Materiel,resolu,1.0
TK009463,CL07742,2024-01-08,Facturation,ouvert,
TK009464,CL07742,2024-01-01,Facturation,resolu,5.0
TK009465,CL07742,2024-01-02,Facturation,ouvert,
TK009466,CL07742,2024-01-07,Reseau,abandonne,14.0
TK009467,CL07742,2024-01-07,Facturation,abandonne,8.0
TK009468,CL07743,2024-03-27,Offre,ouvert,
TK009469,CL07743,2024-07-10,Facturation,resolu,2.0
TK009470,CL07744,2024-03-30,Offre,abandonne,23.0
TK009471,CL07746,2025-01-09,Facturation,resolu,5.0
TK009472,CL07747,2025-01-04,Facturation,resolu,1.0
TK009473,CL07748,2025-08-22,Facturation,resolu,1.0
TK009474,CL07749,2025-09-28,Offre,resolu,1.0
TK009475,CL07750,2025-01-20,Facturation,abandonne,1.0
TK009476,CL07752,2024-11-05,Facturation,ouvert,
TK009477,CL07752,2025-02-27,Reseau,ouvert,
TK009478,CL07752,2024-11-01,Facturation,ouvert,
TK009479,CL07752,2025-01-11,Facturation,resolu,2.0
TK009480,CL07753,2025-12-08,Reseau,resolu,3.0
TK009481,CL07753,2025-07-02,Materiel,ouvert,
TK009482,CL07754,2025-10-10,Offre,resolu,2.0
TK009483,CL07755,2025-03-02,Offre,resolu,1.0
TK009484,CL07756,2024-06-05,Reseau,ouvert,
TK009485,CL07756,2024-09-03,Reseau,resolu,27.0
TK009486,CL07756,2024-12-24,Facturation,ouvert,
TK009487,CL07756,2025-07-19,Offre,ouvert,
TK009488,CL07757,2025-10-03,Materiel,resolu,4.0
TK009489,CL07758,2024-05-28,Facturation,abandonne,16.0
TK009490,CL07758,2024-01-21,Facturation,ouvert,
TK009491,CL07758,2024-04-29,Reseau,ouvert,
TK009492,CL07760,2025-07-26,Reseau,resolu,3.0
TK009493,CL07762,2025-07-24,Offre,abandonne,1.0
TK009494,CL07762,2025-06-11,Offre,resolu,1.0
TK009495,CL07763,2025-04-08,Offre,ouvert,
TK009496,CL07763,2025-03-29,Facturation,resolu,1.0
TK009497,CL07764,2024-02-18,Facturation,ouvert,
TK009498,CL07764,2025-10-03,Offre,resolu,-4.0
TK009499,CL07766,2025-05-28,Reseau,resolu,1.0
TK009500,CL07767,2025-01-30,Facturation,resolu,1.0
TK009501,CL07767,2025-05-17,Facturation,resolu,3.0
TK009502,CL07768,2024-01-07,Reseau,resolu,2.0
TK009503,CL07769,2024-02-24,Materiel,ouvert,
TK009504,CL07769,2024-08-12,Facturation,ouvert,
TK009505,CL07769,2024-11-23,Facturation,abandonne,11.0
TK009506,CL07771,2025-06-17,Facturation,resolu,6.0
TK009507,CL07771,2025-09-26,Reseau,resolu,6.0
TK009508,CL07771,2025-05-25,Offre,resolu,7.0
TK009509,CL07771,2025-05-24,Materiel,resolu,1.0
TK009510,CL07772,2024-09-01,Reseau,abandonne,3.0
TK009511,CL07772,2024-06-21,Offre,resolu,1.0
TK009512,CL07772,2024-01-19,Reseau,resolu,1.0
TK009513,CL07773,2024-02-17,Offre,abandonne,8.0
TK009514,CL07773,2024-10-19,Reseau,ouvert,
TK009515,CL07777,2025-12-05,Facturation,resolu,1.0
TK009516,CL07777,2025-09-24,Facturation,resolu,2.0
TK009517,CL07779,2025-05-18,Materiel,resolu,2.0
TK009518,CL07780,2025-03-14,Facturation,abandonne,5.0
TK009519,CL07781,2024-10-22,Reseau,resolu,2.0
TK009520,CL07782,2025-11-04,Materiel,ouvert,
TK009521,CL07784,2024-11-13,Facturation,ouvert,
TK009522,CL07784,2024-04-11,Reseau,ouvert,
TK009523,CL07784,2025-07-12,Offre,resolu,6.0
TK009524,CL07785,2025-02-10,Materiel,resolu,1.0
TK009525,CL07786,2025-07-11,Reseau,ouvert,
TK009526,CL07787,2025-10-06,Materiel,resolu,2.0
TK009527,CL07788,2025-06-11,Facturation,abandonne,5.0
TK009528,CL07790,2025-03-31,Facturation,resolu,22.0
TK009529,CL07792,2024-06-02,Materiel,ouvert,
TK009530,CL07792,2025-01-01,Materiel,ouvert,
TK009531,CL07793,2025-09-24,Reseau,resolu,3.0
TK009532,CL07794,2025-05-11,Facturation,ouvert,
TK009533,CL07794,2025-09-01,Reseau,ouvert,
TK009534,CL07795,2024-05-18,Reseau,resolu,1.0
TK009535,CL07797,2025-09-23,Facturation,resolu,9.0
TK009536,CL07797,2025-08-10,Offre,ouvert,
TK009537,CL07798,2025-05-23,Materiel,resolu,1.0
TK009538,CL07798,2025-07-08,Offre,resolu,-1.0
TK009539,CL07801,2025-06-05,Reseau,ouvert,
TK009540,CL07803,2024-10-30,Materiel,resolu,3.0
TK009541,CL07804,2025-06-02,Offre,ouvert,
TK009542,CL07804,2025-05-06,Facturation,abandonne,14.0
TK009543,CL07805,2025-10-28,Facturation,resolu,1.0
TK009544,CL07806,2024-12-06,Offre,ouvert,
TK009545,CL07806,2024-01-09,Reseau,ouvert,
TK009546,CL07807,2024-02-04,Offre,resolu,1.0
TK009547,CL07808,2025-02-06,Reseau,abandonne,19.0
TK009548,CL07808,2025-05-04,Reseau,abandonne,8.0
TK009549,CL07808,2025-05-27,Reseau,ouvert,
TK009550,CL07812,2024-05-24,Offre,abandonne,33.0
TK009551,CL07812,2024-03-30,Facturation,ouvert,
TK009552,CL07812,2024-07-26,Offre,ouvert,
TK009553,CL07813,2025-04-02,Reseau,ouvert,
TK009554,CL07814,2025-08-26,Reseau,ouvert,
TK009555,CL07814,2025-08-24,Reseau,abandonne,4.0
TK009556,CL07815,2024-11-22,Reseau,resolu,5.0
TK009557,CL07816,2024-03-10,Facturation,ouvert,
TK009558,CL07816,2025-05-30,Offre,ouvert,
TK009559,CL07816,2025-08-09,Facturation,resolu,4.0
TK009560,CL07816,2024-08-22,Materiel,abandonne,18.0
TK009561,CL07816,2024-08-14,Facturation,abandonne,16.0
TK009562,CL07816,2025-02-11,Offre,abandonne,6.0
TK009563,CL07817,2024-05-07,Reseau,abandonne,18.0
TK009564,CL07817,2024-01-15,Facturation,ouvert,
TK009565,CL07817,2024-05-07,Offre,resolu,14.0
TK009566,CL07818,2025-05-27,Offre,abandonne,15.0
TK009567,CL07818,2025-09-24,Offre,ouvert,
TK009568,CL07818,2025-07-31,Reseau,resolu,1.0
TK009569,CL07818,2025-07-10,Facturation,resolu,2.0
TK009570,CL07818,2025-08-08,Reseau,abandonne,1.0
TK009571,CL07818,2024-12-22,Facturation,ouvert,
TK009572,CL07819,2025-05-18,Reseau,ouvert,
TK009573,CL07824,2024-01-01,Facturation,abandonne,5.0
TK009574,CL07824,2024-03-14,Facturation,ouvert,
TK009575,CL07825,2024-04-24,Reseau,ouvert,
TK009576,CL07825,2024-05-03,Reseau,ouvert,
TK009577,CL07826,2024-06-10,Offre,ouvert,
TK009578,CL07826,2024-05-11,Reseau,ouvert,
TK009579,CL07826,2024-01-25,Materiel,resolu,1.0
TK009580,CL07828,2024-08-01,Materiel,ouvert,
TK009581,CL07828,2025-02-03,Offre,ouvert,
TK009582,CL07828,2024-08-21,Reseau,resolu,3.0
TK009583,CL07828,2024-11-06,Reseau,ouvert,
TK009584,CL07828,2024-09-09,Reseau,abandonne,6.0
TK009585,CL07828,2024-05-06,Reseau,resolu,1.0
TK009586,CL07830,2025-08-13,Facturation,resolu,12.0
TK009587,CL07830,2025-10-24,Materiel,resolu,2.0
TK009588,CL07832,2024-07-29,Reseau,resolu,1.0
TK009589,CL07832,2024-06-08,Offre,abandonne,4.0
TK009590,CL07832,2024-08-25,Offre,resolu,11.0
TK009591,CL07832,2024-04-12,Facturation,resolu,2.0
TK009592,CL07832,2024-08-11,Materiel,ouvert,
TK009593,CL07833,2025-11-15,Materiel,resolu,3.0
TK009594,CL07833,2024-03-21,Reseau,abandonne,7.0
TK009595,CL07836,2024-02-07,Facturation,resolu,1.0
TK009596,CL07836,2024-01-03,Reseau,ouvert,
TK009597,CL07836,2024-01-07,Materiel,ouvert,
TK009598,CL07836,2024-01-31,Reseau,resolu,2.0
TK009599,CL07836,2024-01-31,Materiel,resolu,2.0
TK009600,CL07837,2024-03-31,Reseau,ouvert,
TK009601,CL07839,2024-12-19,Reseau,resolu,1.0
TK009602,CL07841,2025-06-23,Materiel,abandonne,1.0
TK009603,CL07841,2025-07-13,Reseau,resolu,3.0
TK009604,CL07841,2025-09-04,Reseau,ouvert,
TK009605,CL07841,2025-07-14,Facturation,ouvert,
TK009606,CL07842,2024-01-25,Offre,resolu,5.0
TK009607,CL07842,2024-08-26,Facturation,resolu,2.0
TK009608,CL07845,2025-07-02,Reseau,resolu,1.0
TK009609,CL07848,2024-08-16,Materiel,resolu,3.0
TK009610,CL07848,2024-06-15,Reseau,abandonne,3.0
TK009611,CL07848,2024-11-29,Reseau,abandonne,8.0
TK009612,CL07848,2024-02-14,Facturation,resolu,1.0
TK009613,CL07849,2024-09-22,Facturation,ouvert,
TK009614,CL07849,2025-10-28,Facturation,resolu,2.0
TK009615,CL07850,2025-12-09,Offre,resolu,8.0
TK009616,CL07852,2025-06-03,Facturation,ouvert,
TK009617,CL07855,2025-08-15,Reseau,resolu,2.0
TK009618,CL07855,2025-09-18,Reseau,ouvert,
TK009619,CL07856,2024-10-09,Facturation,resolu,1.0
TK009620,CL07856,2025-08-20,Reseau,ouvert,
TK009621,CL07856,2024-08-09,Reseau,resolu,3.0
TK009622,CL07856,2024-01-18,Facturation,resolu,5.0
TK009623,CL07858,2025-05-30,Offre,resolu,1.0
TK009624,CL07859,2024-05-13,Reseau,abandonne,4.0
TK009625,CL07859,2024-04-06,Materiel,ouvert,
TK009626,CL07861,2024-09-20,Facturation,ouvert,
TK009627,CL07861,2024-04-10,Offre,resolu,1.0
TK009628,CL07862,2025-10-09,Reseau,resolu,1.0
TK009629,CL07862,2025-04-12,Materiel,ouvert,
TK009630,CL07863,2025-12-19,Offre,abandonne,35.0
TK009631,CL07864,2025-10-28,Materiel,resolu,-3.0
TK009632,CL07865,2024-03-01,Offre,abandonne,7.0
TK009633,CL07866,2025-10-16,Reseau,ouvert,
TK009634,CL07866,2024-04-07,Reseau,ouvert,
TK009635,CL07871,2024-04-07,Materiel,ouvert,
TK009636,CL07871,2024-09-01,Facturation,resolu,1.0
TK009637,CL07871,2024-06-04,Facturation,ouvert,
TK009638,CL07872,2025-11-13,Reseau,resolu,3.0
TK009639,CL07873,2025-09-25,Reseau,resolu,9.0
TK009640,CL07874,2025-01-04,Facturation,ouvert,
TK009641,CL07876,2025-06-19,Materiel,abandonne,5.0
TK009642,CL07878,2025-01-15,Offre,abandonne,20.0
TK009643,CL07879,2025-05-16,Reseau,resolu,7.0
TK009644,CL07879,2025-07-08,Reseau,resolu,6.0
TK009645,CL07881,2024-03-29,Materiel,abandonne,13.0
TK009646,CL07881,2024-02-27,Facturation,abandonne,8.0
TK009647,CL07881,2024-12-01,Facturation,resolu,-1.0
TK009648,CL07882,2025-06-20,Facturation,resolu,6.0
TK009649,CL07883,2025-07-17,Facturation,resolu,1.0
TK009650,CL07886,2025-10-25,Facturation,resolu,3.0
TK009651,CL07887,2025-09-27,Offre,resolu,1.0
TK009652,CL07887,2024-05-24,Facturation,ouvert,
TK009653,CL07887,2024-06-01,Reseau,ouvert,
TK009654,CL07887,2025-12-21,Reseau,resolu,16.0
TK009655,CL07888,2024-04-17,Reseau,resolu,7.0
TK009656,CL07888,2024-07-10,Reseau,ouvert,
TK009657,CL07889,2025-09-22,Offre,resolu,7.0
TK009658,CL07889,2025-01-27,Materiel,resolu,1.0
TK009659,CL07890,2024-06-27,Offre,resolu,1.0
TK009660,CL07891,2024-07-09,Facturation,resolu,9.0
TK009661,CL07892,2024-08-26,Facturation,ouvert,
TK009662,CL07894,2024-08-07,Facturation,ouvert,
TK009663,CL07894,2024-11-08,Facturation,resolu,1.0
TK009664,CL07894,2024-03-06,Reseau,ouvert,
TK009665,CL07894,2024-03-23,Offre,resolu,1.0
TK009666,CL07894,2024-04-09,Reseau,ouvert,
TK009667,CL07894,2024-01-03,Reseau,ouvert,
TK009668,CL07894,2024-11-24,Reseau,abandonne,1.0
TK009669,CL07894,2024-11-23,Facturation,abandonne,9.0
TK009670,CL07894,2024-03-13,Materiel,resolu,1.0
TK009671,CL07895,2024-06-19,Materiel,resolu,1.0
TK009672,CL07896,2025-05-28,Reseau,abandonne,25.0
TK009673,CL07897,2025-07-23,Offre,resolu,1.0
TK009674,CL07898,2025-11-07,Reseau,resolu,7.0
TK009675,CL07899,2024-04-16,Reseau,abandonne,8.0
TK009676,CL07900,2025-07-19,Offre,ouvert,
TK009677,CL07900,2025-08-09,Reseau,resolu,1.0
TK009678,CL07901,2024-01-08,Reseau,resolu,4.0
TK009679,CL07902,2024-12-22,Reseau,ouvert,
TK009680,CL07902,2024-04-19,Reseau,resolu,16.0
TK009681,CL07902,2024-06-25,Facturation,resolu,1.0
TK009682,CL07903,2025-04-04,Reseau,resolu,2.0
TK009683,CL07904,2025-07-06,Reseau,resolu,1.0
TK009684,CL07908,2025-10-26,Reseau,resolu,-3.0
TK009685,CL07909,2024-10-02,Facturation,resolu,1.0
TK009686,CL07911,2024-10-11,Offre,resolu,11.0
TK009687,CL07911,2025-01-12,Reseau,resolu,1.0
TK009688,CL07913,2024-05-20,Facturation,ouvert,
TK009689,CL07913,2024-05-03,Reseau,abandonne,9.0
TK009690,CL07914,2025-06-26,Reseau,resolu,2.0
TK009691,CL07915,2024-05-03,Offre,resolu,5.0
TK009692,CL07915,2024-01-29,Materiel,resolu,1.0
TK009693,CL07916,2025-09-10,Offre,resolu,11.0
TK009694,CL07918,2025-12-13,Facturation,resolu,6.0
TK009695,CL07919,2024-01-27,Reseau,resolu,1.0
TK009696,CL07919,2025-04-04,Facturation,resolu,2.0
TK009697,CL07921,2025-09-19,Materiel,ouvert,
TK009698,CL07921,2025-05-02,Reseau,ouvert,
TK009699,CL07922,2025-08-21,Materiel,resolu,9.0
TK009700,CL07922,2024-12-22,Reseau,resolu,5.0
TK009701,CL07923,2025-01-22,Offre,ouvert,
TK009702,CL07923,2024-01-03,Reseau,ouvert,
TK009703,CL07924,2024-08-23,Offre,ouvert,
TK009704,CL07925,2025-07-27,Offre,resolu,4.0
TK009705,CL07926,2025-07-26,Offre,ouvert,
TK009706,CL07926,2025-07-24,Facturation,ouvert,
TK009707,CL07927,2024-01-24,Reseau,resolu,5.0
TK009708,CL07928,2024-01-09,Reseau,ouvert,
TK009709,CL07932,2024-05-30,Facturation,ouvert,
TK009710,CL07933,2024-10-07,Offre,resolu,2.0
TK009711,CL07935,2025-09-22,Facturation,ouvert,
TK009712,CL07935,2025-08-19,Reseau,abandonne,-4.0
TK009713,CL07935,2025-10-10,Materiel,ouvert,
TK009714,CL07937,2025-11-03,Offre,resolu,1.0
TK009715,CL07937,2025-07-18,Reseau,resolu,3.0
TK009716,CL07938,2025-11-10,Materiel,resolu,2.0
TK009717,CL07939,2025-09-04,Facturation,ouvert,
TK009718,CL07943,2025-01-04,Offre,resolu,2.0
TK009719,CL07943,2025-08-07,Offre,ouvert,
TK009720,CL07944,2024-05-06,Reseau,ouvert,
TK009721,CL07944,2024-05-08,Materiel,resolu,-1.0
TK009722,CL07944,2024-01-18,Reseau,abandonne,-6.0
TK009723,CL07944,2024-06-02,Reseau,resolu,1.0
TK009724,CL07945,2025-02-17,Facturation,ouvert,
TK009725,CL07945,2024-03-28,Reseau,abandonne,19.0
TK009726,CL07945,2024-05-14,Facturation,abandonne,29.0
TK009727,CL07945,2024-04-16,Materiel,ouvert,
TK009728,CL07947,2025-03-03,Reseau,resolu,3.0
TK009729,CL07948,2025-06-06,Materiel,resolu,1.0
TK009730,CL07949,2024-07-08,Offre,resolu,1.0
TK009731,CL07949,2024-01-26,Facturation,resolu,7.0
TK009732,CL07949,2024-07-02,Reseau,resolu,4.0
TK009733,CL07949,2024-09-18,Facturation,ouvert,
TK009734,CL07950,2024-02-16,Reseau,resolu,1.0
TK009735,CL07951,2025-10-03,Offre,abandonne,4.0
TK009736,CL07952,2024-10-23,Facturation,abandonne,1.0
TK009737,CL07952,2024-04-15,Offre,resolu,1.0
TK009738,CL07954,2025-07-09,Materiel,resolu,1.0
TK009739,CL07955,2024-10-30,Offre,resolu,2.0
TK009740,CL07956,2025-05-15,Reseau,resolu,3.0
TK009741,CL07957,2024-12-18,Facturation,ouvert,
TK009742,CL07959,2025-11-05,Reseau,resolu,1.0
TK009743,CL07959,2025-03-14,Facturation,resolu,1.0
TK009744,CL07961,2025-08-19,Facturation,resolu,1.0
TK009745,CL07962,2025-10-16,Offre,abandonne,6.0
TK009746,CL07964,2025-12-31,Offre,resolu,7.0
TK009747,CL07965,2025-08-07,Facturation,resolu,1.0
TK009748,CL07966,2024-11-15,Materiel,abandonne,6.0
TK009749,CL07966,2024-07-07,Offre,abandonne,9.0
TK009750,CL07968,2025-12-12,Offre,abandonne,8.0
TK009751,CL07968,2025-12-26,Facturation,abandonne,7.0
TK009752,CL07968,2025-11-11,Offre,resolu,7.0
TK009753,CL07968,2025-12-14,Reseau,ouvert,
TK009754,CL07968,2025-12-23,Facturation,resolu,9.0
TK009755,CL07968,2025-10-12,Facturation,resolu,17.0
TK009756,CL07970,2025-10-21,Offre,ouvert,
TK009757,CL07970,2024-08-25,Reseau,resolu,10.0
TK009758,CL07971,2025-04-09,Reseau,ouvert,
TK009759,CL07971,2024-05-03,Reseau,abandonne,12.0
TK009760,CL07972,2025-06-13,Reseau,resolu,8.0
TK009761,CL07972,2025-07-24,Offre,resolu,4.0
TK009762,CL07972,2025-07-20,Facturation,abandonne,10.0
TK009763,CL07973,2025-07-10,Facturation,resolu,1.0
TK009764,CL07974,2024-10-06,Offre,resolu,-1.0
TK009765,CL07975,2025-08-26,Facturation,resolu,3.0
TK009766,CL07975,2025-05-07,Reseau,resolu,10.0
TK009767,CL07976,2024-06-04,Reseau,abandonne,6.0
TK009768,CL07976,2024-02-29,Reseau,abandonne,3.0
TK009769,CL07976,2024-09-24,Offre,ouvert,
TK009770,CL07976,2024-06-22,Facturation,ouvert,
TK009771,CL07977,2024-04-27,Facturation,resolu,1.0
TK009772,CL07978,2025-01-30,Reseau,resolu,8.0
TK009773,CL07979,2024-04-30,Facturation,resolu,2.0
TK009774,CL07982,2025-02-03,Facturation,ouvert,
TK009775,CL07982,2024-10-12,Reseau,resolu,2.0
TK009776,CL07982,2025-04-06,Materiel,resolu,1.0
TK009777,CL07982,2024-01-01,Offre,ouvert,
TK009778,CL07983,2024-01-30,Materiel,abandonne,1.0
TK009779,CL07983,2024-01-03,Materiel,resolu,1.0
TK009780,CL07983,2024-03-25,Reseau,abandonne,1.0
TK009781,CL07984,2025-01-15,Reseau,resolu,1.0
TK009782,CL07987,2024-03-08,Materiel,ouvert,
TK009783,CL07987,2024-03-21,Reseau,ouvert,
TK009784,CL07987,2024-05-08,Reseau,ouvert,
TK009785,CL07988,2025-05-27,Facturation,resolu,7.0
TK009786,CL07989,2024-11-29,Reseau,resolu,1.0
TK009787,CL07990,2024-04-25,Reseau,ouvert,
TK009788,CL07991,2025-08-04,Facturation,ouvert,
TK009789,CL07993,2025-08-21,Materiel,ouvert,
TK009790,CL07994,2025-07-09,Reseau,resolu,1.0
TK009791,CL07998,2025-06-30,Materiel,resolu,1.0
