id_client,code_offre,ville,statut,jours_depuis_derniere_facture,n_reclamations_6m,arpu_6m,R_score,F_score,M_score
CL04496,PULSE,Korhogo,resilie,183,1,0.0,1,1,1
CL01016,CONNECT,Yamoussoukro,resilie,730,0,0.0,1,3,1
CL03104,PULSE,Abidjan,resilie,730,0,0.0,1,3,1
CL07080,ETUDIANT,Abidjan,resilie,730,0,0.0,1,3,1
CL07194,ETUDIANT,Bouake,resilie,730,0,0.0,1,4,1
CL05425,CONNECT,Abidjan,resilie,730,0,0.0,1,4,1
CL05012,CONNECT,Abidjan,resilie,730,0,0.0,1,4,1
CL02128,PULSE,Abidjan,resilie,730,0,0.0,1,4,1
CL00483,PULSE,Abidjan,resilie,730,0,0.0,1,4,1
CL02039,CONNECT,Bouake,resilie,730,0,0.0,1,4,1
CL06083,PREMIUM,Bouake,resilie,730,0,0.0,1,4,1
CL03649,PULSE,Abidjan,resilie,730,0,0.0,1,4,1
CL02736,CONNECT,Abidjan,resilie,730,0,0.0,1,4,1
CL05760,ETUDIANT,Abidjan,resilie,730,0,0.0,1,4,1
CL00262,PULSE,Abidjan,resilie,730,0,0.0,1,4,1
CL01040,CONNECT,Korhogo,resilie,730,0,0.0,1,4,1
CL07178,PREMIUM,Abidjan,resilie,730,0,0.0,1,4,1
CL02074,PULSE,Bouake,resilie,730,0,0.0,1,4,1
CL02735,ETUDIANT,Bouake,resilie,730,0,0.0,1,4,1
CL03453,PULSE,Abidjan,resilie,730,0,0.0,1,4,1
CL03971,PULSE,Korhogo,resilie,730,0,0.0,1,4,1
CL03279,CONNECT,Korhogo,resilie,730,0,0.0,1,4,1
CL07742,PULSE,Abidjan,resilie,730,0,0.0,1,4,1
CL02636,ETUDIANT,Abidjan,resilie,730,0,0.0,1,4,1
CL06534,ETUDIANT,Abidjan,resilie,730,0,0.0,1,4,1
CL02646,CONNECT,Abidjan,resilie,730,0,0.0,1,4,1
CL06875,ETUDIANT,Yamoussoukro,resilie,730,0,0.0,1,4,1
CL06746,PREMIUM,Abidjan,resilie,730,0,0.0,1,4,1
CL03299,PULSE,Bouake,resilie,730,0,0.0,1,4,1
CL03054,CONNECT,Abidjan,resilie,730,0,0.0,1,4,1
CL02638,PREMIUM,Abidjan,resilie,730,0,0.0,1,4,1
CL00332,PULSE,Abidjan,resilie,699,0,0.0,1,4,1
CL00500,PULSE,Abidjan,resilie,699,0,0.0,1,4,1
CL01087,PREMIUM,Abidjan,resilie,699,0,0.0,1,4,1
CL01144,PRO,Bouake,resilie,699,0,0.0,1,4,1
CL01933,CONNECT,Bouake,resilie,699,0,0.0,1,4,1
CL02507,CONNECT,Abidjan,resilie,699,0,0.0,1,4,1
CL02531,PREMIUM,Bouake,resilie,699,0,0.0,1,4,1
CL02572,ETUDIANT,Bouake,resilie,699,0,0.0,1,4,1
CL07606,ETUDIANT,Bouake,resilie,699,0,0.0,1,4,1
CL06057,PULSE,Abidjan,resilie,699,0,0.0,1,4,1
CL03263,ETUDIANT,Bouake,resilie,699,0,0.0,1,4,1
CL04505,PULSE,Abidjan,resilie,699,0,0.0,1,4,1
CL00216,SENIOR,San-Pedro,resilie,699,0,0.0,1,4,1
CL00496,PULSE,Abidjan,resilie,699,0,0.0,1,4,1
CL02434,PULSE,Abidjan,resilie,699,0,0.0,1,4,1
CL01896,PULSE,Abidjan,resilie,699,0,0.0,1,4,1
CL05461,PULSE,Abidjan,resilie,699,0,0.0,1,4,1
CL07836,CONNECT,Bouake,resilie,699,0,0.0,1,4,1
CL03303,PULSE,Abidjan,resilie,699,0,0.0,1,4,1
CL02519,PULSE,Bouake,resilie,699,0,0.0,1,4,1
CL06729,ETUDIANT,Bouake,resilie,699,0,0.0,1,4,1
CL01593,PULSE,Yamoussoukro,resilie,699,0,0.0,1,4,1
CL05495,PULSE,Abidjan,resilie,699,0,0.0,1,4,1
CL05733,ETUDIANT,Korhogo,resilie,699,0,0.0,1,4,1
CL05489,PULSE,Abidjan,resilie,699,0,0.0,1,4,1
CL02577,SENIOR,San-Pedro,resilie,699,0,0.0,1,4,1
CL07540,ETUDIANT,Abidjan,resilie,699,0,0.0,1,4,1
CL07561,PULSE,Yamoussoukro,resilie,699,0,0.0,1,4,1
CL07099,PULSE,Bouake,resilie,699,0,0.0,1,4,1
CL07928,PRO,Abidjan,resilie,699,0,0.0,1,4,1
CL01613,ETUDIANT,Abidjan,resilie,699,0,0.0,1,4,1
CL00056,ETUDIANT,Abidjan,resilie,699,0,0.0,1,4,1
CL00353,PULSE,Abidjan,resilie,699,0,0.0,1,4,1
CL02964,PULSE,Abidjan,resilie,699,0,0.0,1,4,1
CL02109,ETUDIANT,Abidjan,resilie,699,0,0.0,1,4,1
CL05816,PULSE,San-Pedro,resilie,699,0,0.0,1,4,1
CL03410,ETUDIANT,Abidjan,resilie,699,0,0.0,1,4,1
CL02710,ETUDIANT,Bouake,resilie,699,0,0.0,1,4,1
CL07593,ETUDIANT,Abidjan,resilie,699,0,0.0,1,4,1
CL07103,PULSE,Abidjan,resilie,699,0,0.0,1,4,1
CL05642,SENIOR,Korhogo,resilie,699,0,0.0,1,4,1
CL04277,CONNECT,Korhogo,resilie,699,0,0.0,1,4,1
CL02072,PULSE,Korhogo,resilie,699,0,0.0,1,4,1
CL04872,ETUDIANT,Abidjan,resilie,699,0,0.0,1,4,1
CL02048,CONNECT,Abidjan,resilie,699,0,0.0,1,4,1
CL04222,PULSE,Abidjan,resilie,699,0,0.0,1,4,1
CL01056,PREMIUM,Abidjan,resilie,699,0,0.0,1,4,1
CL06732,CONNECT,Yamoussoukro,resilie,699,0,0.0,1,4,1
CL04441,CONNECT,Abidjan,resilie,699,0,0.0,1,4,1
CL05295,ETUDIANT,Abidjan,resilie,670,0,0.0,1,4,1
CL03732,PULSE,Bouake,resilie,670,0,0.0,1,4,1
CL05406,ETUDIANT,Abidjan,resilie,670,0,0.0,1,4,1
CL04964,SENIOR,Abidjan,resilie,670,0,0.0,1,4,1
CL04327,CONNECT,Abidjan,resilie,670,0,0.0,1,4,1
CL04238,CONNECT,Abidjan,resilie,670,0,0.0,1,4,1
CL04708,PULSE,Yamoussoukro,resilie,670,0,0.0,1,4,1
CL07155,PULSE,Yamoussoukro,resilie,670,0,0.0,1,4,1
CL06778,CONNECT,Abidjan,resilie,670,0,0.0,1,4,1
CL05128,PREMIUM,Bouake,resilie,670,0,0.0,1,4,1
CL00743,PULSE,Abidjan,resilie,670,0,0.0,1,4,1
CL05398,ETUDIANT,Bouake,resilie,670,0,0.0,1,4,1
CL06436,PULSE,Yamoussoukro,resilie,670,0,0.0,1,4,1
CL06129,PULSE,Abidjan,resilie,670,0,0.0,1,4,1
CL06038,ETUDIANT,Abidjan,resilie,670,0,0.0,1,4,1
CL02232,PULSE,Abidjan,resilie,670,0,0.0,1,4,1
CL07865,CONNECT,Abidjan,resilie,670,0,0.0,1,4,1
CL00053,ETUDIANT,Korhogo,resilie,670,0,0.0,1,4,1
CL00080,PULSE,Abidjan,resilie,670,0,0.0,1,4,1
CL00374,PULSE,Abidjan,resilie,670,0,0.0,1,4,1
CL00909,ETUDIANT,Bouake,resilie,670,0,0.0,1,4,1
CL01182,CONNECT,Yamoussoukro,resilie,670,0,0.0,1,4,1
CL01875,PULSE,Abidjan,resilie,670,0,0.0,1,4,1
CL06156,PULSE,Korhogo,resilie,670,0,0.0,1,4,1
CL07506,SENIOR,San-Pedro,resilie,670,0,0.0,1,4,1
CL01394,ETUDIANT,Abidjan,resilie,670,0,0.0,1,4,1
CL06857,PULSE,Abidjan,resilie,670,0,0.0,1,4,1
CL05542,PULSE,Abidjan,resilie,670,0,0.0,1,4,1
CL07121,PULSE,Abidjan,resilie,670,0,0.0,1,4,1
CL06254,CONNECT,Bouake,resilie,670,0,0.0,1,4,1
CL00808,CONNECT,Abidjan,resilie,670,0,0.0,1,4,1
CL03944,CONNECT,Bouake,resilie,670,0,0.0,1,4,1
CL04736,ETUDIANT,Abidjan,resilie,670,0,0.0,1,4,1
CL07927,PULSE,Korhogo,resilie,670,0,0.0,1,4,1
CL06062,PULSE,Yamoussoukro,resilie,670,0,0.0,1,4,1
CL05871,CONNECT,Bouake,resilie,670,0,0.0,1,4,1
CL03040,PULSE,Bouake,resilie,670,0,0.0,1,4,1
CL00612,PULSE,Abidjan,resilie,670,0,0.0,1,4,1
CL06034,CONNECT,Korhogo,resilie,639,0,0.0,1,4,1
CL00002,PULSE,Abidjan,resilie,639,0,0.0,1,4,1
CL00093,PULSE,Yamoussoukro,resilie,639,0,0.0,1,4,1
CL01855,ETUDIANT,San-Pedro,resilie,639,0,0.0,1,4,1
CL02654,PULSE,Abidjan,resilie,639,0,0.0,1,4,1
CL06343,CONNECT,Korhogo,resilie,639,0,0.0,1,4,1
CL06201,CONNECT,Yamoussoukro,resilie,639,0,0.0,1,4,1
CL05979,CONNECT,Abidjan,resilie,639,0,0.0,1,4,1
CL00679,ETUDIANT,Abidjan,resilie,639,0,0.0,1,4,1
CL05417,CONNECT,San-Pedro,resilie,639,0,0.0,1,4,1
CL03838,PULSE,Abidjan,resilie,639,0,0.0,1,4,1
CL04835,PREMIUM,Abidjan,resilie,639,0,0.0,1,4,1
CL02092,PULSE,Korhogo,resilie,639,0,0.0,1,4,1
CL05658,PULSE,Bouake,resilie,639,0,0.0,1,4,1
CL04942,PULSE,Abidjan,resilie,639,0,0.0,1,4,1
CL02263,CONNECT,Abidjan,resilie,639,0,0.0,1,4,1
CL02430,CONNECT,San-Pedro,resilie,639,0,0.0,1,4,1
CL05404,PULSE,Abidjan,resilie,639,0,0.0,1,4,1
CL00936,PULSE,Abidjan,resilie,639,0,0.0,1,4,1
CL03417,PULSE,Abidjan,resilie,639,0,0.0,1,4,1
CL07735,PREMIUM,Abidjan,resilie,639,0,0.0,1,4,1
CL07409,PREMIUM,Korhogo,resilie,639,0,0.0,1,4,1
CL04853,PULSE,Abidjan,resilie,639,0,0.0,1,4,1
CL03264,SENIOR,Abidjan,resilie,639,0,0.0,1,4,1
CL00885,PULSE,Korhogo,resilie,639,0,0.0,1,4,1
CL01421,ETUDIANT,Yamoussoukro,resilie,639,0,0.0,1,4,1
CL02003,PULSE,Korhogo,resilie,639,0,0.0,1,4,1
CL00632,CONNECT,Abidjan,resilie,639,0,0.0,1,4,1
CL00677,PULSE,San-Pedro,resilie,639,0,0.0,1,4,1
CL03095,CONNECT,Abidjan,resilie,639,0,0.0,1,4,1
CL01472,ETUDIANT,Abidjan,resilie,639,0,0.0,1,4,1
CL00114,ETUDIANT,Bouake,resilie,639,0,0.0,1,4,1
CL00010,PULSE,Bouake,resilie,639,0,0.0,1,4,1
CL07582,CONNECT,Abidjan,resilie,639,0,0.0,1,4,1
CL06459,PULSE,Abidjan,resilie,639,0,0.0,1,4,1
CL03058,CONNECT,Bouake,resilie,639,0,0.0,1,4,1
CL00893,CONNECT,Yamoussoukro,resilie,639,0,0.0,1,4,1
CL06077,PULSE,Bouake,resilie,639,0,0.0,1,4,1
CL01401,PULSE,Yamoussoukro,resilie,639,0,0.0,1,4,1
CL05586,PULSE,Abidjan,resilie,639,0,0.0,1,4,1
CL01832,PULSE,Korhogo,resilie,639,0,0.0,1,4,1
CL02910,CONNECT,Abidjan,resilie,639,0,0.0,1,4,1
CL04453,SENIOR,Abidjan,resilie,639,0,0.0,1,4,1
CL02769,CONNECT,Korhogo,resilie,639,0,0.0,1,4,1
CL07761,PULSE,Abidjan,resilie,639,0,0.0,1,4,1
CL07598,ETUDIANT,San-Pedro,resilie,639,0,0.0,1,4,1
CL02714,PREMIUM,Abidjan,resilie,639,0,0.0,1,4,1
CL01917,PULSE,Korhogo,resilie,639,0,0.0,1,4,1
CL07724,CONNECT,Korhogo,resilie,639,0,0.0,1,4,1
CL04325,PULSE,Abidjan,resilie,639,0,0.0,1,4,1
CL06088,PULSE,Yamoussoukro,resilie,639,0,0.0,1,4,1
CL07294,PREMIUM,Abidjan,resilie,639,0,0.0,1,4,1
CL03620,PULSE,Abidjan,resilie,639,0,0.0,1,4,1
CL01928,CONNECT,Yamoussoukro,resilie,639,0,0.0,1,4,1
CL00730,CONNECT,Bouake,resilie,639,0,0.0,1,4,1
CL01162,PULSE,Abidjan,resilie,639,0,0.0,1,4,1
CL04813,PULSE,Bouake,resilie,639,0,0.0,1,4,1
CL03420,CONNECT,Korhogo,resilie,609,0,0.0,1,4,1
CL05634,PULSE,Abidjan,resilie,609,0,0.0,1,4,1
CL00259,PULSE,Bouake,resilie,609,0,0.0,1,4,1
CL04016,CONNECT,Bouake,resilie,609,0,0.0,1,4,1
CL03538,PREMIUM,Yamoussoukro,resilie,609,0,0.0,1,4,1
CL02549,CONNECT,Abidjan,resilie,609,0,0.0,1,4,1
CL01119,PULSE,Yamoussoukro,resilie,609,0,0.0,1,4,1
CL03034,CONNECT,Abidjan,resilie,609,0,0.0,1,4,1
CL07987,ETUDIANT,Abidjan,resilie,609,0,0.0,1,4,1
CL01742,CONNECT,Abidjan,resilie,609,0,0.0,1,4,1
CL01176,CONNECT,Abidjan,resilie,609,0,0.0,1,4,1
CL05779,ETUDIANT,San-Pedro,resilie,609,0,0.0,1,4,1
CL07710,CONNECT,Abidjan,resilie,609,0,0.0,1,4,1
CL06596,PULSE,Abidjan,resilie,609,0,0.0,1,4,1
CL06628,CONNECT,Abidjan,resilie,609,0,0.0,1,4,1
CL05935,CONNECT,Abidjan,resilie,609,0,0.0,1,4,1
CL06542,CONNECT,Bouake,resilie,609,0,0.0,1,4,1
CL00098,PREMIUM,Korhogo,resilie,609,0,0.0,1,4,1
CL07340,ETUDIANT,Bouake,resilie,609,0,0.0,1,4,1
CL06550,CONNECT,San-Pedro,resilie,609,0,0.0,1,4,1
CL01073,ETUDIANT,Korhogo,resilie,609,0,0.0,1,4,1
CL05887,CONNECT,Abidjan,resilie,609,0,0.0,1,4,1
CL03587,PULSE,San-Pedro,resilie,609,0,0.0,1,4,1
CL04284,CONNECT,Abidjan,resilie,609,0,0.0,1,4,1
CL06037,PULSE,Abidjan,resilie,609,0,0.0,1,4,1
CL05308,SENIOR,Abidjan,resilie,609,0,0.0,1,4,1
CL02836,PULSE,Abidjan,resilie,609,0,0.0,1,4,1
CL03755,CONNECT,Yamoussoukro,resilie,609,0,0.0,1,4,1
CL02168,CONNECT,Abidjan,resilie,609,0,0.0,1,4,1
CL07824,PULSE,Abidjan,resilie,609,0,0.0,1,4,1
CL03938,ETUDIANT,Bouake,resilie,609,0,0.0,1,4,1
CL02667,CONNECT,Abidjan,resilie,609,0,0.0,1,4,1
CL04705,PREMIUM,Abidjan,resilie,609,0,0.0,1,4,1
CL02391,CONNECT,San-Pedro,resilie,609,0,0.0,1,4,1
CL05539,CONNECT,Korhogo,resilie,609,0,0.0,1,4,1
CL03157,ETUDIANT,Korhogo,resilie,609,0,0.0,1,4,1
CL03182,ETUDIANT,Abidjan,resilie,609,0,0.0,1,4,1
CL04914,PULSE,Abidjan,resilie,609,0,0.0,1,4,1
CL00920,CONNECT,Abidjan,resilie,609,0,0.0,1,4,1
CL04722,PULSE,Bouake,resilie,609,0,0.0,1,4,1
CL04539,CONNECT,Abidjan,resilie,609,0,0.0,1,4,1
CL02229,CONNECT,Abidjan,resilie,609,0,0.0,1,4,1
CL05915,PULSE,Abidjan,resilie,609,0,0.0,1,4,1
CL07203,CONNECT,Korhogo,resilie,609,0,0.0,1,4,1
CL02682,CONNECT,Abidjan,resilie,609,0,0.0,1,4,1
CL03384,PULSE,Abidjan,resilie,609,0,0.0,1,4,1
CL02744,CONNECT,Abidjan,resilie,609,0,0.0,1,4,1
CL06494,PULSE,Abidjan,resilie,609,0,0.0,1,4,1
CL02612,PULSE,Abidjan,resilie,609,0,0.0,1,4,1
CL02827,PULSE,Abidjan,resilie,609,0,0.0,1,4,1
CL01351,PULSE,Abidjan,resilie,609,0,0.0,1,4,1
CL05052,PULSE,Abidjan,resilie,609,0,0.0,1,4,1
CL06893,ETUDIANT,Abidjan,resilie,609,0,0.0,1,4,1
CL07149,PULSE,Abidjan,resilie,578,0,0.0,1,4,1
CL03371,PULSE,Bouake,resilie,578,0,0.0,1,4,1
CL04063,PREMIUM,Korhogo,resilie,578,0,0.0,1,4,1
CL04187,PULSE,Abidjan,resilie,578,0,0.0,1,4,1
CL04415,SENIOR,Abidjan,resilie,578,0,0.0,1,4,1
CL05978,PULSE,Yamoussoukro,resilie,578,0,0.0,1,4,1
CL06496,PULSE,Bouake,resilie,578,0,0.0,1,4,1
CL05954,PULSE,Abidjan,resilie,578,0,0.0,1,4,1
CL05253,CONNECT,Korhogo,resilie,578,0,0.0,1,4,1
CL06681,PULSE,Abidjan,resilie,578,0,0.0,1,4,1
CL06397,PULSE,Abidjan,resilie,578,0,0.0,1,4,1
CL01450,ETUDIANT,Bouake,resilie,578,0,0.0,1,4,1
CL06168,PULSE,Abidjan,resilie,578,0,0.0,1,4,1
CL01006,PULSE,Bouake,resilie,578,0,0.0,1,4,1
CL04932,CONNECT,San-Pedro,resilie,578,0,0.0,1,4,1
CL02333,ETUDIANT,Bouake,resilie,578,0,0.0,1,4,1
CL01048,CONNECT,San-Pedro,resilie,578,0,0.0,1,4,1
CL03105,PULSE,Abidjan,resilie,578,0,0.0,1,4,1
CL03053,PULSE,Abidjan,resilie,578,0,0.0,1,4,1
CL04739,PULSE,Abidjan,resilie,578,0,0.0,1,4,1
CL00477,PULSE,Abidjan,resilie,578,0,0.0,1,4,1
CL05360,CONNECT,Abidjan,resilie,578,0,0.0,1,4,1
CL01507,PULSE,Abidjan,resilie,578,0,0.0,1,4,1
CL06703,PULSE,Abidjan,resilie,578,0,0.0,1,4,1
CL06856,PULSE,Bouake,resilie,578,0,0.0,1,4,1
CL01753,PULSE,Abidjan,resilie,578,0,0.0,1,4,1
CL02722,CONNECT,Bouake,resilie,578,0,0.0,1,4,1
CL03374,PREMIUM,Abidjan,resilie,578,0,0.0,1,4,1
CL07342,CONNECT,Abidjan,resilie,578,0,0.0,1,4,1
CL05167,PULSE,Abidjan,resilie,578,0,0.0,1,4,1
CL02195,CONNECT,Abidjan,resilie,578,0,0.0,1,4,1
CL03211,CONNECT,Yamoussoukro,resilie,578,0,0.0,1,4,1
CL01346,CONNECT,Abidjan,resilie,578,0,0.0,1,4,1
CL06131,PULSE,Abidjan,resilie,578,0,0.0,1,4,1
CL05843,PULSE,Korhogo,resilie,578,0,0.0,1,4,1
CL06330,CONNECT,Abidjan,resilie,578,0,0.0,1,4,1
CL02935,PULSE,Abidjan,resilie,578,0,0.0,1,4,1
CL05315,PULSE,Bouake,resilie,578,0,0.0,1,4,1
CL01850,PULSE,Bouake,resilie,578,0,0.0,1,4,1
CL00789,ETUDIANT,Yamoussoukro,resilie,578,0,0.0,1,4,1
CL04941,CONNECT,Bouake,resilie,578,0,0.0,1,4,1
CL07817,CONNECT,Abidjan,resilie,578,0,0.0,1,4,1
CL03339,PULSE,Bouake,resilie,578,0,0.0,1,4,1
CL04156,PULSE,Abidjan,resilie,578,0,0.0,1,4,1
CL02671,PULSE,Yamoussoukro,resilie,578,0,0.0,1,4,1
CL01255,PULSE,Abidjan,resilie,578,0,0.0,1,4,1
CL04710,PULSE,San-Pedro,resilie,578,0,0.0,1,4,1
CL06495,PULSE,Bouake,resilie,578,0,0.0,1,4,1
CL05332,CONNECT,Abidjan,resilie,578,0,0.0,1,4,1
CL00983,PULSE,Abidjan,resilie,578,0,0.0,1,4,1
CL07307,CONNECT,Bouake,resilie,578,0,0.0,1,4,1
CL03359,PULSE,San-Pedro,resilie,578,0,0.0,1,4,1
CL04546,PULSE,Yamoussoukro,resilie,578,0,0.0,1,4,1
CL04659,PULSE,Yamoussoukro,resilie,578,0,0.0,1,4,1
CL04727,PREMIUM,San-Pedro,resilie,578,0,0.0,1,4,1
CL02986,PRO,Abidjan,resilie,578,0,0.0,1,4,1
CL06578,ETUDIANT,Abidjan,resilie,578,0,0.0,1,4,1
CL00466,CONNECT,Abidjan,resilie,578,0,0.0,1,4,1
CL02352,ETUDIANT,Abidjan,resilie,548,0,0.0,1,4,1
CL02254,PULSE,Abidjan,resilie,548,0,0.0,1,4,1
CL04658,SENIOR,Abidjan,resilie,548,0,0.0,1,4,1
CL01240,PULSE,San-Pedro,resilie,548,0,0.0,1,4,1
CL00992,PULSE,Abidjan,resilie,548,0,0.0,1,4,1
CL05856,ETUDIANT,Bouake,resilie,548,0,0.0,1,4,1
CL05942,CONNECT,Abidjan,resilie,548,0,0.0,1,4,1
CL07869,PULSE,Bouake,resilie,548,0,0.0,1,4,1
CL06970,ETUDIANT,Abidjan,resilie,548,0,0.0,1,4,1
CL01086,PULSE,Yamoussoukro,resilie,548,0,0.0,1,4,1
CL01132,PULSE,Abidjan,resilie,548,0,0.0,1,4,1
CL00523,PREMIUM,Abidjan,resilie,548,0,0.0,1,4,1
CL01217,ETUDIANT,Abidjan,resilie,548,0,0.0,1,4,1
CL06335,ETUDIANT,Abidjan,resilie,548,0,0.0,1,4,1
CL06531,PREMIUM,Abidjan,resilie,548,0,0.0,1,4,1
CL07642,ETUDIANT,Abidjan,resilie,548,0,0.0,1,4,1
CL07199,PULSE,Abidjan,resilie,548,0,0.0,1,4,1
CL04019,PULSE,Abidjan,resilie,548,0,0.0,1,4,1
CL04078,PULSE,San-Pedro,resilie,548,0,0.0,1,4,1
CL04242,PULSE,Yamoussoukro,resilie,548,0,0.0,1,4,1
CL02100,PULSE,Korhogo,resilie,548,0,0.0,1,4,1
CL01986,PREMIUM,Abidjan,resilie,548,0,0.0,1,4,1
CL06221,PULSE,Abidjan,resilie,548,0,0.0,1,4,1
CL01284,PULSE,Bouake,resilie,548,0,0.0,1,4,1
CL07913,PULSE,Bouake,resilie,548,0,0.0,1,4,1
CL02728,ETUDIANT,Abidjan,resilie,548,0,0.0,1,4,1
CL04827,CONNECT,Yamoussoukro,resilie,548,0,0.0,1,4,1
CL04001,PREMIUM,Abidjan,resilie,548,0,0.0,1,4,1
CL07581,ETUDIANT,Abidjan,resilie,548,0,0.0,1,4,1
CL05570,ETUDIANT,Abidjan,resilie,548,0,0.0,1,4,1
CL05654,PULSE,San-Pedro,resilie,548,0,0.0,1,4,1
CL02325,PULSE,San-Pedro,resilie,548,0,0.0,1,4,1
CL01892,PULSE,Bouake,resilie,548,0,0.0,1,4,1
CL01458,PULSE,Yamoussoukro,resilie,548,0,0.0,1,4,1
CL06323,ETUDIANT,Korhogo,resilie,548,0,0.0,1,4,1
CL07611,CONNECT,Abidjan,resilie,548,0,0.0,1,4,1
CL07379,PREMIUM,Abidjan,resilie,548,0,0.0,1,4,1
CL06813,CONNECT,Bouake,resilie,548,0,0.0,1,4,1
CL07225,ETUDIANT,Abidjan,resilie,548,0,0.0,1,4,1
CL03123,PULSE,Abidjan,resilie,548,0,0.0,1,4,1
CL03170,CONNECT,Bouake,resilie,548,0,0.0,1,4,1
CL00666,PULSE,Korhogo,resilie,548,0,0.0,1,4,1
CL03803,PULSE,Korhogo,resilie,548,0,0.0,1,4,1
CL07697,PULSE,Abidjan,resilie,548,0,0.0,1,4,1
CL04448,ETUDIANT,Yamoussoukro,resilie,548,0,0.0,1,4,1
CL05368,ETUDIANT,Korhogo,resilie,548,0,0.0,1,4,1
CL03121,PULSE,San-Pedro,resilie,548,0,0.0,1,4,1
CL07347,CONNECT,Bouake,resilie,548,0,0.0,1,4,1
CL03291,CONNECT,Yamoussoukro,resilie,548,0,0.0,1,4,1
CL04399,PULSE,Korhogo,resilie,548,0,0.0,1,4,1
CL04435,PULSE,Abidjan,resilie,548,0,0.0,1,4,1
CL07535,CONNECT,Bouake,resilie,548,0,0.0,1,4,1
CL04774,ETUDIANT,Abidjan,resilie,548,0,0.0,1,4,1
CL05420,PULSE,Yamoussoukro,resilie,548,0,0.0,1,4,1
CL07193,PULSE,Bouake,resilie,548,0,0.0,1,4,1
CL01568,CONNECT,Abidjan,resilie,548,0,0.0,1,4,1
CL06210,ETUDIANT,Abidjan,resilie,548,0,0.0,1,4,1
CL01042,PULSE,Abidjan,resilie,548,0,0.0,1,4,1
CL00442,PREMIUM,Abidjan,resilie,548,0,0.0,1,4,1
CL00113,PREMIUM,Abidjan,resilie,548,0,0.0,1,4,1
CL03119,ETUDIANT,San-Pedro,resilie,548,0,0.0,1,4,1
CL02726,CONNECT,Korhogo,resilie,548,0,0.0,1,4,1
CL04091,PULSE,Bouake,resilie,548,0,0.0,1,4,1
CL02563,CONNECT,Abidjan,resilie,548,0,0.0,1,4,1
CL02425,ETUDIANT,Abidjan,resilie,548,0,0.0,1,4,1
CL02306,PULSE,Abidjan,resilie,548,0,0.0,1,4,1
CL04604,CONNECT,Abidjan,resilie,548,0,0.0,1,4,1
CL07700,ETUDIANT,Abidjan,resilie,548,0,0.0,1,4,1
CL01036,ETUDIANT,Abidjan,resilie,548,0,0.0,1,4,1
CL03885,PULSE,Korhogo,resilie,548,0,0.0,1,4,1
CL05293,PULSE,Bouake,resilie,548,0,0.0,1,4,1
CL07479,CONNECT,Bouake,resilie,548,0,0.0,1,4,1
CL05852,PULSE,Abidjan,resilie,548,0,0.0,1,4,1
CL03188,ETUDIANT,San-Pedro,resilie,548,0,0.0,1,4,1
CL06236,CONNECT,Abidjan,resilie,548,0,0.0,1,4,1
CL02221,PULSE,Abidjan,resilie,548,0,0.0,1,4,1
CL00138,PULSE,Abidjan,resilie,548,0,0.0,1,4,1
CL00075,CONNECT,Abidjan,resilie,517,0,0.0,1,4,1
CL04794,PRO,Abidjan,resilie,517,0,0.0,1,4,1
CL05632,PULSE,Abidjan,resilie,517,0,0.0,1,4,1
CL05682,CONNECT,Abidjan,resilie,517,0,0.0,1,4,1
CL05974,PREMIUM,Abidjan,resilie,517,0,0.0,1,4,1
CL06485,CONNECT,San-Pedro,resilie,517,0,0.0,1,4,1
CL06727,PULSE,Yamoussoukro,resilie,517,0,0.0,1,4,1
CL07005,PULSE,Yamoussoukro,resilie,517,0,0.0,1,4,1
CL02962,PULSE,Korhogo,resilie,517,0,0.0,1,4,1
CL05510,ETUDIANT,Abidjan,resilie,517,0,0.0,1,4,1
CL04457,CONNECT,Abidjan,resilie,517,0,0.0,1,4,1
CL00204,ETUDIANT,Korhogo,resilie,517,0,0.0,1,4,1
CL02273,CONNECT,Bouake,resilie,517,0,0.0,1,4,1
CL07453,CONNECT,Yamoussoukro,resilie,517,0,0.0,1,4,1
CL01576,PULSE,Bouake,resilie,517,0,0.0,1,4,1
CL04185,PULSE,Yamoussoukro,resilie,517,0,0.0,1,4,1
CL02812,PREMIUM,San-Pedro,resilie,517,0,0.0,1,4,1
CL02626,ETUDIANT,Bouake,resilie,517,0,0.0,1,4,1
CL02537,PREMIUM,Bouake,resilie,517,0,0.0,1,4,1
CL02069,PULSE,Korhogo,resilie,517,0,0.0,1,4,1
CL01470,PULSE,San-Pedro,resilie,517,0,0.0,1,4,1
CL00751,SENIOR,Abidjan,resilie,517,0,0.0,1,4,1
CL06811,ETUDIANT,Bouake,resilie,517,0,0.0,1,4,1
CL04469,CONNECT,San-Pedro,resilie,517,0,0.0,1,4,1
CL05986,PULSE,Bouake,resilie,517,0,0.0,1,4,1
CL05998,PULSE,Abidjan,resilie,517,0,0.0,1,4,1
CL00839,PREMIUM,Abidjan,resilie,517,0,0.0,1,4,1
CL00094,PULSE,Abidjan,resilie,517,0,0.0,1,4,1
CL07682,PULSE,Abidjan,resilie,517,0,0.0,1,4,1
CL00929,CONNECT,Abidjan,resilie,517,0,0.0,1,4,1
CL04224,PULSE,Abidjan,resilie,517,0,0.0,1,4,1
CL04681,ETUDIANT,Abidjan,resilie,517,0,0.0,1,4,1
CL04918,PULSE,Bouake,resilie,517,0,0.0,1,4,1
CL04922,SENIOR,San-Pedro,resilie,517,0,0.0,1,4,1
CL05010,CONNECT,Abidjan,resilie,517,0,0.0,1,4,1
CL05109,PREMIUM,Yamoussoukro,resilie,517,0,0.0,1,4,1
CL07258,PULSE,Bouake,resilie,517,0,0.0,1,4,1
CL01003,ETUDIANT,Abidjan,resilie,517,0,0.0,1,4,1
CL07206,PULSE,Abidjan,resilie,517,0,0.0,1,4,1
CL06372,PULSE,Korhogo,resilie,517,0,0.0,1,4,1
CL07520,PULSE,Korhogo,resilie,517,0,0.0,1,4,1
CL04894,PULSE,Abidjan,resilie,517,0,0.0,1,4,1
CL00352,ETUDIANT,Abidjan,resilie,517,0,0.0,1,4,1
CL03242,CONNECT,Abidjan,resilie,517,0,0.0,1,4,1
CL03029,ETUDIANT,Korhogo,resilie,517,0,0.0,1,4,1
CL02997,PRO,Bouake,resilie,517,0,0.0,1,4,1
CL02721,PULSE,Abidjan,resilie,517,0,0.0,1,4,1
CL06416,CONNECT,Bouake,resilie,517,0,0.0,1,4,1
CL04119,PREMIUM,Abidjan,resilie,517,0,0.0,1,4,1
CL04411,CONNECT,Bouake,resilie,517,0,0.0,1,4,1
CL02658,PULSE,Korhogo,resilie,517,0,0.0,1,4,1
CL00972,CONNECT,Abidjan,resilie,517,0,0.0,1,4,1
CL05064,PULSE,Korhogo,resilie,517,0,0.0,1,4,1
CL07176,PULSE,Abidjan,resilie,517,0,0.0,1,4,1
CL00900,ETUDIANT,Bouake,resilie,517,0,0.0,1,4,1
CL00517,PULSE,Bouake,resilie,517,0,0.0,1,4,1
CL03032,CONNECT,Abidjan,resilie,517,0,0.0,1,4,1
CL02077,PULSE,Abidjan,resilie,517,0,0.0,1,4,1
CL03647,PULSE,Yamoussoukro,resilie,517,0,0.0,1,4,1
CL05020,PULSE,Abidjan,resilie,517,0,0.0,1,4,1
CL00590,PULSE,Abidjan,resilie,517,0,0.0,1,4,1
CL02490,PRO,Yamoussoukro,resilie,517,0,0.0,1,4,1
CL06733,ETUDIANT,Abidjan,resilie,517,0,0.0,1,4,1
CL01561,PULSE,San-Pedro,resilie,517,0,0.0,1,4,1
CL07044,PREMIUM,Bouake,resilie,486,0,0.0,1,4,1
CL06101,CONNECT,Abidjan,resilie,486,0,0.0,1,4,1
CL05587,PULSE,Abidjan,resilie,486,0,0.0,1,4,1
CL05432,PULSE,Abidjan,resilie,486,0,0.0,1,4,1
CL04544,ETUDIANT,Bouake,resilie,486,0,0.0,1,4,1
CL03708,ETUDIANT,Abidjan,resilie,486,0,0.0,1,4,1
CL00798,PULSE,San-Pedro,resilie,486,0,0.0,1,4,1
CL03454,CONNECT,Abidjan,resilie,486,0,0.0,1,4,1
CL01030,PREMIUM,Abidjan,resilie,486,0,0.0,1,4,1
CL03163,PULSE,San-Pedro,resilie,486,0,0.0,1,4,1
CL06718,CONNECT,Abidjan,resilie,486,0,0.0,1,4,1
CL06124,PULSE,Abidjan,resilie,486,0,0.0,1,4,1
CL04294,PULSE,Abidjan,resilie,486,0,0.0,1,4,1
CL03505,ETUDIANT,Abidjan,resilie,486,0,0.0,1,4,1
CL03346,CONNECT,Abidjan,resilie,486,0,0.0,1,4,1
CL07859,CONNECT,Abidjan,resilie,486,0,0.0,1,4,1
CL07370,PULSE,Yamoussoukro,resilie,486,0,0.0,1,4,1
CL07892,PREMIUM,Abidjan,resilie,486,0,0.0,1,4,1
CL04767,SENIOR,Abidjan,resilie,486,0,0.0,1,4,1
CL03919,ETUDIANT,Yamoussoukro,resilie,486,0,0.0,1,4,1
CL07263,PRO,Korhogo,resilie,486,0,0.0,1,4,1
CL07377,CONNECT,Abidjan,resilie,486,0,0.0,1,4,1
CL07825,CONNECT,Abidjan,resilie,486,0,0.0,1,4,1
CL03932,CONNECT,San-Pedro,resilie,486,0,0.0,1,4,1
CL00418,CONNECT,Abidjan,resilie,486,0,0.0,1,4,1
CL00966,CONNECT,Abidjan,resilie,486,0,0.0,1,4,1
CL04556,PULSE,Abidjan,resilie,486,0,0.0,1,4,1
CL01422,PULSE,Korhogo,resilie,486,0,0.0,1,4,1
CL02590,PULSE,Abidjan,resilie,486,0,0.0,1,4,1
CL06050,CONNECT,Abidjan,resilie,486,0,0.0,1,4,1
CL00479,CONNECT,Abidjan,resilie,486,0,0.0,1,4,1
CL03993,PULSE,Abidjan,resilie,486,0,0.0,1,4,1
CL04647,PULSE,Abidjan,resilie,486,0,0.0,1,4,1
CL06555,PULSE,Abidjan,resilie,486,0,0.0,1,4,1
CL06317,PULSE,Abidjan,resilie,486,0,0.0,1,4,1
CL07689,ETUDIANT,Abidjan,resilie,486,0,0.0,1,4,1
CL00031,PULSE,Abidjan,resilie,486,0,0.0,1,4,1
CL04884,ETUDIANT,Abidjan,resilie,486,0,0.0,1,4,1
CL01165,PULSE,Abidjan,resilie,486,0,0.0,1,4,1
CL01258,PULSE,Abidjan,resilie,486,0,0.0,1,4,1
CL02543,PULSE,Abidjan,resilie,486,0,0.0,1,4,1
CL02183,PULSE,San-Pedro,resilie,486,0,0.0,1,4,1
CL03168,PULSE,Abidjan,resilie,486,0,0.0,1,4,1
CL05006,CONNECT,Abidjan,resilie,486,0,0.0,1,4,1
CL07601,PULSE,Bouake,resilie,486,0,0.0,1,4,1
CL04052,CONNECT,Abidjan,resilie,486,0,0.0,1,4,1
CL05574,PREMIUM,San-Pedro,resilie,486,0,0.0,1,4,1
CL02431,PULSE,Abidjan,resilie,486,0,0.0,1,4,1
CL01109,PULSE,Bouake,resilie,486,0,0.0,1,4,1
CL06872,PULSE,Bouake,resilie,486,0,0.0,1,4,1
CL02995,PULSE,Korhogo,resilie,456,0,0.0,1,4,1
CL06342,PULSE,Korhogo,resilie,456,0,0.0,1,4,1
CL04993,PULSE,Abidjan,resilie,456,0,0.0,1,4,1
CL04948,PULSE,Korhogo,resilie,456,0,0.0,1,4,1
CL00242,CONNECT,Korhogo,resilie,456,0,0.0,1,4,1
CL04938,PULSE,Abidjan,resilie,456,0,0.0,1,4,1
CL04934,PULSE,San-Pedro,resilie,456,0,0.0,1,4,1
CL07085,ETUDIANT,Bouake,resilie,456,0,0.0,1,4,1
CL02181,PULSE,Abidjan,resilie,456,0,0.0,1,4,1
CL01987,PULSE,Abidjan,resilie,456,0,0.0,1,4,1
CL01107,PULSE,Abidjan,resilie,456,0,0.0,1,4,1
CL01233,PULSE,Abidjan,resilie,456,0,0.0,1,4,1
CL02043,PULSE,Abidjan,resilie,456,0,0.0,1,4,1
CL00317,PULSE,Abidjan,resilie,456,0,0.0,1,4,1
CL00406,PULSE,Abidjan,resilie,456,0,0.0,1,4,1
CL02000,PULSE,Korhogo,resilie,456,0,0.0,1,4,1
CL01500,PULSE,Abidjan,resilie,456,0,0.0,1,4,1
CL07180,PULSE,Abidjan,resilie,456,0,0.0,1,4,1
CL07758,ETUDIANT,Bouake,resilie,456,0,0.0,1,4,1
CL07949,ETUDIANT,San-Pedro,resilie,456,0,0.0,1,4,1
CL05372,CONNECT,San-Pedro,resilie,456,0,0.0,1,4,1
CL03740,CONNECT,Abidjan,resilie,456,0,0.0,1,4,1
CL03342,PREMIUM,Yamoussoukro,resilie,456,0,0.0,1,4,1
CL03238,SENIOR,Abidjan,resilie,456,0,0.0,1,4,1
CL06935,PULSE,San-Pedro,resilie,456,0,0.0,1,4,1
CL03079,ETUDIANT,San-Pedro,resilie,456,0,0.0,1,4,1
CL03866,PULSE,Bouake,resilie,456,0,0.0,1,4,1
CL04288,PULSE,Korhogo,resilie,456,0,0.0,1,4,1
CL07564,PREMIUM,Yamoussoukro,resilie,456,0,0.0,1,4,1
CL06167,PULSE,Abidjan,resilie,456,0,0.0,1,4,1
CL07826,CONNECT,Yamoussoukro,resilie,456,0,0.0,1,4,1
CL06135,CONNECT,Bouake,resilie,456,0,0.0,1,4,1
CL00234,ETUDIANT,Abidjan,resilie,456,0,0.0,1,4,1
CL03560,PULSE,Bouake,resilie,456,0,0.0,1,4,1
CL00474,CONNECT,Yamoussoukro,resilie,456,0,0.0,1,4,1
CL01831,PULSE,Bouake,resilie,456,0,0.0,1,4,1
CL02933,ETUDIANT,Bouake,resilie,456,0,0.0,1,4,1
CL07888,CONNECT,Yamoussoukro,resilie,456,0,0.0,1,4,1
CL00683,CONNECT,Yamoussoukro,resilie,456,0,0.0,1,4,1
CL03876,PULSE,Abidjan,resilie,456,0,0.0,1,4,1
CL03463,PULSE,Abidjan,resilie,456,0,0.0,1,4,1
CL06682,PULSE,Bouake,resilie,456,0,0.0,1,4,1
CL04265,PULSE,Abidjan,resilie,456,0,0.0,1,4,1
CL07338,PREMIUM,Abidjan,resilie,456,0,0.0,1,4,1
CL03078,PULSE,San-Pedro,resilie,456,0,0.0,1,4,1
CL01621,ETUDIANT,Abidjan,resilie,456,0,0.0,1,4,1
CL01637,PULSE,San-Pedro,resilie,456,0,0.0,1,4,1
CL03331,PREMIUM,Abidjan,resilie,456,0,0.0,1,4,1
CL04332,CONNECT,San-Pedro,resilie,456,0,0.0,1,4,1
CL03325,PULSE,Korhogo,resilie,456,0,0.0,1,4,1
CL00427,ETUDIANT,San-Pedro,resilie,456,0,0.0,1,4,1
CL05346,PULSE,Bouake,resilie,456,0,0.0,1,4,1
CL05375,SENIOR,Bouake,resilie,456,0,0.0,1,4,1
CL05656,ETUDIANT,Abidjan,resilie,456,0,0.0,1,4,1
CL06691,PREMIUM,Korhogo,resilie,456,0,0.0,1,4,1
CL03225,CONNECT,Bouake,resilie,425,0,0.0,1,4,1
CL03275,PULSE,Abidjan,resilie,425,0,0.0,1,4,1
CL06950,PULSE,Abidjan,resilie,425,0,0.0,1,4,1
CL00239,SENIOR,Abidjan,resilie,425,0,0.0,1,4,1
CL04742,CONNECT,Abidjan,resilie,425,0,0.0,1,4,1
CL00769,SENIOR,Abidjan,resilie,425,0,0.0,1,4,1
CL04378,PULSE,Abidjan,resilie,425,0,0.0,1,4,1
CL01699,PREMIUM,Abidjan,resilie,425,0,0.0,1,4,1
CL04026,ETUDIANT,Abidjan,resilie,425,0,0.0,1,4,1
CL03460,PULSE,Abidjan,resilie,425,0,0.0,1,4,1
CL03421,PULSE,Bouake,resilie,425,0,0.0,1,4,1
CL00999,ETUDIANT,San-Pedro,resilie,425,0,0.0,1,4,1
CL07148,PULSE,Abidjan,resilie,425,0,0.0,1,4,1
CL06768,PULSE,Abidjan,resilie,425,0,0.0,1,4,1
CL07773,CONNECT,Bouake,resilie,425,0,0.0,1,4,1
CL07894,PULSE,Bouake,resilie,425,0,0.0,1,4,1
CL05781,CONNECT,Abidjan,resilie,425,0,0.0,1,4,1
CL00753,PRO,Abidjan,resilie,425,0,0.0,1,4,1
CL05266,CONNECT,Abidjan,resilie,425,0,0.0,1,4,1
CL04899,CONNECT,Abidjan,resilie,425,0,0.0,1,4,1
CL04438,PULSE,San-Pedro,resilie,425,0,0.0,1,4,1
CL02031,CONNECT,Bouake,resilie,425,0,0.0,1,4,1
CL07692,PULSE,Abidjan,resilie,425,0,0.0,1,4,1
CL03623,PULSE,Abidjan,resilie,425,0,0.0,1,4,1
CL07077,PULSE,San-Pedro,resilie,425,0,0.0,1,4,1
CL04940,CONNECT,Korhogo,resilie,425,0,0.0,1,4,1
CL04847,CONNECT,San-Pedro,resilie,425,0,0.0,1,4,1
CL02133,PULSE,Abidjan,resilie,425,0,0.0,1,4,1
CL00886,PULSE,Abidjan,resilie,425,0,0.0,1,4,1
CL02778,SENIOR,Bouake,resilie,425,0,0.0,1,4,1
CL05829,CONNECT,Korhogo,resilie,425,0,0.0,1,4,1
CL02241,ETUDIANT,Abidjan,resilie,425,0,0.0,1,4,1
CL07539,PULSE,Korhogo,resilie,425,0,0.0,1,4,1
CL07832,ETUDIANT,Abidjan,resilie,425,0,0.0,1,4,1
CL07843,CONNECT,Abidjan,resilie,425,0,0.0,1,4,1
CL04533,PULSE,Abidjan,resilie,425,0,0.0,1,4,1
CL05556,PULSE,Bouake,resilie,425,0,0.0,1,4,1
CL00300,ETUDIANT,Abidjan,resilie,425,0,0.0,1,4,1
CL05279,PREMIUM,Yamoussoukro,resilie,425,0,0.0,1,4,1
CL00760,ETUDIANT,Bouake,resilie,425,0,0.0,1,4,1
CL00826,PULSE,Abidjan,resilie,425,0,0.0,1,4,1
CL04766,PULSE,Abidjan,resilie,425,0,0.0,1,4,1
CL04623,CONNECT,Abidjan,resilie,425,0,0.0,1,4,1
CL07366,CONNECT,Abidjan,resilie,425,0,0.0,1,4,1
CL07492,PULSE,San-Pedro,resilie,425,0,0.0,1,4,1
CL04336,ETUDIANT,Bouake,resilie,425,0,0.0,1,4,1
CL07576,PRO,Abidjan,resilie,425,0,0.0,1,4,1
CL03965,PULSE,Abidjan,resilie,425,0,0.0,1,4,1
CL03585,CONNECT,Abidjan,resilie,425,0,0.0,1,4,1
CL03562,ETUDIANT,Korhogo,resilie,425,0,0.0,1,4,1
CL02440,PULSE,Abidjan,resilie,425,0,0.0,1,4,1
CL04536,CONNECT,Yamoussoukro,resilie,425,0,0.0,1,4,1
CL06770,ETUDIANT,Abidjan,resilie,425,0,0.0,1,4,1
CL03229,PULSE,San-Pedro,resilie,425,0,0.0,1,4,1
CL00597,SENIOR,Abidjan,resilie,425,0,0.0,1,4,1
CL01525,PULSE,Abidjan,resilie,425,0,0.0,1,4,1
CL07156,ETUDIANT,Bouake,resilie,395,0,0.0,1,4,1
CL02283,ETUDIANT,Abidjan,resilie,395,0,0.0,1,4,1
CL07635,PULSE,Abidjan,resilie,395,0,0.0,1,4,1
CL00152,ETUDIANT,San-Pedro,resilie,395,0,0.0,1,4,1
CL01454,PULSE,Abidjan,resilie,395,0,0.0,1,4,1
CL00764,ETUDIANT,San-Pedro,resilie,395,0,0.0,1,4,1
CL01610,CONNECT,Abidjan,resilie,395,0,0.0,1,4,1
CL01631,PULSE,Abidjan,resilie,395,0,0.0,1,4,1
CL02653,CONNECT,Abidjan,resilie,395,0,0.0,1,4,1
CL03507,CONNECT,Abidjan,resilie,395,0,0.0,1,4,1
CL00883,PRO,Abidjan,resilie,395,0,0.0,1,4,1
CL03218,PULSE,Abidjan,resilie,395,0,0.0,1,4,1
CL07310,PULSE,Abidjan,resilie,395,0,0.0,1,4,1
CL07848,PREMIUM,Yamoussoukro,resilie,395,0,0.0,1,4,1
CL06580,PULSE,San-Pedro,resilie,395,0,0.0,1,4,1
CL04267,ETUDIANT,Abidjan,resilie,395,0,0.0,1,4,1
CL02912,CONNECT,Bouake,resilie,395,0,0.0,1,4,1
CL07812,PULSE,Abidjan,resilie,395,0,0.0,1,4,1
CL07944,ETUDIANT,Yamoussoukro,resilie,395,0,0.0,1,4,1
CL05502,CONNECT,San-Pedro,resilie,395,0,0.0,1,4,1
CL05284,PRO,Bouake,resilie,395,0,0.0,1,4,1
CL00237,CONNECT,Bouake,resilie,395,0,0.0,1,4,1
CL00676,PULSE,Yamoussoukro,resilie,395,0,0.0,1,4,1
CL04114,PULSE,Korhogo,resilie,395,0,0.0,1,4,1
CL00982,PULSE,Abidjan,resilie,395,0,0.0,1,4,1
CL03307,PULSE,Abidjan,resilie,395,0,0.0,1,4,1
CL03700,PULSE,Abidjan,resilie,395,0,0.0,1,4,1
CL00634,CONNECT,Yamoussoukro,resilie,395,0,0.0,1,4,1
CL07622,CONNECT,Abidjan,resilie,395,0,0.0,1,4,1
CL01051,ETUDIANT,Korhogo,resilie,395,0,0.0,1,4,1
CL04135,PULSE,San-Pedro,resilie,395,0,0.0,1,4,1
CL04067,CONNECT,Korhogo,resilie,395,0,0.0,1,4,1
CL03978,SENIOR,Korhogo,resilie,395,0,0.0,1,4,1
CL03026,CONNECT,Abidjan,resilie,395,0,0.0,1,4,1
CL05333,PULSE,Korhogo,resilie,395,0,0.0,1,4,1
CL05156,ETUDIANT,San-Pedro,resilie,395,0,0.0,1,4,1
CL04911,PULSE,Abidjan,resilie,395,0,0.0,1,4,1
CL01465,ETUDIANT,San-Pedro,resilie,395,0,0.0,1,4,1
CL04342,ETUDIANT,Abidjan,resilie,395,0,0.0,1,4,1
CL01719,CONNECT,Abidjan,resilie,395,0,0.0,1,4,1
CL04278,PULSE,Abidjan,resilie,395,0,0.0,1,4,1
CL06521,CONNECT,Yamoussoukro,resilie,395,0,0.0,1,4,1
CL04007,ETUDIANT,Abidjan,resilie,395,0,0.0,1,4,1
CL05822,PULSE,Abidjan,resilie,395,0,0.0,1,4,1
CL03632,PREMIUM,Bouake,resilie,395,0,0.0,1,4,1
CL05914,SENIOR,Abidjan,resilie,395,0,0.0,1,4,1
CL06113,PULSE,Abidjan,resilie,395,0,0.0,1,4,1
CL06831,PREMIUM,Abidjan,resilie,395,0,0.0,1,4,1
CL03512,PULSE,Abidjan,resilie,395,0,0.0,1,4,1
CL07108,ETUDIANT,Abidjan,resilie,395,0,0.0,1,4,1
CL07477,PULSE,Bouake,resilie,395,0,0.0,1,4,1
CL00712,ETUDIANT,Bouake,resilie,395,0,0.0,1,4,1
CL04684,ETUDIANT,Abidjan,resilie,395,0,0.0,1,4,1
CL01447,PULSE,Abidjan,resilie,395,0,0.0,1,4,1
CL04585,CONNECT,Abidjan,resilie,395,0,0.0,1,4,1
CL03473,CONNECT,San-Pedro,resilie,395,0,0.0,1,4,1
CL03511,PULSE,Korhogo,resilie,395,0,0.0,1,4,1
CL06287,PULSE,Korhogo,resilie,395,0,0.0,1,4,1
CL04817,PULSE,Abidjan,resilie,395,0,0.0,1,4,1
CL07090,PULSE,Yamoussoukro,resilie,395,0,0.0,1,4,1
CL04043,PULSE,Abidjan,resilie,395,0,0.0,1,4,1
CL07578,SENIOR,Bouake,resilie,395,0,0.0,1,4,1
CL03402,PULSE,Bouake,resilie,395,0,0.0,1,4,1
CL05000,PULSE,Abidjan,resilie,395,0,0.0,1,4,1
CL01581,PRO,Abidjan,resilie,395,0,0.0,1,4,1
CL01981,ETUDIANT,Bouake,resilie,395,0,0.0,1,4,1
CL06584,PULSE,Abidjan,resilie,395,0,0.0,1,4,1
CL06121,SENIOR,Abidjan,resilie,395,0,0.0,1,4,1
CL02594,CONNECT,Bouake,resilie,395,0,0.0,1,4,1
CL02924,PRO,Bouake,resilie,395,0,0.0,1,4,1
CL01283,PREMIUM,Abidjan,resilie,395,0,0.0,1,4,1
CL00570,CONNECT,Abidjan,resilie,395,0,0.0,1,4,1
CL06396,ETUDIANT,San-Pedro,resilie,395,0,0.0,1,4,1
CL07255,CONNECT,Abidjan,resilie,395,0,0.0,1,4,1
CL05961,PULSE,Abidjan,resilie,364,0,0.0,1,4,1
CL02036,ETUDIANT,Bouake,resilie,364,0,0.0,1,4,1
CL07062,CONNECT,Korhogo,resilie,364,0,0.0,1,4,1
CL07232,CONNECT,Korhogo,resilie,364,0,0.0,1,4,1
CL05704,ETUDIANT,Abidjan,resilie,364,0,0.0,1,4,1
CL01023,PULSE,Abidjan,resilie,364,0,0.0,1,4,1
CL05678,PULSE,Abidjan,resilie,364,0,0.0,1,4,1
CL05268,PREMIUM,Bouake,resilie,364,0,0.0,1,4,1
CL07573,PULSE,San-Pedro,resilie,364,0,0.0,1,4,1
CL02578,ETUDIANT,Abidjan,resilie,364,0,0.0,1,4,1
CL02875,ETUDIANT,Abidjan,resilie,364,0,0.0,1,4,1
CL02970,ETUDIANT,Abidjan,resilie,364,0,0.0,1,4,1
CL00468,CONNECT,Korhogo,resilie,364,0,0.0,1,4,1
CL04566,CONNECT,Bouake,resilie,364,0,0.0,1,4,1
CL04735,PULSE,Abidjan,resilie,364,0,0.0,1,4,1
CL07082,CONNECT,San-Pedro,resilie,364,0,0.0,1,4,1
CL04377,PREMIUM,Yamoussoukro,resilie,364,0,0.0,1,4,1
CL06740,PULSE,Bouake,resilie,364,0,0.0,1,4,1
CL06133,PULSE,Abidjan,resilie,364,0,0.0,1,4,1
CL01930,CONNECT,Abidjan,resilie,364,0,0.0,1,4,1
CL02090,ETUDIANT,Abidjan,resilie,364,0,0.0,1,4,1
CL00169,CONNECT,Abidjan,resilie,364,0,0.0,1,4,1
CL00197,CONNECT,Abidjan,resilie,364,0,0.0,1,4,1
CL00221,CONNECT,Bouake,resilie,364,0,0.0,1,4,1
CL03147,PULSE,Korhogo,resilie,364,0,0.0,1,4,1
CL03258,PREMIUM,Korhogo,resilie,364,0,0.0,1,4,1
CL00564,ETUDIANT,Korhogo,resilie,364,0,0.0,1,4,1
CL05713,CONNECT,Abidjan,resilie,364,0,0.0,1,4,1
CL04317,CONNECT,Abidjan,resilie,364,0,0.0,1,4,1
CL00501,ETUDIANT,Abidjan,resilie,364,0,0.0,1,4,1
CL02339,CONNECT,Abidjan,resilie,364,0,0.0,1,4,1
CL06235,CONNECT,Yamoussoukro,resilie,364,0,0.0,1,4,1
CL03443,PRO,Abidjan,resilie,364,0,0.0,1,4,1
CL06892,PULSE,San-Pedro,resilie,364,0,0.0,1,4,1
CL00372,PULSE,Abidjan,resilie,364,0,0.0,1,4,1
CL02929,ETUDIANT,Bouake,resilie,364,0,0.0,1,4,1
CL05552,PREMIUM,Abidjan,resilie,364,0,0.0,1,4,1
CL06516,CONNECT,Abidjan,resilie,364,0,0.0,1,4,1
CL07482,CONNECT,Abidjan,resilie,364,0,0.0,1,4,1
CL02673,CONNECT,San-Pedro,resilie,364,0,0.0,1,4,1
CL02663,PULSE,Abidjan,resilie,364,0,0.0,1,4,1
CL02190,PULSE,Korhogo,resilie,364,0,0.0,1,4,1
CL01417,PREMIUM,Korhogo,resilie,364,0,0.0,1,4,1
CL03731,CONNECT,Abidjan,resilie,364,0,0.0,1,4,1
CL04615,PULSE,Bouake,resilie,364,0,0.0,1,4,1
CL06042,CONNECT,Abidjan,resilie,364,0,0.0,1,4,1
CL06115,ETUDIANT,Abidjan,resilie,364,0,0.0,1,4,1
CL02050,ETUDIANT,Bouake,resilie,364,0,0.0,1,4,1
CL00932,SENIOR,Abidjan,resilie,364,0,0.0,1,4,1
CL03980,PULSE,Yamoussoukro,resilie,364,0,0.0,1,4,1
CL00696,PULSE,Abidjan,resilie,364,0,0.0,1,4,1
CL05009,PULSE,Abidjan,resilie,364,0,0.0,1,4,1
CL06146,PREMIUM,Abidjan,resilie,364,0,0.0,1,4,1
CL07554,PREMIUM,Abidjan,resilie,364,0,0.0,1,4,1
CL00986,CONNECT,Abidjan,resilie,364,0,0.0,1,4,1
CL01683,ETUDIANT,Bouake,resilie,364,0,0.0,1,4,1
CL07018,PULSE,Bouake,resilie,364,0,0.0,1,4,1
CL06052,PULSE,San-Pedro,resilie,364,0,0.0,1,4,1
CL05965,PULSE,Korhogo,resilie,364,0,0.0,1,4,1
CL05565,PULSE,Abidjan,resilie,364,0,0.0,1,4,1
CL07569,CONNECT,Abidjan,resilie,364,0,0.0,1,4,1
CL06523,CONNECT,Bouake,resilie,364,0,0.0,1,4,1
CL00815,PULSE,Bouake,resilie,364,0,0.0,1,4,1
CL01973,CONNECT,Korhogo,resilie,364,0,0.0,1,4,1
CL01997,PULSE,Yamoussoukro,resilie,364,0,0.0,1,4,1
CL02851,ETUDIANT,Korhogo,resilie,364,0,0.0,1,4,1
CL03169,ETUDIANT,Abidjan,resilie,364,0,0.0,1,4,1
CL03198,CONNECT,Abidjan,resilie,364,0,0.0,1,4,1
CL06139,ETUDIANT,Abidjan,resilie,364,0,0.0,1,4,1
CL06177,ETUDIANT,Abidjan,resilie,364,0,0.0,1,4,1
CL04844,CONNECT,Abidjan,resilie,364,0,0.0,1,4,1
CL04919,ETUDIANT,Bouake,resilie,364,0,0.0,1,4,1
CL00235,PULSE,Yamoussoukro,resilie,333,0,0.0,1,4,1
CL05809,PULSE,Abidjan,resilie,333,0,0.0,1,4,1
CL02385,PULSE,Bouake,resilie,333,0,0.0,1,4,1
CL04664,ETUDIANT,Bouake,resilie,333,0,0.0,1,4,1
CL07222,CONNECT,Abidjan,resilie,333,0,0.0,1,4,1
CL02857,PULSE,Bouake,resilie,333,0,0.0,1,4,1
CL00271,PULSE,Abidjan,resilie,333,0,0.0,1,4,1
CL07673,ETUDIANT,Abidjan,resilie,333,0,0.0,1,4,1
CL04874,CONNECT,Abidjan,resilie,333,0,0.0,1,4,1
CL02922,CONNECT,Abidjan,resilie,333,0,0.0,1,4,1
CL03106,CONNECT,Abidjan,resilie,333,0,0.0,1,4,1
CL07727,PULSE,Abidjan,resilie,333,0,0.0,1,4,1
CL07326,PULSE,Abidjan,resilie,333,0,0.0,1,4,1
CL03907,CONNECT,Abidjan,resilie,333,0,0.0,1,4,1
CL03949,ETUDIANT,Yamoussoukro,resilie,333,0,0.0,1,4,1
CL06010,PULSE,Abidjan,resilie,333,0,0.0,1,4,1
CL05810,CONNECT,Abidjan,resilie,333,0,0.0,1,4,1
CL02356,PULSE,Abidjan,resilie,333,0,0.0,1,4,1
CL05786,PREMIUM,Abidjan,resilie,333,0,0.0,1,4,1
CL04417,CONNECT,Abidjan,resilie,333,0,0.0,1,4,1
CL01389,CONNECT,Abidjan,resilie,333,0,0.0,1,4,1
CL01913,PULSE,Abidjan,resilie,333,0,0.0,1,4,1
CL04803,SENIOR,Abidjan,resilie,333,0,0.0,1,4,1
CL07105,CONNECT,Bouake,resilie,333,0,0.0,1,4,1
CL01842,CONNECT,Abidjan,resilie,333,0,0.0,1,4,1
CL06390,PULSE,Korhogo,resilie,333,0,0.0,1,4,1
CL02287,PULSE,Bouake,resilie,333,0,0.0,1,4,1
CL03766,PREMIUM,Abidjan,resilie,333,0,0.0,1,4,1
CL05363,CONNECT,Bouake,resilie,333,0,0.0,1,4,1
CL03146,PULSE,Abidjan,resilie,333,0,0.0,1,4,1
CL05186,CONNECT,San-Pedro,resilie,333,0,0.0,1,4,1
CL03423,SENIOR,Bouake,resilie,333,0,0.0,1,4,1
CL04675,CONNECT,Bouake,resilie,333,0,0.0,1,4,1
CL04502,PULSE,Abidjan,resilie,333,0,0.0,1,4,1
CL01143,CONNECT,Abidjan,resilie,333,0,0.0,1,4,1
CL00270,PULSE,Bouake,resilie,333,0,0.0,1,4,1
CL00102,CONNECT,Abidjan,resilie,333,0,0.0,1,4,1
CL02432,PULSE,Bouake,resilie,333,0,0.0,1,4,1
CL02604,PULSE,Abidjan,resilie,333,0,0.0,1,4,1
CL07923,CONNECT,Abidjan,resilie,333,0,0.0,1,4,1
CL06736,CONNECT,Abidjan,resilie,333,0,0.0,1,4,1
CL07249,PULSE,Abidjan,resilie,333,0,0.0,1,4,1
CL03793,CONNECT,Yamoussoukro,resilie,333,0,0.0,1,4,1
CL00583,CONNECT,Bouake,resilie,333,0,0.0,1,4,1
CL06163,CONNECT,Korhogo,resilie,333,0,0.0,1,4,1
CL01635,PULSE,Abidjan,resilie,333,0,0.0,1,4,1
CL03750,CONNECT,Korhogo,resilie,333,0,0.0,1,4,1
CL07976,CONNECT,Abidjan,resilie,333,0,0.0,1,4,1
CL05776,PULSE,Abidjan,resilie,333,0,0.0,1,4,1
CL06586,ETUDIANT,Bouake,resilie,333,0,0.0,1,4,1
CL05029,PREMIUM,Abidjan,resilie,333,0,0.0,1,4,1
CL05160,SENIOR,Bouake,resilie,333,0,0.0,1,4,1
CL07588,PULSE,Bouake,resilie,333,0,0.0,1,4,1
CL06614,ETUDIANT,Yamoussoukro,resilie,333,0,0.0,1,4,1
CL03986,PULSE,Abidjan,resilie,333,0,0.0,1,4,1
CL06986,CONNECT,Abidjan,resilie,333,0,0.0,1,4,1
CL06214,CONNECT,Bouake,resilie,333,0,0.0,1,4,1
CL07619,PULSE,Abidjan,resilie,333,0,0.0,1,4,1
CL04662,ETUDIANT,Bouake,resilie,333,0,0.0,1,4,1
CL05795,PULSE,Bouake,resilie,333,0,0.0,1,4,1
CL00945,PRO,Abidjan,resilie,333,0,0.0,1,4,1
CL07369,PULSE,Abidjan,resilie,333,0,0.0,1,4,1
CL04463,PULSE,Abidjan,resilie,333,0,0.0,1,4,1
CL05219,ETUDIANT,Bouake,resilie,333,0,0.0,1,4,1
CL02807,CONNECT,Abidjan,resilie,333,0,0.0,1,4,1
CL05702,CONNECT,Korhogo,resilie,333,0,0.0,1,4,1
CL07011,CONNECT,Abidjan,resilie,333,0,0.0,1,4,1
CL05800,ETUDIANT,Bouake,resilie,333,0,0.0,1,4,1
CL06356,PULSE,Bouake,resilie,333,0,0.0,1,4,1
CL06605,ETUDIANT,Bouake,resilie,333,0,0.0,1,4,1
CL05151,PULSE,Bouake,resilie,333,0,0.0,1,4,1
CL06827,CONNECT,Bouake,resilie,333,0,0.0,1,4,1
CL07306,CONNECT,Bouake,resilie,333,0,0.0,1,4,1
CL02099,ETUDIANT,Abidjan,resilie,333,0,0.0,1,4,1
CL01949,CONNECT,Abidjan,resilie,333,0,0.0,1,4,1
CL05653,PULSE,Bouake,resilie,333,0,0.0,1,4,1
CL01667,ETUDIANT,Abidjan,resilie,333,0,0.0,1,4,1
CL06100,CONNECT,Abidjan,resilie,333,0,0.0,1,4,1
CL01223,CONNECT,Abidjan,resilie,333,0,0.0,1,4,1
CL07427,CONNECT,Abidjan,resilie,333,0,0.0,1,4,1
CL06490,SENIOR,Bouake,resilie,333,0,0.0,1,4,1
CL00293,CONNECT,Bouake,resilie,305,0,0.0,1,4,1
CL03003,PRO,Abidjan,resilie,305,0,0.0,1,4,1
CL03014,CONNECT,Bouake,resilie,305,0,0.0,1,4,1
CL03987,CONNECT,Abidjan,resilie,305,0,0.0,1,4,1
CL04805,PULSE,Abidjan,resilie,305,0,0.0,1,4,1
CL01492,PULSE,Abidjan,resilie,305,0,0.0,1,4,1
CL02338,PULSE,Abidjan,resilie,305,0,0.0,1,4,1
CL02520,PULSE,Abidjan,resilie,305,0,0.0,1,4,1
CL06188,PULSE,San-Pedro,resilie,305,0,0.0,1,4,1
CL06234,CONNECT,Abidjan,resilie,305,0,0.0,1,4,1
CL06714,SENIOR,Bouake,resilie,305,0,0.0,1,4,1
CL02489,CONNECT,Abidjan,resilie,305,0,0.0,1,4,1
CL04877,ETUDIANT,Abidjan,resilie,305,0,0.0,1,4,1
CL05076,PULSE,Abidjan,resilie,305,0,0.0,1,4,1
CL05176,SENIOR,Bouake,resilie,305,0,0.0,1,4,1
CL01606,PREMIUM,Bouake,resilie,305,0,0.0,1,4,1
CL05709,CONNECT,Abidjan,resilie,305,0,0.0,1,4,1
CL04468,CONNECT,Abidjan,resilie,305,0,0.0,1,4,1
CL02107,ETUDIANT,Korhogo,resilie,305,0,0.0,1,4,1
CL06618,PULSE,San-Pedro,resilie,305,0,0.0,1,4,1
CL00295,PULSE,Abidjan,resilie,305,0,0.0,1,4,1
CL04282,PULSE,Abidjan,resilie,305,0,0.0,1,4,1
CL04602,PRO,San-Pedro,resilie,305,0,0.0,1,4,1
CL00058,ETUDIANT,Bouake,resilie,305,0,0.0,1,4,1
CL05307,ETUDIANT,Abidjan,resilie,305,0,0.0,1,4,1
CL01025,PULSE,Abidjan,resilie,305,0,0.0,1,4,1
CL06084,PULSE,Bouake,resilie,305,0,0.0,1,4,1
CL03477,PULSE,Abidjan,resilie,305,0,0.0,1,4,1
CL06619,CONNECT,Abidjan,resilie,305,0,0.0,1,4,1
CL01767,PULSE,Abidjan,resilie,305,0,0.0,1,4,1
CL01294,PULSE,Abidjan,resilie,305,0,0.0,1,4,1
CL07033,PULSE,Abidjan,resilie,305,0,0.0,1,4,1
CL03111,PULSE,Abidjan,resilie,305,0,0.0,1,4,1
CL01257,CONNECT,Bouake,resilie,305,0,0.0,1,4,1
CL01076,CONNECT,Abidjan,resilie,305,0,0.0,1,4,1
CL05121,PULSE,Bouake,resilie,305,0,0.0,1,4,1
CL05131,PULSE,Yamoussoukro,resilie,305,0,0.0,1,4,1
CL00762,SENIOR,Bouake,resilie,305,0,0.0,1,4,1
CL00527,PULSE,Abidjan,resilie,305,0,0.0,1,4,1
CL05973,PULSE,San-Pedro,resilie,305,0,0.0,1,4,1
CL00168,PULSE,Abidjan,resilie,305,0,0.0,1,4,1
CL00081,ETUDIANT,San-Pedro,resilie,305,0,0.0,1,4,1
CL02725,ETUDIANT,Abidjan,resilie,305,0,0.0,1,4,1
CL00963,PULSE,Korhogo,resilie,305,0,0.0,1,4,1
CL05766,ETUDIANT,Bouake,resilie,305,0,0.0,1,4,1
CL01137,PULSE,Korhogo,resilie,305,0,0.0,1,4,1
CL03908,CONNECT,Bouake,resilie,305,0,0.0,1,4,1
CL03684,CONNECT,San-Pedro,resilie,305,0,0.0,1,4,1
CL07752,PULSE,Abidjan,resilie,305,0,0.0,1,4,1
CL07443,PULSE,Abidjan,resilie,305,0,0.0,1,4,1
CL01659,PULSE,Yamoussoukro,resilie,305,0,0.0,1,4,1
CL04558,PULSE,Abidjan,resilie,305,0,0.0,1,4,1
CL03380,PULSE,Bouake,resilie,305,0,0.0,1,4,1
CL06702,CONNECT,Yamoussoukro,resilie,305,0,0.0,1,4,1
CL01149,PULSE,Abidjan,resilie,305,0,0.0,1,4,1
CL03201,CONNECT,San-Pedro,resilie,305,0,0.0,1,4,1
CL02901,ETUDIANT,Abidjan,resilie,305,0,0.0,1,4,1
CL02505,CONNECT,Bouake,resilie,305,0,0.0,1,4,1
CL05972,PULSE,Abidjan,resilie,305,0,0.0,1,4,1
CL03249,CONNECT,Abidjan,resilie,305,0,0.0,1,4,1
CL02276,ETUDIANT,Abidjan,resilie,305,0,0.0,1,4,1
CL00440,CONNECT,San-Pedro,resilie,305,0,0.0,1,4,1
CL00123,CONNECT,Korhogo,resilie,305,0,0.0,1,4,1
CL03670,PULSE,Bouake,resilie,305,0,0.0,1,4,1
CL07902,ETUDIANT,Bouake,resilie,305,0,0.0,1,4,1
CL07881,ETUDIANT,Bouake,resilie,305,0,0.0,1,4,1
CL07655,CONNECT,San-Pedro,resilie,305,0,0.0,1,4,1
CL02589,CONNECT,Bouake,resilie,305,0,0.0,1,4,1
CL03001,CONNECT,Abidjan,resilie,305,0,0.0,1,4,1
CL05382,PREMIUM,Abidjan,resilie,305,0,0.0,1,4,1
CL02631,PULSE,Abidjan,resilie,305,0,0.0,1,4,1
CL06173,PULSE,Abidjan,resilie,305,0,0.0,1,4,1
CL06425,PULSE,Yamoussoukro,resilie,305,0,0.0,1,4,1
CL03321,ETUDIANT,Bouake,resilie,305,0,0.0,1,4,1
CL06839,CONNECT,San-Pedro,resilie,305,0,0.0,1,4,1
CL01954,CONNECT,Bouake,resilie,305,0,0.0,1,4,1
CL00739,PULSE,Korhogo,resilie,305,0,0.0,1,4,1
CL00456,CONNECT,Abidjan,resilie,305,0,0.0,1,4,1
CL07266,PULSE,Abidjan,resilie,305,0,0.0,1,4,1
CL03096,CONNECT,Bouake,resilie,305,0,0.0,1,4,1
CL05366,CONNECT,San-Pedro,resilie,274,0,0.0,1,4,1
CL02978,CONNECT,Abidjan,resilie,274,0,0.0,1,4,1
CL06166,PULSE,Abidjan,resilie,274,0,0.0,1,4,1
CL04760,PREMIUM,Abidjan,resilie,274,0,0.0,1,4,1
CL04793,PULSE,Yamoussoukro,resilie,274,0,0.0,1,4,1
CL04254,PULSE,Korhogo,resilie,274,0,0.0,1,4,1
CL07074,CONNECT,Yamoussoukro,resilie,274,0,0.0,1,4,1
CL00979,CONNECT,Abidjan,resilie,274,0,0.0,1,4,1
CL04651,PULSE,San-Pedro,resilie,274,0,0.0,1,4,1
CL04770,CONNECT,Bouake,resilie,274,0,0.0,1,4,1
CL03847,PULSE,Bouake,resilie,274,0,0.0,1,4,1
CL05161,PULSE,Abidjan,resilie,274,0,0.0,1,4,1
CL05605,SENIOR,Abidjan,resilie,274,0,0.0,1,4,1
CL05664,PULSE,Abidjan,resilie,274,0,0.0,1,4,1
CL04413,ETUDIANT,Abidjan,resilie,274,0,0.0,1,4,1
CL07806,PULSE,Bouake,resilie,274,0,0.0,1,4,1
CL07346,CONNECT,Bouake,resilie,274,0,0.0,1,4,1
CL04219,ETUDIANT,San-Pedro,resilie,274,0,0.0,1,4,1
CL03311,PULSE,Yamoussoukro,resilie,274,0,0.0,1,4,1
CL06777,ETUDIANT,Abidjan,resilie,274,0,0.0,1,4,1
CL07072,PULSE,Korhogo,resilie,274,0,0.0,1,4,1
CL00832,PULSE,Abidjan,resilie,274,0,0.0,1,4,1
CL03273,PULSE,Abidjan,resilie,274,0,0.0,1,4,1
CL00872,CONNECT,Abidjan,resilie,274,0,0.0,1,4,1
CL03992,CONNECT,Korhogo,resilie,274,0,0.0,1,4,1
CL01179,ETUDIANT,Bouake,resilie,274,0,0.0,1,4,1
CL00111,PULSE,Abidjan,resilie,274,0,0.0,1,4,1
CL02249,ETUDIANT,Abidjan,resilie,274,0,0.0,1,4,1
CL06940,ETUDIANT,Abidjan,resilie,274,0,0.0,1,4,1
CL06955,CONNECT,Abidjan,resilie,274,0,0.0,1,4,1
CL07376,PULSE,Abidjan,resilie,274,0,0.0,1,4,1
CL07828,CONNECT,Abidjan,resilie,274,0,0.0,1,4,1
CL02310,PULSE,Yamoussoukro,resilie,274,0,0.0,1,4,1
CL01846,PULSE,Bouake,resilie,274,0,0.0,1,4,1
CL01675,PULSE,Abidjan,resilie,274,0,0.0,1,4,1
CL01628,CONNECT,Abidjan,resilie,274,0,0.0,1,4,1
CL04223,PULSE,Yamoussoukro,resilie,274,0,0.0,1,4,1
CL01374,CONNECT,Yamoussoukro,resilie,274,0,0.0,1,4,1
CL01133,PULSE,Korhogo,resilie,274,0,0.0,1,4,1
CL00926,CONNECT,Abidjan,resilie,274,0,0.0,1,4,1
CL06359,PULSE,San-Pedro,resilie,274,0,0.0,1,4,1
CL07701,PREMIUM,Korhogo,resilie,274,0,0.0,1,4,1
CL07237,PULSE,San-Pedro,resilie,274,0,0.0,1,4,1
CL03140,CONNECT,Abidjan,resilie,274,0,0.0,1,4,1
CL00770,SENIOR,Abidjan,resilie,274,0,0.0,1,4,1
CL00720,PULSE,Bouake,resilie,274,0,0.0,1,4,1
CL05956,PULSE,Bouake,resilie,274,0,0.0,1,4,1
CL04711,CONNECT,Abidjan,resilie,274,0,0.0,1,4,1
CL04425,CONNECT,Abidjan,resilie,274,0,0.0,1,4,1
CL01774,ETUDIANT,Abidjan,resilie,274,0,0.0,1,4,1
CL01948,CONNECT,Abidjan,resilie,274,0,0.0,1,4,1
CL00315,PRO,Abidjan,resilie,274,0,0.0,1,4,1
CL02073,ETUDIANT,Abidjan,resilie,274,0,0.0,1,4,1
CL06164,PULSE,Bouake,resilie,274,0,0.0,1,4,1
CL02950,PULSE,Abidjan,resilie,274,0,0.0,1,4,1
CL06612,CONNECT,Abidjan,resilie,274,0,0.0,1,4,1
CL03252,ETUDIANT,Bouake,resilie,274,0,0.0,1,4,1
CL02138,PULSE,Yamoussoukro,resilie,274,0,0.0,1,4,1
CL01325,PULSE,Abidjan,resilie,274,0,0.0,1,4,1
CL06157,PULSE,Bouake,resilie,274,0,0.0,1,4,1
CL03246,PULSE,Yamoussoukro,resilie,274,0,0.0,1,4,1
CL07983,SENIOR,Bouake,resilie,274,0,0.0,1,4,1
CL04461,SENIOR,Korhogo,resilie,274,0,0.0,1,4,1
CL04362,PULSE,Bouake,resilie,274,0,0.0,1,4,1
CL03630,PULSE,San-Pedro,resilie,274,0,0.0,1,4,1
CL06951,PULSE,Abidjan,resilie,274,0,0.0,1,4,1
CL02687,ETUDIANT,Abidjan,resilie,274,0,0.0,1,4,1
CL07027,SENIOR,Bouake,resilie,274,0,0.0,1,4,1
CL07056,PULSE,Abidjan,resilie,274,0,0.0,1,4,1
CL03117,PULSE,Abidjan,resilie,274,0,0.0,1,4,1
CL06381,CONNECT,Abidjan,resilie,274,0,0.0,1,4,1
CL05820,PULSE,Abidjan,resilie,274,0,0.0,1,4,1
CL02593,PULSE,Bouake,resilie,274,0,0.0,1,4,1
CL02597,PULSE,Korhogo,resilie,274,0,0.0,1,4,1
CL06759,CONNECT,Abidjan,resilie,274,0,0.0,1,4,1
CL06824,PULSE,Korhogo,resilie,274,0,0.0,1,4,1
CL05719,CONNECT,Abidjan,resilie,274,0,0.0,1,4,1
CL03354,PREMIUM,Abidjan,resilie,274,0,0.0,1,4,1
CL04643,PULSE,Korhogo,resilie,274,0,0.0,1,4,1
CL07160,PULSE,Abidjan,resilie,274,0,0.0,1,4,1
CL06629,ETUDIANT,Abidjan,resilie,274,0,0.0,1,4,1
CL04862,PULSE,Abidjan,resilie,274,0,0.0,1,4,1
CL03749,ETUDIANT,Abidjan,resilie,274,0,0.0,1,4,1
CL04037,PULSE,Bouake,resilie,274,0,0.0,1,4,1
CL03946,PULSE,San-Pedro,resilie,274,0,0.0,1,4,1
CL01141,PULSE,Abidjan,resilie,274,0,0.0,1,4,1
CL07042,PULSE,Yamoussoukro,resilie,274,0,0.0,1,4,1
CL00211,PULSE,Abidjan,resilie,244,0,0.0,1,4,1
CL07022,PULSE,Abidjan,resilie,244,0,0.0,1,4,1
CL03062,PULSE,Korhogo,resilie,244,0,0.0,1,4,1
CL06763,ETUDIANT,Korhogo,resilie,244,0,0.0,1,4,1
CL06692,CONNECT,Abidjan,resilie,244,0,0.0,1,4,1
CL01320,ETUDIANT,Abidjan,resilie,244,0,0.0,1,4,1
CL01075,PULSE,Abidjan,resilie,244,0,0.0,1,4,1
CL05692,CONNECT,Bouake,resilie,244,0,0.0,1,4,1
CL02053,PULSE,Abidjan,resilie,244,0,0.0,1,4,1
CL00881,ETUDIANT,Abidjan,resilie,244,0,0.0,1,4,1
CL03189,CONNECT,Bouake,resilie,244,0,0.0,1,4,1
CL01197,PULSE,Abidjan,resilie,244,0,0.0,1,4,1
CL02592,ETUDIANT,Bouake,resilie,244,0,0.0,1,4,1
CL06575,PULSE,Yamoussoukro,resilie,244,0,0.0,1,4,1
CL07297,ETUDIANT,Abidjan,resilie,244,0,0.0,1,4,1
CL06525,PULSE,Abidjan,resilie,244,0,0.0,1,4,1
CL07358,CONNECT,Korhogo,resilie,244,0,0.0,1,4,1
CL07484,PULSE,Abidjan,resilie,244,0,0.0,1,4,1
CL05750,CONNECT,Yamoussoukro,resilie,244,0,0.0,1,4,1
CL00139,CONNECT,Yamoussoukro,resilie,244,0,0.0,1,4,1
CL03768,PULSE,Bouake,resilie,244,0,0.0,1,4,1
CL00198,CONNECT,Bouake,resilie,244,0,0.0,1,4,1
CL05251,PULSE,Yamoussoukro,resilie,244,0,0.0,1,4,1
CL00464,PULSE,Bouake,resilie,244,0,0.0,1,4,1
CL04557,CONNECT,Abidjan,resilie,244,0,0.0,1,4,1
CL02408,CONNECT,Abidjan,resilie,244,0,0.0,1,4,1
CL07384,CONNECT,Bouake,resilie,244,0,0.0,1,4,1
CL06990,PULSE,Abidjan,resilie,244,0,0.0,1,4,1
CL06249,ETUDIANT,Abidjan,resilie,244,0,0.0,1,4,1
CL05731,ETUDIANT,Abidjan,resilie,244,0,0.0,1,4,1
CL04959,CONNECT,Bouake,resilie,244,0,0.0,1,4,1
CL00449,PULSE,Abidjan,resilie,244,0,0.0,1,4,1
CL00481,PREMIUM,Abidjan,resilie,244,0,0.0,1,4,1
CL00732,PULSE,Bouake,resilie,244,0,0.0,1,4,1
CL04151,PULSE,Abidjan,resilie,244,0,0.0,1,4,1
CL01180,PULSE,Bouake,resilie,244,0,0.0,1,4,1
CL01289,PULSE,Abidjan,resilie,244,0,0.0,1,4,1
CL03683,CONNECT,Bouake,resilie,244,0,0.0,1,4,1
CL02176,PULSE,San-Pedro,resilie,244,0,0.0,1,4,1
CL02991,PULSE,Yamoussoukro,resilie,244,0,0.0,1,4,1
CL02934,ETUDIANT,Abidjan,resilie,244,0,0.0,1,4,1
CL00160,PULSE,San-Pedro,resilie,244,0,0.0,1,4,1
CL00333,CONNECT,Yamoussoukro,resilie,244,0,0.0,1,4,1
CL00340,ETUDIANT,San-Pedro,resilie,244,0,0.0,1,4,1
CL00915,PULSE,San-Pedro,resilie,244,0,0.0,1,4,1
CL01451,CONNECT,Abidjan,resilie,244,0,0.0,1,4,1
CL01766,ETUDIANT,Yamoussoukro,resilie,244,0,0.0,1,4,1
CL02071,ETUDIANT,Yamoussoukro,resilie,244,0,0.0,1,4,1
CL05091,CONNECT,Abidjan,resilie,244,0,0.0,1,4,1
CL04887,PULSE,Korhogo,resilie,244,0,0.0,1,4,1
CL07010,PULSE,Abidjan,resilie,244,0,0.0,1,4,1
CL07001,PULSE,Bouake,resilie,244,0,0.0,1,4,1
CL06925,CONNECT,Abidjan,resilie,244,0,0.0,1,4,1
CL06643,PRO,Abidjan,resilie,244,0,0.0,1,4,1
CL06617,PULSE,Abidjan,resilie,244,0,0.0,1,4,1
CL01916,PULSE,San-Pedro,resilie,244,0,0.0,1,4,1
CL06589,ETUDIANT,Abidjan,resilie,244,0,0.0,1,4,1
CL07253,PULSE,Korhogo,resilie,244,0,0.0,1,4,1
CL05450,SENIOR,Korhogo,resilie,244,0,0.0,1,4,1
CL04471,PULSE,Abidjan,resilie,244,0,0.0,1,4,1
CL03713,PULSE,Abidjan,resilie,244,0,0.0,1,4,1
CL04033,PULSE,Abidjan,resilie,244,0,0.0,1,4,1
CL02212,PULSE,Abidjan,resilie,244,0,0.0,1,4,1
CL05114,CONNECT,Bouake,resilie,244,0,0.0,1,4,1
CL02061,PULSE,Abidjan,resilie,244,0,0.0,1,4,1
CL07644,PULSE,Abidjan,resilie,244,0,0.0,1,4,1
CL03241,ETUDIANT,Bouake,resilie,244,0,0.0,1,4,1
CL06526,PREMIUM,Abidjan,resilie,244,0,0.0,1,4,1
CL03748,CONNECT,Yamoussoukro,resilie,244,0,0.0,1,4,1
CL00153,ETUDIANT,Korhogo,resilie,244,0,0.0,1,4,1
CL05707,PREMIUM,Korhogo,resilie,244,0,0.0,1,4,1
CL04371,PULSE,Yamoussoukro,resilie,244,0,0.0,1,4,1
CL04732,ETUDIANT,Bouake,resilie,244,0,0.0,1,4,1
CL00811,ETUDIANT,Abidjan,resilie,244,0,0.0,1,4,1
CL03362,PREMIUM,Abidjan,resilie,244,0,0.0,1,4,1
CL04233,PULSE,Abidjan,resilie,244,0,0.0,1,4,1
CL03589,PREMIUM,Abidjan,resilie,244,0,0.0,1,4,1
CL07704,PULSE,Bouake,resilie,244,0,0.0,1,4,1
CL07740,PULSE,Abidjan,resilie,244,0,0.0,1,4,1
CL02911,PULSE,Abidjan,resilie,244,0,0.0,1,4,1
CL07971,ETUDIANT,Abidjan,resilie,244,0,0.0,1,4,1
CL06762,ETUDIANT,Abidjan,resilie,244,0,0.0,1,4,1
CL02459,PULSE,Bouake,resilie,244,0,0.0,1,4,1
CL01220,PULSE,Abidjan,resilie,244,0,0.0,1,4,1
CL01329,CONNECT,Yamoussoukro,resilie,244,0,0.0,1,4,1
CL05787,CONNECT,Abidjan,resilie,244,0,0.0,1,4,1
CL03526,ETUDIANT,Abidjan,resilie,244,0,0.0,1,4,1
CL05411,CONNECT,Bouake,resilie,244,0,0.0,1,4,1
CL06079,CONNECT,Abidjan,resilie,244,0,0.0,1,4,1
CL04841,CONNECT,San-Pedro,resilie,244,0,0.0,1,4,1
CL01879,ETUDIANT,Bouake,resilie,244,0,0.0,1,4,1
CL04618,CONNECT,Abidjan,resilie,244,0,0.0,1,4,1
CL02131,SENIOR,Bouake,resilie,244,0,0.0,1,4,1
CL04409,ETUDIANT,Korhogo,resilie,244,0,0.0,1,4,1
CL00289,PULSE,Abidjan,resilie,244,0,0.0,1,4,1
CL02222,ETUDIANT,Bouake,resilie,244,0,0.0,1,4,1
CL01741,PULSE,Bouake,resilie,244,0,0.0,1,4,1
CL02700,PULSE,Abidjan,resilie,244,0,0.0,1,4,1
CL03209,ETUDIANT,Korhogo,resilie,244,0,0.0,1,4,1
CL07320,CONNECT,Abidjan,resilie,244,0,0.0,1,4,1
CL05353,PULSE,San-Pedro,resilie,244,0,0.0,1,4,1
CL06026,PULSE,San-Pedro,resilie,244,0,0.0,1,4,1
CL02058,CONNECT,Abidjan,resilie,213,0,0.0,1,4,1
CL07636,PULSE,Abidjan,resilie,213,0,0.0,1,4,1
CL00163,PREMIUM,Abidjan,resilie,213,0,0.0,1,4,1
CL03858,ETUDIANT,Bouake,resilie,213,0,0.0,1,4,1
CL03663,CONNECT,Abidjan,resilie,213,0,0.0,1,4,1
CL03530,ETUDIANT,Bouake,resilie,213,0,0.0,1,4,1
CL04693,PULSE,Abidjan,resilie,213,0,0.0,1,4,1
CL00628,CONNECT,Abidjan,resilie,213,0,0.0,1,4,1
CL00782,ETUDIANT,Yamoussoukro,resilie,213,0,0.0,1,4,1
CL02456,CONNECT,Abidjan,resilie,213,0,0.0,1,4,1
CL02126,ETUDIANT,Yamoussoukro,resilie,213,0,0.0,1,4,1
CL02804,CONNECT,Bouake,resilie,213,0,0.0,1,4,1
CL05174,ETUDIANT,Korhogo,resilie,213,0,0.0,1,4,1
CL00701,CONNECT,Abidjan,resilie,213,0,0.0,1,4,1
CL04260,PULSE,Abidjan,resilie,213,0,0.0,1,4,1
CL04046,SENIOR,Korhogo,resilie,213,0,0.0,1,4,1
CL01935,CONNECT,Abidjan,resilie,213,0,0.0,1,4,1
CL02377,PULSE,San-Pedro,resilie,213,0,0.0,1,4,1
CL00146,ETUDIANT,Bouake,resilie,213,0,0.0,1,4,1
CL06665,CONNECT,San-Pedro,resilie,213,0,0.0,1,4,1
CL03214,PULSE,Abidjan,resilie,213,0,0.0,1,4,1
CL02847,PULSE,Bouake,resilie,213,0,0.0,1,4,1
CL07945,CONNECT,Abidjan,resilie,213,0,0.0,1,4,1
CL00100,PRO,Abidjan,resilie,213,0,0.0,1,4,1
CL00253,CONNECT,San-Pedro,resilie,213,0,0.0,1,4,1
CL05235,PULSE,Abidjan,resilie,213,0,0.0,1,4,1
CL07226,CONNECT,Abidjan,resilie,213,0,0.0,1,4,1
CL05144,SENIOR,San-Pedro,resilie,213,0,0.0,1,4,1
CL04821,PULSE,Abidjan,resilie,213,0,0.0,1,4,1
CL04004,CONNECT,Abidjan,resilie,213,0,0.0,1,4,1
CL07780,CONNECT,Bouake,resilie,213,0,0.0,1,4,1
CL01364,PULSE,Bouake,resilie,213,0,0.0,1,4,1
CL01203,PULSE,Bouake,resilie,213,0,0.0,1,4,1
CL00409,PULSE,Korhogo,resilie,213,0,0.0,1,4,1
CL05407,SENIOR,Korhogo,resilie,213,0,0.0,1,4,1
CL04163,CONNECT,San-Pedro,resilie,213,0,0.0,1,4,1
CL03579,CONNECT,Korhogo,resilie,213,0,0.0,1,4,1
CL04690,PREMIUM,Abidjan,resilie,213,0,0.0,1,4,1
CL04856,PULSE,Yamoussoukro,resilie,213,0,0.0,1,4,1
CL04868,ETUDIANT,Abidjan,resilie,213,0,0.0,1,4,1
CL05248,PREMIUM,Bouake,resilie,213,0,0.0,1,4,1
CL02830,PULSE,Abidjan,resilie,213,0,0.0,1,4,1
CL05744,PULSE,Abidjan,resilie,213,0,0.0,1,4,1
CL04305,PULSE,Bouake,resilie,213,0,0.0,1,4,1
CL02089,SENIOR,Korhogo,resilie,213,0,0.0,1,4,1
CL01410,CONNECT,San-Pedro,resilie,213,0,0.0,1,4,1
CL01027,PULSE,Yamoussoukro,resilie,213,0,0.0,1,4,1
CL00004,PULSE,San-Pedro,resilie,213,0,0.0,1,4,1
CL06395,PREMIUM,Abidjan,resilie,213,0,0.0,1,4,1
CL02487,SENIOR,Yamoussoukro,resilie,213,0,0.0,1,4,1
CL00869,PULSE,Abidjan,resilie,213,0,0.0,1,4,1
CL07982,PULSE,Korhogo,resilie,213,0,0.0,1,4,1
CL00948,CONNECT,Bouake,resilie,213,0,0.0,1,4,1
CL00396,CONNECT,Abidjan,resilie,213,0,0.0,1,4,1
CL01084,PULSE,San-Pedro,resilie,213,0,0.0,1,4,1
CL01488,ETUDIANT,San-Pedro,resilie,213,0,0.0,1,4,1
CL05593,PULSE,Abidjan,resilie,213,0,0.0,1,4,1
CL03567,CONNECT,Abidjan,resilie,213,0,0.0,1,4,1
CL01925,CONNECT,Abidjan,resilie,213,0,0.0,1,4,1
CL02052,PULSE,Yamoussoukro,resilie,213,0,0.0,1,4,1
CL05877,CONNECT,Abidjan,resilie,213,0,0.0,1,4,1
CL03217,PULSE,Abidjan,resilie,213,0,0.0,1,4,1
CL07372,PRO,Abidjan,resilie,213,0,0.0,1,4,1
CL03050,SENIOR,Abidjan,resilie,213,0,0.0,1,4,1
CL02083,PRO,Abidjan,resilie,213,0,0.0,1,4,1
CL01345,PULSE,Abidjan,resilie,213,0,0.0,1,4,1
CL05123,CONNECT,San-Pedro,resilie,213,0,0.0,1,4,1
CL06433,ETUDIANT,Abidjan,resilie,213,0,0.0,1,4,1
CL01341,PULSE,Korhogo,resilie,213,0,0.0,1,4,1
CL03805,PULSE,Abidjan,resilie,213,0,0.0,1,4,1
CL00731,CONNECT,Korhogo,resilie,213,0,0.0,1,4,1
CL07378,PRO,Abidjan,resilie,213,0,0.0,1,4,1
CL02429,CONNECT,Abidjan,resilie,213,0,0.0,1,4,1
CL03340,PULSE,Abidjan,resilie,213,0,0.0,1,4,1
CL06119,CONNECT,San-Pedro,resilie,213,0,0.0,1,4,1
CL07352,CONNECT,Abidjan,resilie,213,0,0.0,1,4,1
CL05264,SENIOR,Abidjan,resilie,213,0,0.0,1,4,1
CL00403,CONNECT,Bouake,resilie,213,0,0.0,1,4,1
CL05026,PREMIUM,Abidjan,resilie,213,0,0.0,1,4,1
CL00550,PULSE,Abidjan,resilie,213,0,0.0,1,4,1
CL00617,PULSE,Abidjan,resilie,213,0,0.0,1,4,1
CL06567,ETUDIANT,Abidjan,resilie,213,0,0.0,1,4,1
CL02947,PULSE,San-Pedro,resilie,183,0,1176.0,1,4,1
CL00849,PULSE,Korhogo,resilie,152,0,1311.0,1,4,1
CL07966,PULSE,Bouake,resilie,152,0,1348.0,1,4,1
CL02773,PULSE,Abidjan,resilie,183,0,1362.0,1,4,1
CL01617,PULSE,Abidjan,resilie,152,0,1368.5,1,4,1
CL04990,PULSE,Abidjan,resilie,121,0,1372.3333333333333,1,4,1
CL05640,PULSE,Abidjan,resilie,183,0,1388.0,1,4,1
CL02416,PULSE,Abidjan,resilie,183,0,1390.0,1,4,1
CL00101,PULSE,Abidjan,resilie,152,1,1408.0,1,1,1
CL03077,PULSE,Abidjan,resilie,183,0,1410.0,1,5,1
CL03774,PULSE,Abidjan,resilie,183,0,1411.0,1,4,1
CL06773,PULSE,Korhogo,resilie,152,2,1424.5,1,1,1
CL06849,PULSE,Abidjan,resilie,183,0,1437.0,1,4,1
CL07808,PULSE,Korhogo,resilie,183,0,1440.0,1,4,1
CL03425,PULSE,Bouake,resilie,183,1,1448.0,1,1,1
CL01967,PULSE,Abidjan,resilie,152,0,1454.5,1,4,1
CL00200,PULSE,Abidjan,resilie,183,0,1457.0,1,4,1
CL06930,PULSE,San-Pedro,resilie,152,2,1466.5,1,1,1
CL00571,PULSE,Yamoussoukro,resilie,121,0,1474.3333333333333,1,4,1
CL07295,PULSE,San-Pedro,resilie,121,0,1476.6666666666667,1,4,1
CL04162,PULSE,Abidjan,resilie,152,0,1477.5,1,4,1
CL02225,PULSE,Abidjan,resilie,121,0,1479.0,1,4,1
CL00014,PULSE,Abidjan,resilie,183,0,1479.0,1,5,1
CL00055,PULSE,Abidjan,resilie,152,2,1488.5,1,1,1
CL05189,PULSE,Korhogo,resilie,183,0,1491.0,1,4,1
CL02235,PULSE,Abidjan,resilie,121,0,1495.0,1,4,1
CL02977,PULSE,Abidjan,resilie,121,0,1495.6666666666667,1,4,1
CL06867,PULSE,Korhogo,resilie,152,1,1503.5,1,1,1
CL04490,PULSE,Bouake,resilie,121,2,1504.6666666666667,1,1,1
CL07876,PULSE,Abidjan,resilie,121,0,1507.0,1,4,1
CL04802,PULSE,Abidjan,resilie,152,0,1507.0,1,4,1
CL06616,PULSE,Yamoussoukro,resilie,183,0,1509.0,1,4,1
CL03269,PULSE,Abidjan,resilie,152,0,1512.5,1,4,1
CL06527,PULSE,Bouake,resilie,183,0,1514.0,1,4,1
CL00413,PULSE,San-Pedro,resilie,152,3,1523.5,1,1,1
CL02145,PULSE,Abidjan,resilie,152,0,1524.0,1,4,1
CL07815,PULSE,San-Pedro,resilie,152,0,1530.5,1,4,1
CL04099,PULSE,Abidjan,resilie,183,0,1531.0,1,4,1
CL01103,PULSE,Abidjan,resilie,152,0,1532.0,1,4,1
CL01397,PULSE,San-Pedro,resilie,121,5,1532.6666666666667,1,1,1
CL05223,PULSE,Bouake,resilie,183,0,1533.0,1,4,1
CL03657,PULSE,Korhogo,resilie,183,0,1547.0,1,4,1
CL07455,PULSE,Abidjan,resilie,152,0,1550.5,1,4,1
CL00558,PULSE,Korhogo,resilie,121,2,1560.0,1,1,1
CL04393,PULSE,Abidjan,resilie,152,0,1560.5,1,4,1
CL04348,PULSE,Abidjan,resilie,121,1,1563.3333333333333,1,1,1
CL08000,PULSE,Abidjan,resilie,121,0,1571.3333333333333,1,4,1
CL07654,PULSE,Abidjan,resilie,152,0,1573.5,1,4,1
CL01845,PULSE,San-Pedro,resilie,121,1,1577.6666666666667,1,1,1
CL01225,PULSE,Yamoussoukro,resilie,152,0,1581.0,1,4,1
CL02697,PULSE,Yamoussoukro,resilie,152,0,1583.0,1,4,1
CL01423,PULSE,Bouake,resilie,152,0,1591.0,1,4,1
CL03625,PULSE,Korhogo,resilie,121,3,1591.3333333333333,1,1,1
CL07091,PULSE,San-Pedro,resilie,121,0,1591.6666666666667,1,4,1
CL05917,PULSE,Abidjan,resilie,152,0,1592.0,1,4,1
CL05414,PULSE,Bouake,resilie,152,0,1595.5,1,4,1
CL05865,PULSE,Abidjan,resilie,121,2,1596.6666666666667,1,1,1
CL02889,PULSE,Bouake,resilie,121,2,1597.0,1,1,1
CL04665,PULSE,Bouake,resilie,121,2,1598.0,1,1,1
CL07030,PULSE,San-Pedro,resilie,121,1,1605.0,1,1,1
CL03590,PULSE,Abidjan,resilie,183,0,1607.0,1,4,1
CL03697,PULSE,Abidjan,resilie,152,1,1608.5,1,1,1
CL00393,PULSE,Yamoussoukro,resilie,121,0,1613.0,1,4,1
CL07119,PULSE,Korhogo,resilie,152,0,1620.5,1,4,1
CL00521,PULSE,Bouake,resilie,121,1,1623.3333333333333,1,1,1
CL03772,PULSE,Yamoussoukro,resilie,121,0,1623.6666666666667,1,4,1
CL07024,PULSE,Abidjan,resilie,183,2,1624.0,1,1,1
CL02649,PULSE,Abidjan,resilie,30,2,1628.0,5,1,1
CL06406,PULSE,Abidjan,resilie,121,2,1630.3333333333333,1,1,1
CL01754,PULSE,Abidjan,resilie,121,1,1634.0,1,1,1
CL04864,PULSE,Yamoussoukro,resilie,152,0,1634.5,1,4,1
CL00953,PULSE,Bouake,resilie,152,0,1639.5,1,4,1
CL05590,PULSE,Abidjan,resilie,91,0,1644.6666666666667,1,4,1
CL05650,PULSE,Abidjan,resilie,152,0,1645.0,1,4,1
CL02406,PULSE,Bouake,resilie,152,0,1648.0,1,4,1
CL03323,PULSE,San-Pedro,resilie,183,0,1650.0,1,4,1
CL03922,PULSE,Abidjan,resilie,152,1,1655.5,1,1,1
CL01914,PULSE,Abidjan,resilie,183,0,1656.0,1,4,1
CL03723,PULSE,Abidjan,resilie,121,0,1658.0,1,4,1
CL07304,PULSE,Abidjan,resilie,183,0,1661.0,1,4,1
CL03376,PULSE,Bouake,resilie,121,4,1664.0,1,1,1
CL04113,PULSE,Abidjan,resilie,121,0,1664.6666666666667,1,4,1
CL01839,PULSE,Bouake,resilie,152,0,1666.0,1,4,1
CL01508,PULSE,Abidjan,resilie,152,0,1668.0,1,4,1
CL04013,PULSE,Abidjan,resilie,183,0,1668.0,1,4,1
CL01501,PULSE,Abidjan,resilie,91,0,1669.0,2,4,1
CL02630,PULSE,San-Pedro,resilie,183,0,1670.0,1,4,1
CL03441,PULSE,Abidjan,resilie,121,0,1670.3333333333333,1,4,1
CL06074,PULSE,Abidjan,resilie,152,0,1670.5,1,4,1
CL03476,PULSE,Korhogo,resilie,152,0,1679.0,1,4,1
CL02957,PULSE,Abidjan,resilie,121,3,1680.6666666666667,1,1,1
CL05896,PULSE,Abidjan,resilie,183,1,1681.0,1,1,1
CL03448,PULSE,San-Pedro,resilie,121,1,1687.3333333333333,1,1,1
CL04192,PULSE,Abidjan,resilie,152,0,1689.0,1,4,1
CL03474,PULSE,Abidjan,resilie,121,2,1694.3333333333333,1,1,1
CL06622,PULSE,Bouake,resilie,152,0,1694.5,1,4,1
CL03491,PULSE,Yamoussoukro,resilie,152,0,1698.0,1,4,1
CL01358,PULSE,Korhogo,resilie,183,0,1699.0,1,4,1
CL02017,PULSE,Abidjan,resilie,121,2,1700.6666666666667,1,1,1
CL07120,PULSE,Abidjan,resilie,121,0,1706.3333333333333,1,4,1
CL05241,PULSE,Abidjan,resilie,121,1,1710.0,1,1,1
CL02347,PULSE,Abidjan,resilie,183,0,1711.0,1,4,1
CL02515,PULSE,Abidjan,resilie,121,0,1712.6666666666667,1,4,1
CL07067,PULSE,Bouake,resilie,183,0,1715.0,1,4,1
CL04293,PULSE,Abidjan,resilie,121,1,1720.3333333333333,1,1,1
CL04532,PULSE,Abidjan,resilie,121,1,1721.0,1,1,1
CL04220,PULSE,San-Pedro,resilie,183,1,1723.0,1,1,1
CL00363,PULSE,Yamoussoukro,resilie,121,2,1725.0,1,1,1
CL00711,PULSE,Bouake,resilie,183,0,1727.0,1,4,1
CL02481,PULSE,Abidjan,resilie,152,0,1728.5,1,4,1
CL00330,PULSE,Bouake,resilie,121,2,1728.6666666666667,1,1,1
CL01899,PULSE,Abidjan,resilie,152,1,1730.0,1,1,1
CL06387,PULSE,Korhogo,resilie,121,1,1730.3333333333333,1,1,1
CL07918,PULSE,Abidjan,resilie,30,1,1732.75,4,1,1
CL01560,PULSE,San-Pedro,resilie,121,2,1733.3333333333333,1,1,1
CL05900,PULSE,Abidjan,resilie,152,1,1734.5,1,1,1
CL07556,PULSE,San-Pedro,resilie,152,0,1737.5,1,4,1
CL03100,PULSE,Abidjan,resilie,152,1,1739.5,1,1,1
CL01715,SENIOR,Abidjan,resilie,183,0,1741.0,1,5,1
CL03794,PULSE,Bouake,resilie,121,0,1745.0,1,4,1
CL06471,PULSE,Korhogo,resilie,121,3,1746.0,1,1,1
CL04400,PULSE,Yamoussoukro,resilie,91,0,1747.0,1,4,1
CL02664,PULSE,Abidjan,resilie,121,0,1748.3333333333333,1,4,1
CL03097,PULSE,Abidjan,resilie,121,0,1751.3333333333333,1,4,1
CL02476,PULSE,Bouake,resilie,121,1,1753.3333333333333,1,1,1
CL04125,PULSE,Korhogo,resilie,121,1,1758.6666666666667,1,1,1
CL02720,PULSE,San-Pedro,resilie,152,0,1761.0,1,4,1
CL00755,PULSE,Korhogo,resilie,183,0,1761.0,1,4,1
CL07323,PULSE,Abidjan,resilie,121,0,1769.0,1,4,1
CL03110,PULSE,Korhogo,resilie,121,1,1774.0,1,1,1
CL03091,ETUDIANT,Korhogo,resilie,183,0,1777.0,1,4,1
CL00700,PULSE,Korhogo,resilie,152,0,1785.0,1,4,1
CL03891,PULSE,Bouake,resilie,152,0,1792.0,1,4,1
CL06225,PULSE,Yamoussoukro,resilie,121,0,1795.6666666666667,1,4,1
CL00673,PULSE,Abidjan,resilie,183,2,1798.0,1,1,1
CL06789,PULSE,Abidjan,resilie,183,0,1805.0,1,4,1
CL03636,PULSE,Abidjan,resilie,183,0,1809.0,1,4,1
CL04913,PULSE,Abidjan,resilie,91,0,1812.0,1,4,1
CL05446,PULSE,Abidjan,resilie,60,2,1814.5,2,1,1
CL02818,PULSE,Bouake,resilie,152,0,1818.5,1,4,1
CL04958,PULSE,Korhogo,resilie,183,0,1821.0,1,4,1
CL06409,PULSE,Korhogo,resilie,183,0,1822.0,1,5,1
CL02988,PULSE,Bouake,resilie,91,0,1822.5,1,4,1
CL02683,PULSE,Abidjan,resilie,152,2,1823.0,1,1,1
CL01582,PULSE,Abidjan,resilie,152,0,1823.0,1,4,1
CL03599,PULSE,Yamoussoukro,resilie,91,0,1828.25,1,4,1
CL06379,PULSE,Abidjan,resilie,183,0,1832.0,1,4,1
CL00831,PULSE,Abidjan,resilie,152,1,1834.0,1,1,1
CL04243,PULSE,Abidjan,resilie,152,2,1836.0,1,1,1
CL03899,PULSE,San-Pedro,resilie,30,0,1837.0,2,5,1
CL01883,PULSE,Abidjan,resilie,121,1,1842.6666666666667,1,1,1
CL05801,PULSE,Bouake,resilie,183,0,1843.0,1,4,1
CL01611,PULSE,Bouake,resilie,91,2,1844.0,1,1,1
CL06887,PULSE,Yamoussoukro,resilie,152,2,1846.0,1,1,1
CL04499,PULSE,Bouake,resilie,91,3,1848.75,1,1,1
CL07175,PULSE,Abidjan,resilie,121,0,1849.3333333333333,1,4,1
CL03456,PULSE,Korhogo,resilie,91,2,1852.5,1,1,1
CL01649,PULSE,Yamoussoukro,resilie,121,0,1855.0,1,4,1
CL03786,PULSE,Abidjan,resilie,121,1,1857.0,1,1,1
CL06645,PULSE,Bouake,resilie,183,0,1862.0,1,4,1
CL01154,PULSE,Abidjan,resilie,30,3,1864.0,5,1,1
CL02417,PULSE,Abidjan,resilie,91,0,1870.25,1,4,1
CL02376,PULSE,Abidjan,resilie,183,1,1874.0,1,1,1
CL00691,PULSE,Abidjan,resilie,152,0,1875.0,1,4,1
CL02210,PULSE,Korhogo,resilie,152,1,1876.5,1,1,1
CL05967,PULSE,Abidjan,resilie,91,0,1876.5,1,4,1
CL07653,PULSE,Abidjan,resilie,91,0,1877.75,1,4,1
CL03861,ETUDIANT,Yamoussoukro,resilie,183,0,1878.0,1,4,1
CL06447,PULSE,Abidjan,resilie,30,1,1883.25,3,1,1
CL04834,PULSE,Abidjan,resilie,60,3,1883.5,2,1,1
CL06440,PULSE,Abidjan,resilie,91,0,1887.5,1,4,1
CL05718,SENIOR,Abidjan,resilie,183,1,1889.0,1,1,1
CL02548,PULSE,Abidjan,resilie,30,2,1891.5,5,1,1
CL04143,PULSE,Yamoussoukro,resilie,91,2,1892.25,2,1,1
CL03728,PULSE,Abidjan,resilie,30,1,1894.0,4,1,1
CL06803,PULSE,San-Pedro,resilie,60,3,1896.25,2,1,1
CL05357,PULSE,Korhogo,resilie,152,0,1896.5,1,4,1
CL02397,PULSE,Abidjan,resilie,91,1,1896.75,1,1,1
CL01664,PULSE,Korhogo,resilie,91,0,1903.5,1,4,1
CL01348,PULSE,Korhogo,resilie,30,2,1904.25,4,1,1
CL07804,PULSE,Abidjan,resilie,91,0,1905.25,1,4,1
CL03826,PULSE,Yamoussoukro,resilie,30,4,1907.0,5,1,1
CL04474,PULSE,Bouake,resilie,30,5,1909.25,4,1,1
CL00876,PULSE,Abidjan,resilie,30,5,1910.75,4,1,1
CL03400,PULSE,Yamoussoukro,resilie,30,2,1910.75,2,1,1
CL05412,PULSE,Bouake,resilie,152,1,1914.0,1,1,1
CL03860,PULSE,Abidjan,resilie,121,0,1918.6666666666667,1,4,1
CL01411,PULSE,San-Pedro,resilie,152,0,1919.0,1,4,1
CL04251,PULSE,Korhogo,resilie,91,1,1924.5,1,1,1
CL07097,PULSE,Abidjan,resilie,152,2,1927.5,1,1,1
CL03994,PULSE,Yamoussoukro,resilie,91,0,1931.5,2,4,1
CL03409,PULSE,Bouake,resilie,30,2,1938.5,4,1,1
CL02016,PULSE,Abidjan,resilie,183,0,1939.0,1,5,1
CL07456,PULSE,Yamoussoukro,resilie,91,1,1942.0,2,1,1
CL06374,PULSE,Korhogo,resilie,91,0,1949.25,2,4,1
CL06909,PULSE,Abidjan,resilie,183,0,1957.0,1,4,1
CL05523,PULSE,Bouake,resilie,152,0,1957.5,1,4,1
CL03901,PULSE,Abidjan,resilie,91,2,1957.75,1,1,1
CL03578,PULSE,Abidjan,resilie,30,1,1963.0,5,1,1
CL02402,SENIOR,Abidjan,resilie,152,0,1964.5,1,4,1
CL04929,PULSE,Abidjan,resilie,91,2,1965.75,1,1,1
CL03678,PULSE,Abidjan,resilie,183,0,1967.0,1,4,1
CL00777,PULSE,Abidjan,resilie,60,0,1967.6666666666667,2,4,1
CL02470,PULSE,Korhogo,resilie,91,0,1968.75,2,4,1
CL03961,PULSE,Abidjan,resilie,30,2,1970.25,3,1,1
CL02967,PULSE,Abidjan,resilie,152,2,1970.5,1,1,1
CL02335,ETUDIANT,Bouake,resilie,183,0,1972.0,1,4,1
CL06232,PULSE,Korhogo,resilie,30,2,1974.0,3,1,1
CL02148,PULSE,Abidjan,resilie,91,1,1974.25,1,1,1
CL07972,PULSE,Abidjan,resilie,91,2,1974.75,1,1,1
CL07146,PULSE,Abidjan,resilie,91,1,1977.75,1,1,1
CL04945,SENIOR,Abidjan,resilie,152,0,1979.5,1,4,1
CL05037,PULSE,Abidjan,resilie,91,1,1981.0,1,1,1
CL05807,PULSE,Bouake,resilie,91,0,1981.0,2,4,1
CL05997,PULSE,Yamoussoukro,resilie,91,2,1981.5,2,1,1
CL03158,PULSE,Abidjan,resilie,91,2,1981.5,1,1,1
CL00528,PULSE,Yamoussoukro,resilie,91,0,1982.5,2,4,1
CL06321,PULSE,Abidjan,resilie,30,1,1983.25,3,1,1
CL07469,PULSE,Abidjan,resilie,30,2,1989.75,5,1,1
CL07772,ETUDIANT,Abidjan,resilie,183,0,1990.0,1,4,1
CL07568,PULSE,Abidjan,resilie,91,1,1991.0,2,1,1
CL04183,SENIOR,Bouake,resilie,152,0,1993.0,1,4,1
CL05848,PULSE,Abidjan,resilie,30,6,1998.25,2,1,1
CL05813,PULSE,Abidjan,resilie,152,0,1999.0,1,4,1
CL02314,PULSE,Abidjan,resilie,91,1,2000.25,1,1,1
CL05509,PULSE,Bouake,resilie,91,0,2012.0,1,4,1
CL00860,PULSE,Bouake,resilie,60,0,2014.0,2,4,1
CL02309,PULSE,Abidjan,resilie,30,0,2014.25,5,2,1
CL05808,PULSE,Bouake,resilie,91,0,2015.25,1,4,1
CL00077,SENIOR,Bouake,resilie,121,0,2018.0,1,4,1
CL02114,PULSE,Abidjan,resilie,91,0,2021.25,1,4,1
CL00015,PULSE,Abidjan,resilie,30,2,2023.0,3,1,1
CL06623,PULSE,Abidjan,resilie,60,3,2023.2,2,1,1
CL04489,PULSE,Abidjan,resilie,91,1,2024.75,1,1,1
CL02332,PULSE,Abidjan,resilie,91,2,2025.0,2,1,1
CL00546,PULSE,Bouake,resilie,91,0,2026.75,1,4,1
CL01740,PULSE,Korhogo,resilie,91,0,2030.5,1,4,1
CL03284,PULSE,Bouake,resilie,121,4,2034.3333333333333,1,1,1
CL01178,PULSE,Bouake,resilie,91,1,2040.75,1,1,1
CL04610,PULSE,Abidjan,resilie,91,0,2045.25,1,4,1
CL01806,PULSE,Abidjan,resilie,91,0,2046.75,1,4,1
CL07767,PULSE,Korhogo,resilie,91,0,2054.5,1,4,1
CL02290,SENIOR,San-Pedro,resilie,121,3,2055.5,1,1,1
CL06021,PULSE,Abidjan,resilie,60,1,2060.4,2,1,1
CL03823,PULSE,Abidjan,resilie,183,0,2071.0,1,4,1
CL07051,PULSE,Yamoussoukro,resilie,30,1,2071.5,4,1,1
CL01099,PULSE,Korhogo,resilie,60,3,2072.5,2,1,1
CL02472,PULSE,San-Pedro,resilie,91,0,2074.0,2,4,1
CL06972,PULSE,Abidjan,resilie,60,0,2074.2,2,4,1
CL02651,PULSE,Bouake,resilie,60,0,2075.2,2,4,1
CL00985,PULSE,Abidjan,resilie,30,2,2075.4,4,1,1
CL05568,PULSE,San-Pedro,resilie,60,0,2076.0,2,4,1
CL02767,PULSE,Abidjan,resilie,30,0,2077.8,5,2,1
CL00619,PULSE,Abidjan,resilie,60,1,2079.6666666666665,2,1,1
CL06384,PULSE,Abidjan,resilie,60,0,2081.6,2,4,1
CL04193,PULSE,Abidjan,resilie,60,2,2086.0,2,1,1
CL06098,ETUDIANT,Abidjan,resilie,183,0,2089.0,1,4,1
CL03334,ETUDIANT,Abidjan,resilie,152,2,2094.5,1,1,1
CL03869,PULSE,Abidjan,resilie,91,0,2095.25,1,4,1
CL02525,ETUDIANT,Abidjan,resilie,183,0,2096.0,1,5,1
CL05784,PULSE,Korhogo,resilie,60,0,2096.8,2,4,1
CL04214,PULSE,Abidjan,resilie,91,1,2097.25,2,1,1
CL01007,SENIOR,Abidjan,resilie,152,0,2101.5,1,4,1
CL06159,ETUDIANT,Korhogo,resilie,121,3,2102.6666666666665,1,1,1
CL04870,PULSE,San-Pedro,resilie,91,4,2104.25,2,1,1
CL00394,PULSE,Abidjan,resilie,60,1,2104.4,2,1,1
CL02952,ETUDIANT,Bouake,resilie,152,1,2105.0,1,1,1
CL07040,PULSE,Abidjan,resilie,60,0,2105.4,2,4,1
CL04936,PULSE,Korhogo,resilie,91,0,2109.75,1,4,1
CL04494,PULSE,Abidjan,resilie,60,0,2113.2,2,4,1
CL06689,PULSE,Abidjan,resilie,30,1,2113.5,3,1,1
CL01459,PULSE,San-Pedro,resilie,60,4,2114.0,2,1,1
CL07666,PULSE,Abidjan,resilie,60,2,2115.0,2,1,1
CL03604,PULSE,Abidjan,resilie,60,7,2117.0,2,1,1
CL00749,PULSE,Bouake,resilie,60,0,2119.2,2,4,1
CL07926,PULSE,Abidjan,resilie,60,2,2121.8,2,1,1
CL01893,PULSE,Abidjan,resilie,60,4,2122.2,2,1,1
CL00604,PULSE,Korhogo,resilie,60,1,2122.6,2,1,1
CL06532,PULSE,Korhogo,resilie,91,0,2126.0,1,4,1
CL02238,SENIOR,Abidjan,resilie,152,2,2127.0,1,1,1
CL00896,PULSE,Yamoussoukro,resilie,91,0,2128.75,1,4,1
CL03796,PULSE,Abidjan,resilie,91,1,2132.5,2,1,1
CL03193,PULSE,Korhogo,resilie,60,1,2135.8,2,1,1
CL04064,PULSE,Abidjan,resilie,60,1,2135.8,2,1,1
CL07559,PULSE,Abidjan,resilie,30,2,2139.2,4,1,1
CL01212,PULSE,Abidjan,resilie,60,1,2141.6,2,1,1
CL07403,SENIOR,Abidjan,resilie,121,0,2143.0,1,4,1
CL04023,PULSE,Abidjan,resilie,30,4,2143.75,3,1,1
CL01577,ETUDIANT,Abidjan,resilie,121,1,2145.3333333333335,1,1,1
CL02021,ETUDIANT,Abidjan,resilie,183,0,2146.0,1,4,1
CL01462,PULSE,Abidjan,resilie,30,2,2147.6666666666665,4,1,1
CL02415,PULSE,Abidjan,resilie,60,0,2149.4,2,4,1
CL07862,PULSE,Abidjan,resilie,60,1,2154.6,2,1,1
CL05941,PULSE,Abidjan,resilie,60,1,2157.8,2,1,1
CL02586,PULSE,Abidjan,resilie,91,1,2161.25,1,1,1
CL05491,PULSE,Bouake,resilie,30,0,2161.5,2,5,1
CL01978,PULSE,Korhogo,resilie,30,0,2161.6666666666665,2,5,1
CL02629,PULSE,Abidjan,resilie,30,1,2162.5,5,1,1
CL02980,PULSE,Abidjan,resilie,30,1,2167.6,3,1,1
CL06927,PULSE,Abidjan,resilie,30,2,2169.4,5,1,1
CL00037,PULSE,Abidjan,resilie,30,3,2170.6,4,1,1
CL02160,PULSE,Bouake,resilie,30,1,2170.6,4,1,1
CL07368,PULSE,Abidjan,resilie,60,0,2174.4,2,4,1
CL04373,PULSE,Abidjan,resilie,30,1,2174.5,5,1,1
CL07861,ETUDIANT,Yamoussoukro,resilie,152,0,2180.0,1,4,1
CL03705,PULSE,Abidjan,resilie,60,1,2180.2,2,1,1
CL01264,PULSE,Abidjan,resilie,60,0,2182.8,2,4,1
CL05988,PULSE,Abidjan,resilie,30,3,2183.0,5,1,1
CL03148,PULSE,Bouake,resilie,91,0,2183.0,2,4,1
CL02517,PULSE,Bouake,resilie,60,0,2183.4,2,4,1
CL04871,PULSE,Abidjan,resilie,30,0,2186.8333333333335,5,2,1
CL01267,PULSE,Abidjan,resilie,30,2,2187.0,5,1,1
CL06353,PULSE,Abidjan,resilie,60,2,2189.2,2,1,1
CL00838,PULSE,Bouake,resilie,30,1,2190.8333333333335,2,2,1
CL00370,PULSE,Korhogo,resilie,60,0,2193.0,2,4,1
CL06879,PULSE,Abidjan,resilie,60,5,2193.4,2,1,1
CL03392,PULSE,Abidjan,resilie,60,3,2196.8,2,1,1
CL01891,PULSE,Abidjan,resilie,60,1,2197.4,2,1,1
CL01723,PULSE,San-Pedro,resilie,30,1,2198.4,3,2,1
CL05675,SENIOR,Abidjan,resilie,121,2,2203.0,1,1,1
CL01296,PULSE,Abidjan,resilie,30,1,2204.6,5,1,1
CL07818,PULSE,Abidjan,resilie,60,4,2205.2,2,1,1
CL00085,PULSE,Bouake,resilie,30,3,2208.0,5,1,1
CL06687,PULSE,Abidjan,resilie,30,1,2210.3333333333335,2,1,1
CL06405,PULSE,Abidjan,resilie,60,2,2213.2,2,1,1
CL02179,PULSE,Abidjan,resilie,60,1,2216.0,2,1,1
CL03644,PULSE,Abidjan,resilie,30,2,2216.8333333333335,5,1,1
CL00993,PULSE,Abidjan,resilie,91,2,2220.0,1,1,1
CL01018,PULSE,Abidjan,resilie,60,5,2223.0,2,1,1
CL04733,PULSE,Abidjan,resilie,60,0,2225.2,2,4,1
CL04307,PULSE,Korhogo,resilie,30,1,2226.6666666666665,4,1,1
CL01280,PULSE,Bouake,resilie,60,4,2226.8,2,1,1
CL06603,PULSE,Bouake,resilie,30,1,2228.6,3,1,1
CL07068,PULSE,Yamoussoukro,resilie,60,1,2230.6,2,1,1
CL07267,PULSE,San-Pedro,resilie,60,3,2230.8,2,1,1
CL05335,PULSE,Abidjan,resilie,30,0,2235.0,2,5,1
CL06427,PULSE,Yamoussoukro,resilie,30,2,2238.1666666666665,4,1,1
CL06434,PULSE,Abidjan,resilie,60,2,2247.0,2,1,1
CL03574,PULSE,Bouake,resilie,30,3,2249.1666666666665,5,1,1
CL02895,PULSE,Abidjan,resilie,30,0,2250.3333333333335,5,2,1
CL03366,PULSE,Abidjan,resilie,60,0,2251.4,2,4,1
CL00858,PULSE,Korhogo,resilie,30,0,2252.1666666666665,2,5,1
CL07396,SENIOR,Korhogo,resilie,121,0,2252.3333333333335,1,4,1
CL01828,ETUDIANT,Abidjan,resilie,183,2,2254.0,1,1,1
CL06063,PULSE,Korhogo,resilie,60,2,2254.0,2,1,1
CL00964,PULSE,Yamoussoukro,resilie,30,0,2254.8333333333335,2,5,1
CL05402,PULSE,Abidjan,resilie,30,1,2255.8333333333335,5,1,1
CL04283,ETUDIANT,Yamoussoukro,resilie,183,0,2257.0,1,4,1
CL06189,PULSE,Bouake,resilie,60,2,2257.2,2,1,1
CL03133,PULSE,Abidjan,resilie,30,2,2259.4,4,1,1
CL03595,PULSE,Bouake,resilie,60,2,2259.6,2,1,1
CL05211,PULSE,Abidjan,resilie,30,2,2268.0,3,1,1
CL02277,PULSE,Abidjan,resilie,60,1,2268.6,2,1,1
CL00734,PULSE,Abidjan,resilie,30,3,2273.8333333333335,5,1,1
CL02849,PULSE,Abidjan,resilie,30,5,2275.4,5,1,1
CL00385,PULSE,Bouake,resilie,30,1,2282.8333333333335,4,1,1
CL05592,PULSE,Abidjan,resilie,60,0,2284.6,2,4,1
CL04085,ETUDIANT,Abidjan,resilie,121,0,2285.3333333333335,1,4,1
CL02042,PULSE,Abidjan,resilie,60,0,2289.0,2,4,1
CL04743,SENIOR,Abidjan,resilie,152,0,2289.5,1,4,1
CL05615,PULSE,Bouake,resilie,30,1,2295.1666666666665,3,1,1
CL03320,PULSE,Abidjan,resilie,60,0,2298.2,2,4,1
CL02547,PULSE,Bouake,resilie,30,2,2298.5,5,1,1
CL07236,PULSE,Yamoussoukro,resilie,30,1,2299.8333333333335,4,1,1
CL07814,PULSE,Abidjan,resilie,60,2,2300.6,2,1,1
CL06104,PULSE,Yamoussoukro,resilie,60,1,2303.0,2,1,1
CL07348,PULSE,Abidjan,resilie,30,2,2304.8333333333335,5,1,1
CL06873,PULSE,Yamoussoukro,resilie,60,3,2311.8,2,1,1
CL04375,PULSE,Abidjan,resilie,91,0,2316.75,1,4,1
CL01104,PULSE,Abidjan,resilie,60,2,2319.2,2,1,1
CL00947,PULSE,Bouake,resilie,30,0,2321.0,2,5,1
CL05644,PULSE,Bouake,resilie,30,1,2325.0,3,1,1
CL00758,PULSE,Abidjan,resilie,30,1,2326.6666666666665,4,1,1
CL07473,PULSE,Yamoussoukro,resilie,30,0,2330.0,2,5,1
CL05824,PULSE,Abidjan,resilie,30,2,2331.0,4,1,1
CL04275,PULSE,Abidjan,resilie,60,0,2331.6,2,4,1
CL07961,PULSE,Abidjan,resilie,30,1,2333.0,4,1,1
CL06295,PULSE,Bouake,resilie,60,0,2336.8,2,4,1
CL03892,PULSE,Bouake,resilie,30,1,2337.0,4,1,1
CL00847,PULSE,Abidjan,resilie,30,1,2337.1666666666665,4,1,1
CL03559,PULSE,San-Pedro,resilie,30,1,2338.6666666666665,5,1,1
CL07131,PULSE,Abidjan,resilie,60,0,2349.8,2,4,1
CL04486,ETUDIANT,Abidjan,resilie,121,1,2356.0,1,1,1
CL00824,PULSE,Abidjan,resilie,30,0,2357.6666666666665,2,5,1
CL03030,PULSE,Bouake,resilie,30,0,2357.8333333333335,2,5,1
CL01251,PULSE,San-Pedro,resilie,60,0,2362.2,2,4,1
CL01909,ETUDIANT,San-Pedro,resilie,121,0,2367.0,1,4,1
CL06809,ETUDIANT,Bouake,resilie,183,0,2375.0,1,5,1
CL05441,ETUDIANT,Bouake,resilie,152,0,2377.0,1,4,1
CL03598,PULSE,Abidjan,resilie,30,1,2379.1666666666665,3,2,1
CL04822,ETUDIANT,Abidjan,resilie,121,0,2379.3333333333335,1,4,1
CL00823,SENIOR,Abidjan,resilie,91,4,2383.75,1,1,1
CL04588,PULSE,Bouake,resilie,30,0,2384.8333333333335,2,5,1
CL06910,PULSE,Abidjan,resilie,30,2,2386.6666666666665,4,1,1
CL05252,PULSE,Abidjan,resilie,30,0,2392.3333333333335,4,3,1
CL03277,PULSE,Bouake,resilie,30,3,2394.8333333333335,4,1,1
CL03442,ETUDIANT,Abidjan,resilie,152,0,2396.0,1,4,1
CL06545,PULSE,Bouake,resilie,60,1,2398.0,2,1,1
CL06609,ETUDIANT,Bouake,resilie,183,0,2399.0,1,4,1
CL00539,ETUDIANT,Bouake,resilie,121,1,2402.0,1,1,1
CL05444,PULSE,Abidjan,resilie,30,1,2406.8333333333335,3,1,1
CL05526,ETUDIANT,Abidjan,resilie,183,0,2411.0,1,4,1
CL02871,ETUDIANT,Abidjan,resilie,121,0,2411.6666666666665,1,4,1
CL07182,ETUDIANT,Bouake,resilie,183,0,2416.0,1,4,1
CL04832,PULSE,Abidjan,resilie,30,1,2418.4,3,1,1
CL06500,PULSE,Abidjan,resilie,30,0,2422.0,5,2,1
CL00176,PULSE,Abidjan,resilie,60,0,2425.0,2,4,1
CL06264,PULSE,Korhogo,resilie,30,2,2426.6666666666665,2,1,1
CL01805,PULSE,Abidjan,resilie,60,0,2427.6,2,4,1
CL02816,PULSE,Abidjan,resilie,30,3,2430.8333333333335,2,1,1
CL05367,ETUDIANT,Abidjan,resilie,121,0,2440.0,1,4,1
CL06423,PULSE,Yamoussoukro,resilie,30,0,2442.1666666666665,5,2,1
CL03887,ETUDIANT,Abidjan,resilie,121,0,2442.3333333333335,1,4,1
CL02468,PULSE,Yamoussoukro,resilie,30,2,2447.3333333333335,4,1,1
CL01968,PULSE,Abidjan,resilie,60,3,2448.8,2,1,1
CL06513,PULSE,Korhogo,resilie,30,2,2465.4,2,1,1
CL06116,ETUDIANT,Abidjan,resilie,183,0,2478.0,1,4,1
CL07613,SENIOR,Bouake,resilie,152,1,2484.0,1,1,1
CL06693,PULSE,San-Pedro,resilie,30,0,2489.6,4,3,1
CL06458,PULSE,San-Pedro,resilie,30,1,2492.5,4,1,1
CL01399,ETUDIANT,Abidjan,resilie,121,1,2498.0,1,1,1
CL00151,PULSE,Bouake,resilie,30,2,2508.5,2,1,1
CL07575,PULSE,Abidjan,resilie,30,0,2511.1666666666665,5,2,1
CL04950,ETUDIANT,San-Pedro,resilie,152,0,2518.0,1,4,1
CL01285,PULSE,San-Pedro,resilie,30,5,2524.8333333333335,5,1,1
CL00347,ETUDIANT,Abidjan,resilie,121,0,2536.6666666666665,1,4,1
CL02780,ETUDIANT,Korhogo,resilie,121,1,2541.0,1,1,1
CL04261,ETUDIANT,Abidjan,resilie,183,0,2541.0,1,4,1
CL03682,ETUDIANT,Abidjan,resilie,121,2,2541.6666666666665,1,1,1
CL00792,PULSE,Abidjan,resilie,30,0,2547.6666666666665,3,5,1
CL04748,ETUDIANT,Abidjan,resilie,121,5,2562.3333333333335,1,1,1
CL06582,ETUDIANT,Abidjan,resilie,183,0,2568.0,1,4,1
CL02164,ETUDIANT,San-Pedro,resilie,91,1,2573.0,1,1,1
CL02144,ETUDIANT,Bouake,resilie,152,0,2587.0,1,4,1
CL05379,SENIOR,Korhogo,resilie,30,0,2595.75,2,5,2
CL04867,ETUDIANT,Abidjan,resilie,121,2,2602.3333333333335,1,1,2
CL06193,ETUDIANT,Bouake,resilie,152,0,2608.0,1,4,2
CL03773,SENIOR,San-Pedro,resilie,152,2,2610.0,1,1,2
CL03941,ETUDIANT,Yamoussoukro,resilie,183,0,2633.0,1,4,2
CL06953,ETUDIANT,Abidjan,resilie,30,1,2639.75,4,1,2
CL02209,PULSE,Abidjan,actif,30,0,2639.8333333333335,3,3,2
CL05370,SENIOR,Bouake,resilie,30,2,2651.5,3,1,2
CL05257,SENIOR,San-Pedro,resilie,91,1,2657.0,1,1,2
CL07729,SENIOR,Yamoussoukro,resilie,91,0,2662.5,2,4,2
CL07173,ETUDIANT,Bouake,resilie,152,0,2665.0,1,4,2
CL03710,SENIOR,Bouake,resilie,91,0,2673.5,1,4,2
CL05722,SENIOR,Korhogo,resilie,30,4,2681.75,4,1,2
CL03022,SENIOR,San-Pedro,resilie,152,0,2683.5,1,4,2
CL05345,PULSE,Abidjan,actif,30,1,2683.6,5,1,2
CL06336,SENIOR,Yamoussoukro,resilie,91,0,2689.5,1,4,2
CL05895,PULSE,San-Pedro,actif,30,0,2689.5,2,5,2
CL00519,SENIOR,Abidjan,resilie,91,1,2693.0,1,1,2
CL05145,PULSE,Bouake,actif,30,0,2706.0,3,3,2
CL06754,ETUDIANT,Abidjan,resilie,152,0,2709.0,1,4,2
CL02800,SENIOR,Abidjan,resilie,30,5,2709.75,2,1,2
CL06855,ETUDIANT,Abidjan,resilie,152,2,2719.5,1,1,2
CL04839,PULSE,Yamoussoukro,actif,30,0,2721.3333333333335,3,5,2
CL06552,SENIOR,Abidjan,resilie,60,1,2721.6,2,1,2
CL02861,ETUDIANT,Abidjan,resilie,30,0,2722.25,3,3,2
CL01131,PULSE,Yamoussoukro,actif,30,1,2722.5,5,1,2
CL07922,PULSE,Bouake,actif,30,1,2727.4,4,1,2
CL04702,ETUDIANT,Abidjan,resilie,60,4,2734.5,2,1,2
CL07129,ETUDIANT,Bouake,resilie,121,0,2735.3333333333335,1,4,2
CL00257,ETUDIANT,Abidjan,resilie,152,0,2742.5,1,4,2
CL04186,PULSE,Bouake,actif,30,1,2746.3333333333335,5,1,2
CL04629,SENIOR,Bouake,resilie,183,0,2747.0,1,4,2
CL02567,PULSE,Bouake,actif,30,0,2757.6666666666665,3,3,2
CL06964,PULSE,Abidjan,actif,30,0,2759.5,2,5,2
CL00020,PULSE,Yamoussoukro,actif,30,1,2760.3333333333335,3,2,2
CL05844,ETUDIANT,Abidjan,resilie,91,4,2760.5,1,1,2
CL01678,PULSE,Bouake,actif,30,0,2762.8333333333335,3,5,2
CL02971,PULSE,Abidjan,actif,30,0,2763.3333333333335,3,3,2
CL01780,PULSE,Yamoussoukro,actif,30,0,2765.6666666666665,4,3,2
CL02708,PULSE,Korhogo,actif,30,0,2767.0,3,5,2
CL04550,ETUDIANT,Abidjan,resilie,30,2,2767.25,5,1,2
CL06112,PULSE,Abidjan,actif,30,0,2770.6666666666665,5,2,2
CL04542,PULSE,Yamoussoukro,actif,30,1,2772.0,4,1,2
CL00704,PULSE,Yamoussoukro,actif,30,0,2772.8,5,2,2
CL03840,PULSE,Abidjan,actif,30,1,2773.6666666666665,4,1,2
CL02814,PULSE,San-Pedro,actif,30,1,2775.3333333333335,3,2,2
CL03016,PULSE,Bouake,actif,30,0,2778.1666666666665,5,2,2
CL01626,PULSE,Abidjan,actif,30,0,2779.1666666666665,5,2,2
CL06256,PULSE,Abidjan,actif,30,0,2780.3333333333335,2,5,2
CL04450,PULSE,Bouake,actif,30,0,2781.0,5,2,2
CL05996,ETUDIANT,San-Pedro,resilie,91,1,2786.5,2,1,2
CL05260,PULSE,Abidjan,actif,30,0,2787.8,2,5,2
CL04893,PULSE,Korhogo,actif,30,0,2788.3333333333335,5,2,2
CL02794,PULSE,Abidjan,actif,30,0,2789.2,4,3,2
CL01352,PULSE,Abidjan,actif,30,0,2792.3333333333335,4,3,2
CL00941,PULSE,Bouake,actif,30,0,2794.0,4,3,2
CL03734,PULSE,Yamoussoukro,actif,30,3,2795.0,3,1,2
CL04912,PULSE,Abidjan,actif,30,0,2796.1666666666665,3,3,2
CL01927,PULSE,Bouake,actif,30,0,2796.1666666666665,4,3,2
CL01152,PULSE,Abidjan,actif,30,0,2797.0,5,2,2
CL07274,PULSE,Bouake,actif,30,0,2799.0,3,5,2
CL06439,PULSE,Korhogo,actif,30,1,2799.3333333333335,4,1,2
CL06435,PULSE,Abidjan,actif,30,0,2800.4,3,5,2
CL07406,PULSE,Abidjan,actif,30,0,2800.5,5,2,2
CL04133,PULSE,Abidjan,actif,30,0,2800.8333333333335,2,5,2
CL06844,PULSE,Abidjan,actif,30,0,2801.5,2,5,2
CL05263,PULSE,Abidjan,actif,30,1,2803.0,5,1,2
CL04352,PULSE,Abidjan,actif,30,0,2806.6666666666665,4,3,2
CL04880,PULSE,Bouake,actif,30,0,2806.8333333333335,4,3,2
CL00006,PULSE,Abidjan,actif,30,0,2807.1666666666665,4,3,2
CL03216,PULSE,Yamoussoukro,actif,30,0,2807.3333333333335,3,3,2
CL04876,PULSE,Korhogo,actif,30,0,2808.3333333333335,3,3,2
CL00473,PULSE,Yamoussoukro,actif,30,0,2808.6666666666665,4,3,2
CL03783,PULSE,Bouake,actif,30,0,2809.6,3,5,2
CL06735,SENIOR,Yamoussoukro,resilie,60,2,2809.8,2,1,2
CL02894,PULSE,Yamoussoukro,actif,30,0,2810.5,2,5,2
CL06719,PULSE,Abidjan,actif,30,0,2811.0,3,5,2
CL01837,PULSE,Bouake,actif,30,0,2812.0,2,5,2
CL04209,PULSE,Yamoussoukro,actif,30,0,2812.0,2,5,2
CL06501,PULSE,Abidjan,actif,30,0,2812.0,2,5,2
CL00265,PULSE,Abidjan,actif,30,0,2812.8333333333335,4,3,2
CL06199,PULSE,Abidjan,actif,30,0,2813.0,4,3,2
CL01127,PULSE,Yamoussoukro,actif,30,0,2813.5,4,3,2
CL01926,PULSE,Korhogo,actif,30,0,2814.0,4,3,2
CL00672,PULSE,San-Pedro,actif,30,2,2815.5,5,1,2
CL05482,PULSE,San-Pedro,actif,30,0,2815.6666666666665,4,3,2
CL05428,PULSE,Abidjan,actif,30,0,2817.3333333333335,5,2,2
CL06271,PULSE,Korhogo,actif,30,1,2817.6666666666665,3,1,2
CL00949,PULSE,Bouake,actif,30,0,2818.0,4,3,2
CL05863,PULSE,Abidjan,actif,30,0,2818.1666666666665,4,3,2
CL02913,PULSE,Korhogo,actif,30,1,2818.5,2,2,2
CL05271,PULSE,Yamoussoukro,actif,30,0,2820.0,4,3,2
CL00744,PULSE,Abidjan,actif,30,1,2820.1666666666665,5,1,2
CL04756,PULSE,Abidjan,actif,30,1,2820.3333333333335,5,1,2
CL05519,PULSE,Abidjan,actif,30,0,2821.3333333333335,2,5,2
CL05126,PULSE,Yamoussoukro,actif,30,0,2822.0,3,3,2
CL01820,PULSE,Abidjan,actif,30,0,2822.6,4,3,2
CL07502,PULSE,Korhogo,actif,30,0,2822.8,2,5,2
CL00670,SENIOR,Abidjan,resilie,60,0,2823.8,2,4,2
CL00063,PULSE,Bouake,actif,30,0,2825.1666666666665,4,3,2
CL04568,PULSE,Abidjan,actif,30,0,2825.3333333333335,3,3,2
CL07544,PULSE,Bouake,actif,30,0,2825.3333333333335,2,4,2
CL05154,PULSE,Bouake,actif,30,0,2825.8333333333335,4,3,2
CL06982,PULSE,Abidjan,actif,30,0,2828.3333333333335,5,2,2
CL01901,ETUDIANT,Yamoussoukro,resilie,30,4,2828.75,5,1,2
CL02028,PULSE,Yamoussoukro,actif,30,0,2829.6666666666665,2,5,2
CL01339,PULSE,Abidjan,actif,30,0,2831.0,5,2,2
CL05108,PULSE,Bouake,actif,30,0,2831.2,5,2,2
CL00934,PULSE,Bouake,actif,30,1,2831.8333333333335,5,1,2
CL03138,PULSE,Abidjan,actif,30,1,2833.0,3,2,2
CL06147,PULSE,Abidjan,actif,30,0,2833.3333333333335,2,5,2
CL03309,PULSE,Yamoussoukro,actif,30,0,2834.3333333333335,5,2,2
CL01605,PULSE,Abidjan,actif,30,0,2834.3333333333335,4,3,2
CL01709,PULSE,Bouake,actif,30,0,2834.3333333333335,2,5,2
CL02564,PULSE,Abidjan,actif,30,1,2835.1666666666665,4,1,2
CL04015,PULSE,Bouake,actif,30,0,2836.0,4,3,2
CL06975,PULSE,Abidjan,actif,30,0,2836.1666666666665,5,2,2
CL05907,PULSE,Korhogo,actif,30,0,2836.6666666666665,3,5,2
CL05316,PULSE,San-Pedro,actif,30,0,2837.0,3,5,2
CL02154,PULSE,Abidjan,actif,30,0,2837.3333333333335,5,2,2
CL02098,PULSE,Bouake,actif,30,1,2839.0,4,1,2
CL01799,PULSE,Abidjan,actif,30,0,2840.3333333333335,2,5,2
CL02129,PULSE,Abidjan,actif,30,0,2841.1666666666665,5,2,2
CL02384,ETUDIANT,Abidjan,resilie,91,1,2841.25,1,1,2
CL07335,PULSE,Abidjan,actif,30,1,2841.5,2,2,2
CL04418,PULSE,Abidjan,actif,30,0,2842.3333333333335,4,3,2
CL03912,PULSE,Abidjan,actif,30,0,2843.0,3,5,2
CL06716,SENIOR,Yamoussoukro,resilie,60,1,2843.2,2,1,2
CL06776,PULSE,Abidjan,actif,30,0,2844.0,3,3,2
CL02418,PULSE,San-Pedro,actif,30,0,2844.5,5,2,2
CL05770,PULSE,Korhogo,actif,30,0,2845.0,4,2,2
CL00154,PULSE,Abidjan,actif,30,0,2845.0,2,5,2
CL06005,PULSE,Bouake,actif,30,0,2845.3333333333335,2,5,2
CL07985,PULSE,Yamoussoukro,actif,30,0,2846.0,3,3,2
CL00041,PULSE,Abidjan,actif,30,0,2846.0,3,3,2
CL06117,PULSE,Abidjan,actif,30,0,2846.6666666666665,5,2,2
CL03972,PULSE,Abidjan,actif,30,0,2846.6666666666665,2,5,2
CL07917,ETUDIANT,San-Pedro,resilie,91,0,2847.25,1,4,2
CL00033,PULSE,Yamoussoukro,actif,30,0,2847.3333333333335,4,3,2
CL05933,PULSE,Bouake,actif,30,0,2847.8,2,5,2
CL05231,PULSE,Yamoussoukro,actif,30,0,2848.5,4,3,2
CL03894,PULSE,Bouake,actif,30,1,2849.0,4,1,2
CL02492,PULSE,Abidjan,actif,30,0,2849.0,3,5,2
CL06273,PULSE,Bouake,actif,30,1,2849.1666666666665,3,1,2
CL07109,PULSE,Abidjan,actif,30,1,2849.6666666666665,2,2,2
CL04137,PULSE,Abidjan,actif,30,0,2850.5,5,2,2
CL03418,PULSE,Abidjan,actif,30,0,2850.6666666666665,3,5,2
CL01873,PULSE,Abidjan,actif,30,2,2850.8,3,1,2
CL04916,PULSE,San-Pedro,actif,30,1,2851.0,4,1,2
CL05259,PULSE,Abidjan,actif,30,1,2851.0,3,2,2
CL05823,PULSE,Abidjan,actif,30,1,2851.1666666666665,2,2,2
CL07534,PULSE,Bouake,actif,30,0,2851.3333333333335,5,2,2
CL03152,PULSE,Yamoussoukro,actif,30,0,2851.6666666666665,4,3,2
CL05384,PULSE,Abidjan,actif,30,0,2852.5,2,5,2
CL00336,PULSE,Yamoussoukro,actif,30,1,2853.1666666666665,5,1,2
CL06748,PULSE,Korhogo,actif,30,0,2853.6666666666665,2,5,2
CL02350,PULSE,Abidjan,actif,30,0,2853.8,2,5,2
CL06213,PULSE,Abidjan,actif,30,0,2854.6666666666665,3,3,2
CL00726,PULSE,Abidjan,actif,30,1,2855.5,2,2,2
CL05621,ETUDIANT,Abidjan,resilie,91,0,2855.5,1,4,2
CL00436,PULSE,Korhogo,actif,30,0,2855.5,2,5,2
CL00022,PULSE,Abidjan,actif,30,2,2856.4,3,1,2
CL06707,PULSE,Abidjan,actif,30,0,2857.0,3,3,2
CL07343,PULSE,Abidjan,actif,30,1,2857.5,3,1,2
CL00771,PULSE,Abidjan,actif,30,0,2858.0,3,3,2
CL00495,PULSE,Korhogo,actif,30,0,2858.6666666666665,3,3,2
CL00147,PULSE,Abidjan,actif,30,1,2858.8,4,1,2
CL06203,ETUDIANT,San-Pedro,resilie,183,0,2859.0,1,4,2
CL01884,PULSE,Abidjan,actif,30,0,2859.1666666666665,4,3,2
CL07754,PULSE,Abidjan,actif,30,1,2859.3333333333335,5,1,2
CL06764,PULSE,San-Pedro,actif,30,0,2860.5,5,2,2
CL05872,PULSE,Yamoussoukro,actif,30,0,2861.1666666666665,2,5,2
CL01728,PULSE,Abidjan,actif,30,1,2862.0,3,2,2
CL07257,PULSE,Abidjan,actif,30,0,2862.1666666666665,5,2,2
CL03196,PULSE,Abidjan,actif,30,0,2862.25,3,3,2
CL04289,PULSE,Abidjan,actif,30,0,2862.3333333333335,4,3,2
CL02192,PULSE,Yamoussoukro,actif,30,0,2862.5,4,3,2
CL01414,PULSE,Abidjan,actif,30,0,2863.3333333333335,3,5,2
CL07124,PULSE,Abidjan,actif,30,1,2863.5,2,2,2
CL05220,PULSE,Abidjan,actif,30,2,2863.6666666666665,5,1,2
CL06810,PULSE,Abidjan,actif,30,0,2863.8333333333335,4,2,2
CL01579,PULSE,Abidjan,actif,30,0,2864.3333333333335,4,3,2
CL06187,PULSE,Abidjan,actif,30,0,2865.0,3,3,2
CL02149,PULSE,Abidjan,actif,30,1,2865.0,3,2,2
CL06258,PULSE,Abidjan,actif,30,0,2865.1666666666665,2,5,2
CL00175,PULSE,Abidjan,actif,30,0,2865.2,2,4,2
CL03934,PULSE,Abidjan,actif,30,0,2865.5,5,2,2
CL06413,PULSE,San-Pedro,actif,30,1,2865.6666666666665,5,1,2
CL03569,PULSE,Abidjan,actif,30,1,2865.8333333333335,2,2,2
CL01480,PULSE,Abidjan,actif,30,0,2868.3333333333335,3,5,2
CL06065,PULSE,Bouake,actif,30,0,2868.4,3,5,2
CL01343,PULSE,Bouake,actif,30,1,2868.5,2,2,2
CL00889,PULSE,Yamoussoukro,actif,30,0,2869.0,5,2,2
CL07515,PULSE,Abidjan,actif,30,1,2869.4,3,1,2
CL04382,PULSE,Abidjan,actif,30,1,2869.5,5,1,2
CL01784,PULSE,Bouake,actif,30,0,2869.6666666666665,5,2,2
CL02105,PULSE,Yamoussoukro,actif,30,0,2870.0,5,2,2
CL06969,PULSE,Yamoussoukro,actif,30,3,2870.1666666666665,3,1,2
CL01082,PULSE,Bouake,actif,30,0,2870.6,2,5,2
CL01227,PULSE,Bouake,actif,30,0,2870.8333333333335,4,3,2
CL07270,PULSE,Abidjan,actif,30,0,2871.3333333333335,2,5,2
CL01477,PULSE,Bouake,actif,30,0,2871.5,3,3,2
CL00547,PULSE,Abidjan,actif,30,0,2872.3333333333335,3,3,2
CL03930,PULSE,Abidjan,actif,30,0,2873.1666666666665,3,3,2
CL04123,PULSE,San-Pedro,actif,30,0,2873.1666666666665,5,2,2
CL02378,PULSE,Bouake,actif,30,0,2873.5,4,3,2
CL02141,PULSE,Abidjan,actif,30,0,2874.3333333333335,4,3,2
CL04341,PULSE,Abidjan,actif,30,0,2875.1666666666665,5,2,2
CL02502,PULSE,Korhogo,actif,30,0,2875.1666666666665,2,5,2
CL06448,PULSE,Abidjan,actif,30,0,2875.3333333333335,2,5,2
CL06410,PULSE,Abidjan,actif,30,1,2876.0,5,1,2
CL03737,PULSE,Abidjan,actif,30,1,2876.0,3,2,2
CL00845,PULSE,Abidjan,actif,30,0,2876.3333333333335,5,2,2
CL07914,PULSE,Korhogo,actif,30,0,2877.0,3,5,2
CL01984,PULSE,Bouake,actif,30,0,2877.1666666666665,3,3,2
CL00642,PULSE,Bouake,actif,30,0,2877.5,3,3,2
CL01739,PULSE,Bouake,actif,30,1,2878.1666666666665,5,1,2
CL05246,PULSE,Yamoussoukro,actif,30,0,2878.3333333333335,4,3,2
CL06502,PULSE,Abidjan,actif,30,0,2878.4,4,2,2
CL03292,PULSE,Abidjan,actif,30,0,2878.5,3,5,2
CL03656,PULSE,Abidjan,actif,30,0,2878.6666666666665,4,3,2
CL01666,PULSE,Bouake,actif,30,0,2878.6666666666665,2,5,2
CL07172,PULSE,Yamoussoukro,actif,30,0,2879.0,3,5,2
CL01366,PULSE,Korhogo,actif,30,0,2879.0,2,5,2
CL01940,PULSE,Abidjan,actif,30,0,2879.1666666666665,3,5,2
CL01519,PULSE,Abidjan,actif,30,0,2879.3333333333335,3,5,2
CL05177,PULSE,San-Pedro,actif,30,0,2880.1666666666665,4,3,2
CL01573,PULSE,Abidjan,actif,30,1,2880.2,5,1,2
CL00650,PULSE,Abidjan,actif,30,0,2880.3333333333335,5,3,2
CL04095,PULSE,Abidjan,actif,30,0,2880.4,5,2,2
CL01702,PULSE,Abidjan,actif,30,0,2881.3333333333335,3,3,2
CL01934,PULSE,Bouake,actif,30,0,2881.5,5,2,2
CL02610,PULSE,San-Pedro,actif,30,0,2881.8333333333335,4,3,2
CL03889,PULSE,Abidjan,actif,30,0,2882.5,3,5,2
CL03131,PULSE,Abidjan,actif,30,2,2882.8,5,1,2
CL04203,PULSE,Abidjan,actif,30,0,2883.0,2,5,2
CL04160,PULSE,Abidjan,actif,30,0,2884.5,3,5,2
CL01305,PULSE,Bouake,actif,30,0,2885.0,3,5,2
CL05380,PULSE,Bouake,actif,30,1,2885.3333333333335,4,1,2
CL07265,PULSE,Abidjan,actif,30,0,2885.5,2,4,2
CL03845,PULSE,Yamoussoukro,actif,30,0,2885.8,5,2,2
CL06328,PULSE,Abidjan,actif,30,0,2886.1666666666665,3,3,2
CL07763,PULSE,Abidjan,actif,30,0,2886.1666666666665,2,4,2
CL05140,PULSE,Bouake,actif,30,1,2886.3333333333335,3,1,2
CL00267,PULSE,Bouake,actif,30,0,2886.6666666666665,2,5,2
CL07186,PULSE,Korhogo,actif,30,0,2886.6666666666665,2,5,2
CL07524,PULSE,Abidjan,actif,30,1,2886.8,4,1,2
CL01864,PULSE,Yamoussoukro,actif,30,0,2886.8,2,5,2
CL02538,PULSE,Abidjan,actif,30,0,2886.8333333333335,5,2,2
CL07031,PULSE,Abidjan,actif,30,2,2887.0,2,1,2
CL04789,PULSE,Bouake,actif,30,1,2887.3333333333335,5,1,2
CL07107,PULSE,Abidjan,actif,30,0,2887.3333333333335,3,5,2
CL06067,PULSE,Abidjan,actif,30,0,2887.8333333333335,3,3,2
CL00471,PULSE,Abidjan,actif,30,0,2887.8333333333335,4,3,2
CL04315,PULSE,Bouake,actif,30,0,2887.8333333333335,3,5,2
CL00984,PULSE,Abidjan,actif,30,3,2888.0,2,1,2
CL05668,PULSE,Abidjan,actif,30,1,2888.5,3,1,2
CL00104,PULSE,Bouake,actif,30,0,2888.5,2,4,2
CL02216,PULSE,San-Pedro,actif,30,0,2888.6666666666665,5,2,2
CL05696,PULSE,Yamoussoukro,actif,30,0,2889.8333333333335,2,5,2
CL06008,PULSE,Abidjan,actif,30,0,2890.0,4,3,2
CL03165,PULSE,Abidjan,actif,30,0,2890.1666666666665,4,3,2
CL01011,PULSE,Bouake,actif,30,0,2890.5,4,3,2
CL03597,PULSE,Abidjan,actif,30,0,2890.6666666666665,5,2,2
CL04640,PULSE,Abidjan,actif,30,1,2890.8,4,1,2
CL03044,PULSE,San-Pedro,actif,30,1,2890.8333333333335,2,2,2
CL04062,PULSE,Abidjan,actif,30,0,2891.0,4,3,2
CL05793,ETUDIANT,Abidjan,resilie,30,2,2891.0,4,1,2
CL04452,PULSE,Abidjan,actif,30,1,2891.3333333333335,4,1,2
CL05546,PULSE,Abidjan,actif,30,0,2891.8333333333335,4,2,2
CL01499,PULSE,Abidjan,actif,30,0,2892.0,2,5,2
CL00048,PULSE,Abidjan,actif,30,0,2892.25,5,2,2
CL03602,PULSE,Bouake,actif,30,0,2892.5,4,3,2
CL07992,PULSE,Abidjan,actif,30,0,2892.8333333333335,4,3,2
CL00961,PULSE,Bouake,actif,30,0,2893.1666666666665,2,5,2
CL01130,PULSE,Abidjan,actif,30,0,2893.1666666666665,3,5,2
CL01201,PULSE,Yamoussoukro,actif,30,0,2893.1666666666665,2,5,2
CL05350,PULSE,Abidjan,actif,30,0,2893.8,2,5,2
CL02665,PULSE,Abidjan,actif,30,0,2894.0,5,2,2
CL04024,PULSE,Abidjan,actif,30,0,2894.5,5,2,2
CL03820,PULSE,Abidjan,actif,30,0,2895.3333333333335,3,3,2
CL01106,PULSE,Bouake,actif,30,0,2895.3333333333335,3,3,2
CL03928,PULSE,Abidjan,actif,30,0,2895.5,5,2,2
CL01271,PULSE,Abidjan,actif,30,0,2896.0,4,3,2
CL01261,ETUDIANT,Bouake,resilie,91,1,2896.25,1,1,2
CL07110,PULSE,Bouake,actif,30,0,2896.5,3,3,2
CL02488,PULSE,Abidjan,actif,30,1,2896.6,4,1,2
CL03718,PULSE,Abidjan,actif,30,0,2896.6666666666665,4,3,2
CL05840,PULSE,Abidjan,actif,30,1,2896.8333333333335,2,1,2
CL01317,PULSE,Yamoussoukro,actif,30,0,2897.1666666666665,3,3,2
CL04416,PULSE,San-Pedro,actif,30,0,2897.5,2,5,2
CL04688,PULSE,Abidjan,actif,30,1,2898.0,4,1,2
CL04296,PULSE,Abidjan,actif,30,0,2898.0,3,5,2
CL03834,PULSE,Abidjan,actif,30,1,2898.1666666666665,4,1,2
CL00373,PULSE,San-Pedro,actif,30,0,2898.3333333333335,4,3,2
CL01469,PULSE,Abidjan,actif,30,0,2898.5,2,5,2
CL07643,PULSE,Abidjan,actif,30,1,2899.1666666666665,5,1,2
CL03387,PULSE,Yamoussoukro,actif,30,1,2899.1666666666665,3,2,2
CL02516,PULSE,Abidjan,actif,30,1,2899.1666666666665,4,1,2
CL07139,PULSE,Abidjan,actif,30,0,2899.5,3,3,2
CL07921,ETUDIANT,Korhogo,resilie,91,1,2900.25,2,1,2
CL01670,PULSE,Abidjan,actif,30,1,2900.5,3,2,2
CL03352,PULSE,Abidjan,actif,30,0,2900.6666666666665,5,2,2
CL03397,PULSE,Abidjan,actif,30,1,2900.6666666666665,3,1,2
CL06956,PULSE,San-Pedro,actif,30,0,2901.3333333333335,2,5,2
CL03461,PULSE,Bouake,actif,30,0,2901.6666666666665,5,2,2
CL02076,PULSE,Korhogo,actif,30,1,2901.6666666666665,5,1,2
CL06543,PULSE,Yamoussoukro,actif,30,1,2901.8,2,1,2
CL06535,PULSE,Abidjan,actif,30,0,2902.1666666666665,5,2,2
CL06134,PULSE,Abidjan,actif,30,0,2902.3333333333335,5,2,2
CL04204,PULSE,Abidjan,actif,30,0,2902.6666666666665,5,2,2
CL01324,PULSE,Abidjan,actif,30,2,2902.6666666666665,2,1,2
CL04518,PULSE,Abidjan,actif,30,0,2902.8333333333335,5,2,2
CL07839,PULSE,Bouake,actif,30,0,2902.8333333333335,4,3,2
CL01403,PULSE,Korhogo,actif,30,0,2902.8333333333335,3,3,2
CL07363,PULSE,Bouake,actif,30,0,2903.5,5,2,2
CL06169,PULSE,Yamoussoukro,actif,30,0,2903.8,4,2,2
CL02503,PULSE,Abidjan,actif,30,0,2904.0,5,2,2
CL01932,PULSE,Bouake,actif,30,1,2904.0,4,1,2
CL04190,PULSE,Bouake,actif,30,1,2904.1666666666665,4,1,2
CL04892,PULSE,Abidjan,actif,30,0,2904.1666666666665,4,3,2
CL07670,PULSE,Korhogo,actif,30,0,2904.3333333333335,3,3,2
CL01673,PULSE,Bouake,actif,30,0,2904.3333333333335,4,3,2
CL04191,PULSE,Yamoussoukro,actif,30,0,2904.6,5,2,2
CL06094,PULSE,Abidjan,actif,30,1,2905.0,2,1,2
CL07371,PULSE,Korhogo,actif,30,1,2905.3333333333335,3,1,2
CL00729,PULSE,Abidjan,actif,30,1,2905.4,3,1,2
CL07750,PULSE,Bouake,actif,30,0,2905.8333333333335,3,5,2
CL05015,PULSE,Bouake,actif,30,1,2906.0,4,1,2
CL03851,PULSE,Abidjan,actif,30,0,2906.5,3,3,2
CL04660,PULSE,Yamoussoukro,actif,30,0,2906.5,5,2,2
CL00543,PULSE,Abidjan,actif,30,0,2907.1666666666665,5,2,2
CL05638,PULSE,Yamoussoukro,actif,30,0,2907.6666666666665,4,2,2
CL05469,PULSE,Korhogo,actif,30,0,2908.1666666666665,5,2,2
CL01209,PULSE,Abidjan,actif,30,0,2908.8333333333335,2,5,2
CL02012,PULSE,Bouake,actif,30,1,2909.0,4,1,2
CL02969,PULSE,Abidjan,actif,30,0,2909.3333333333335,5,2,2
CL01237,PULSE,San-Pedro,actif,30,0,2909.8,2,5,2
CL00647,PULSE,Bouake,actif,30,0,2909.8333333333335,5,2,2
CL07381,PULSE,Abidjan,actif,30,0,2909.8333333333335,3,5,2
CL00994,PULSE,Bouake,actif,30,0,2911.0,4,3,2
CL07937,PULSE,Bouake,actif,30,2,2911.0,5,1,2
CL04590,PULSE,Abidjan,actif,30,0,2911.6666666666665,5,2,2
CL07988,PULSE,Bouake,actif,30,0,2911.8333333333335,4,3,2
CL01291,PULSE,Bouake,actif,30,0,2912.5,4,3,2
CL07104,PULSE,Bouake,actif,30,0,2912.5,2,4,2
CL02608,PULSE,Abidjan,actif,30,1,2912.8333333333335,2,2,2
CL04237,ETUDIANT,Abidjan,resilie,91,0,2913.0,1,4,2
CL03408,PULSE,Yamoussoukro,actif,30,1,2913.1666666666665,4,1,2
CL03886,PULSE,Abidjan,actif,30,0,2913.8333333333335,3,5,2
CL04424,PULSE,Abidjan,actif,30,0,2914.1666666666665,4,3,2
CL06821,PULSE,San-Pedro,actif,30,0,2914.1666666666665,5,2,2
CL01571,PULSE,Abidjan,actif,30,0,2914.3333333333335,5,2,2
CL04631,PULSE,Korhogo,actif,30,0,2914.5,2,5,2
CL02579,PULSE,Abidjan,actif,30,0,2914.5,3,5,2
CL04620,PULSE,San-Pedro,actif,30,0,2914.8333333333335,2,5,2
CL04041,ETUDIANT,Yamoussoukro,resilie,91,0,2915.5,2,4,2
CL05303,PULSE,Abidjan,actif,30,0,2915.6666666666665,2,5,2
CL01419,PULSE,Abidjan,actif,30,0,2916.1666666666665,4,3,2
CL04089,PULSE,Abidjan,actif,30,0,2916.3333333333335,5,2,2
CL04701,PULSE,Abidjan,actif,30,0,2916.3333333333335,2,5,2
CL00180,PULSE,Abidjan,actif,30,0,2916.4,3,3,2
CL02233,PULSE,Bouake,actif,30,0,2916.5,5,2,2
CL07854,ETUDIANT,Abidjan,resilie,91,0,2916.75,2,4,2
CL06965,PULSE,Abidjan,actif,30,0,2917.0,2,5,2
CL01072,PULSE,San-Pedro,actif,30,0,2918.0,3,5,2
CL00368,PULSE,Bouake,actif,30,1,2918.25,3,2,2
CL01174,PULSE,Korhogo,actif,30,0,2918.5,4,3,2
CL01556,PULSE,Abidjan,actif,30,1,2918.5,4,1,2
CL06422,PULSE,Bouake,actif,30,0,2918.6666666666665,4,3,2
CL05684,PULSE,San-Pedro,actif,30,0,2918.8333333333335,3,3,2
CL03767,PULSE,Abidjan,actif,30,0,2919.0,5,2,2
CL07571,PULSE,Korhogo,actif,30,0,2919.0,3,5,2
CL02602,PULSE,Abidjan,actif,30,0,2919.3333333333335,3,5,2
CL06428,PULSE,Abidjan,actif,30,0,2919.6,5,2,2
CL01222,PULSE,Abidjan,actif,30,0,2919.6666666666665,3,5,2
CL02198,PULSE,Bouake,actif,30,1,2920.3333333333335,4,1,2
CL04907,PULSE,Korhogo,actif,30,0,2920.3333333333335,3,5,2
CL07247,PULSE,Abidjan,actif,30,1,2920.5,5,1,2
CL04111,PULSE,San-Pedro,actif,30,0,2920.8333333333335,2,5,2
CL02390,PULSE,Abidjan,actif,30,0,2921.1666666666665,5,2,2
CL00087,PULSE,Abidjan,actif,30,1,2921.3333333333335,3,2,2
CL03166,PULSE,Bouake,actif,30,0,2921.6,2,5,2
CL00335,PULSE,Bouake,actif,30,1,2921.6666666666665,5,1,2
CL05591,PULSE,San-Pedro,actif,30,0,2922.0,5,2,2
CL03498,PULSE,Abidjan,actif,30,2,2922.6666666666665,3,1,2
CL00061,PULSE,Abidjan,actif,30,0,2923.0,4,3,2
CL03976,PULSE,Korhogo,actif,30,0,2923.0,3,5,2
CL02227,PULSE,Bouake,actif,30,0,2923.1666666666665,2,5,2
CL04136,PULSE,Abidjan,actif,30,0,2923.5,5,2,2
CL00605,PULSE,Abidjan,actif,30,0,2923.5,2,5,2
CL00968,PULSE,Abidjan,actif,30,1,2923.6666666666665,5,1,2
CL06465,PULSE,Bouake,actif,30,0,2923.8333333333335,5,2,2
CL01196,PULSE,San-Pedro,actif,30,0,2924.1666666666665,4,3,2
CL07360,PULSE,Abidjan,actif,30,0,2924.5,3,5,2
CL04818,PULSE,Abidjan,actif,30,0,2924.6666666666665,2,5,2
CL05111,PULSE,San-Pedro,actif,30,0,2924.8333333333335,5,2,2
CL04407,PULSE,Bouake,actif,30,0,2925.1666666666665,4,3,2
CL01342,PULSE,Abidjan,actif,30,0,2925.1666666666665,4,3,2
CL07856,PULSE,Abidjan,actif,30,1,2925.3333333333335,4,1,2
CL01140,PULSE,Korhogo,actif,30,1,2925.3333333333335,4,1,2
CL00380,PULSE,Abidjan,actif,30,0,2925.3333333333335,3,5,2
CL00207,PULSE,Yamoussoukro,actif,30,0,2925.5,4,3,2
CL01803,ETUDIANT,Bouake,resilie,30,6,2925.5,2,1,2
CL07388,PULSE,Abidjan,actif,30,0,2925.5,2,5,2
CL07219,PULSE,Abidjan,actif,30,0,2925.8333333333335,4,3,2
CL02066,PULSE,Bouake,actif,30,0,2925.8333333333335,3,3,2
CL00278,PULSE,Yamoussoukro,actif,30,0,2925.8333333333335,2,4,2
CL02095,PULSE,Bouake,actif,30,0,2926.1666666666665,3,3,2
CL07885,PULSE,Korhogo,actif,30,0,2926.3333333333335,3,3,2
CL06186,PULSE,Abidjan,actif,30,0,2926.5,3,3,2
CL02046,PULSE,Bouake,actif,30,0,2926.5,4,3,2
CL07035,PULSE,Abidjan,actif,30,0,2926.6666666666665,4,2,2
CL02479,PULSE,San-Pedro,actif,30,0,2926.8333333333335,3,5,2
CL03791,PULSE,Korhogo,actif,30,0,2927.1666666666665,4,3,2
CL01390,PULSE,Abidjan,actif,30,1,2927.4,2,2,2
CL03178,PULSE,Abidjan,actif,30,1,2927.4,3,2,2
CL03192,PULSE,Abidjan,actif,30,1,2927.5,4,1,2
CL07873,PULSE,Abidjan,actif,30,1,2927.6,5,1,2
CL05724,PULSE,Bouake,actif,30,0,2927.6666666666665,4,3,2
CL02909,PULSE,Abidjan,actif,30,0,2927.6666666666665,2,5,2
CL03614,PULSE,Korhogo,actif,30,1,2927.8333333333335,5,1,2
CL06908,SENIOR,Abidjan,resilie,30,1,2928.0,5,1,2
CL07627,PULSE,Abidjan,actif,30,0,2928.3333333333335,4,3,2
CL07092,PULSE,Bouake,actif,30,1,2928.5,5,1,2
CL00797,PULSE,Abidjan,actif,30,0,2928.8333333333335,5,2,2
CL00277,SENIOR,Abidjan,resilie,60,0,2929.4,2,4,2
CL02004,PULSE,Abidjan,actif,30,0,2929.5,4,3,2
CL06486,PULSE,Abidjan,actif,30,1,2929.6666666666665,5,1,2
CL02628,PULSE,Abidjan,actif,30,0,2929.6666666666665,2,5,2
CL04470,ETUDIANT,Abidjan,resilie,30,2,2929.75,2,1,2
CL04058,PULSE,Yamoussoukro,actif,30,0,2929.8333333333335,4,3,2
CL03055,PULSE,Abidjan,actif,30,1,2930.1666666666665,2,2,2
CL01859,PULSE,Korhogo,actif,30,1,2930.1666666666665,5,1,2
CL04747,PULSE,San-Pedro,actif,30,0,2930.5,4,3,2
CL07734,PULSE,Bouake,actif,30,0,2930.5,2,4,2
CL04337,PULSE,Abidjan,actif,30,1,2930.6666666666665,4,1,2
CL03451,PULSE,Korhogo,actif,30,0,2931.0,3,5,2
CL07623,PULSE,Abidjan,actif,30,0,2931.6,2,4,2
CL05701,PULSE,San-Pedro,actif,30,0,2931.8,4,3,2
CL04851,PULSE,Abidjan,actif,30,0,2931.8333333333335,5,2,2
CL00556,PULSE,Korhogo,actif,30,0,2931.8333333333335,2,5,2
CL05828,PULSE,Abidjan,actif,30,0,2932.0,5,2,2
CL02303,PULSE,San-Pedro,actif,30,1,2932.0,5,1,2
CL02960,PULSE,Abidjan,actif,30,0,2932.2,4,3,2
CL01273,PULSE,Abidjan,actif,30,0,2932.8333333333335,5,2,2
CL01562,PULSE,Abidjan,actif,30,0,2933.0,3,5,2
CL02805,PULSE,Abidjan,actif,30,1,2933.3333333333335,3,1,2
CL04428,PULSE,Abidjan,actif,30,1,2934.2,2,2,2
CL07233,PULSE,Abidjan,actif,30,0,2934.8333333333335,5,2,2
CL04751,PULSE,Bouake,actif,30,0,2934.8333333333335,3,3,2
CL03497,PULSE,Abidjan,actif,30,0,2935.0,3,3,2
CL00529,PULSE,Abidjan,actif,30,0,2935.0,5,2,2
CL07694,PULSE,Abidjan,actif,30,0,2935.6666666666665,3,3,2
CL00184,PULSE,Abidjan,actif,30,0,2935.6666666666665,5,2,2
CL01876,PULSE,Abidjan,actif,30,0,2936.0,4,3,2
CL03895,PULSE,Bouake,actif,30,1,2936.1666666666665,4,1,2
CL06845,PULSE,Korhogo,actif,30,0,2936.1666666666665,2,5,2
CL03271,PULSE,Abidjan,actif,30,0,2936.1666666666665,3,5,2
CL02022,PULSE,Abidjan,actif,30,0,2936.3333333333335,4,3,2
CL07978,PULSE,Abidjan,actif,30,0,2936.6666666666665,2,5,2
CL02523,PULSE,Bouake,actif,30,0,2936.6666666666665,3,5,2
CL06916,PULSE,Abidjan,actif,30,0,2936.6666666666665,2,5,2
CL03484,PULSE,Korhogo,actif,30,0,2936.8333333333335,4,3,2
CL01349,PULSE,Abidjan,actif,30,1,2937.0,5,1,2
CL04322,PULSE,Bouake,actif,30,0,2937.1666666666665,5,2,2
CL04487,PULSE,Abidjan,actif,30,0,2937.1666666666665,5,2,2
CL03060,PULSE,Bouake,actif,30,1,2937.5,3,2,2
CL05136,PULSE,Abidjan,actif,30,0,2937.5,3,5,2
CL05817,PULSE,Abidjan,actif,30,0,2937.6666666666665,5,2,2
CL01229,PULSE,Bouake,actif,30,0,2937.8,5,2,2
CL02264,PULSE,Abidjan,actif,30,2,2938.25,2,1,2
CL06338,PULSE,Bouake,actif,30,1,2938.3333333333335,3,1,2
CL04873,PULSE,Bouake,actif,30,0,2938.5,5,2,2
CL05833,PULSE,Abidjan,actif,30,0,2938.5,4,3,2
CL02295,PULSE,Yamoussoukro,actif,30,0,2938.6666666666665,5,2,2
CL03962,PULSE,San-Pedro,actif,30,1,2938.6666666666665,3,2,2
CL04627,PULSE,Abidjan,actif,30,0,2938.8333333333335,5,2,2
CL00356,PULSE,Yamoussoukro,actif,30,0,2939.0,2,5,2
CL06876,PULSE,Bouake,actif,30,1,2939.2,2,2,2
CL03028,PULSE,Abidjan,actif,30,0,2939.3333333333335,3,3,2
CL01185,PULSE,Abidjan,actif,30,0,2939.3333333333335,2,5,2
CL00735,PULSE,Abidjan,actif,30,0,2939.3333333333335,2,5,2
CL07459,PULSE,Bouake,actif,30,0,2939.6,5,2,2
CL02758,PULSE,Abidjan,actif,30,0,2939.6666666666665,4,3,2
CL02963,PULSE,Bouake,actif,30,1,2939.8333333333335,3,1,2
CL06078,PULSE,Abidjan,actif,30,1,2940.0,3,1,2
CL00095,PULSE,Abidjan,actif,30,0,2940.0,2,5,2
CL07094,PULSE,Abidjan,actif,30,0,2940.1666666666665,5,2,2
CL04504,PULSE,Korhogo,actif,30,0,2940.6,2,5,2
CL05589,PULSE,Abidjan,actif,30,0,2940.6666666666665,2,5,2
CL01029,PULSE,Abidjan,actif,30,0,2940.8333333333335,5,2,2
CL07158,PULSE,Abidjan,actif,30,0,2940.8333333333335,3,3,2
CL01729,PULSE,Abidjan,actif,30,0,2941.0,3,3,2
CL03107,PULSE,Abidjan,actif,30,0,2941.3333333333335,5,2,2
CL06508,PULSE,Bouake,actif,30,0,2941.6666666666665,5,2,2
CL01665,PULSE,Bouake,actif,30,0,2943.0,5,2,2
CL03355,PULSE,Abidjan,actif,30,1,2943.1666666666665,4,1,2
CL06742,PULSE,Yamoussoukro,actif,30,0,2943.5,4,2,2
CL03167,PULSE,Korhogo,actif,30,0,2944.0,5,2,2
CL01988,PULSE,Korhogo,actif,30,0,2944.2,4,3,2
CL05438,PULSE,Abidjan,actif,30,0,2944.3333333333335,5,2,2
CL03518,ETUDIANT,Abidjan,resilie,121,0,2944.3333333333335,1,4,2
CL07510,PULSE,Abidjan,actif,30,0,2944.5,5,2,2
CL00580,PULSE,Bouake,actif,30,1,2944.5,3,2,2
CL01408,PULSE,Yamoussoukro,actif,30,0,2944.6666666666665,5,2,2
CL04575,PULSE,San-Pedro,actif,30,0,2944.8333333333335,4,3,2
CL07760,PULSE,Abidjan,actif,30,1,2944.8333333333335,2,2,2
CL05851,PULSE,Abidjan,actif,30,0,2944.8333333333335,2,5,2
CL03902,PULSE,Abidjan,actif,30,0,2944.8333333333335,2,5,2
CL04080,PULSE,Abidjan,actif,30,0,2945.0,3,3,2
CL02956,PULSE,Abidjan,actif,30,0,2945.0,4,3,2
CL06920,PULSE,Bouake,actif,30,0,2945.1666666666665,4,3,2
CL07572,PULSE,Abidjan,actif,30,0,2945.5,5,2,2
CL00089,PULSE,Yamoussoukro,actif,30,1,2945.5,5,1,2
CL07590,PULSE,Abidjan,actif,30,0,2945.6666666666665,2,5,2
CL04729,PULSE,Abidjan,actif,30,0,2945.6666666666665,3,5,2
CL07717,PULSE,Abidjan,actif,30,0,2945.6666666666665,2,5,2
CL04580,PULSE,Abidjan,actif,30,1,2945.8333333333335,4,1,2
CL06553,PULSE,Yamoussoukro,actif,30,0,2946.0,3,3,2
CL04291,PULSE,San-Pedro,actif,30,0,2946.0,3,3,2
CL01624,PULSE,Abidjan,actif,30,1,2946.0,4,1,2
CL02635,PULSE,San-Pedro,actif,30,0,2946.0,2,5,2
CL00224,PULSE,Abidjan,actif,30,0,2946.1666666666665,4,3,2
CL03283,PULSE,Bouake,actif,30,0,2946.1666666666665,2,5,2
CL04750,PULSE,Abidjan,actif,30,2,2946.6,5,1,2
CL05314,PULSE,Abidjan,actif,30,0,2946.8333333333335,5,2,2
CL02256,PULSE,Abidjan,actif,30,0,2946.8333333333335,5,2,2
CL06327,PULSE,Abidjan,actif,30,1,2946.8333333333335,4,1,2
CL02396,PULSE,Bouake,actif,30,0,2947.0,2,5,2
CL01602,PULSE,Abidjan,actif,30,0,2947.5,5,2,2
CL05323,PULSE,Yamoussoukro,actif,30,1,2947.5,2,2,2
CL01120,PULSE,Abidjan,actif,30,0,2947.5,2,5,2
CL01435,PULSE,Korhogo,actif,30,0,2947.6666666666665,2,5,2
CL06291,PULSE,Abidjan,actif,30,2,2947.8333333333335,2,1,2
CL04157,PULSE,Abidjan,actif,30,0,2948.0,5,2,2
CL07600,PULSE,Abidjan,actif,30,0,2948.6666666666665,5,2,2
CL03577,PULSE,Abidjan,actif,30,0,2948.8333333333335,4,3,2
CL06371,PULSE,Abidjan,actif,30,1,2949.1666666666665,5,1,2
CL03160,PULSE,Abidjan,actif,30,0,2949.3333333333335,2,5,2
CL05031,PULSE,Abidjan,actif,30,0,2949.6666666666665,5,2,2
CL02272,PULSE,Bouake,actif,30,0,2950.1666666666665,4,3,2
CL03092,PULSE,Bouake,actif,30,1,2950.5,3,1,2
CL05381,PULSE,Abidjan,actif,30,0,2950.5,2,5,2
CL00050,PULSE,Abidjan,actif,30,0,2950.6,5,2,2
CL07610,PULSE,Yamoussoukro,actif,30,1,2950.8,4,1,2
CL02732,PULSE,San-Pedro,actif,30,0,2950.8333333333335,5,2,2
CL01250,PULSE,Abidjan,actif,30,0,2951.0,2,5,2
CL03103,PULSE,Abidjan,actif,30,0,2951.1666666666665,3,5,2
CL07762,ETUDIANT,Bouake,resilie,91,1,2951.5,1,1,2
CL06973,PULSE,Abidjan,actif,30,0,2951.6666666666665,2,5,2
CL05609,PULSE,Abidjan,actif,30,0,2951.6666666666665,2,5,2
CL02413,PULSE,Yamoussoukro,actif,30,1,2952.3333333333335,3,2,2
CL00342,PULSE,Abidjan,actif,30,0,2952.4,4,3,2
CL05106,PULSE,Abidjan,actif,30,0,2952.5,5,2,2
CL00863,PULSE,Korhogo,actif,30,0,2952.6666666666665,5,2,2
CL00576,PULSE,Abidjan,actif,30,0,2953.1666666666665,5,2,2
CL03278,PULSE,Korhogo,actif,30,0,2953.1666666666665,2,5,2
CL02810,PULSE,Abidjan,actif,30,1,2953.6,3,2,2
CL06127,PULSE,Korhogo,actif,30,0,2953.6666666666665,3,3,2
CL05861,PULSE,Abidjan,actif,30,1,2953.8333333333335,4,1,2
CL06180,PULSE,Abidjan,actif,30,0,2954.0,5,3,2
CL01724,PULSE,Bouake,actif,30,0,2954.1666666666665,3,3,2
CL01173,PULSE,Abidjan,actif,30,0,2954.5,4,3,2
CL05100,PULSE,Abidjan,actif,30,0,2954.5,2,5,2
CL02949,PULSE,Bouake,actif,30,2,2954.8333333333335,5,1,2
CL03753,PULSE,Korhogo,actif,30,0,2954.8333333333335,2,5,2
CL01136,PULSE,Yamoussoukro,actif,30,1,2955.5,5,1,2
CL05739,PULSE,Abidjan,actif,30,1,2955.5,4,1,2
CL05093,PULSE,Bouake,actif,30,0,2955.5,4,3,2
CL05388,PULSE,Abidjan,actif,30,0,2955.6666666666665,5,2,2
CL05962,PULSE,Abidjan,actif,30,0,2955.6666666666665,3,3,2
CL02030,PULSE,Abidjan,actif,30,0,2955.8333333333335,2,5,2
CL02079,PULSE,Yamoussoukro,actif,30,0,2956.3333333333335,2,5,2
CL02269,PULSE,Bouake,actif,30,0,2956.5,3,5,2
CL01848,PULSE,Bouake,actif,30,0,2956.6,4,3,2
CL00825,PULSE,Abidjan,actif,30,1,2956.6666666666665,4,1,2
CL04166,PULSE,Abidjan,actif,30,0,2957.0,5,2,2
CL00136,ETUDIANT,Abidjan,resilie,30,6,2957.0,3,1,2
CL02328,PULSE,Abidjan,actif,30,0,2957.0,4,3,2
CL05089,PULSE,Bouake,actif,30,0,2957.5,2,5,2
CL05763,PULSE,Abidjan,actif,30,0,2957.6666666666665,2,5,2
CL04042,PULSE,Abidjan,actif,30,0,2958.0,5,2,2
CL00252,PULSE,Abidjan,actif,30,1,2958.0,4,1,2
CL04833,PULSE,San-Pedro,actif,30,0,2958.1666666666665,3,3,2
CL05059,PULSE,Abidjan,actif,30,0,2958.1666666666665,3,5,2
CL06832,PULSE,Abidjan,actif,30,0,2958.3333333333335,5,2,2
CL03088,PULSE,Abidjan,actif,30,0,2958.4,4,3,2
CL07145,PULSE,Yamoussoukro,actif,30,0,2958.5,5,2,2
CL04021,PULSE,San-Pedro,actif,30,0,2958.5,5,2,2
CL01242,PULSE,Yamoussoukro,actif,30,0,2958.6666666666665,4,3,2
CL01128,PULSE,Yamoussoukro,actif,30,0,2958.6666666666665,2,5,2
CL01982,PULSE,Abidjan,actif,30,0,2959.0,5,2,2
CL00122,PULSE,Abidjan,actif,30,0,2959.1666666666665,5,2,2
CL06351,PULSE,Abidjan,actif,30,0,2959.3333333333335,5,2,2
CL03081,PULSE,San-Pedro,actif,30,0,2959.6,2,5,2
CL06923,PULSE,Abidjan,actif,30,1,2959.6666666666665,3,1,2
CL05837,PULSE,Bouake,actif,30,0,2960.3333333333335,4,2,2
CL04012,PULSE,Bouake,actif,30,0,2960.3333333333335,4,3,2
CL03903,ETUDIANT,Abidjan,resilie,30,1,2960.4,4,1,2
CL04726,PULSE,Abidjan,actif,30,0,2960.4,2,5,2
CL02787,PULSE,Abidjan,actif,30,0,2960.5,2,5,2
CL02265,PULSE,Bouake,actif,30,0,2960.6,4,3,2
CL07269,PULSE,Abidjan,actif,30,0,2961.2,4,3,2
CL01886,PULSE,Abidjan,actif,30,0,2961.3333333333335,4,3,2
CL07288,PULSE,Abidjan,actif,30,0,2961.5,4,3,2
CL02561,PULSE,San-Pedro,actif,30,0,2961.5,4,3,2
CL00401,PULSE,San-Pedro,actif,30,0,2961.5,4,3,2
CL06137,PULSE,San-Pedro,actif,30,0,2961.5,4,3,2
CL06559,PULSE,Abidjan,actif,30,0,2962.3333333333335,4,3,2
CL03084,PULSE,Abidjan,actif,30,0,2962.6666666666665,3,3,2
CL06918,PULSE,Abidjan,actif,30,1,2962.8,2,1,2
CL05221,PULSE,Abidjan,actif,30,0,2963.0,4,3,2
CL05460,PULSE,Abidjan,actif,30,1,2963.3333333333335,3,1,2
CL05045,PULSE,Korhogo,actif,30,0,2963.6666666666665,5,2,2
CL01388,PULSE,Abidjan,actif,30,0,2963.6666666666665,3,3,2
CL00586,PULSE,Abidjan,actif,30,0,2963.8333333333335,5,2,2
CL07332,PULSE,Abidjan,actif,30,0,2963.8333333333335,5,2,2
CL05311,PULSE,Bouake,actif,30,0,2963.8333333333335,2,5,2
CL03231,PULSE,Abidjan,actif,30,0,2963.8333333333335,3,5,2
CL04715,PULSE,San-Pedro,actif,30,1,2964.1666666666665,3,2,2
CL02550,PULSE,Abidjan,actif,30,1,2964.6666666666665,3,2,2
CL00944,PULSE,Korhogo,actif,30,0,2964.6666666666665,3,3,2
CL05191,PULSE,Abidjan,actif,30,0,2964.8333333333335,3,3,2
CL04051,PULSE,Abidjan,actif,30,0,2964.8333333333335,3,5,2
CL05966,PULSE,Abidjan,actif,30,1,2965.0,5,1,2
CL02989,PULSE,Abidjan,actif,30,0,2965.0,2,5,2
CL03798,PULSE,Abidjan,actif,30,1,2965.25,4,1,2
CL05014,PULSE,Abidjan,actif,30,0,2965.3333333333335,5,2,2
CL02439,PULSE,San-Pedro,actif,30,0,2965.5,2,5,2
CL04983,ETUDIANT,Yamoussoukro,resilie,91,0,2965.75,1,4,2
CL02482,PULSE,Abidjan,actif,30,1,2965.8333333333335,3,2,2
CL01746,PULSE,Yamoussoukro,actif,30,1,2966.0,4,1,2
CL05470,PULSE,Abidjan,actif,30,0,2966.1666666666665,5,2,2
CL07743,PULSE,Abidjan,actif,30,0,2966.6666666666665,4,3,2
CL04902,PULSE,Abidjan,actif,30,1,2966.6666666666665,3,2,2
CL06653,PULSE,Abidjan,actif,30,0,2966.6666666666665,2,5,2
CL07566,PULSE,Bouake,actif,30,0,2966.8333333333335,5,2,2
CL06882,PULSE,Abidjan,actif,30,0,2967.0,3,3,2
CL00781,PULSE,Abidjan,actif,30,0,2967.0,5,2,2
CL06204,ETUDIANT,Abidjan,resilie,91,1,2967.0,1,1,2
CL00258,PULSE,Abidjan,actif,30,0,2967.0,4,3,2
CL05878,PULSE,San-Pedro,actif,30,0,2967.1666666666665,3,3,2
CL04369,PULSE,Yamoussoukro,actif,30,0,2967.1666666666665,4,3,2
CL05132,PULSE,Abidjan,actif,30,1,2967.3333333333335,5,1,2
CL03821,PULSE,Abidjan,actif,30,0,2967.5,5,2,2
CL01936,PULSE,Abidjan,actif,30,1,2967.6,4,1,2
CL02398,PULSE,Korhogo,actif,30,0,2967.6666666666665,4,3,2
CL04255,PULSE,San-Pedro,actif,30,0,2967.6666666666665,2,5,2
CL07929,PULSE,Abidjan,actif,30,0,2967.8333333333335,3,3,2
CL01639,PULSE,Abidjan,actif,30,0,2968.0,3,5,2
CL00343,PULSE,Abidjan,actif,30,0,2968.0,2,5,2
CL02900,PULSE,Abidjan,actif,30,0,2968.1666666666665,5,2,2
CL00476,PULSE,Bouake,actif,30,0,2968.1666666666665,2,5,2
CL07135,PULSE,Abidjan,actif,30,0,2968.3333333333335,5,2,2
CL07315,PULSE,Abidjan,actif,30,1,2968.3333333333335,3,1,2
CL04456,PULSE,Abidjan,actif,30,0,2968.5,3,3,2
CL02399,PULSE,Abidjan,actif,30,0,2968.6666666666665,4,3,2
CL02308,ETUDIANT,Bouake,resilie,91,1,2968.75,1,1,2
CL01646,PULSE,Yamoussoukro,actif,30,0,2969.3333333333335,4,3,2
CL02193,PULSE,Yamoussoukro,actif,30,0,2969.3333333333335,3,5,2
CL07799,PULSE,San-Pedro,actif,30,0,2969.5,4,3,2
CL02774,PULSE,Korhogo,actif,30,0,2969.5,3,5,2
CL00167,PULSE,Bouake,actif,30,0,2969.6666666666665,3,5,2
CL02169,PULSE,Abidjan,actif,30,0,2970.0,5,2,2
CL03087,PULSE,Abidjan,actif,30,0,2970.8333333333335,4,3,2
CL04968,PULSE,Abidjan,actif,30,0,2970.8333333333335,2,5,2
CL07078,PULSE,Abidjan,actif,30,1,2971.0,2,1,2
CL00828,PULSE,Abidjan,actif,30,0,2971.1666666666665,5,2,2
CL03929,PULSE,Abidjan,actif,30,0,2971.1666666666665,2,5,2
CL02455,PULSE,Abidjan,actif,30,0,2971.1666666666665,2,5,2
CL04230,PULSE,Abidjan,actif,30,0,2971.5,2,5,2
CL05120,PULSE,Abidjan,actif,30,4,2971.8333333333335,3,1,2
CL02510,PULSE,Abidjan,actif,30,1,2972.0,5,1,2
CL02199,PULSE,Abidjan,actif,30,0,2972.1666666666665,2,5,2
CL02927,PULSE,Abidjan,actif,30,0,2972.3333333333335,3,5,2
CL00130,PULSE,Bouake,actif,30,1,2972.5,4,1,2
CL04741,PULSE,Abidjan,actif,30,1,2972.6666666666665,3,1,2
CL05929,PULSE,Korhogo,actif,30,0,2972.6666666666665,4,3,2
CL07681,PULSE,Abidjan,actif,30,0,2972.6666666666665,4,3,2
CL00272,PULSE,Abidjan,actif,30,0,2972.8333333333335,4,3,2
CL05761,PULSE,Abidjan,actif,30,7,2972.8333333333335,4,1,2
CL07822,PULSE,Abidjan,actif,30,0,2973.0,2,5,2
CL02841,PULSE,Yamoussoukro,actif,30,0,2973.0,2,5,2
CL06638,PULSE,San-Pedro,actif,30,0,2973.1666666666665,2,5,2
CL02056,PULSE,Abidjan,actif,30,0,2973.3333333333335,3,5,2
CL07350,PULSE,San-Pedro,actif,30,0,2973.5,4,3,2
CL02870,PULSE,San-Pedro,actif,30,0,2973.6666666666665,5,2,2
CL06611,PULSE,Abidjan,actif,30,0,2973.6666666666665,3,3,2
CL05507,PULSE,Bouake,actif,30,0,2973.6666666666665,2,5,2
CL06190,PULSE,Abidjan,actif,30,0,2973.8333333333335,4,2,2
CL02779,PULSE,Abidjan,actif,30,0,2974.0,3,3,2
CL02023,PULSE,Korhogo,actif,30,0,2974.0,3,3,2
CL07400,ETUDIANT,Bouake,resilie,183,0,2974.0,1,4,2
CL06251,PULSE,Abidjan,actif,30,0,2974.0,2,5,2
CL02495,PULSE,Abidjan,actif,30,0,2974.1666666666665,4,3,2
CL01070,PULSE,Korhogo,actif,30,0,2974.1666666666665,4,3,2
CL05092,PULSE,Yamoussoukro,actif,30,1,2974.1666666666665,4,1,2
CL03057,PULSE,Bouake,actif,30,1,2974.1666666666665,3,2,2
CL04500,PULSE,Abidjan,actif,30,0,2974.6,2,5,2
CL04638,PULSE,Yamoussoukro,actif,30,0,2974.8333333333335,5,2,2
CL04274,PULSE,Yamoussoukro,actif,30,0,2974.8333333333335,5,2,2
CL07356,PULSE,Abidjan,actif,30,0,2975.0,5,2,2
CL03790,PULSE,Abidjan,actif,30,0,2975.1666666666665,4,3,2
CL01005,PULSE,Korhogo,actif,30,0,2975.1666666666665,3,5,2
CL02937,PULSE,Abidjan,actif,30,0,2975.5,3,3,2
CL05185,PULSE,Abidjan,actif,30,0,2975.6666666666665,3,5,2
CL04347,PULSE,Abidjan,actif,30,0,2975.8333333333335,5,2,2
CL04092,PULSE,Bouake,actif,30,0,2976.0,3,3,2
CL00185,PULSE,Abidjan,actif,30,0,2976.0,2,5,2
CL06016,PULSE,Bouake,actif,30,0,2976.6666666666665,4,3,2
CL06248,PULSE,Bouake,actif,30,0,2976.6666666666665,2,5,2
CL01798,PULSE,Abidjan,actif,30,0,2976.8333333333335,3,5,2
CL02570,PULSE,Abidjan,actif,30,0,2977.0,3,3,2
CL06128,PULSE,Bouake,actif,30,1,2977.1666666666665,3,1,2
CL06569,PULSE,Abidjan,actif,30,0,2977.1666666666665,2,5,2
CL03328,PULSE,Bouake,actif,30,0,2977.4,5,2,2
CL03405,PULSE,Yamoussoukro,actif,30,0,2977.6,2,5,2
CL03975,PULSE,Abidjan,actif,30,0,2977.6666666666665,4,3,2
CL02878,PULSE,Abidjan,actif,30,0,2977.8333333333335,3,3,2
CL03812,PULSE,Abidjan,actif,30,1,2978.0,4,1,2
CL03033,PULSE,Bouake,actif,30,0,2978.0,2,5,2
CL07434,PULSE,Bouake,actif,30,0,2978.5,4,3,2
CL06102,PULSE,Korhogo,actif,30,0,2978.5,5,2,2
CL01549,PULSE,Abidjan,actif,30,0,2978.5,5,2,2
CL00384,PULSE,Abidjan,actif,30,0,2978.6666666666665,5,2,2
CL00425,PULSE,Abidjan,actif,30,0,2979.0,4,3,2
CL00816,PULSE,San-Pedro,actif,30,0,2979.3333333333335,3,5,2
CL03031,PULSE,San-Pedro,actif,30,0,2979.6666666666665,5,2,2
CL06886,PULSE,Abidjan,actif,30,0,2979.6666666666665,4,2,2
CL07842,PULSE,Abidjan,actif,30,0,2979.6666666666665,2,5,2
CL03721,PULSE,Abidjan,actif,30,0,2980.0,4,3,2
CL01910,PULSE,San-Pedro,actif,30,2,2980.0,3,1,2
CL07034,PULSE,Abidjan,actif,30,0,2980.0,3,5,2
CL00097,PULSE,Bouake,actif,30,0,2980.1666666666665,2,5,2
CL05147,PULSE,Bouake,actif,30,0,2980.3333333333335,5,2,2
CL05440,PULSE,Abidjan,actif,30,1,2980.3333333333335,5,1,2
CL05667,PULSE,Korhogo,actif,30,1,2980.6666666666665,5,1,2
CL04814,PULSE,Abidjan,actif,30,0,2980.8333333333335,4,3,2
CL06989,PULSE,Abidjan,actif,30,0,2980.8333333333335,3,3,2
CL00581,PULSE,Yamoussoukro,actif,30,1,2980.8333333333335,5,1,2
CL02059,PULSE,Yamoussoukro,actif,30,0,2981.0,4,3,2
CL00855,PULSE,Bouake,actif,30,0,2981.3333333333335,5,2,2
CL06595,PULSE,Yamoussoukro,actif,30,0,2981.6,2,5,2
CL07793,PULSE,Abidjan,actif,30,1,2981.6666666666665,3,2,2
CL04303,PULSE,Abidjan,actif,30,0,2981.8,3,3,2
CL01077,PULSE,Abidjan,actif,30,0,2982.1666666666665,5,2,2
CL01765,PULSE,Abidjan,actif,30,0,2982.1666666666665,4,3,2
CL03545,PULSE,Yamoussoukro,actif,30,0,2982.4,3,3,2
CL06848,PULSE,San-Pedro,actif,30,1,2982.6666666666665,5,1,2
CL03698,PULSE,Abidjan,actif,30,0,2982.6666666666665,4,3,2
CL06737,PULSE,Abidjan,actif,30,1,2983.5,3,1,2
CL00283,PULSE,Abidjan,actif,30,0,2983.8333333333335,2,4,2
CL07887,PULSE,Abidjan,actif,30,2,2984.0,3,1,2
CL06269,PULSE,San-Pedro,actif,30,0,2984.1666666666665,5,2,2
CL04717,PULSE,Abidjan,actif,30,0,2984.5,3,3,2
CL00280,PULSE,Abidjan,actif,30,0,2984.6666666666665,3,5,2
CL02081,PULSE,Korhogo,actif,30,0,2984.8,5,2,2
CL00931,PULSE,Bouake,actif,30,0,2984.8,3,5,2
CL02679,PULSE,Abidjan,actif,30,0,2984.8333333333335,5,2,2
CL00264,PULSE,Abidjan,actif,30,0,2985.0,3,3,2
CL06579,PULSE,Yamoussoukro,actif,30,0,2985.0,4,3,2
CL03286,PULSE,Bouake,actif,30,0,2985.1666666666665,4,3,2
CL05835,PULSE,Abidjan,actif,30,0,2985.3333333333335,4,2,2
CL07000,PULSE,Bouake,actif,30,0,2985.4,3,3,2
CL01749,PULSE,San-Pedro,actif,30,0,2985.5,2,5,2
CL04837,PULSE,Abidjan,actif,30,0,2985.6666666666665,5,2,2
CL02607,PULSE,Abidjan,actif,30,0,2986.0,4,3,2
CL05141,PULSE,Abidjan,actif,30,0,2986.3333333333335,3,5,2
CL02880,PULSE,San-Pedro,actif,30,0,2986.5,5,2,2
CL06825,PULSE,Bouake,actif,30,1,2986.5,3,1,2
CL03958,PULSE,Bouake,actif,30,0,2987.3333333333335,4,3,2
CL03124,PULSE,Abidjan,actif,30,0,2987.5,2,5,2
CL03584,PULSE,San-Pedro,actif,30,0,2987.6666666666665,5,2,2
CL04849,PULSE,Bouake,actif,30,1,2988.1666666666665,5,1,2
CL06036,PULSE,Abidjan,actif,30,2,2988.6666666666665,5,1,2
CL01288,PULSE,Abidjan,actif,30,0,2988.6666666666665,3,5,2
CL02976,PULSE,Yamoussoukro,actif,30,0,2989.1666666666665,2,5,2
CL07771,PULSE,Bouake,actif,30,1,2989.5,4,1,2
CL05336,PULSE,Korhogo,actif,30,0,2989.5,3,5,2
CL03337,PULSE,Yamoussoukro,actif,30,0,2989.5,2,5,2
CL07967,PULSE,Abidjan,actif,30,0,2989.8,5,2,2
CL02337,PULSE,Abidjan,actif,30,1,2990.0,3,2,2
CL06025,SENIOR,Abidjan,resilie,60,0,2990.0,2,4,2
CL05764,PULSE,Korhogo,actif,30,0,2990.0,3,5,2
CL00318,PULSE,San-Pedro,actif,30,1,2990.1666666666665,4,1,2
CL00502,PULSE,Bouake,actif,30,0,2990.5,4,3,2
CL00157,PULSE,Abidjan,actif,30,0,2990.6666666666665,5,2,2
CL07947,PULSE,Abidjan,actif,30,0,2990.8333333333335,4,3,2
CL00868,PULSE,Bouake,actif,30,0,2991.1666666666665,2,5,2
CL00990,PULSE,Bouake,actif,30,0,2991.3333333333335,2,5,2
CL04176,PULSE,Yamoussoukro,actif,30,3,2991.6666666666665,5,1,2
CL01698,PULSE,Abidjan,actif,30,0,2991.6666666666665,2,5,2
CL02441,PULSE,Korhogo,actif,30,0,2991.8333333333335,4,3,2
CL03469,PULSE,Abidjan,actif,30,0,2992.0,3,3,2
CL02251,PULSE,Abidjan,actif,30,0,2992.3333333333335,5,2,2
CL05048,PULSE,Abidjan,actif,30,1,2992.3333333333335,3,1,2
CL07744,PULSE,Yamoussoukro,actif,30,0,2992.5,3,5,2
CL02142,PULSE,Korhogo,actif,30,0,2992.8333333333335,4,3,2
CL06171,PULSE,Korhogo,actif,30,0,2993.0,5,3,2
CL03984,PULSE,Abidjan,actif,30,0,2993.1666666666665,3,3,2
CL06704,PULSE,Bouake,actif,30,0,2993.5,2,5,2
CL01276,PULSE,Abidjan,actif,30,1,2993.6666666666665,3,1,2
CL01057,PULSE,Abidjan,actif,30,0,2993.8333333333335,3,3,2
CL00924,PULSE,Yamoussoukro,actif,30,0,2994.0,5,2,2
CL01244,PULSE,San-Pedro,actif,30,1,2994.0,3,1,2
CL02400,PULSE,Abidjan,actif,30,0,2994.1666666666665,5,2,2
CL03542,PULSE,Yamoussoukro,actif,30,0,2994.1666666666665,4,3,2
CL00009,PULSE,Bouake,actif,30,0,2994.6666666666665,3,3,2
CL01600,PULSE,Abidjan,actif,30,0,2994.6666666666665,2,5,2
CL00651,PULSE,Abidjan,actif,30,0,2994.8333333333335,3,3,2
CL02085,PULSE,Yamoussoukro,actif,30,0,2994.8333333333335,2,5,2
CL03679,PULSE,Abidjan,actif,30,1,2995.6666666666665,3,2,2
CL07977,PULSE,Bouake,actif,30,0,2995.8,2,5,2
CL04819,PULSE,Abidjan,actif,30,2,2995.8333333333335,2,1,2
CL05538,PULSE,Abidjan,actif,30,0,2996.1666666666665,5,2,2
CL02884,PULSE,Bouake,actif,30,0,2996.1666666666665,2,5,2
CL04472,PULSE,Bouake,actif,30,0,2996.3333333333335,4,3,2
CL04718,PULSE,Yamoussoukro,actif,30,1,2996.5,4,1,2
CL03651,PULSE,Abidjan,actif,30,0,2996.5,5,2,2
CL07957,PULSE,Korhogo,actif,30,0,2996.5,3,5,2
CL04351,PULSE,Abidjan,actif,30,0,2996.8333333333335,5,2,2
CL03470,PULSE,San-Pedro,actif,30,0,2997.0,4,3,2
CL01430,ETUDIANT,Abidjan,resilie,60,1,2997.2,2,1,2
CL02981,PULSE,Abidjan,actif,30,0,2997.3333333333335,4,3,2
CL00853,PULSE,Yamoussoukro,actif,30,0,2997.3333333333335,4,3,2
CL06988,PULSE,Bouake,actif,30,0,2997.6666666666665,2,5,2
CL06954,PULSE,Bouake,actif,30,0,2997.8333333333335,2,5,2
CL01771,PULSE,Yamoussoukro,actif,30,0,2997.8333333333335,2,5,2
CL00602,PULSE,Yamoussoukro,actif,30,0,2998.0,3,5,2
CL00217,PULSE,Korhogo,actif,30,0,2998.0,2,5,2
CL04175,PULSE,Abidjan,actif,30,0,2998.0,2,5,2
CL04442,PULSE,Yamoussoukro,actif,30,0,2998.3333333333335,2,5,2
CL03514,PULSE,Bouake,actif,30,0,2998.5,2,5,2
CL07276,PULSE,Bouake,actif,30,0,2998.6666666666665,4,3,2
CL01332,PULSE,Bouake,actif,30,0,2998.6666666666665,3,5,2
CL03529,PULSE,Abidjan,actif,30,0,2998.8333333333335,2,5,2
CL05340,PULSE,San-Pedro,actif,30,0,2999.0,5,2,2
CL03149,PULSE,Korhogo,actif,30,0,2999.1666666666665,3,3,2
CL07816,ETUDIANT,Abidjan,resilie,91,1,2999.25,1,1,2
CL02274,PULSE,Abidjan,actif,30,0,2999.3333333333335,4,3,2
CL00888,PULSE,Abidjan,actif,30,0,2999.4,2,5,2
CL05434,PULSE,Abidjan,actif,30,0,2999.5,2,5,2
CL01937,PULSE,Abidjan,actif,30,0,2999.6666666666665,5,2,2
CL06664,PULSE,Bouake,actif,30,1,3000.1666666666665,5,1,2
CL07909,PULSE,Korhogo,actif,30,0,3000.1666666666665,3,5,2
CL02147,PULSE,Abidjan,actif,30,0,3000.3333333333335,5,2,2
CL03963,PULSE,Bouake,actif,30,1,3000.5,2,2,2
CL02883,PULSE,Abidjan,actif,30,0,3000.6666666666665,2,5,2
CL04316,PULSE,Yamoussoukro,actif,30,0,3000.8333333333335,4,3,2
CL04421,PULSE,Bouake,actif,30,0,3001.0,4,3,2
CL01463,PULSE,Abidjan,actif,30,0,3001.0,2,4,2
CL05584,PULSE,Yamoussoukro,actif,30,0,3001.1666666666665,4,3,2
CL07463,PULSE,Bouake,actif,30,0,3001.1666666666665,2,4,2
CL01750,PULSE,San-Pedro,actif,30,1,3001.2,3,2,2
CL04755,PULSE,Yamoussoukro,actif,30,0,3001.3333333333335,3,3,2
CL07526,PULSE,Abidjan,actif,30,1,3001.3333333333335,4,1,2
CL00023,PULSE,Abidjan,actif,30,1,3001.3333333333335,5,1,2
CL06758,PULSE,Bouake,actif,30,0,3001.5,3,3,2
CL07218,PULSE,Abidjan,actif,30,0,3001.6,2,4,2
CL00096,PULSE,Abidjan,actif,30,0,3001.6666666666665,2,5,2
CL03383,PULSE,Abidjan,actif,30,0,3001.8333333333335,4,3,2
CL04139,PULSE,San-Pedro,actif,30,0,3001.8333333333335,5,2,2
CL01146,PULSE,Yamoussoukro,actif,30,0,3001.8333333333335,3,3,2
CL00443,PULSE,Korhogo,actif,30,1,3002.0,5,1,2
CL01755,PULSE,Yamoussoukro,actif,30,0,3002.1666666666665,5,2,2
CL06537,PULSE,Bouake,actif,30,0,3002.1666666666665,4,2,2
CL03250,PULSE,Abidjan,actif,30,0,3002.1666666666665,2,5,2
CL01878,PULSE,Abidjan,actif,30,1,3002.5,3,2,2
CL05426,PULSE,San-Pedro,actif,30,1,3002.5,5,1,2
CL05304,PULSE,Bouake,actif,30,0,3002.6,2,5,2
CL01996,PULSE,Korhogo,actif,30,1,3002.8333333333335,4,1,2
CL06114,PULSE,Yamoussoukro,actif,30,0,3002.8333333333335,2,5,2
CL02846,PULSE,Abidjan,actif,30,0,3003.0,5,2,2
CL00967,PULSE,Bouake,actif,30,1,3003.0,5,1,2
CL03251,PULSE,Abidjan,actif,30,0,3003.1666666666665,4,3,2
CL06357,SENIOR,San-Pedro,resilie,30,0,3003.1666666666665,3,5,2
CL02288,PULSE,Bouake,actif,30,0,3003.3333333333335,2,5,2
CL07530,PULSE,Abidjan,actif,30,1,3003.5,5,1,2
CL00906,PULSE,Abidjan,actif,30,0,3003.5,3,3,2
CL01387,PULSE,Abidjan,actif,30,0,3003.5,3,5,2
CL07602,PULSE,Abidjan,actif,30,2,3003.8333333333335,4,1,2
CL05454,PULSE,Abidjan,actif,30,0,3004.0,3,3,2
CL07665,PULSE,Abidjan,actif,30,0,3004.5,4,3,2
CL06020,PULSE,Korhogo,actif,30,1,3004.5,2,2,2
CL05245,ETUDIANT,Abidjan,resilie,91,0,3004.75,2,4,2
CL05708,PULSE,San-Pedro,actif,30,0,3004.8333333333335,4,3,2
CL04008,PULSE,Korhogo,actif,30,0,3005.0,3,3,2
CL05320,PULSE,Korhogo,actif,30,0,3005.0,3,3,2
CL03836,PULSE,Abidjan,actif,30,0,3005.0,3,5,2
CL01722,PULSE,Yamoussoukro,actif,30,1,3005.1666666666665,5,1,2
CL05242,PULSE,Abidjan,actif,30,0,3005.1666666666665,2,5,2
CL00220,PULSE,Abidjan,actif,30,0,3005.1666666666665,2,5,2
CL06452,ETUDIANT,Korhogo,resilie,30,1,3005.25,3,1,2
CL06252,PULSE,Abidjan,actif,30,0,3005.6666666666665,2,5,2
CL07065,PULSE,Abidjan,actif,30,0,3005.6666666666665,2,5,2
CL01432,PULSE,Bouake,actif,30,0,3005.8333333333335,5,2,2
CL07903,PULSE,Abidjan,actif,30,0,3005.8333333333335,2,4,2
CL02906,PULSE,San-Pedro,actif,30,0,3006.1666666666665,5,2,2
CL01558,PULSE,Yamoussoukro,actif,30,0,3006.3333333333335,4,3,2
CL01045,PULSE,Abidjan,actif,30,0,3006.5,3,5,2
CL06455,PULSE,Bouake,actif,30,0,3007.25,4,2,2
CL06461,PULSE,Abidjan,actif,30,0,3007.3333333333335,3,3,2
CL07898,PULSE,Yamoussoukro,actif,30,1,3007.4,3,2,2
CL01001,PULSE,Abidjan,actif,30,0,3007.6666666666665,4,3,2
CL02574,PULSE,Bouake,actif,30,0,3007.8333333333335,2,5,2
CL07189,PULSE,Abidjan,actif,30,1,3008.0,3,1,2
CL01662,PULSE,Abidjan,actif,30,0,3008.3333333333335,5,2,2
CL07490,PULSE,Bouake,actif,30,2,3008.3333333333335,4,1,2
CL06767,PULSE,Abidjan,actif,30,0,3008.3333333333335,2,5,2
CL01226,PULSE,Abidjan,actif,30,0,3008.5,5,2,2
CL00059,PULSE,Bouake,actif,30,1,3008.6666666666665,3,2,2
CL01844,PULSE,San-Pedro,actif,30,0,3008.6666666666665,4,3,2
CL04960,PULSE,Korhogo,actif,30,0,3009.0,4,3,2
CL04501,PULSE,Bouake,actif,30,0,3009.0,2,5,2
CL00937,PULSE,Korhogo,actif,30,0,3009.0,3,5,2
CL07177,PULSE,San-Pedro,actif,30,0,3009.0,3,5,2
CL05374,PULSE,Korhogo,actif,30,0,3009.1666666666665,4,3,2
CL07167,PULSE,Abidjan,actif,30,0,3009.1666666666665,2,5,2
CL05408,PULSE,Bouake,actif,30,0,3009.2,3,5,2
CL03267,PULSE,Abidjan,actif,30,0,3009.6666666666665,2,5,2
CL00467,PULSE,Bouake,actif,30,0,3009.8333333333335,4,3,2
CL00032,PULSE,Abidjan,actif,30,0,3009.8333333333335,2,5,2
CL03872,PULSE,Abidjan,actif,30,1,3010.0,4,1,2
CL05993,PULSE,Abidjan,actif,30,0,3010.0,2,5,2
CL04795,PULSE,Korhogo,actif,30,0,3010.0,2,5,2
CL02888,PULSE,Yamoussoukro,actif,30,0,3010.1666666666665,3,5,2
CL04357,PULSE,Yamoussoukro,actif,30,0,3010.3333333333335,3,3,2
CL05505,PULSE,Abidjan,actif,30,0,3010.3333333333335,3,5,2
CL06403,PULSE,Abidjan,actif,30,2,3010.4,3,1,2
CL04624,PULSE,Abidjan,actif,30,0,3011.0,5,2,2
CL00212,PULSE,Abidjan,actif,30,1,3011.5,2,2,2
CL03744,PULSE,Abidjan,actif,30,0,3011.6666666666665,2,5,2
CL07302,PULSE,Bouake,actif,30,0,3011.8333333333335,5,2,2
CL03379,SENIOR,Yamoussoukro,resilie,30,1,3012.0,4,1,2
CL04384,PULSE,Abidjan,actif,30,1,3012.0,5,1,2
CL06048,PULSE,Korhogo,actif,30,0,3012.1666666666665,4,3,2
CL01243,PULSE,Yamoussoukro,actif,30,1,3012.5,3,2,2
CL01819,PULSE,Bouake,actif,30,0,3012.8333333333335,5,2,2
CL02266,PULSE,Abidjan,actif,30,0,3012.8333333333335,3,5,2
CL02187,PULSE,Bouake,actif,30,0,3013.0,3,5,2
CL00750,PULSE,Abidjan,actif,30,0,3013.1666666666665,2,5,2
CL07449,PULSE,Abidjan,actif,30,0,3013.3333333333335,3,5,2
CL07215,PULSE,Bouake,actif,30,0,3013.3333333333335,2,4,2
CL02789,PULSE,Abidjan,actif,30,0,3013.5,5,2,2
CL05306,PULSE,Yamoussoukro,actif,30,1,3013.5,4,1,2
CL06312,PULSE,Abidjan,actif,30,1,3013.6,2,2,2
CL00243,PULSE,Bouake,actif,30,1,3014.0,4,1,2
CL07417,PULSE,Abidjan,actif,30,1,3014.1666666666665,5,1,2
CL01265,PULSE,Bouake,actif,30,0,3014.5,4,3,2
CL05831,PULSE,Korhogo,actif,30,0,3014.6666666666665,4,2,2
CL04235,PULSE,Abidjan,actif,30,0,3015.0,4,3,2
CL07910,PULSE,Abidjan,actif,30,0,3015.3333333333335,5,2,2
CL06209,PULSE,Bouake,actif,30,1,3015.3333333333335,3,1,2
CL01789,PULSE,Abidjan,actif,30,1,3015.3333333333335,4,1,2
CL07319,PULSE,Abidjan,actif,30,0,3015.3333333333335,2,4,2
CL07523,PULSE,Abidjan,actif,30,1,3015.5,4,1,2
CL04073,PULSE,Abidjan,actif,30,0,3015.6666666666665,4,3,2
CL01597,PULSE,Korhogo,actif,30,1,3015.6666666666665,4,1,2
CL03880,PULSE,Abidjan,actif,30,0,3015.6666666666665,3,5,2
CL07351,PULSE,Abidjan,actif,30,0,3015.8333333333335,5,2,2
CL06400,PULSE,Bouake,actif,30,1,3016.0,3,1,2
CL01189,PULSE,Korhogo,actif,30,0,3016.0,3,3,2
CL00179,PULSE,Abidjan,actif,30,0,3016.1666666666665,4,3,2
CL07028,PULSE,Yamoussoukro,actif,30,1,3016.3333333333335,3,1,2
CL07021,PULSE,Abidjan,actif,30,0,3016.3333333333335,3,5,2
CL02106,PULSE,Yamoussoukro,actif,30,0,3016.5,3,3,2
CL01496,PULSE,Yamoussoukro,actif,30,0,3016.5,3,3,2
CL00461,PULSE,Abidjan,actif,30,0,3016.6666666666665,3,3,2
CL03862,PULSE,Korhogo,actif,30,0,3016.6666666666665,3,5,2
CL07632,PULSE,Bouake,actif,30,0,3016.8333333333335,3,3,2
CL04830,PULSE,Abidjan,actif,30,1,3016.8333333333335,5,1,2
CL04677,PULSE,Bouake,actif,30,0,3017.0,3,3,2
CL00429,PULSE,Abidjan,actif,30,2,3017.1666666666665,4,1,2
CL01731,PULSE,Bouake,actif,30,0,3017.1666666666665,2,5,2
CL05625,PULSE,Abidjan,actif,30,0,3017.4,3,3,2
CL03654,PULSE,Abidjan,actif,30,0,3017.5,4,3,2
CL00021,PULSE,Yamoussoukro,actif,30,0,3017.6666666666665,2,5,2
CL01551,PULSE,Yamoussoukro,actif,30,0,3017.8333333333335,5,2,2
CL03686,PULSE,Yamoussoukro,actif,30,0,3018.0,4,3,2
CL07228,PULSE,Abidjan,actif,30,0,3018.0,3,3,2
CL01055,PULSE,Korhogo,actif,30,0,3018.3333333333335,4,3,2
CL00660,PULSE,Abidjan,actif,30,0,3018.3333333333335,5,2,2
CL07675,PULSE,Korhogo,actif,30,0,3018.5,4,3,2
CL07285,PULSE,Abidjan,actif,30,1,3018.5,3,1,2
CL03433,PULSE,San-Pedro,actif,30,0,3018.5,2,5,2
CL06850,PULSE,Abidjan,actif,30,0,3018.5,2,5,2
CL07901,PULSE,Korhogo,actif,30,0,3019.1666666666665,4,3,2
CL06292,PULSE,Abidjan,actif,30,0,3019.1666666666665,2,5,2
CL01498,PULSE,Abidjan,actif,30,0,3019.5,5,2,2
CL06780,PULSE,Abidjan,actif,30,0,3019.5,3,5,2
CL06804,PULSE,Korhogo,actif,30,0,3019.5,2,5,2
CL01138,PULSE,Abidjan,actif,30,2,3019.6666666666665,2,1,2
CL00795,PULSE,San-Pedro,actif,30,0,3019.8333333333335,4,3,2
CL06952,PULSE,Abidjan,actif,30,1,3020.0,5,1,2
CL03145,PULSE,Abidjan,actif,30,1,3020.0,4,1,2
CL06675,PULSE,Abidjan,actif,30,0,3020.0,2,5,2
CL01275,PULSE,Abidjan,actif,30,0,3020.1666666666665,5,2,2
CL02297,PULSE,Bouake,actif,30,1,3020.1666666666665,2,2,2
CL05272,PULSE,Bouake,actif,30,1,3020.3333333333335,3,2,2
CL06835,PULSE,Abidjan,actif,30,1,3020.5,2,2,2
CL01671,PULSE,Abidjan,actif,30,2,3020.6,4,1,2
CL03662,PULSE,San-Pedro,actif,30,0,3020.6666666666665,3,3,2
CL01527,PULSE,Bouake,actif,30,1,3020.8333333333335,4,1,2
CL00298,PULSE,Abidjan,actif,30,0,3020.8333333333335,3,5,2
CL04081,PULSE,San-Pedro,actif,30,0,3021.1666666666665,2,5,2
CL00996,PULSE,Abidjan,actif,30,0,3021.3333333333335,2,5,2
CL02839,PULSE,Yamoussoukro,actif,30,0,3021.5,3,3,2
CL01962,PULSE,Abidjan,actif,30,0,3021.6666666666665,3,5,2
CL06585,PULSE,Bouake,actif,30,0,3021.8333333333335,3,3,2
CL04854,PULSE,Abidjan,actif,30,0,3021.8333333333335,2,5,2
CL03551,PULSE,Abidjan,actif,30,1,3022.0,4,1,2
CL03881,PULSE,Bouake,actif,30,1,3022.1666666666665,5,1,2
CL03640,PULSE,Abidjan,actif,30,3,3022.1666666666665,4,1,2
CL04772,PULSE,San-Pedro,actif,30,0,3022.1666666666665,2,5,2
CL02588,PULSE,Korhogo,actif,30,0,3022.3333333333335,3,5,2
CL02185,PULSE,Abidjan,actif,30,0,3023.0,5,2,2
CL02959,PULSE,Bouake,actif,30,0,3023.0,4,3,2
CL07652,PULSE,Abidjan,actif,30,3,3023.0,4,1,2
CL00836,PULSE,Abidjan,actif,30,0,3023.4,4,3,2
CL01231,PULSE,Abidjan,actif,30,0,3023.8333333333335,5,2,2
CL06053,PULSE,Abidjan,actif,30,1,3023.8333333333335,4,1,2
CL05992,PULSE,Yamoussoukro,actif,30,0,3024.0,2,5,2
CL06263,PULSE,Abidjan,actif,30,1,3024.3333333333335,2,2,2
CL01363,PULSE,San-Pedro,actif,30,0,3024.5,5,2,2
CL03616,PULSE,Bouake,actif,30,0,3024.5,4,3,2
CL06319,PULSE,Abidjan,actif,30,1,3024.6666666666665,3,1,2
CL05890,PULSE,Bouake,actif,30,0,3024.8,2,5,2
CL04234,PULSE,Abidjan,actif,30,1,3024.8333333333335,4,1,2
CL04806,PULSE,Yamoussoukro,actif,30,0,3024.8333333333335,2,5,2
CL04221,PULSE,Yamoussoukro,actif,30,0,3024.8333333333335,2,5,2
CL03270,PULSE,Bouake,actif,30,0,3025.0,2,5,2
CL03129,PULSE,Bouake,actif,30,0,3025.2,3,3,2
CL05233,PULSE,Korhogo,actif,30,0,3025.4,4,3,2
CL00957,PULSE,Abidjan,actif,30,0,3025.6666666666665,2,5,2
CL02826,ETUDIANT,Abidjan,resilie,30,0,3025.75,4,3,2
CL04890,PULSE,Korhogo,actif,30,0,3026.0,5,2,2
CL07486,PULSE,Bouake,actif,30,0,3026.1666666666665,4,3,2
CL06453,PULSE,Bouake,actif,30,0,3026.3333333333335,3,3,2
CL01533,PULSE,San-Pedro,actif,30,1,3026.3333333333335,4,1,2
CL06976,ETUDIANT,Abidjan,resilie,60,4,3026.8,2,1,2
CL04447,PULSE,Abidjan,actif,30,0,3026.8333333333335,3,5,2
CL04917,PULSE,Yamoussoukro,actif,30,0,3027.0,2,5,2
CL02291,PULSE,Abidjan,actif,30,0,3027.1666666666665,3,3,2
CL05855,PULSE,Abidjan,actif,30,0,3027.1666666666665,3,3,2
CL06215,PULSE,Bouake,actif,30,0,3027.3333333333335,3,3,2
CL03522,PULSE,Korhogo,actif,30,0,3027.3333333333335,3,3,2
CL03462,PULSE,Abidjan,actif,30,1,3027.4,3,2,2
CL01326,PULSE,Abidjan,actif,30,0,3027.6666666666665,5,2,2
CL02752,PULSE,Abidjan,actif,30,0,3027.75,5,2,2
CL07795,PULSE,Yamoussoukro,actif,30,0,3028.0,3,3,2
CL06299,PULSE,Abidjan,actif,30,0,3028.1666666666665,2,5,2
CL01971,PULSE,Bouake,actif,30,0,3028.3333333333335,4,3,2
CL02247,PULSE,Abidjan,actif,30,0,3028.5,5,2,2
CL07746,PULSE,San-Pedro,actif,30,0,3028.5,4,3,2
CL04228,PULSE,Bouake,actif,30,0,3028.5,2,5,2
CL05309,PULSE,Yamoussoukro,actif,30,0,3028.8333333333335,4,3,2
CL02681,PULSE,Abidjan,actif,30,0,3028.8333333333335,2,5,2
CL05212,PULSE,Abidjan,actif,30,0,3029.3333333333335,5,2,2
CL02583,PULSE,Yamoussoukro,actif,30,1,3029.8333333333335,5,1,2
CL06593,PULSE,Abidjan,actif,30,1,3029.8333333333335,4,1,2
CL06649,PULSE,Abidjan,actif,30,0,3030.0,5,2,2
CL04547,CONNECT,Abidjan,resilie,152,2,3030.0,1,1,2
CL01687,PULSE,Abidjan,actif,30,1,3030.0,5,1,2
CL07860,PULSE,Abidjan,actif,30,0,3030.2,5,2,2
CL01065,PULSE,Abidjan,actif,30,0,3030.3333333333335,2,5,2
CL05084,PULSE,Abidjan,actif,30,2,3030.5,3,1,2
CL02284,PULSE,Abidjan,actif,30,0,3031.0,2,5,2
CL01004,PULSE,San-Pedro,actif,30,1,3031.1666666666665,4,1,2
CL02709,PULSE,Korhogo,actif,30,2,3031.25,4,1,2
CL02742,ETUDIANT,San-Pedro,resilie,91,3,3031.5,2,1,2
CL02706,PULSE,Abidjan,actif,30,1,3031.8333333333335,2,2,2
CL05046,PULSE,Abidjan,actif,30,0,3032.1666666666665,3,3,2
CL01068,PULSE,Bouake,actif,30,1,3032.1666666666665,3,1,2
CL06571,PULSE,Abidjan,actif,30,2,3032.1666666666665,3,1,2
CL06720,PULSE,Korhogo,actif,30,0,3032.1666666666665,3,5,2
CL04728,ETUDIANT,Yamoussoukro,resilie,30,0,3032.5,4,3,2
CL05150,PULSE,Abidjan,actif,30,0,3032.5,5,2,2
CL07137,PULSE,Bouake,actif,30,0,3032.6666666666665,4,3,2
CL00462,PULSE,Abidjan,actif,30,0,3032.8333333333335,4,3,2
CL04529,PULSE,Abidjan,actif,30,0,3032.8333333333335,2,5,2
CL07057,PULSE,San-Pedro,actif,30,0,3033.0,3,3,2
CL06477,PULSE,Abidjan,actif,30,0,3033.0,4,3,2
CL07942,PULSE,Abidjan,actif,30,0,3033.0,3,5,2
CL07886,PULSE,Yamoussoukro,actif,30,1,3033.3333333333335,4,1,2
CL06315,PULSE,San-Pedro,actif,30,0,3033.5,3,3,2
CL03134,PULSE,Yamoussoukro,actif,30,0,3035.0,2,5,2
CL01707,PULSE,Korhogo,actif,30,1,3035.1666666666665,2,2,2
CL06239,PULSE,Bouake,actif,30,0,3035.3333333333335,2,5,2
CL02047,PULSE,Bouake,actif,30,0,3035.5,4,3,2
CL00596,PULSE,Abidjan,actif,30,0,3035.6666666666665,4,3,2
CL03102,PULSE,Bouake,actif,30,0,3035.8333333333335,4,3,2
CL04611,PULSE,Yamoussoukro,actif,30,0,3036.0,3,3,2
CL00606,PULSE,San-Pedro,actif,30,0,3036.0,3,3,2
CL02622,PULSE,Abidjan,actif,30,1,3036.3333333333335,4,1,2
CL00246,PULSE,Abidjan,actif,30,1,3036.5,4,1,2
CL02877,PULSE,San-Pedro,actif,30,0,3036.5,5,2,2
CL01391,PULSE,Abidjan,actif,30,0,3036.5,4,3,2
CL06992,PULSE,Yamoussoukro,actif,30,0,3036.6666666666665,5,2,2
CL00369,PULSE,Bouake,actif,30,0,3036.8333333333335,2,4,2
CL00829,PULSE,San-Pedro,actif,30,0,3037.0,5,2,2
CL00822,PULSE,Bouake,actif,30,1,3037.0,3,1,2
CL05911,PULSE,Abidjan,actif,30,1,3037.1666666666665,3,1,2
CL04138,PULSE,Abidjan,actif,30,0,3037.2,5,2,2
CL02080,PULSE,Abidjan,actif,30,0,3037.3333333333335,5,2,2
CL03159,PULSE,Bouake,actif,30,0,3037.3333333333335,3,3,2
CL07560,PULSE,Bouake,actif,30,1,3037.8333333333335,4,1,2
CL06255,PULSE,Abidjan,actif,30,0,3037.8333333333335,4,3,2
CL06238,PULSE,Bouake,actif,30,0,3038.3333333333335,3,3,2
CL01681,PULSE,Yamoussoukro,actif,30,1,3038.5,4,1,2
CL00132,PULSE,Bouake,actif,30,0,3039.2,5,2,2
CL02837,PULSE,Abidjan,actif,30,0,3039.8333333333335,3,3,2
CL01354,PULSE,Abidjan,actif,30,1,3039.8333333333335,5,1,2
CL05600,PULSE,Korhogo,actif,30,1,3040.0,2,1,2
CL07252,PULSE,San-Pedro,actif,30,0,3040.0,3,5,2
CL00049,PULSE,Bouake,actif,30,0,3040.1666666666665,4,3,2
CL02998,PULSE,Korhogo,actif,30,1,3040.1666666666665,5,1,2
CL06484,PULSE,Bouake,actif,30,0,3040.1666666666665,2,5,2
CL05661,PULSE,Bouake,actif,30,0,3040.5,4,3,2
CL07545,PULSE,Abidjan,actif,30,0,3040.5,2,4,2
CL07871,PULSE,Bouake,actif,30,0,3040.6666666666665,5,2,2
CL02420,PULSE,Bouake,actif,30,1,3040.6666666666665,5,1,2
CL07292,PULSE,Abidjan,actif,30,0,3040.8333333333335,5,2,2
CL06012,PULSE,Abidjan,actif,30,0,3041.0,5,2,2
CL01526,PULSE,Korhogo,actif,30,0,3041.0,3,5,2
CL04513,PULSE,Bouake,actif,30,0,3041.1666666666665,5,2,2
CL01696,PULSE,Abidjan,actif,30,0,3041.5,5,2,2
CL01038,ETUDIANT,Yamoussoukro,resilie,30,1,3041.5,3,2,2
CL03925,PULSE,Abidjan,actif,30,2,3041.75,4,1,2
CL01623,PULSE,Abidjan,actif,30,0,3041.75,2,5,2
CL03759,PULSE,Abidjan,actif,30,0,3041.8333333333335,5,2,2
CL06934,PULSE,Abidjan,actif,30,1,3041.8333333333335,5,1,2
CL06805,PULSE,Abidjan,actif,30,0,3042.0,2,5,2
CL05036,ETUDIANT,Abidjan,resilie,60,1,3042.2,2,1,2
CL00678,PULSE,Abidjan,actif,30,2,3042.25,5,1,2
CL00725,PULSE,Abidjan,actif,30,0,3042.25,2,5,2
CL02571,PULSE,Abidjan,actif,30,0,3042.4,3,3,2
CL04202,PULSE,Abidjan,actif,30,0,3042.5,4,3,2
CL06597,PULSE,Bouake,actif,30,0,3042.5,5,2,2
CL03955,ETUDIANT,Bouake,resilie,60,1,3042.5,2,1,2
CL00767,PULSE,Bouake,actif,30,1,3042.5,3,1,2
CL00281,PULSE,Bouake,actif,30,0,3042.5,2,4,2
CL06782,PULSE,San-Pedro,actif,30,0,3043.1666666666665,3,3,2
CL02688,PULSE,Yamoussoukro,actif,30,0,3043.6666666666665,3,5,2
CL06700,PULSE,Bouake,actif,30,1,3043.8,2,1,2
CL05982,PULSE,Abidjan,actif,30,0,3043.8333333333335,2,5,2
CL04329,PULSE,Abidjan,actif,30,0,3043.8333333333335,2,5,2
CL00671,PULSE,Yamoussoukro,actif,30,0,3044.0,5,2,2
CL02467,PULSE,Abidjan,actif,30,0,3044.0,4,3,2
CL02965,PULSE,Abidjan,actif,30,0,3044.1666666666665,4,3,2
CL03668,PULSE,Abidjan,actif,30,0,3044.2,5,2,2
CL02346,PULSE,Bouake,actif,30,0,3044.3333333333335,2,5,2
CL02446,PULSE,Bouake,actif,30,0,3044.6666666666665,5,2,2
CL02872,PULSE,Abidjan,actif,30,0,3045.1666666666665,2,5,2
CL03247,PULSE,Abidjan,actif,30,1,3045.3333333333335,4,1,2
CL05184,PULSE,Bouake,actif,30,0,3045.5,2,5,2
CL02173,PULSE,Abidjan,actif,30,0,3045.8333333333335,5,2,2
CL01393,PULSE,Korhogo,actif,30,0,3046.0,4,3,2
CL06696,PULSE,Abidjan,actif,30,0,3046.1666666666665,5,2,2
CL07133,PULSE,Korhogo,actif,30,0,3046.1666666666665,4,3,2
CL02738,PULSE,Abidjan,actif,30,0,3046.1666666666665,2,5,2
CL02645,PULSE,Bouake,actif,30,0,3046.3333333333335,3,3,2
CL02101,PULSE,Abidjan,actif,30,1,3046.5,5,1,2
CL01335,PULSE,Abidjan,actif,30,0,3046.6666666666665,2,5,2
CL00970,PULSE,Abidjan,actif,30,0,3046.8333333333335,2,5,2
CL04287,PULSE,Korhogo,actif,30,1,3047.1666666666665,2,2,2
CL07669,PULSE,Korhogo,actif,30,0,3047.3333333333335,5,2,2
CL01479,PULSE,Bouake,actif,30,0,3047.4,2,5,2
CL02034,ETUDIANT,Abidjan,resilie,91,0,3048.0,1,4,2
CL05463,PULSE,San-Pedro,actif,30,0,3048.0,2,5,2
CL05422,PULSE,Yamoussoukro,actif,30,1,3048.1666666666665,2,2,2
CL00981,PULSE,Abidjan,actif,30,1,3048.1666666666665,3,1,2
CL00574,PULSE,Bouake,actif,30,0,3048.1666666666665,3,5,2
CL00912,PULSE,Abidjan,actif,30,1,3048.2,4,1,2
CL01484,PULSE,Korhogo,actif,30,0,3048.3333333333335,5,2,2
CL01701,PULSE,Abidjan,actif,30,0,3048.6666666666665,3,5,2
CL03628,PULSE,Bouake,actif,30,2,3048.8333333333335,3,1,2
CL01424,PULSE,San-Pedro,actif,30,0,3049.0,5,2,2
CL04215,PULSE,Bouake,actif,30,0,3049.5,5,2,2
CL02317,PULSE,Abidjan,actif,30,0,3049.8333333333335,3,3,2
CL06284,PULSE,Abidjan,actif,30,0,3050.0,3,3,2
CL07327,PULSE,Abidjan,actif,30,0,3050.0,5,2,2
CL06684,PULSE,Abidjan,actif,30,0,3050.0,2,5,2
CL05555,PULSE,Abidjan,actif,30,0,3050.0,3,5,2
CL01869,PULSE,Abidjan,actif,30,1,3050.4,3,2,2
CL00882,PULSE,Abidjan,actif,30,0,3050.6,5,2,2
CL07565,PULSE,Abidjan,actif,30,1,3051.0,3,2,2
CL07483,PULSE,Abidjan,actif,30,0,3051.3333333333335,5,2,2
CL05910,PULSE,Korhogo,actif,30,1,3051.8333333333335,4,1,2
CL03848,PULSE,Bouake,actif,30,0,3051.8333333333335,3,5,2
CL04639,PULSE,Abidjan,actif,30,0,3052.1666666666665,5,2,2
CL02854,PULSE,Yamoussoukro,actif,30,1,3052.3333333333335,2,2,2
CL05148,PULSE,Abidjan,actif,30,1,3052.3333333333335,3,2,2
CL01921,PULSE,San-Pedro,actif,30,0,3052.5,3,3,2
CL06561,PULSE,San-Pedro,actif,30,2,3052.6666666666665,2,1,2
CL07756,ETUDIANT,Abidjan,resilie,183,1,3053.0,1,1,2
CL00421,PULSE,Yamoussoukro,actif,30,0,3053.0,2,4,2
CL07908,PULSE,Abidjan,actif,30,1,3053.1666666666665,2,2,2
CL01564,PULSE,Abidjan,actif,30,1,3053.1666666666665,5,1,2
CL00052,PULSE,Korhogo,actif,30,0,3053.1666666666665,4,3,2
CL06734,PULSE,Abidjan,actif,30,0,3053.2,5,2,2
CL03842,PULSE,Abidjan,actif,30,0,3053.4,2,5,2
CL06509,PULSE,Abidjan,actif,30,0,3053.5,4,3,2
CL07300,SENIOR,Abidjan,resilie,30,0,3053.5,3,5,2
CL06914,PULSE,Bouake,actif,30,0,3053.8333333333335,5,2,2
CL07834,PULSE,Abidjan,actif,30,0,3054.1666666666665,3,3,2
CL00844,PULSE,Abidjan,actif,30,1,3054.1666666666665,3,1,2
CL06604,PULSE,Bouake,actif,30,0,3054.3333333333335,4,2,2
CL07385,PULSE,Abidjan,actif,30,0,3055.0,5,2,2
CL05448,PULSE,San-Pedro,actif,30,0,3055.2,2,5,2
CL00090,PULSE,Bouake,actif,30,0,3055.3333333333335,3,3,2
CL03500,PULSE,Bouake,actif,30,0,3055.6666666666665,4,3,2
CL07595,PULSE,Abidjan,actif,30,1,3055.8333333333335,5,1,2
CL05762,PULSE,Abidjan,actif,30,0,3056.1666666666665,3,3,2
CL06741,PULSE,San-Pedro,actif,30,0,3056.1666666666665,4,2,2
CL06670,PULSE,Abidjan,actif,30,1,3056.1666666666665,4,1,2
CL03652,PULSE,Abidjan,actif,30,0,3056.1666666666665,5,2,2
CL00326,PULSE,Abidjan,actif,30,0,3056.1666666666665,4,3,2
CL02242,PULSE,San-Pedro,actif,30,0,3056.1666666666665,2,5,2
CL07880,PULSE,Abidjan,actif,30,0,3056.1666666666665,2,5,2
CL00437,PULSE,San-Pedro,actif,30,0,3056.3333333333335,4,3,2
CL07414,PULSE,Bouake,actif,30,1,3056.3333333333335,3,2,2
CL02500,PULSE,Abidjan,actif,30,0,3056.4,5,2,2
CL01406,PULSE,Bouake,actif,30,2,3056.6666666666665,4,1,2
CL05486,ETUDIANT,Abidjan,resilie,60,0,3056.75,2,4,2
CL07316,PULSE,Abidjan,actif,30,0,3056.8333333333335,2,5,2
CL06366,PULSE,Abidjan,actif,30,1,3057.0,5,1,2
CL04189,PULSE,Abidjan,actif,30,1,3057.1666666666665,5,1,2
CL02379,PULSE,Yamoussoukro,actif,30,0,3057.5,2,5,2
CL00308,PULSE,San-Pedro,actif,30,0,3057.5,3,5,2
CL02140,PULSE,San-Pedro,actif,30,0,3058.0,3,5,2
CL07426,PULSE,Korhogo,actif,30,0,3058.1666666666665,5,2,2
CL07570,PULSE,Korhogo,actif,30,1,3058.1666666666665,4,1,2
CL00155,PULSE,Korhogo,actif,30,0,3058.2,4,3,2
CL05627,PULSE,Abidjan,actif,30,0,3058.3333333333335,3,3,2
CL05395,PULSE,Korhogo,actif,30,0,3058.3333333333335,2,5,2
CL03139,PULSE,Korhogo,actif,30,0,3058.4,5,2,2
CL04246,PULSE,Bouake,actif,30,0,3058.5,5,2,2
CL00727,PULSE,Abidjan,actif,30,1,3058.5,5,1,2
CL04807,PULSE,Abidjan,actif,30,1,3058.8333333333335,4,1,2
CL07790,PULSE,Korhogo,actif,30,0,3059.0,4,3,2
CL07246,PULSE,San-Pedro,actif,30,0,3059.0,3,5,2
CL06514,PULSE,Abidjan,actif,30,0,3059.1666666666665,2,5,2
CL00099,PULSE,Abidjan,actif,30,0,3059.5,2,5,2
CL04924,PULSE,Bouake,actif,30,0,3059.6666666666665,5,2,2
CL06476,PULSE,Abidjan,actif,30,2,3060.3333333333335,3,1,2
CL06326,PULSE,Bouake,actif,30,1,3060.6666666666665,5,1,2
CL01877,PULSE,Abidjan,actif,30,0,3060.6666666666665,2,5,2
CL03137,PULSE,Bouake,actif,30,0,3060.6666666666665,2,5,2
CL03650,PULSE,Abidjan,actif,30,0,3060.8333333333335,4,3,2
CL03020,PULSE,Abidjan,actif,30,0,3061.0,4,3,2
CL06499,PULSE,Korhogo,actif,30,0,3061.1666666666665,2,5,2
CL06631,PULSE,Bouake,actif,30,0,3061.5,4,2,2
CL06480,PULSE,Abidjan,actif,30,1,3062.6666666666665,4,1,2
CL00324,PULSE,Abidjan,actif,30,0,3062.6666666666665,3,5,2
CL05159,PULSE,San-Pedro,actif,30,0,3063.0,5,2,2
CL01900,PULSE,Abidjan,actif,30,0,3063.0,2,5,2
CL07195,PULSE,Korhogo,actif,30,0,3063.1666666666665,2,4,2
CL02167,PULSE,Abidjan,actif,30,0,3063.1666666666665,2,5,2
CL04686,PULSE,Abidjan,actif,30,0,3063.5,4,3,2
CL01413,PULSE,Abidjan,actif,30,1,3063.6,3,1,2
CL06936,PULSE,Yamoussoukro,actif,30,0,3064.0,5,2,2
CL04319,PULSE,Korhogo,actif,30,0,3064.3333333333335,5,2,2
CL00424,PULSE,Abidjan,actif,30,0,3064.5,5,2,2
CL02676,PULSE,Abidjan,actif,30,0,3064.6666666666665,5,2,2
CL07392,PULSE,Bouake,actif,30,2,3064.8333333333335,3,1,2
CL06791,PULSE,Abidjan,actif,30,1,3065.3333333333335,5,1,2
CL03319,PULSE,Abidjan,actif,30,1,3065.5,5,1,2
CL02832,PULSE,Abidjan,actif,30,0,3065.5,3,5,2
CL06105,PULSE,Abidjan,actif,30,1,3065.8333333333335,5,1,2
CL02994,PULSE,Abidjan,actif,30,0,3066.0,4,3,2
CL02896,PULSE,Bouake,actif,30,0,3066.0,2,5,2
CL03973,PULSE,Abidjan,actif,30,0,3066.3333333333335,5,2,2
CL02580,PULSE,Abidjan,actif,30,1,3066.3333333333335,4,1,2
CL05276,PULSE,Korhogo,actif,30,1,3066.6666666666665,5,1,2
CL05034,PULSE,San-Pedro,actif,30,0,3067.1666666666665,4,3,2
CL03464,PULSE,Korhogo,actif,30,0,3067.3333333333335,5,2,2
CL03256,PULSE,Abidjan,actif,30,0,3067.5,4,3,2
CL06797,PULSE,Abidjan,actif,30,1,3067.8333333333335,5,1,2
CL05153,ETUDIANT,Bouake,resilie,152,0,3068.0,1,4,2
CL00106,PULSE,Bouake,actif,30,0,3068.5,4,3,2
CL01633,PULSE,Abidjan,actif,30,0,3068.6666666666665,5,2,2
CL01990,PULSE,Abidjan,actif,30,0,3069.0,5,2,2
CL01793,PULSE,Abidjan,actif,30,0,3069.0,2,5,2
CL06572,PULSE,Abidjan,actif,30,0,3069.3333333333335,5,2,2
CL07333,PULSE,Bouake,actif,30,1,3069.6,5,1,2
CL06557,PULSE,Abidjan,actif,30,0,3069.6666666666665,3,3,2
CL07877,PULSE,Abidjan,actif,30,0,3069.6666666666665,2,5,2
CL03455,PULSE,Abidjan,actif,30,0,3070.0,5,2,2
CL03041,PULSE,San-Pedro,actif,30,0,3070.0,5,2,2
CL04635,PULSE,Abidjan,actif,30,0,3070.1666666666665,5,2,2
CL06029,PULSE,Abidjan,actif,30,0,3070.3333333333335,5,2,2
CL05038,PULSE,Abidjan,actif,30,0,3070.8333333333335,2,5,2
CL05528,PULSE,San-Pedro,actif,30,0,3071.0,3,3,2
CL01248,PULSE,Yamoussoukro,actif,30,1,3071.0,3,1,2
CL05299,PULSE,Abidjan,actif,30,0,3071.1666666666665,4,2,2
CL00044,PULSE,Korhogo,actif,30,0,3071.2,5,2,2
CL04563,PULSE,Abidjan,actif,30,1,3071.3333333333335,2,2,2
CL03076,PULSE,Abidjan,actif,30,0,3071.5,3,5,2
CL03637,PULSE,Abidjan,actif,30,0,3072.0,3,3,2
CL04649,PULSE,Abidjan,actif,30,0,3072.0,2,5,2
CL03814,PULSE,Abidjan,actif,30,0,3072.3333333333335,4,3,2
CL07973,PULSE,Abidjan,actif,30,1,3072.8,3,2,2
CL00705,PULSE,Abidjan,actif,30,0,3072.8333333333335,4,3,2
CL06853,PULSE,Korhogo,actif,30,1,3072.8333333333335,3,1,2
CL06276,PULSE,Bouake,actif,30,0,3073.0,5,2,2
CL05745,PULSE,Abidjan,actif,30,0,3073.1666666666665,5,2,2
CL07430,PULSE,Bouake,actif,30,0,3073.1666666666665,2,5,2
CL01736,PULSE,Abidjan,actif,30,1,3073.3333333333335,3,2,2
CL04402,PULSE,Abidjan,actif,30,2,3073.5,3,1,2
CL03707,PULSE,Korhogo,actif,30,0,3073.5,4,3,2
CL07361,PULSE,Abidjan,actif,30,0,3073.5,2,5,2
CL06228,PULSE,Abidjan,actif,30,2,3073.8333333333335,5,1,2
CL04094,PULSE,Abidjan,actif,30,1,3073.8333333333335,3,2,2
CL06140,PULSE,Abidjan,actif,30,0,3074.2,3,3,2
CL05351,PULSE,Bouake,actif,30,1,3074.3333333333335,3,1,2
CL07048,PULSE,Korhogo,actif,30,1,3074.5,3,1,2
CL07448,PULSE,Bouake,actif,30,0,3074.6,5,2,2
CL01206,PULSE,Abidjan,actif,30,1,3074.8333333333335,5,1,2
CL02093,PULSE,San-Pedro,actif,30,0,3075.1666666666665,3,5,2
CL01263,PULSE,Abidjan,actif,30,0,3075.5,2,5,2
CL03516,PULSE,Abidjan,actif,30,0,3075.6666666666665,5,2,2
CL00275,PULSE,Bouake,actif,30,0,3075.6666666666665,4,3,2
CL05125,PULSE,San-Pedro,actif,30,1,3075.8333333333335,4,1,2
CL00951,PULSE,Abidjan,actif,30,0,3075.8333333333335,2,5,2
CL01481,PULSE,Abidjan,actif,30,0,3075.8333333333335,3,5,2
CL04971,PULSE,Abidjan,actif,30,0,3076.0,3,3,2
CL06182,PULSE,Abidjan,actif,30,1,3076.0,4,1,2
CL02392,PULSE,Abidjan,actif,30,1,3076.4,5,1,2
CL04420,PULSE,Abidjan,actif,30,0,3076.5,3,3,2
CL06937,PULSE,Abidjan,actif,30,0,3076.8333333333335,3,5,2
CL04005,PULSE,Abidjan,actif,30,0,3077.0,2,5,2
CL04891,ETUDIANT,Yamoussoukro,resilie,30,0,3077.2,5,2,2
CL07354,PULSE,Korhogo,actif,30,0,3077.4,2,5,2
CL04679,PULSE,Abidjan,actif,30,0,3077.6,4,3,2
CL02313,PULSE,Bouake,actif,30,1,3078.3333333333335,2,2,2
CL03004,PULSE,Abidjan,actif,30,0,3078.5,5,2,2
CL04778,PULSE,Abidjan,actif,30,0,3078.5,3,5,2
CL05543,PULSE,Abidjan,actif,30,0,3078.6666666666665,4,2,2
CL01504,PULSE,Abidjan,actif,30,0,3078.6666666666665,4,3,2
CL04002,PULSE,Abidjan,actif,30,0,3078.6666666666665,4,3,2
CL06808,PULSE,Abidjan,actif,30,0,3078.8333333333335,5,2,2
CL00376,PULSE,Korhogo,actif,30,0,3079.5,5,2,2
CL04506,ETUDIANT,Abidjan,resilie,60,0,3079.8,2,4,2
CL04338,PULSE,Abidjan,actif,30,0,3079.8333333333335,2,5,2
CL02427,PULSE,Bouake,actif,30,1,3080.0,2,2,2
CL01672,PULSE,Abidjan,actif,30,0,3080.1666666666665,3,3,2
CL06474,PULSE,Abidjan,actif,30,0,3080.25,2,5,2
CL01475,PULSE,Abidjan,actif,30,0,3080.5,5,2,2
CL01188,PULSE,Bouake,actif,30,0,3080.5,5,2,2
CL05453,PULSE,San-Pedro,actif,30,0,3080.8,3,3,2
CL03220,PULSE,Abidjan,actif,30,0,3080.8333333333335,5,2,2
CL03666,PULSE,Abidjan,actif,30,0,3080.8333333333335,2,5,2
CL04855,PULSE,Abidjan,actif,30,0,3081.3333333333335,4,3,2
CL01587,PULSE,San-Pedro,actif,30,2,3081.6666666666665,4,1,2
CL04753,PULSE,Abidjan,actif,30,0,3081.6666666666665,2,5,2
CL03549,PULSE,Abidjan,actif,30,0,3082.0,4,3,2
CL01790,PULSE,San-Pedro,actif,30,0,3082.1666666666665,5,2,2
CL05255,PULSE,Bouake,actif,30,1,3082.1666666666665,3,2,2
CL05571,PULSE,Abidjan,actif,30,0,3082.6666666666665,3,3,2
CL02451,PULSE,Bouake,actif,30,1,3082.75,4,1,2
CL02019,PULSE,Abidjan,actif,30,0,3082.8333333333335,3,5,2
CL05055,PULSE,Bouake,actif,30,0,3083.0,3,5,2
CL02785,PULSE,Bouake,actif,30,0,3083.3333333333335,4,3,2
CL00870,PULSE,Abidjan,actif,30,0,3083.3333333333335,3,5,2
CL01204,PULSE,Korhogo,actif,30,1,3083.5,4,1,2
CL00916,PULSE,Bouake,actif,30,0,3083.5,2,5,2
CL00391,PULSE,Abidjan,actif,30,0,3084.0,3,3,2
CL01254,PULSE,Abidjan,actif,30,0,3084.1666666666665,3,5,2
CL05473,PULSE,Abidjan,actif,30,2,3084.4,5,1,2
CL05614,PULSE,Yamoussoukro,actif,30,0,3084.6666666666665,2,5,2
CL04231,ETUDIANT,Korhogo,resilie,91,0,3084.75,2,4,2
CL02163,PULSE,Yamoussoukro,actif,30,0,3085.0,4,3,2
CL02944,PULSE,Abidjan,actif,30,1,3085.1666666666665,5,1,2
CL01379,PULSE,Yamoussoukro,actif,30,1,3085.8333333333335,5,1,2
CL03345,PULSE,San-Pedro,actif,30,3,3085.8333333333335,4,1,2
CL00296,PULSE,Bouake,actif,30,0,3086.0,4,3,2
CL01277,SENIOR,San-Pedro,resilie,60,0,3086.0,2,4,2
CL07999,PULSE,Abidjan,actif,30,0,3086.0,2,5,2
CL04724,PULSE,San-Pedro,actif,30,0,3086.1666666666665,5,2,2
CL00638,PULSE,Bouake,actif,30,0,3086.3333333333335,3,3,2
CL07536,PULSE,Abidjan,actif,30,0,3086.5,3,3,2
CL00689,PULSE,Bouake,actif,30,0,3086.6666666666665,3,5,2
CL00680,PULSE,Bouake,actif,30,1,3087.3333333333335,5,1,2
CL04616,PULSE,Abidjan,actif,30,0,3087.6666666666665,3,3,2
CL00814,PULSE,Yamoussoukro,actif,30,1,3087.6666666666665,4,1,2
CL07260,PULSE,Abidjan,actif,30,0,3087.6666666666665,3,5,2
CL07210,PULSE,Bouake,actif,30,0,3087.8,2,4,2
CL06998,PULSE,Bouake,actif,30,0,3087.8333333333335,2,5,2
CL06487,PULSE,Abidjan,actif,30,0,3088.0,5,2,2
CL01247,PULSE,Abidjan,actif,30,2,3088.2,3,1,2
CL02351,PULSE,Abidjan,actif,30,0,3088.3333333333335,4,3,2
CL01823,PULSE,Abidjan,actif,30,0,3088.5,5,2,2
CL03132,PULSE,Abidjan,actif,30,2,3088.5,3,1,2
CL01464,PULSE,Bouake,actif,30,0,3088.5,2,5,2
CL07367,PULSE,Korhogo,actif,30,0,3088.8333333333335,3,3,2
CL01553,PULSE,Abidjan,actif,30,0,3089.0,5,2,2
CL01224,PULSE,Abidjan,actif,30,0,3089.1666666666665,2,5,2
CL01080,PULSE,Abidjan,actif,30,0,3089.5,4,3,2
CL06946,PULSE,Abidjan,actif,30,0,3089.6666666666665,3,3,2
CL03555,PULSE,Abidjan,actif,30,0,3089.8,3,3,2
CL07646,PULSE,Bouake,actif,30,0,3089.8333333333335,3,5,2
CL04949,PULSE,Bouake,actif,30,1,3090.0,5,1,2
CL01516,PULSE,Abidjan,actif,30,0,3090.1666666666665,4,3,2
CL06695,PULSE,Abidjan,actif,30,0,3090.25,3,3,2
CL03850,PULSE,Abidjan,actif,30,1,3090.3333333333335,3,2,2
CL01060,PULSE,San-Pedro,actif,30,0,3091.0,3,3,2
CL06842,PULSE,Abidjan,actif,30,0,3091.0,2,5,2
CL03547,PULSE,Abidjan,actif,30,0,3091.6666666666665,3,3,2
CL02125,PULSE,Abidjan,actif,30,0,3091.6666666666665,4,3,2
CL05564,PULSE,Abidjan,actif,30,0,3092.0,3,5,2
CL02863,PULSE,Abidjan,actif,30,0,3092.1666666666665,3,3,2
CL03164,PULSE,San-Pedro,actif,30,0,3092.6666666666665,2,5,2
CL02471,PULSE,Bouake,actif,30,0,3092.8333333333335,4,3,2
CL07932,PULSE,Abidjan,actif,30,0,3092.8333333333335,5,2,2
CL01695,PULSE,Bouake,actif,30,0,3093.0,4,3,2
CL02897,PULSE,Abidjan,actif,30,0,3093.0,2,5,2
CL05516,PULSE,Bouake,actif,30,0,3093.2,5,2,2
CL00878,PULSE,Abidjan,actif,30,1,3093.3333333333335,4,1,2
CL00115,PULSE,Abidjan,actif,30,0,3093.5,4,3,2
CL03839,PULSE,Korhogo,actif,30,0,3093.5,2,5,2
CL06743,PULSE,Bouake,actif,30,0,3093.6666666666665,3,3,2
CL02364,ETUDIANT,Abidjan,resilie,91,0,3093.75,1,4,2
CL02013,PULSE,Korhogo,actif,30,0,3093.8333333333335,5,2,2
CL06786,PULSE,Abidjan,actif,30,0,3093.8333333333335,2,5,2
CL07098,PULSE,Abidjan,actif,30,1,3094.0,5,1,2
CL04259,PULSE,Bouake,actif,30,0,3094.1666666666665,2,5,2
CL07787,PULSE,Abidjan,actif,30,1,3094.3333333333335,4,1,2
CL06564,PULSE,Bouake,actif,30,0,3094.5,3,3,2
CL03082,PULSE,Bouake,actif,30,0,3095.0,3,3,2
CL00600,PULSE,Abidjan,actif,30,0,3095.1666666666665,5,2,2
CL07617,PULSE,Bouake,actif,30,0,3095.3333333333335,2,5,2
CL01847,PULSE,Yamoussoukro,actif,30,0,3095.8333333333335,5,2,2
CL04784,PULSE,Yamoussoukro,actif,30,1,3095.8333333333335,5,1,2
CL07432,PULSE,Abidjan,actif,30,0,3095.8333333333335,4,3,2
CL00793,PULSE,Yamoussoukro,actif,30,0,3096.1666666666665,3,5,2
CL06944,PULSE,Abidjan,actif,30,1,3096.4,3,1,2
CL01123,PULSE,San-Pedro,actif,30,1,3096.5,2,2,2
CL01028,PULSE,Bouake,actif,30,0,3096.8333333333335,3,3,2
CL02189,PULSE,Bouake,actif,30,0,3097.5,4,3,2
CL05222,PULSE,Abidjan,actif,30,0,3097.6666666666665,4,3,2
CL02777,PULSE,Abidjan,actif,30,0,3097.6666666666665,5,2,2
CL02049,PULSE,Yamoussoukro,actif,30,2,3097.8333333333335,5,1,2
CL00392,PULSE,Abidjan,actif,30,2,3098.0,4,1,2
CL04955,PULSE,Bouake,actif,30,1,3098.6666666666665,4,1,2
CL03452,PULSE,Abidjan,actif,30,1,3098.8333333333335,5,1,2
CL05545,PULSE,Abidjan,actif,30,0,3099.0,2,5,2
CL04069,PULSE,Abidjan,actif,30,3,3099.5,5,1,2
CL06694,PULSE,Korhogo,actif,30,0,3099.6666666666665,4,2,2
CL07867,PULSE,Abidjan,actif,30,0,3099.6666666666665,5,2,2
CL02285,PULSE,Bouake,actif,30,0,3100.1666666666665,2,5,2
CL00894,PULSE,Korhogo,actif,30,0,3100.4,5,2,2
CL04247,PULSE,Bouake,actif,30,1,3100.6,4,1,2
CL00344,PULSE,Bouake,actif,30,0,3101.0,5,2,2
CL06522,PULSE,Abidjan,actif,30,1,3101.3333333333335,5,1,2
CL01643,PULSE,Bouake,actif,30,2,3101.75,4,1,2
CL02067,PULSE,Abidjan,actif,30,0,3101.8333333333335,4,3,2
CL03276,PULSE,Abidjan,actif,30,0,3102.0,5,2,2
CL07997,PULSE,Abidjan,actif,30,0,3102.0,3,3,2
CL01747,PULSE,Korhogo,actif,30,0,3102.1666666666665,4,3,2
CL00112,PULSE,San-Pedro,actif,30,0,3102.5,2,5,2
CL00636,PULSE,Yamoussoukro,actif,30,0,3102.75,4,3,2
CL03338,PULSE,San-Pedro,actif,30,0,3102.8333333333335,5,2,2
CL06282,PULSE,Yamoussoukro,actif,30,0,3103.0,4,2,2
CL02123,PULSE,Abidjan,actif,30,0,3103.0,2,5,2
CL00862,PULSE,Abidjan,actif,30,0,3103.0,2,5,2
CL06749,PULSE,Abidjan,actif,30,0,3103.0,2,5,2
CL01907,PULSE,Bouake,actif,30,0,3103.1666666666665,3,3,2
CL06003,PULSE,Abidjan,actif,30,0,3103.1666666666665,2,5,2
CL07625,PULSE,Korhogo,actif,30,1,3103.2,5,1,2
CL07425,PULSE,Bouake,actif,30,0,3104.0,2,5,2
CL02111,PULSE,Yamoussoukro,actif,30,0,3104.0,3,5,2
CL04178,PULSE,Abidjan,actif,30,0,3104.5,4,3,2
CL01950,PULSE,Abidjan,actif,30,0,3104.5,2,5,2
CL02955,PULSE,Korhogo,actif,30,0,3104.6666666666665,2,5,2
CL02326,PULSE,Yamoussoukro,actif,30,0,3105.0,4,3,2
CL01383,PULSE,Abidjan,actif,30,1,3105.3333333333335,4,1,2
CL03141,PULSE,Abidjan,actif,30,0,3105.6666666666665,4,3,2
CL06802,PULSE,Yamoussoukro,actif,30,0,3106.1666666666665,2,5,2
CL06451,PULSE,Abidjan,actif,30,0,3106.3333333333335,3,3,2
CL00268,PULSE,Abidjan,actif,30,1,3106.3333333333335,4,1,2
CL06231,PULSE,Abidjan,actif,30,2,3107.1666666666665,4,1,2
CL05858,PULSE,Korhogo,actif,30,0,3107.6666666666665,4,2,2
CL04970,PULSE,Bouake,actif,30,0,3107.6666666666665,5,2,2
CL06669,PULSE,Abidjan,actif,30,0,3108.0,2,5,2
CL04056,PULSE,Bouake,actif,30,0,3108.1666666666665,4,3,2
CL07863,PULSE,Abidjan,actif,30,1,3108.1666666666665,5,1,2
CL05187,PULSE,Abidjan,actif,30,0,3108.3333333333335,2,5,2
CL04800,PULSE,Abidjan,actif,30,0,3109.0,5,2,2
CL07785,PULSE,Abidjan,actif,30,0,3109.3333333333335,5,2,2
CL07615,PULSE,Abidjan,actif,30,1,3109.6666666666665,4,1,2
CL05892,PULSE,San-Pedro,actif,30,0,3110.8,3,3,2
CL07380,PULSE,Yamoussoukro,actif,30,0,3111.6666666666665,3,3,2
CL03918,PULSE,Bouake,actif,30,1,3111.75,4,1,2
CL02512,PULSE,Abidjan,actif,30,0,3111.8,5,2,2
CL06183,PULSE,Bouake,actif,30,0,3112.0,3,5,2
CL01202,PULSE,Korhogo,actif,30,0,3112.8333333333335,4,3,2
CL03344,PULSE,San-Pedro,actif,30,1,3112.8333333333335,3,2,2
CL07994,PULSE,Abidjan,actif,30,1,3112.8333333333335,3,2,2
CL06393,PULSE,Yamoussoukro,actif,30,0,3113.0,3,5,2
CL05098,PULSE,Bouake,actif,30,0,3113.3333333333335,4,3,2
CL00835,PULSE,Korhogo,actif,30,0,3113.3333333333335,4,3,2
CL01502,PULSE,Korhogo,actif,30,0,3113.3333333333335,2,5,2
CL02931,PULSE,San-Pedro,actif,30,0,3113.8333333333335,3,5,2
CL00616,PULSE,Abidjan,actif,30,0,3114.0,5,2,2
CL00302,PULSE,Abidjan,actif,30,0,3114.3333333333335,3,5,2
CL04127,PULSE,Abidjan,actif,30,0,3114.5,4,3,2
CL07895,PULSE,Yamoussoukro,actif,30,0,3114.6666666666665,5,2,2
CL02008,PULSE,Abidjan,actif,30,1,3114.6666666666665,5,1,2
CL07204,PULSE,San-Pedro,actif,30,1,3115.1666666666665,5,1,2
CL06346,PULSE,Abidjan,actif,30,0,3115.3333333333335,3,5,2
CL05203,PULSE,Abidjan,actif,30,3,3116.0,2,1,2
CL05559,PULSE,Abidjan,actif,30,1,3116.1666666666665,4,1,2
CL06389,PULSE,San-Pedro,actif,30,1,3116.1666666666665,2,1,2
CL04706,PULSE,Bouake,actif,30,0,3116.6666666666665,4,3,2
CL06489,PULSE,Bouake,actif,30,0,3117.0,4,2,2
CL00514,PULSE,Abidjan,actif,30,0,3117.3333333333335,4,3,2
CL05585,PULSE,Abidjan,actif,30,0,3117.6666666666665,2,5,2
CL07656,PULSE,Bouake,actif,30,0,3118.0,5,2,2
CL03605,PULSE,Korhogo,actif,30,0,3118.1666666666665,2,5,2
CL03414,PULSE,San-Pedro,actif,30,0,3118.3333333333335,4,3,2
CL06613,PULSE,Bouake,actif,30,2,3118.5,5,1,2
CL05952,PULSE,Abidjan,actif,30,0,3118.6,4,3,2
CL06093,PULSE,Abidjan,actif,30,0,3118.6666666666665,3,3,2
CL05277,PULSE,Abidjan,actif,30,0,3118.8333333333335,4,3,2
CL04381,PULSE,Abidjan,actif,30,0,3118.8333333333335,3,5,2
CL00416,PULSE,Abidjan,actif,30,0,3118.8333333333335,2,4,2
CL06756,PULSE,Abidjan,actif,30,0,3120.3333333333335,2,5,2
CL04797,PULSE,Abidjan,actif,30,1,3121.3333333333335,4,1,2
CL03807,PULSE,Abidjan,actif,30,1,3121.3333333333335,3,2,2
CL02177,PULSE,Abidjan,actif,30,0,3121.6666666666665,2,5,2
CL02150,ETUDIANT,Abidjan,resilie,91,0,3122.75,2,4,2
CL06373,PULSE,Bouake,actif,30,0,3123.0,4,3,2
CL07857,PULSE,Yamoussoukro,actif,30,0,3123.1666666666665,5,2,2
CL01299,PULSE,Abidjan,actif,30,1,3123.3333333333335,4,1,2
CL06651,PULSE,Abidjan,actif,30,0,3123.5,5,2,2
CL02551,PULSE,Abidjan,actif,30,1,3123.8333333333335,4,1,2
CL06985,PULSE,San-Pedro,actif,30,1,3124.5,4,1,2
CL02228,PULSE,Yamoussoukro,actif,30,0,3124.6666666666665,5,2,2
CL05665,PULSE,San-Pedro,actif,30,0,3125.3333333333335,5,2,2
CL00655,PULSE,Bouake,actif,30,0,3125.6666666666665,3,5,2
CL02791,PULSE,Abidjan,actif,30,0,3125.8333333333335,5,2,2
CL00188,PULSE,Abidjan,actif,30,0,3126.1666666666665,3,5,2
CL02119,PULSE,Korhogo,actif,30,0,3126.5,5,2,2
CL04142,PULSE,San-Pedro,actif,30,1,3126.5,5,1,2
CL06107,PULSE,Abidjan,actif,30,0,3126.6666666666665,5,2,2
CL06125,PULSE,Bouake,actif,30,0,3127.1666666666665,5,2,2
CL04840,PULSE,Abidjan,actif,30,0,3127.8333333333335,3,5,2
CL06208,PULSE,San-Pedro,actif,30,0,3128.5,3,5,2
CL00432,PULSE,Abidjan,actif,30,0,3128.8333333333335,5,2,2
CL05547,PULSE,Abidjan,actif,30,0,3128.8333333333335,4,2,2
CL00030,PULSE,San-Pedro,actif,30,0,3128.8333333333335,5,2,2
CL01718,PULSE,Abidjan,actif,30,0,3129.1666666666665,3,5,2
CL02842,PULSE,Abidjan,actif,30,0,3129.1666666666665,2,5,2
CL07548,PULSE,Abidjan,actif,30,1,3129.5,4,1,2
CL00930,PULSE,Abidjan,actif,30,1,3129.5,3,1,2
CL04213,PULSE,Korhogo,actif,30,0,3130.0,2,5,2
CL05984,PULSE,Bouake,actif,30,0,3131.0,5,2,2
CL01171,PULSE,San-Pedro,actif,30,2,3131.0,3,1,2
CL06901,PULSE,Abidjan,actif,30,0,3131.3333333333335,2,5,2
CL04694,PULSE,San-Pedro,actif,30,1,3131.6666666666665,2,2,2
CL05987,PULSE,Abidjan,actif,30,0,3132.1666666666665,5,2,2
CL01426,PULSE,Abidjan,actif,30,0,3132.1666666666665,3,5,2
CL05485,PULSE,Abidjan,actif,30,0,3132.8333333333335,4,3,2
CL03317,PULSE,Korhogo,actif,30,0,3132.8333333333335,2,5,2
CL05347,PULSE,Abidjan,actif,30,0,3134.0,3,5,2
CL02940,PULSE,Abidjan,actif,30,1,3134.8333333333335,4,1,2
CL01053,PULSE,Bouake,actif,30,1,3135.0,4,1,2
CL06479,PULSE,Abidjan,actif,30,0,3135.1666666666665,3,3,2
CL07321,PULSE,Yamoussoukro,actif,30,0,3135.3333333333335,2,4,2
CL06218,PULSE,Abidjan,actif,30,0,3135.5,3,5,2
CL01449,PULSE,Abidjan,actif,30,0,3135.6,3,5,2
CL07964,PULSE,Abidjan,actif,30,1,3135.8333333333335,3,2,2
CL07609,PULSE,Abidjan,actif,30,0,3135.8333333333335,2,4,2
CL03332,PULSE,Bouake,actif,30,0,3135.8333333333335,2,5,2
CL07672,PULSE,Yamoussoukro,actif,30,2,3136.3333333333335,2,1,2
CL00611,PULSE,Korhogo,actif,30,0,3136.8333333333335,5,2,2
CL00643,PULSE,Abidjan,actif,30,0,3136.8333333333335,4,3,2
CL06640,PULSE,San-Pedro,actif,30,0,3137.6666666666665,3,3,2
CL07714,PULSE,Bouake,actif,30,0,3138.8333333333335,3,3,2
CL03722,PULSE,Abidjan,actif,30,0,3139.1666666666665,2,5,2
CL04861,PULSE,Abidjan,actif,30,0,3139.5,5,2,2
CL04764,PULSE,Abidjan,actif,30,0,3139.6,2,5,2
CL06709,PULSE,Bouake,actif,30,1,3140.0,4,1,2
CL06800,PULSE,Yamoussoukro,actif,30,0,3140.3333333333335,3,5,2
CL01975,PULSE,San-Pedro,actif,30,0,3140.8,4,3,2
CL01175,PULSE,Abidjan,actif,30,0,3141.8333333333335,2,5,2
CL06085,PULSE,Abidjan,actif,30,0,3142.0,5,2,2
CL00998,PULSE,Abidjan,actif,30,0,3142.1666666666665,2,5,2
CL07649,PULSE,San-Pedro,actif,30,0,3142.6666666666665,5,2,2
CL02985,PULSE,Abidjan,actif,30,1,3143.5,5,1,2
CL02442,PULSE,Korhogo,actif,30,0,3144.0,4,3,2
CL05210,PULSE,Abidjan,actif,30,1,3144.3333333333335,5,1,2
CL05102,PULSE,Bouake,actif,30,1,3145.1666666666665,3,1,2
CL05435,PULSE,Yamoussoukro,actif,30,0,3145.6666666666665,5,2,2
CL01958,PULSE,Korhogo,actif,30,1,3146.6666666666665,5,1,2
CL00060,ETUDIANT,Abidjan,resilie,60,2,3147.4,2,1,2
CL06915,PULSE,Yamoussoukro,actif,30,2,3147.5,4,1,2
CL00615,PULSE,Abidjan,actif,30,1,3147.5,5,1,2
CL01039,PULSE,Abidjan,actif,30,0,3147.8333333333335,2,5,2
CL05456,PULSE,San-Pedro,actif,30,1,3148.3333333333335,2,2,3
CL03780,PULSE,Abidjan,actif,30,0,3148.5,3,3,3
CL01125,PULSE,Bouake,actif,30,0,3148.8333333333335,4,3,3
CL00199,PULSE,Abidjan,actif,30,0,3149.3333333333335,3,5,3
CL02070,PULSE,Abidjan,actif,30,0,3150.0,2,5,3
CL04395,ETUDIANT,Yamoussoukro,resilie,30,4,3150.8,5,1,3
CL00848,PULSE,Abidjan,actif,30,0,3151.2,3,5,3
CL01591,PULSE,Korhogo,actif,30,1,3151.5,4,1,3
CL05305,PULSE,Abidjan,actif,30,1,3151.8,3,1,3
CL05950,PULSE,Abidjan,actif,30,0,3152.2,3,5,3
CL03038,PULSE,Abidjan,actif,30,0,3152.3333333333335,3,5,3
CL02715,PULSE,Abidjan,actif,30,1,3152.6666666666665,3,1,3
CL03742,PULSE,Abidjan,actif,30,3,3152.6666666666665,4,1,3
CL05281,PULSE,Abidjan,actif,30,2,3153.6666666666665,5,1,3
CL04229,CONNECT,Abidjan,resilie,183,0,3154.0,1,4,3
CL07095,PULSE,San-Pedro,actif,30,0,3154.1666666666665,5,2,3
CL04783,PULSE,Abidjan,actif,30,1,3154.5,3,1,3
CL04314,PULSE,Abidjan,actif,30,0,3155.3333333333335,4,3,3
CL01402,PULSE,Abidjan,actif,30,0,3156.6666666666665,4,3,3
CL07504,PULSE,Abidjan,actif,30,1,3157.25,3,2,3
CL06265,PULSE,Abidjan,actif,30,1,3157.5,4,1,3
CL02454,PULSE,Bouake,actif,30,1,3157.5,5,1,3
CL07626,PULSE,Abidjan,actif,30,0,3157.5,2,5,3
CL07809,PULSE,Yamoussoukro,actif,30,0,3157.8333333333335,4,3,3
CL07087,PULSE,Korhogo,actif,30,0,3158.3333333333335,3,3,3
CL02639,PULSE,San-Pedro,actif,30,0,3159.0,5,2,3
CL03348,PULSE,Abidjan,actif,30,0,3160.6666666666665,2,4,3
CL05930,PULSE,Yamoussoukro,actif,30,0,3161.0,4,2,3
CL00910,ETUDIANT,Abidjan,resilie,91,1,3161.0,1,1,3
CL04335,PULSE,Yamoussoukro,actif,30,0,3161.1666666666665,3,5,3
CL02465,PULSE,Yamoussoukro,actif,30,0,3161.5,3,3,3
CL04061,PULSE,Abidjan,actif,30,2,3161.5,5,1,3
CL00714,PULSE,San-Pedro,actif,30,0,3162.8333333333335,3,5,3
CL06769,PULSE,Abidjan,actif,30,0,3163.8333333333335,3,3,3
CL01778,PULSE,Abidjan,actif,30,0,3164.0,4,3,3
CL04637,PULSE,Abidjan,actif,30,0,3165.2,2,5,3
CL04197,PULSE,Abidjan,actif,30,0,3165.8333333333335,5,2,3
CL07683,ETUDIANT,Bouake,resilie,60,0,3166.0,2,4,3
CL07429,PULSE,Abidjan,actif,30,0,3166.1666666666665,5,2,3
CL00309,SENIOR,Korhogo,resilie,30,0,3166.1666666666665,2,5,3
CL06781,PULSE,Abidjan,actif,30,0,3166.8333333333335,5,2,3
CL06017,PULSE,Bouake,actif,30,0,3167.0,3,3,3
CL00565,PULSE,Yamoussoukro,actif,30,1,3167.5,3,2,3
CL00842,PULSE,Bouake,actif,30,0,3168.0,4,3,3
CL02907,PULSE,Abidjan,actif,30,0,3169.5,2,5,3
CL05163,PULSE,Yamoussoukro,actif,30,0,3170.6666666666665,2,5,3
CL00389,PULSE,Bouake,actif,30,1,3172.3333333333335,4,1,3
CL02599,PULSE,Abidjan,actif,30,0,3172.3333333333335,5,2,3
CL06303,PULSE,Abidjan,actif,30,0,3172.8333333333335,4,2,3
CL01021,PULSE,Bouake,actif,30,0,3174.0,3,5,3
CL04953,PULSE,Bouake,actif,30,0,3174.1666666666665,5,2,3
CL07118,PULSE,Abidjan,actif,30,2,3174.3333333333335,2,1,3
CL03676,PULSE,Abidjan,actif,30,1,3175.3333333333335,4,1,3
CL07415,PULSE,Abidjan,actif,30,0,3175.4,2,5,3
CL05442,PULSE,Abidjan,actif,30,0,3176.5,2,5,3
CL06266,PULSE,Abidjan,actif,30,0,3177.1666666666665,4,2,3
CL03049,PULSE,Abidjan,actif,30,0,3177.6666666666665,2,5,3
CL01544,ETUDIANT,Bouake,resilie,91,4,3179.5,1,1,3
CL05864,PULSE,Korhogo,actif,30,0,3179.6666666666665,4,3,3
CL01014,PULSE,Abidjan,actif,30,0,3179.8333333333335,4,3,3
CL06179,PULSE,San-Pedro,actif,30,0,3180.5,3,3,3
CL00420,PULSE,Korhogo,actif,30,0,3180.6666666666665,5,2,3
CL02117,PULSE,Abidjan,actif,30,0,3181.2,2,5,3
CL04636,PULSE,Abidjan,actif,30,0,3181.6666666666665,2,5,3
CL06817,PULSE,Abidjan,actif,30,0,3182.1666666666665,5,2,3
CL04988,PULSE,Abidjan,actif,30,0,3183.0,5,2,3
CL04011,PULSE,Korhogo,actif,30,1,3183.0,5,1,3
CL06472,PULSE,Abidjan,actif,30,0,3184.3333333333335,5,2,3
CL06999,PULSE,Yamoussoukro,actif,30,0,3184.3333333333335,4,3,3
CL07579,PULSE,Abidjan,actif,30,0,3185.0,2,4,3
CL04707,PULSE,Korhogo,actif,30,0,3186.3333333333335,5,2,3
CL07192,PULSE,Abidjan,actif,30,0,3188.1666666666665,3,3,3
CL05019,ETUDIANT,San-Pedro,resilie,30,2,3189.3333333333335,5,1,3
CL04100,PULSE,Abidjan,actif,30,1,3190.3333333333335,3,2,3
CL04226,PULSE,Bouake,actif,30,0,3194.3333333333335,2,5,3
CL01559,PULSE,Abidjan,actif,30,0,3196.5,3,3,3
CL02876,PULSE,Abidjan,actif,30,1,3198.8333333333335,5,1,3
CL04621,ETUDIANT,Bouake,resilie,60,0,3203.2,2,4,3
CL03631,PULSE,Abidjan,actif,30,0,3203.8333333333335,4,3,3
CL07312,PULSE,Bouake,actif,30,1,3204.8333333333335,5,1,3
CL07054,PULSE,Abidjan,actif,30,1,3210.0,3,1,3
CL03622,PULSE,Abidjan,actif,30,0,3213.0,5,2,3
CL05881,PULSE,Abidjan,actif,30,0,3213.6666666666665,5,2,3
CL05007,PULSE,Abidjan,actif,30,0,3214.1666666666665,2,5,3
CL07512,ETUDIANT,Abidjan,resilie,60,0,3214.6,2,4,3
CL01314,PULSE,Abidjan,actif,30,2,3214.8,3,1,3
CL06211,ETUDIANT,Abidjan,resilie,91,1,3215.75,1,1,3
CL07844,PULSE,Abidjan,actif,30,0,3215.8333333333335,3,5,3
CL05228,PULSE,Bouake,actif,30,0,3216.0,2,5,3
CL00713,PULSE,Bouake,actif,30,0,3217.8333333333335,3,3,3
CL03285,PULSE,Abidjan,actif,30,0,3218.5,4,3,3
CL00675,PULSE,Abidjan,actif,30,1,3219.8,2,2,3
CL00325,PULSE,Abidjan,actif,30,0,3219.8333333333335,5,2,3
CL01594,PULSE,Abidjan,actif,30,1,3223.0,5,1,3
CL05135,ETUDIANT,Bouake,resilie,60,1,3225.75,2,1,3
CL00513,PULSE,Abidjan,actif,30,1,3226.4,4,1,3
CL03669,PULSE,Korhogo,actif,30,3,3227.6666666666665,5,1,3
CL07838,PULSE,Abidjan,actif,30,0,3228.0,4,3,3
CL03775,PULSE,Yamoussoukro,actif,30,0,3228.1666666666665,2,5,3
CL03006,PULSE,Abidjan,actif,30,0,3229.0,3,3,3
CL02689,PULSE,Abidjan,actif,30,0,3231.1666666666665,5,2,3
CL01303,ETUDIANT,Abidjan,resilie,60,1,3231.2,2,1,3
CL01367,PULSE,Abidjan,actif,30,1,3232.0,3,1,3
CL03576,PULSE,Abidjan,actif,30,0,3232.6666666666665,2,5,3
CL04562,ETUDIANT,Yamoussoukro,resilie,60,1,3233.2,2,1,3
CL01009,PULSE,Abidjan,actif,30,0,3242.5,4,3,3
CL02584,PULSE,Bouake,actif,30,1,3243.0,4,1,3
CL03671,ETUDIANT,Abidjan,resilie,30,1,3243.6666666666665,3,1,3
CL02743,ETUDIANT,Yamoussoukro,resilie,30,1,3243.8333333333335,3,1,3
CL04560,PULSE,Abidjan,actif,30,0,3246.5,4,3,3
CL04644,PULSE,Abidjan,actif,30,0,3246.5,2,5,3
CL04571,PULSE,Bouake,actif,30,0,3248.0,2,5,3
CL07651,SENIOR,Bouake,resilie,30,1,3254.0,3,2,3
CL07498,PULSE,Bouake,actif,30,0,3255.0,2,5,3
CL00693,PULSE,Bouake,actif,30,0,3256.6666666666665,4,3,3
CL03012,ETUDIANT,Abidjan,resilie,30,4,3261.75,5,1,3
CL06548,SENIOR,Abidjan,resilie,30,6,3262.6666666666665,4,1,3
CL07476,PULSE,Korhogo,actif,30,2,3262.75,2,1,3
CL07952,ETUDIANT,Abidjan,resilie,60,0,3263.8,2,4,3
CL00222,ETUDIANT,Abidjan,resilie,60,3,3268.8,2,1,3
CL04370,PULSE,Abidjan,actif,30,0,3269.0,4,3,3
CL01811,ETUDIANT,Abidjan,resilie,30,0,3277.0,2,5,3
CL05925,ETUDIANT,Yamoussoukro,resilie,60,0,3280.6,2,4,3
CL00741,PULSE,Abidjan,actif,30,0,3282.6666666666665,4,3,3
CL02035,ETUDIANT,San-Pedro,resilie,60,0,3283.0,2,4,3
CL04355,PULSE,Abidjan,actif,30,0,3287.1666666666665,2,5,3
CL01652,ETUDIANT,Bouake,resilie,152,0,3288.0,1,4,3
CL05963,PULSE,Abidjan,actif,30,0,3289.1666666666665,5,2,3
CL06544,ETUDIANT,San-Pedro,resilie,60,0,3290.0,2,4,3
CL04356,ETUDIANT,Yamoussoukro,resilie,60,3,3292.0,2,1,3
CL04597,CONNECT,Abidjan,resilie,121,2,3309.6666666666665,1,1,3
CL01992,ETUDIANT,Yamoussoukro,resilie,30,4,3311.6,4,1,3
CL07784,ETUDIANT,Bouake,resilie,60,1,3313.6,2,1,3
CL07726,SENIOR,Bouake,resilie,30,0,3327.6666666666665,3,3,3
CL01108,ETUDIANT,Bouake,resilie,30,0,3328.6666666666665,3,3,3
CL07154,ETUDIANT,Korhogo,resilie,30,4,3354.2,3,1,3
CL01768,ETUDIANT,Abidjan,resilie,60,0,3355.4,2,4,3
CL07647,ETUDIANT,Abidjan,resilie,30,1,3372.0,3,2,3
CL01826,ETUDIANT,Yamoussoukro,resilie,30,1,3382.8333333333335,5,1,3
CL01474,ETUDIANT,Yamoussoukro,resilie,60,1,3384.2,2,1,3
CL03386,ETUDIANT,Bouake,resilie,30,0,3386.8333333333335,5,2,3
CL07037,ETUDIANT,Abidjan,resilie,60,2,3393.6,2,1,3
CL04995,ETUDIANT,Yamoussoukro,resilie,30,1,3398.8333333333335,3,1,3
CL04392,ETUDIANT,Korhogo,resilie,30,1,3402.8,2,2,3
CL04552,ETUDIANT,Abidjan,resilie,30,1,3404.5,4,1,3
CL04883,ETUDIANT,Bouake,resilie,30,1,3425.5,4,1,3
CL01829,ETUDIANT,Yamoussoukro,resilie,30,4,3428.6666666666665,4,1,3
CL07122,ETUDIANT,Bouake,resilie,60,2,3430.6,2,1,3
CL02224,ETUDIANT,Abidjan,resilie,60,3,3431.5,2,1,3
CL03200,ETUDIANT,Abidjan,resilie,60,0,3434.2,2,4,3
CL01157,ETUDIANT,Bouake,resilie,30,2,3435.8333333333335,4,1,3
CL02011,CONNECT,Abidjan,resilie,152,1,3443.0,1,1,3
CL01398,ETUDIANT,Abidjan,resilie,30,1,3471.8333333333335,5,1,3
CL05594,ETUDIANT,Abidjan,resilie,60,0,3474.2,2,4,3
CL02438,CONNECT,Abidjan,resilie,121,0,3485.6666666666665,1,4,3
CL03180,ETUDIANT,San-Pedro,resilie,30,3,3499.5,4,1,3
CL07202,CONNECT,San-Pedro,resilie,183,0,3508.0,1,4,3
CL04030,ETUDIANT,Abidjan,resilie,60,4,3509.4,2,1,3
CL07242,ETUDIANT,Bouake,resilie,30,1,3510.0,5,1,3
CL02457,ETUDIANT,Abidjan,resilie,30,0,3520.0,3,5,3
CL03626,ETUDIANT,San-Pedro,resilie,30,0,3529.6666666666665,4,3,3
CL04036,ETUDIANT,Bouake,resilie,30,4,3533.4,5,1,3
CL06445,CONNECT,Bouake,resilie,183,0,3537.0,1,4,3
CL00818,ETUDIANT,Abidjan,resilie,60,3,3543.5,2,1,3
CL01186,ETUDIANT,Abidjan,resilie,30,1,3545.3333333333335,3,1,3
CL07038,ETUDIANT,Abidjan,resilie,30,3,3546.3333333333335,4,1,3
CL07747,ETUDIANT,Bouake,resilie,30,0,3547.5,3,5,3
CL03801,ETUDIANT,Bouake,resilie,30,0,3550.1666666666665,4,3,3
CL07386,SENIOR,Abidjan,resilie,30,1,3554.2,3,1,3
CL04467,ETUDIANT,Abidjan,resilie,60,0,3583.8,2,4,3
CL04885,ETUDIANT,Bouake,resilie,30,4,3629.1666666666665,5,1,3
CL03341,CONNECT,Abidjan,resilie,152,0,3639.5,1,4,3
CL07472,SENIOR,Korhogo,actif,30,1,3641.6666666666665,3,2,3
CL07447,ETUDIANT,Yamoussoukro,resilie,30,2,3651.0,5,1,3
CL05376,CONNECT,Bouake,resilie,152,0,3656.0,1,4,3
CL04614,CONNECT,Bouake,resilie,152,0,3677.0,1,4,3
CL01236,SENIOR,Abidjan,actif,30,0,3685.8333333333335,2,5,3
CL04551,CONNECT,Bouake,resilie,183,0,3698.0,1,4,3
CL00402,CONNECT,Korhogo,resilie,183,0,3707.0,1,4,3
CL05618,SENIOR,Abidjan,actif,30,1,3709.0,5,1,3
CL07621,CONNECT,Abidjan,resilie,152,0,3709.5,1,4,3
CL01360,SENIOR,Abidjan,actif,30,1,3717.3333333333335,3,2,3
CL01139,ETUDIANT,Abidjan,resilie,30,0,3720.2,3,5,3
CL05964,SENIOR,Bouake,actif,30,2,3727.3333333333335,4,1,3
CL07968,CONNECT,Bouake,resilie,30,6,3731.0,3,1,3
CL01380,SENIOR,Bouake,actif,30,0,3732.0,3,5,3
CL07845,CONNECT,San-Pedro,resilie,183,1,3737.0,1,1,3
CL07686,CONNECT,Abidjan,resilie,183,0,3740.0,1,4,3
CL06309,SENIOR,Abidjan,actif,30,0,3742.3333333333335,3,3,3
CL04431,CONNECT,Abidjan,resilie,183,0,3744.0,1,4,3
CL01433,SENIOR,Abidjan,actif,30,0,3744.1666666666665,5,2,3
CL02318,SENIOR,Bouake,actif,30,0,3754.5,2,5,3
CL07827,CONNECT,Abidjan,resilie,121,0,3755.3333333333335,1,4,3
CL03261,SENIOR,Abidjan,actif,30,1,3755.6666666666665,3,2,3
CL00620,CONNECT,Abidjan,resilie,183,0,3756.0,1,4,3
CL07214,SENIOR,Abidjan,actif,30,0,3756.1666666666665,2,4,3
CL02864,SENIOR,Bouake,actif,30,0,3756.5,4,3,3
CL02299,CONNECT,Abidjan,resilie,121,0,3760.3333333333335,1,4,3
CL03765,SENIOR,Abidjan,actif,30,1,3763.5,4,1,3
CL07163,SENIOR,San-Pedro,actif,30,1,3765.5,5,1,3
CL05752,ETUDIANT,Yamoussoukro,resilie,60,5,3767.0,2,1,3
CL01882,SENIOR,Bouake,actif,30,1,3774.8333333333335,5,1,3
CL03019,SENIOR,Abidjan,actif,30,0,3776.3333333333335,5,2,3
CL04299,SENIOR,Abidjan,actif,30,0,3777.3333333333335,3,5,3
CL04360,SENIOR,Abidjan,actif,30,1,3778.25,2,2,3
CL03375,SENIOR,Abidjan,actif,30,0,3780.0,5,2,3
CL07637,SENIOR,Abidjan,actif,30,0,3781.3333333333335,2,5,3
CL00703,SENIOR,Yamoussoukro,actif,30,0,3782.2,2,5,3
CL00040,SENIOR,Abidjan,actif,30,0,3787.8333333333335,4,3,3
CL05802,SENIOR,Abidjan,actif,30,0,3788.5,3,3,3
CL02843,CONNECT,Abidjan,resilie,152,0,3791.5,1,4,3
CL01870,SENIOR,Abidjan,actif,30,0,3792.5,2,5,3
CL02065,SENIOR,Abidjan,actif,30,0,3796.8333333333335,3,5,3
CL03769,SENIOR,Abidjan,actif,30,0,3797.0,3,3,3
CL02606,SENIOR,Abidjan,actif,30,0,3801.0,2,5,3
CL00366,SENIOR,Abidjan,actif,30,1,3804.5,3,2,3
CL07471,SENIOR,Yamoussoukro,actif,30,1,3811.6666666666665,2,2,3
CL02737,SENIOR,Abidjan,actif,30,1,3813.1666666666665,5,1,3
CL04626,SENIOR,Abidjan,actif,30,0,3818.0,4,3,3
CL03151,SENIOR,Bouake,actif,30,0,3818.1666666666665,5,2,3
CL06570,SENIOR,Bouake,actif,30,0,3821.8333333333335,3,5,3
CL04207,SENIOR,Abidjan,actif,30,1,3825.0,5,1,3
CL03646,SENIOR,San-Pedro,actif,30,1,3825.6,2,2,3
CL06661,SENIOR,Korhogo,actif,30,0,3825.8333333333335,3,3,3
CL05883,SENIOR,Abidjan,actif,30,0,3826.8,5,2,3
CL05334,SENIOR,Abidjan,actif,30,2,3827.1666666666665,5,1,3
CL04957,SENIOR,Abidjan,actif,30,0,3828.3333333333335,5,2,3
CL05602,SENIOR,Abidjan,actif,30,2,3830.1666666666665,2,1,3
CL06995,SENIOR,Bouake,actif,30,1,3831.0,4,1,3
CL06913,SENIOR,Yamoussoukro,actif,30,0,3832.0,4,2,3
CL02824,SENIOR,San-Pedro,actif,30,0,3832.3333333333335,4,3,3
CL03824,SENIOR,Abidjan,actif,30,0,3839.5,3,3,3
CL07685,SENIOR,Bouake,actif,30,0,3840.1666666666665,2,4,3
CL05875,SENIOR,Bouake,actif,30,1,3842.6,2,2,3
CL06868,SENIOR,Yamoussoukro,actif,30,0,3843.6,4,3,3
CL04947,SENIOR,San-Pedro,actif,30,0,3844.6666666666665,5,2,3
CL01792,SENIOR,Abidjan,actif,30,0,3847.0,5,2,3
CL00850,SENIOR,Korhogo,actif,30,1,3847.6666666666665,5,1,3
CL05919,SENIOR,Bouake,actif,30,0,3850.3333333333335,5,2,3
CL05685,SENIOR,Abidjan,actif,30,0,3851.5,4,3,3
CL05487,SENIOR,Abidjan,actif,30,0,3853.0,2,5,3
CL06676,SENIOR,Abidjan,actif,30,0,3855.0,4,2,3
CL05258,SENIOR,Bouake,actif,30,0,3857.0,3,5,3
CL01440,SENIOR,Abidjan,actif,30,0,3857.1666666666665,5,2,3
CL07547,CONNECT,Korhogo,resilie,91,2,3857.3333333333335,1,1,3
CL07737,SENIOR,Abidjan,actif,30,0,3859.1666666666665,5,2,3
CL03808,SENIOR,Abidjan,actif,30,1,3860.3333333333335,3,2,3
CL06917,SENIOR,Abidjan,actif,30,0,3860.3333333333335,2,5,3
CL06765,SENIOR,Abidjan,actif,30,0,3860.6666666666665,5,2,3
CL00756,SENIOR,Abidjan,actif,30,0,3864.6666666666665,2,5,3
CL06429,SENIOR,Abidjan,actif,30,1,3865.8333333333335,5,1,3
CL01638,SENIOR,Yamoussoukro,actif,30,0,3866.3333333333335,4,3,3
CL00142,SENIOR,Abidjan,actif,30,0,3866.8333333333335,3,3,3
CL05113,SENIOR,Korhogo,actif,30,1,3868.1666666666665,5,1,3
CL05756,SENIOR,Yamoussoukro,actif,30,0,3868.3333333333335,4,2,3
CL05899,SENIOR,Abidjan,actif,30,1,3869.1666666666665,2,2,3
CL03536,SENIOR,Abidjan,actif,30,0,3870.0,3,5,3
CL06437,SENIOR,Korhogo,actif,30,0,3870.6666666666665,2,5,3
CL06175,SENIOR,Bouake,actif,30,1,3873.0,3,1,3
CL01105,SENIOR,Korhogo,actif,30,3,3875.5,2,1,3
CL04462,SENIOR,Abidjan,actif,30,0,3875.6666666666665,4,3,3
CL06878,SENIOR,San-Pedro,actif,30,0,3877.6666666666665,3,3,3
CL03916,SENIOR,Abidjan,actif,30,2,3878.3333333333335,3,1,3
CL01590,SENIOR,Yamoussoukro,actif,30,0,3878.3333333333335,2,5,3
CL05778,CONNECT,Abidjan,resilie,152,0,3878.5,1,4,3
CL01232,ETUDIANT,Bouake,actif,30,1,3879.0,3,1,3
CL06686,SENIOR,Abidjan,actif,30,1,3880.0,5,1,3
CL02153,SENIOR,Abidjan,actif,30,0,3882.1666666666665,4,3,3
CL04054,SENIOR,Bouake,actif,30,1,3882.3333333333335,3,2,3
CL02360,SENIOR,Yamoussoukro,actif,30,0,3884.6666666666665,4,3,3
CL00536,SENIOR,San-Pedro,actif,30,0,3884.6666666666665,3,5,3
CL04528,SENIOR,Bouake,actif,30,0,3885.1666666666665,3,5,3
CL04340,SENIOR,Abidjan,actif,30,0,3885.5,3,3,3
CL03466,SENIOR,Abidjan,actif,30,0,3885.8333333333335,3,5,3
CL00491,SENIOR,Bouake,actif,30,0,3887.0,5,2,3
CL07132,SENIOR,Abidjan,actif,30,1,3888.1666666666665,2,2,3
CL06865,SENIOR,Bouake,actif,30,0,3889.2,2,5,3
CL01818,SENIOR,Abidjan,actif,30,0,3890.0,3,5,3
CL06162,CONNECT,Abidjan,resilie,121,1,3891.0,1,1,3
CL01235,SENIOR,Abidjan,actif,30,0,3891.3333333333335,2,5,3
CL07198,SENIOR,Abidjan,actif,30,0,3891.5,4,3,3
CL04422,SENIOR,San-Pedro,actif,30,0,3891.8333333333335,2,5,3
CL05630,SENIOR,Bouake,actif,30,1,3892.3333333333335,4,1,3
CL04300,SENIOR,Yamoussoukro,actif,30,0,3892.5,3,5,3
CL01118,SENIOR,Bouake,actif,30,0,3893.5,5,2,3
CL02206,CONNECT,Bouake,resilie,152,0,3893.5,1,4,3
CL02601,SENIOR,Bouake,actif,30,1,3895.0,4,1,3
CL02928,SENIOR,Abidjan,actif,30,0,3895.8333333333335,3,3,3
CL03743,SENIOR,Bouake,actif,30,0,3897.0,4,3,3
CL04927,SENIOR,Abidjan,actif,30,0,3900.8333333333335,3,5,3
CL06826,SENIOR,Abidjan,actif,30,0,3903.5,3,3,3
CL00172,SENIOR,San-Pedro,actif,30,0,3905.8333333333335,2,4,3
CL05774,SENIOR,Abidjan,actif,30,0,3906.6666666666665,2,5,3
CL05209,SENIOR,Abidjan,actif,30,0,3909.1666666666665,3,5,3
CL06606,SENIOR,San-Pedro,actif,30,1,3910.1666666666665,3,1,3
CL00387,SENIOR,Abidjan,actif,30,0,3911.3333333333335,3,5,3
CL05066,SENIOR,Abidjan,actif,30,0,3912.0,4,3,3
CL06219,SENIOR,Abidjan,actif,30,0,3914.6666666666665,5,2,3
CL06843,SENIOR,Abidjan,actif,30,0,3915.3333333333335,4,3,3
CL00745,SENIOR,Abidjan,actif,30,0,3915.5,4,3,3
CL04996,SENIOR,Bouake,actif,30,0,3919.0,2,5,3
CL00800,SENIOR,Abidjan,actif,30,1,3919.6666666666665,3,1,3
CL02371,SENIOR,Abidjan,actif,30,0,3919.8333333333335,4,3,3
CL00255,SENIOR,Abidjan,actif,30,0,3920.0,5,2,3
CL05741,SENIOR,Bouake,actif,30,0,3920.3333333333335,2,5,3
CL03204,SENIOR,San-Pedro,actif,30,0,3920.5,4,3,3
CL00843,SENIOR,Abidjan,actif,30,0,3920.5,3,5,3
CL03831,SENIOR,Abidjan,actif,30,0,3921.0,2,5,3
CL05403,SENIOR,Abidjan,actif,30,0,3923.0,2,5,3
CL00322,SENIOR,San-Pedro,actif,30,0,3924.0,2,4,3
CL07698,SENIOR,Abidjan,actif,30,1,3924.5,4,1,3
CL04716,SENIOR,Bouake,actif,30,0,3925.3333333333335,3,3,3
CL04572,CONNECT,Yamoussoukro,resilie,121,3,3925.3333333333335,1,1,3
CL03685,SENIOR,Abidjan,actif,30,0,3925.3333333333335,3,5,3
CL01752,SENIOR,Abidjan,actif,30,0,3926.6666666666665,4,3,3
CL02996,SENIOR,Korhogo,actif,30,0,3930.3333333333335,4,3,3
CL06348,SENIOR,Yamoussoukro,actif,30,0,3931.8333333333335,5,2,3
CL01802,SENIOR,Abidjan,actif,30,0,3933.4,3,5,3
CL07614,SENIOR,Abidjan,actif,30,0,3933.5,4,3,3
CL04670,SENIOR,Abidjan,actif,30,2,3933.8333333333335,4,1,3
CL02727,SENIOR,Abidjan,actif,30,0,3933.8333333333335,2,5,3
CL00173,SENIOR,Abidjan,actif,30,0,3934.6666666666665,4,3,3
CL03827,SENIOR,Abidjan,actif,30,0,3935.6666666666665,3,5,3
CL04516,SENIOR,Abidjan,actif,30,0,3936.0,5,2,3
CL05081,SENIOR,Bouake,actif,30,0,3937.0,3,5,3
CL06150,CONNECT,Yamoussoukro,resilie,121,0,3937.3333333333335,1,4,3
CL06383,SENIOR,Abidjan,actif,30,1,3937.5,4,1,3
CL04459,SENIOR,Yamoussoukro,actif,30,0,3938.6666666666665,3,5,3
CL06073,SENIOR,Abidjan,actif,30,0,3939.5,4,3,3
CL06672,SENIOR,Korhogo,actif,30,0,3939.6666666666665,5,2,3
CL06412,SENIOR,Bouake,actif,30,1,3940.4,3,1,3
CL06226,SENIOR,Bouake,actif,30,1,3940.6666666666665,2,2,3
CL07920,SENIOR,Bouake,actif,30,0,3941.3333333333335,5,2,3
CL03281,SENIOR,Abidjan,actif,30,0,3943.1666666666665,4,3,3
CL07467,SENIOR,Korhogo,actif,30,0,3943.8333333333335,4,3,3
CL07114,SENIOR,Abidjan,actif,30,1,3944.0,4,1,3
CL00133,SENIOR,Yamoussoukro,actif,30,0,3944.3333333333335,5,2,3
CL06398,SENIOR,Bouake,actif,30,1,3946.0,4,1,3
CL05500,SENIOR,Abidjan,actif,30,0,3947.5,4,3,3
CL07671,CONNECT,Abidjan,resilie,152,0,3950.5,1,4,3
CL05681,SENIOR,Yamoussoukro,actif,30,1,3950.6666666666665,4,1,3
CL01888,SENIOR,Abidjan,actif,30,0,3953.8,2,5,3
CL00552,SENIOR,Abidjan,actif,30,0,3954.25,5,2,3
CL04596,SENIOR,Bouake,actif,30,2,3954.5,3,1,3
CL02469,SENIOR,Abidjan,actif,30,0,3955.1666666666665,2,5,3
CL07791,SENIOR,Abidjan,actif,30,0,3957.1666666666665,4,3,3
CL01037,SENIOR,San-Pedro,actif,30,0,3957.3333333333335,3,3,3
CL01457,SENIOR,Abidjan,actif,30,0,3958.0,3,5,3
CL04121,SENIOR,Yamoussoukro,actif,30,0,3959.4,5,2,3
CL05880,SENIOR,Abidjan,actif,30,0,3960.3333333333335,3,5,3
CL05249,SENIOR,Bouake,actif,30,1,3960.4,4,1,3
CL02485,SENIOR,Bouake,actif,30,0,3962.5,4,3,3
CL01629,SENIOR,Korhogo,actif,30,0,3962.6666666666665,3,5,3
CL05139,SENIOR,San-Pedro,actif,30,0,3962.6666666666665,2,5,3
CL01943,SENIOR,Abidjan,actif,30,0,3963.1666666666665,3,5,3
CL05549,SENIOR,San-Pedro,actif,30,1,3963.4,4,1,3
CL07314,SENIOR,Bouake,actif,30,0,3964.0,3,5,3
CL03061,SENIOR,Abidjan,actif,30,1,3965.1666666666665,2,2,3
CL03770,SENIOR,Abidjan,actif,30,0,3966.4,3,5,3
CL01779,SENIOR,Abidjan,actif,30,0,3966.5,2,5,3
CL04482,SENIOR,Abidjan,actif,30,0,3967.5,3,3,3
CL05758,SENIOR,San-Pedro,actif,30,0,3967.6666666666665,4,2,3
CL03428,SENIOR,Abidjan,actif,30,0,3968.1666666666665,4,3,3
CL01710,SENIOR,Bouake,actif,30,0,3969.0,4,3,3
CL05717,SENIOR,Bouake,actif,30,1,3969.0,5,1,3
CL07533,SENIOR,Abidjan,actif,30,0,3969.0,2,5,3
CL07699,SENIOR,San-Pedro,actif,30,0,3969.1666666666665,3,3,3
CL01396,SENIOR,Korhogo,actif,30,1,3969.1666666666665,5,1,3
CL00181,CONNECT,Abidjan,resilie,121,4,3970.6666666666665,1,1,3
CL07951,SENIOR,Abidjan,actif,30,1,3971.3333333333335,5,1,3
CL06081,SENIOR,Abidjan,actif,30,0,3972.0,3,3,3
CL02289,CONNECT,Abidjan,resilie,183,1,3972.0,1,1,3
CL03025,SENIOR,Bouake,actif,30,0,3972.0,4,3,3
CL07549,SENIOR,Bouake,actif,30,1,3973.0,2,2,3
CL01041,SENIOR,San-Pedro,actif,30,0,3973.6666666666665,5,2,3
CL03797,SENIOR,Abidjan,actif,30,1,3974.0,4,1,3
CL04262,SENIOR,Abidjan,actif,30,3,3974.6666666666665,3,1,3
CL00778,SENIOR,Yamoussoukro,actif,30,0,3977.0,2,5,3
CL01482,SENIOR,Korhogo,actif,30,0,3977.5,5,2,3
CL02334,SENIOR,Abidjan,actif,30,1,3977.6666666666665,4,1,3
CL07677,SENIOR,Korhogo,actif,30,0,3978.5,3,3,3
CL04972,SENIOR,Abidjan,actif,30,0,3979.0,3,3,3
CL04101,SENIOR,Abidjan,actif,30,1,3979.4,2,2,3
CL07562,SENIOR,Yamoussoukro,actif,30,1,3980.6666666666665,4,1,3
CL07229,SENIOR,Bouake,actif,30,3,3981.8333333333335,5,1,3
CL02903,SENIOR,Yamoussoukro,actif,30,1,3981.8333333333335,5,1,3
CL00938,SENIOR,Abidjan,actif,30,1,3982.8,5,1,3
CL01093,SENIOR,San-Pedro,actif,30,0,3984.0,2,5,3
CL05476,CONNECT,Abidjan,resilie,152,0,3984.5,1,4,3
CL01751,SENIOR,Abidjan,actif,30,0,3985.8333333333335,2,5,3
CL07911,CONNECT,Bouake,resilie,152,0,3986.5,1,4,3
CL05780,SENIOR,Abidjan,actif,30,0,3990.5,3,3,3
CL03648,SENIOR,Abidjan,actif,30,0,3990.5,2,5,3
CL07991,SENIOR,Abidjan,actif,30,1,3992.3333333333335,5,1,3
CL04174,SENIOR,Bouake,actif,30,1,3992.3333333333335,3,1,3
CL07679,CONNECT,San-Pedro,resilie,152,1,3992.5,1,1,3
CL07956,SENIOR,Abidjan,actif,30,0,3992.5,2,5,3
CL05247,SENIOR,Korhogo,actif,30,0,3994.5,3,3,3
CL01319,SENIOR,Abidjan,actif,30,0,3994.6666666666665,5,2,3
CL06051,SENIOR,Bouake,actif,30,0,3994.8333333333335,5,2,3
CL05924,SENIOR,Bouake,actif,30,1,3996.3333333333335,3,1,3
CL07990,SENIOR,Abidjan,actif,30,0,3997.4,3,5,3
CL02186,SENIOR,Abidjan,actif,30,0,3997.8333333333335,5,2,3
CL00328,SENIOR,Abidjan,actif,30,0,3999.1666666666665,4,3,3
CL00925,SENIOR,Abidjan,actif,30,0,3999.1666666666665,3,3,3
CL01998,SENIOR,Abidjan,actif,30,1,3999.6666666666665,3,2,3
CL00092,SENIOR,Bouake,actif,30,0,3999.8333333333335,3,3,3
CL05190,SENIOR,Bouake,actif,30,2,4000.0,4,1,3
CL01898,SENIOR,Abidjan,actif,30,3,4000.25,5,1,3
CL02760,SENIOR,Abidjan,actif,30,0,4001.0,4,3,3
CL07594,SENIOR,San-Pedro,actif,30,0,4002.1666666666665,2,5,3
CL02230,SENIOR,Abidjan,actif,30,0,4002.5,5,2,3
CL02581,SENIOR,Abidjan,actif,30,1,4002.6666666666665,5,1,3
CL02268,SENIOR,Abidjan,actif,30,0,4002.8333333333335,3,3,3
CL00631,SENIOR,Yamoussoukro,actif,30,0,4002.8333333333335,2,5,3
CL02541,SENIOR,Abidjan,actif,30,0,4003.0,5,2,3
CL07200,SENIOR,Abidjan,actif,30,1,4003.5,3,1,3
CL05520,SENIOR,Bouake,actif,30,0,4003.6666666666665,4,3,3
CL04510,SENIOR,Abidjan,actif,30,0,4004.1666666666665,5,2,3
CL02798,SENIOR,Bouake,actif,30,0,4004.6666666666665,5,2,3
CL07201,SENIOR,Abidjan,actif,30,0,4006.6666666666665,3,5,3
CL07831,SENIOR,Bouake,actif,30,0,4008.5,3,3,3
CL01830,SENIOR,Abidjan,actif,30,0,4008.5,4,3,3
CL02244,SENIOR,Abidjan,actif,30,1,4009.0,4,1,3
CL01565,SENIOR,Yamoussoukro,actif,30,1,4009.5,2,2,3
CL03206,SENIOR,Abidjan,actif,30,0,4011.3333333333335,5,2,3
CL03361,SENIOR,Abidjan,actif,30,0,4014.6666666666665,3,3,3
CL04569,SENIOR,Abidjan,actif,30,2,4014.8,3,1,3
CL05524,SENIOR,Yamoussoukro,actif,30,0,4015.1666666666665,2,5,3
CL05232,SENIOR,Abidjan,actif,30,0,4015.3333333333335,2,5,3
CL00019,SENIOR,Abidjan,actif,30,0,4015.5,5,2,3
CL05916,SENIOR,Abidjan,actif,30,0,4017.5,5,2,3
CL07499,SENIOR,Abidjan,actif,30,0,4017.8333333333335,3,3,3
CL07277,SENIOR,Abidjan,actif,30,0,4017.8333333333335,3,5,3
CL03243,SENIOR,Abidjan,actif,30,0,4018.1666666666665,4,3,3
CL03161,SENIOR,Abidjan,actif,30,0,4018.5,3,3,3
CL00339,SENIOR,San-Pedro,actif,30,0,4020.5,2,5,3
CL03974,SENIOR,Abidjan,actif,30,0,4020.75,4,3,3
CL05551,SENIOR,Bouake,actif,30,0,4021.0,3,5,3
CL03711,SENIOR,Abidjan,actif,30,0,4021.5,5,2,3
CL06960,CONNECT,Korhogo,resilie,183,0,4022.0,1,4,3
CL03213,CONNECT,Bouake,resilie,152,1,4023.0,1,1,3
CL02245,SENIOR,Abidjan,actif,30,0,4023.1666666666665,5,2,3
CL01874,SENIOR,Abidjan,actif,30,0,4023.8333333333335,4,3,3
CL06647,CONNECT,Abidjan,resilie,121,1,4024.0,1,1,3
CL03437,SENIOR,Bouake,actif,30,0,4024.0,2,5,3
CL04823,SENIOR,Abidjan,actif,30,0,4024.8333333333335,2,5,3
CL04437,SENIOR,Yamoussoukro,actif,30,0,4025.3333333333335,4,3,3
CL06794,SENIOR,San-Pedro,actif,30,0,4026.1666666666665,2,5,3
CL00516,CONNECT,Abidjan,resilie,121,0,4027.0,1,4,3
CL04312,SENIOR,Bouake,actif,30,1,4027.3333333333335,4,1,3
CL07254,SENIOR,Korhogo,actif,30,0,4027.5,3,3,3
CL00865,SENIOR,San-Pedro,actif,30,0,4028.3333333333335,3,5,3
CL05985,CONNECT,Korhogo,resilie,183,1,4029.0,1,1,3
CL00737,SENIOR,Abidjan,actif,30,0,4029.1666666666665,2,5,3
CL05086,SENIOR,Abidjan,actif,30,0,4029.25,4,3,3
CL01669,SENIOR,Abidjan,actif,30,0,4029.6666666666665,5,2,3
CL00071,SENIOR,Korhogo,actif,30,0,4029.6666666666665,4,3,3
CL01862,SENIOR,Abidjan,actif,30,0,4029.6666666666665,3,5,3
CL03828,SENIOR,Bouake,actif,30,0,4030.3333333333335,5,2,3
CL03070,SENIOR,San-Pedro,actif,30,0,4030.8333333333335,5,2,3
CL05720,SENIOR,Bouake,actif,30,0,4031.3333333333335,2,5,3
CL07328,SENIOR,Yamoussoukro,actif,30,1,4031.6,5,1,3
CL05794,SENIOR,Abidjan,actif,30,0,4032.6666666666665,2,5,3
CL01946,SENIOR,Korhogo,actif,30,0,4034.1666666666665,2,5,3
CL07662,SENIOR,Bouake,actif,30,0,4034.6666666666665,2,4,3
CL04354,SENIOR,Korhogo,actif,30,0,4034.6666666666665,3,5,3
CL07505,SENIOR,Abidjan,actif,30,0,4034.8333333333335,4,3,3
CL02258,SENIOR,Korhogo,actif,30,0,4035.5,4,3,3
CL01444,CONNECT,Abidjan,resilie,183,0,4036.0,1,4,3
CL07640,SENIOR,Bouake,actif,30,0,4036.3333333333335,3,5,3
CL01164,SENIOR,Yamoussoukro,actif,30,1,4036.6,3,1,3
CL01584,SENIOR,Abidjan,actif,30,0,4037.4,5,2,3
CL02801,SENIOR,Bouake,actif,30,0,4037.5,3,3,3
CL02585,SENIOR,Abidjan,actif,30,0,4037.5,2,5,3
CL05466,SENIOR,Yamoussoukro,actif,30,0,4038.1666666666665,4,3,3
CL01160,SENIOR,Abidjan,actif,30,0,4040.5,5,2,3
CL05017,SENIOR,Abidjan,actif,30,0,4041.1666666666665,4,3,3
CL05906,SENIOR,Yamoussoukro,actif,30,0,4041.5,2,5,3
CL05325,SENIOR,Abidjan,actif,30,0,4041.6,2,5,3
CL05467,SENIOR,Abidjan,actif,30,1,4041.8333333333335,3,1,3
CL00522,SENIOR,Abidjan,actif,30,0,4043.6666666666665,3,5,3
CL03913,SENIOR,Abidjan,actif,30,1,4046.8333333333335,4,1,3
CL07953,SENIOR,Bouake,actif,30,0,4047.6666666666665,5,2,3
CL00362,SENIOR,Korhogo,actif,30,1,4047.8333333333335,5,1,3
CL05137,CONNECT,Abidjan,resilie,121,0,4048.0,1,4,3
CL07776,SENIOR,Abidjan,actif,30,0,4048.1666666666665,3,3,3
CL05879,SENIOR,Korhogo,actif,30,0,4048.3333333333335,2,5,3
CL06646,SENIOR,San-Pedro,actif,30,0,4048.8333333333335,5,2,3
CL06259,SENIOR,San-Pedro,actif,30,0,4050.0,3,5,3
CL00354,SENIOR,Bouake,actif,30,0,4051.0,2,4,3
CL01969,SENIOR,Bouake,actif,30,0,4051.3333333333335,4,3,3
CL07497,SENIOR,Abidjan,actif,30,1,4051.4,3,1,3
CL01632,SENIOR,Abidjan,actif,30,0,4051.6666666666665,3,3,3
CL07423,SENIOR,Bouake,actif,30,1,4052.6666666666665,3,1,3
CL02984,SENIOR,Abidjan,actif,30,0,4052.6666666666665,4,3,3
CL03187,SENIOR,Abidjan,actif,30,0,4053.0,3,5,3
CL02881,SENIOR,Korhogo,actif,30,2,4053.6666666666665,3,1,3
CL00003,SENIOR,Abidjan,actif,30,0,4053.8333333333335,3,3,3
CL06620,SENIOR,Abidjan,actif,30,0,4055.0,2,5,3
CL00902,SENIOR,Abidjan,actif,30,1,4056.1666666666665,2,2,3
CL04059,SENIOR,Bouake,actif,30,0,4057.0,4,3,3
CL07418,SENIOR,Abidjan,actif,30,1,4057.8333333333335,2,2,3
CL05002,SENIOR,Abidjan,actif,30,0,4058.6666666666665,5,2,3
CL07555,SENIOR,Abidjan,actif,30,0,4059.4,3,5,3
CL02788,SENIOR,Abidjan,actif,30,0,4060.0,3,3,3
CL04896,SENIOR,Abidjan,actif,30,0,4060.3333333333335,4,3,3
CL01817,CONNECT,Abidjan,resilie,121,0,4062.0,1,4,3
CL05612,SENIOR,Abidjan,actif,30,1,4062.5,3,1,3
CL01330,SENIOR,Abidjan,actif,30,0,4063.6666666666665,5,2,3
CL07362,SENIOR,Abidjan,actif,30,0,4065.5,3,3,3
CL02097,CONNECT,Abidjan,resilie,121,0,4066.3333333333335,1,4,3
CL00733,SENIOR,Abidjan,actif,30,1,4067.5,4,1,3
CL04920,SENIOR,Bouake,actif,30,1,4067.8333333333335,2,2,3
CL04130,SENIOR,Abidjan,actif,30,0,4069.0,2,5,3
CL03829,SENIOR,Abidjan,actif,30,1,4069.1666666666665,2,2,3
CL00907,ETUDIANT,Bouake,actif,30,0,4070.0,5,2,3
CL06411,SENIOR,Abidjan,actif,30,0,4073.6,5,2,3
CL06978,SENIOR,Abidjan,actif,30,0,4074.1666666666665,4,3,3
CL03716,SENIOR,Bouake,actif,30,0,4074.6666666666665,4,3,3
CL06492,SENIOR,Abidjan,actif,30,1,4075.3333333333335,2,2,3
CL01906,CONNECT,Yamoussoukro,resilie,121,0,4076.6666666666665,1,4,3
CL03692,SENIOR,Abidjan,actif,30,1,4077.0,4,1,3
CL07287,SENIOR,Abidjan,actif,30,0,4079.8333333333335,5,2,3
CL01656,SENIOR,Abidjan,actif,30,0,4081.0,4,3,3
CL07003,SENIOR,Korhogo,actif,30,0,4081.5,5,2,3
CL00379,CONNECT,Yamoussoukro,resilie,121,1,4082.6666666666665,1,1,3
CL07408,SENIOR,Abidjan,actif,30,0,4083.5,3,5,3
CL03372,SENIOR,Abidjan,actif,30,0,4084.6666666666665,5,2,3
CL01200,ETUDIANT,Bouake,actif,30,0,4085.6,3,5,3
CL02499,SENIOR,Abidjan,actif,30,0,4089.0,5,2,3
CL03557,SENIOR,Abidjan,actif,30,0,4090.1666666666665,2,5,3
CL06332,SENIOR,Abidjan,actif,30,0,4091.3333333333335,4,2,3
CL03677,SENIOR,San-Pedro,actif,30,0,4091.6666666666665,5,2,3
CL00874,SENIOR,San-Pedro,actif,30,0,4095.0,4,3,3
CL00614,SENIOR,Abidjan,actif,30,0,4096.5,5,2,3
CL04898,SENIOR,Korhogo,actif,30,0,4097.5,3,5,3
CL06181,SENIOR,San-Pedro,actif,30,0,4097.833333333333,3,3,3
CL01286,SENIOR,Abidjan,actif,30,0,4101.666666666667,4,3,3
CL04195,SENIOR,Korhogo,actif,30,1,4102.5,5,1,3
CL07850,SENIOR,Abidjan,actif,30,1,4102.833333333333,4,1,3
CL05541,SENIOR,Abidjan,actif,30,0,4103.166666666667,2,5,3
CL00942,SENIOR,Abidjan,actif,30,0,4105.5,4,3,3
CL00141,SENIOR,Abidjan,actif,30,0,4106.833333333333,3,5,3
CL03691,CONNECT,Korhogo,resilie,152,1,4108.0,1,1,3
CL05072,SENIOR,Abidjan,actif,30,1,4108.666666666667,2,2,3
CL02704,SENIOR,Abidjan,actif,30,0,4108.833333333333,5,2,3
CL05225,SENIOR,Abidjan,actif,30,0,4111.833333333333,3,5,3
CL01706,SENIOR,Abidjan,actif,30,0,4112.0,3,5,3
CL04349,SENIOR,Bouake,actif,30,0,4113.666666666667,3,3,3
CL02345,SENIOR,Abidjan,actif,30,1,4114.0,4,1,3
CL01636,SENIOR,Korhogo,actif,30,0,4114.833333333333,4,3,3
CL07250,SENIOR,Abidjan,actif,30,0,4115.2,4,3,3
CL06636,SENIOR,Abidjan,actif,30,1,4117.5,2,2,3
CL02528,CONNECT,Abidjan,resilie,183,0,4122.0,1,5,3
CL04074,SENIOR,Abidjan,actif,30,2,4124.833333333333,3,1,3
CL01761,SENIOR,Bouake,actif,30,1,4125.0,3,2,3
CL02698,SENIOR,Abidjan,actif,30,0,4125.166666666667,2,5,3
CL07241,SENIOR,Yamoussoukro,actif,30,1,4125.833333333333,3,1,3
CL02102,SENIOR,Bouake,actif,30,0,4126.0,3,3,3
CL07256,SENIOR,Bouake,actif,30,0,4127.0,4,3,3
CL00108,CONNECT,Korhogo,resilie,183,0,4127.0,1,4,3
CL00240,CONNECT,Abidjan,resilie,121,0,4129.333333333333,1,4,3
CL02116,SENIOR,Abidjan,actif,30,0,4129.666666666667,4,3,3
CL06830,SENIOR,Korhogo,actif,30,0,4130.333333333333,4,3,3
CL01642,SENIOR,Abidjan,actif,30,1,4133.0,4,1,3
CL01905,SENIOR,Abidjan,actif,30,0,4134.166666666667,4,3,3
CL05884,SENIOR,Yamoussoukro,actif,30,0,4136.833333333333,5,2,3
CL05643,SENIOR,Bouake,actif,30,0,4141.166666666667,3,5,3
CL05891,SENIOR,Korhogo,actif,30,1,4142.6,5,1,3
CL05874,SENIOR,Bouake,actif,30,0,4145.166666666667,4,2,3
CL07519,SENIOR,Abidjan,actif,30,0,4145.166666666667,2,4,3
CL03746,SENIOR,Abidjan,actif,30,0,4145.666666666667,2,5,3
CL07770,SENIOR,Abidjan,actif,30,0,4147.833333333333,3,5,3
CL03475,SENIOR,Abidjan,actif,30,0,4150.5,2,5,3
CL03950,SENIOR,Bouake,actif,30,0,4151.666666666667,2,5,3
CL07299,SENIOR,Abidjan,actif,30,1,4152.6,4,1,3
CL04937,SENIOR,San-Pedro,actif,30,1,4153.666666666667,4,1,3
CL02825,CONNECT,Abidjan,resilie,152,0,4154.5,1,4,3
CL02255,SENIOR,Bouake,actif,30,0,4156.5,3,5,3
CL07719,SENIOR,Korhogo,actif,30,0,4156.75,5,2,3
CL03641,SENIOR,Abidjan,actif,30,0,4156.8,4,3,3
CL03274,SENIOR,Abidjan,actif,30,0,4157.333333333333,2,5,3
CL05465,ETUDIANT,Abidjan,actif,30,0,4157.5,5,2,3
CL02215,SENIOR,San-Pedro,actif,30,0,4158.666666666667,2,5,3
CL02137,ETUDIANT,Yamoussoukro,actif,30,0,4159.833333333333,3,5,3
CL02535,SENIOR,Abidjan,actif,30,0,4161.833333333333,2,5,3
CL06880,ETUDIANT,Abidjan,actif,30,0,4163.333333333333,3,3,3
CL01534,ETUDIANT,Yamoussoukro,actif,30,1,4163.666666666667,3,2,3
CL05836,SENIOR,Korhogo,actif,30,0,4166.333333333333,2,5,3
CL03982,SENIOR,Abidjan,actif,30,0,4167.333333333333,3,5,3
CL05105,ETUDIANT,Abidjan,actif,30,0,4169.75,3,5,3
CL00223,CONNECT,Abidjan,resilie,183,0,4170.0,1,4,3
CL06110,SENIOR,Abidjan,actif,30,0,4170.166666666667,4,3,3
CL06911,SENIOR,Bouake,actif,30,0,4170.8,4,3,3
CL02684,ETUDIANT,Korhogo,actif,30,0,4171.5,5,2,3
CL01453,SENIOR,Abidjan,actif,30,1,4173.166666666667,4,1,3
CL03467,SENIOR,Abidjan,actif,30,0,4173.666666666667,2,5,3
CL00548,SENIOR,Abidjan,actif,30,0,4174.833333333333,4,3,3
CL07291,SENIOR,Yamoussoukro,actif,30,0,4175.833333333333,3,5,3
CL00247,CONNECT,Bouake,resilie,152,0,4178.0,1,4,3
CL05421,SENIOR,Abidjan,actif,30,0,4180.833333333333,2,5,3
CL05641,SENIOR,Abidjan,actif,30,0,4181.833333333333,4,3,3
CL02904,ETUDIANT,Korhogo,actif,30,0,4183.0,2,5,3
CL05472,SENIOR,Abidjan,actif,30,0,4184.833333333333,2,5,3
CL01300,SENIOR,Bouake,actif,30,0,4191.166666666667,2,5,3
CL01543,SENIOR,Bouake,actif,30,0,4192.333333333333,2,5,3
CL03694,SENIOR,Abidjan,actif,30,0,4192.6,2,5,3
CL05361,SENIOR,Bouake,actif,30,0,4192.833333333333,2,5,3
CL01446,SENIOR,Bouake,actif,30,0,4194.5,2,5,3
CL04519,SENIOR,San-Pedro,actif,30,0,4194.833333333333,5,2,3
CL05188,ETUDIANT,San-Pedro,actif,30,0,4195.833333333333,3,5,3
CL03792,SENIOR,Bouake,actif,30,0,4196.333333333333,3,3,3
CL07551,ETUDIANT,Abidjan,actif,30,0,4197.5,2,5,3
CL00149,SENIOR,Korhogo,actif,30,0,4198.5,3,5,3
CL02474,CONNECT,Yamoussoukro,resilie,121,0,4199.0,1,4,3
CL00159,SENIOR,Yamoussoukro,actif,30,0,4199.333333333333,4,3,3
CL02618,ETUDIANT,Abidjan,actif,30,0,4201.0,2,5,3
CL04165,SENIOR,San-Pedro,actif,30,0,4202.5,4,3,3
CL03613,SENIOR,Abidjan,actif,30,0,4203.0,5,2,3
CL04785,SENIOR,Abidjan,actif,30,0,4204.0,3,3,3
CL06942,SENIOR,Yamoussoukro,actif,30,0,4205.166666666667,4,3,3
CL05826,ETUDIANT,Bouake,actif,30,0,4206.25,3,3,3
CL00908,SENIOR,Abidjan,actif,30,0,4206.75,3,3,3
CL06966,SENIOR,Bouake,actif,30,0,4206.833333333333,3,5,3
CL05738,ETUDIANT,Bouake,actif,30,0,4215.333333333333,3,3,3
CL06075,ETUDIANT,Abidjan,actif,30,2,4215.833333333333,4,1,3
CL00560,ETUDIANT,Abidjan,actif,30,1,4218.666666666667,4,1,3
CL05789,CONNECT,Abidjan,resilie,121,1,4222.333333333333,1,1,3
CL06790,ETUDIANT,Abidjan,actif,30,0,4223.5,4,2,3
CL00334,SENIOR,Abidjan,actif,30,0,4223.833333333333,2,4,3
CL03289,ETUDIANT,Abidjan,actif,30,1,4224.75,5,1,3
CL02135,CONNECT,Abidjan,resilie,121,0,4225.0,1,4,3
CL04691,ETUDIANT,Bouake,actif,30,0,4225.0,3,5,3
CL05926,ETUDIANT,Yamoussoukro,actif,30,0,4227.0,3,5,3
CL00482,SENIOR,Bouake,actif,30,2,4228.333333333333,5,1,3
CL07684,ETUDIANT,Abidjan,actif,30,0,4228.833333333333,5,2,3
CL00987,SENIOR,Abidjan,actif,30,1,4228.833333333333,5,1,3
CL07995,ETUDIANT,Yamoussoukro,actif,30,0,4230.0,3,3,3
CL03035,CONNECT,Abidjan,resilie,152,0,4232.0,1,4,3
CL05610,ETUDIANT,Abidjan,actif,30,0,4232.4,5,2,3
CL06320,ETUDIANT,Bouake,actif,30,2,4232.4,5,1,3
CL00877,ETUDIANT,Abidjan,actif,30,0,4233.0,2,5,3
CL04331,ETUDIANT,Yamoussoukro,actif,30,0,4234.666666666667,3,5,3
CL01471,SENIOR,Abidjan,actif,30,0,4236.833333333333,2,5,3
CL01960,ETUDIANT,Bouake,actif,30,0,4237.666666666667,5,2,3
CL03995,SENIOR,Abidjan,actif,30,0,4237.8,2,5,3
CL01743,ETUDIANT,Abidjan,actif,30,0,4239.0,5,2,3
CL04206,CONNECT,Abidjan,resilie,121,0,4241.666666666667,1,4,3
CL02409,ETUDIANT,Abidjan,actif,30,0,4241.833333333333,5,2,3
CL06863,ETUDIANT,Abidjan,actif,30,0,4243.166666666667,3,5,3
CL01316,ETUDIANT,Abidjan,actif,30,0,4244.833333333333,3,5,3
CL01306,SENIOR,Yamoussoukro,actif,30,0,4245.0,2,5,3
CL01655,ETUDIANT,Abidjan,actif,30,1,4245.166666666667,4,1,3
CL06984,ETUDIANT,Bouake,actif,30,0,4246.5,5,2,3
CL06673,CONNECT,Abidjan,resilie,152,0,4246.5,1,4,3
CL06851,CONNECT,Bouake,resilie,121,2,4248.666666666667,1,1,3
CL05493,ETUDIANT,Korhogo,actif,30,0,4250.166666666667,5,2,3
CL04379,ETUDIANT,Korhogo,actif,30,0,4250.5,5,2,3
CL00286,ETUDIANT,Bouake,actif,30,1,4251.2,4,1,3
CL05480,ETUDIANT,Abidjan,actif,30,0,4252.4,2,5,3
CL03571,SENIOR,San-Pedro,actif,30,0,4255.0,4,3,3
CL03910,ETUDIANT,Abidjan,actif,30,0,4255.75,2,5,3
CL02873,ETUDIANT,Abidjan,actif,30,0,4256.333333333333,2,5,3
CL02363,ETUDIANT,Abidjan,actif,30,0,4258.0,4,3,3
CL03086,CONNECT,Abidjan,resilie,183,0,4259.0,1,4,3
CL01074,ETUDIANT,San-Pedro,actif,30,0,4260.666666666667,4,3,3
CL06237,ETUDIANT,Abidjan,actif,30,2,4261.0,2,1,3
CL03659,SENIOR,Bouake,actif,30,0,4263.333333333333,4,3,3
CL03906,CONNECT,Yamoussoukro,resilie,121,1,4265.0,1,1,3
CL06419,ETUDIANT,Korhogo,actif,30,0,4268.5,4,2,3
CL05273,ETUDIANT,Abidjan,actif,30,1,4268.666666666667,5,1,3
CL03048,ETUDIANT,Abidjan,actif,30,0,4268.833333333333,5,2,3
CL07339,SENIOR,Abidjan,actif,30,0,4269.666666666667,5,2,3
CL00509,ETUDIANT,Bouake,actif,30,0,4271.6,3,5,3
CL02772,ETUDIANT,Abidjan,actif,30,0,4273.166666666667,3,3,3
CL04276,ETUDIANT,Abidjan,actif,30,1,4273.5,4,1,3
CL03021,ETUDIANT,Bouake,actif,30,0,4274.6,3,3,3
CL04115,CONNECT,Bouake,resilie,183,1,4275.0,1,1,3
CL01777,ETUDIANT,Abidjan,actif,30,0,4278.5,4,3,3
CL07558,ETUDIANT,Yamoussoukro,actif,30,0,4279.833333333333,2,5,3
CL07706,ETUDIANT,Bouake,actif,30,0,4280.0,4,3,3
CL07874,ETUDIANT,Abidjan,actif,30,0,4283.5,5,2,3
CL04781,ETUDIANT,Abidjan,actif,30,1,4285.0,3,2,3
CL07852,ETUDIANT,Abidjan,actif,30,0,4285.333333333333,5,2,3
CL00765,ETUDIANT,Bouake,actif,30,2,4285.5,5,1,3
CL04966,ETUDIANT,Abidjan,actif,30,0,4286.333333333333,2,5,3
CL06635,ETUDIANT,Abidjan,actif,30,0,4288.5,3,5,3
CL07216,ETUDIANT,Abidjan,actif,30,0,4288.6,3,3,3
CL04759,CONNECT,Abidjan,resilie,152,0,4289.0,1,4,3
CL01067,ETUDIANT,San-Pedro,actif,30,0,4289.166666666667,2,5,3
CL00646,ETUDIANT,Abidjan,actif,30,0,4289.833333333333,5,2,3
CL00201,ETUDIANT,Abidjan,actif,30,0,4290.833333333333,4,3,3
CL05240,ETUDIANT,Abidjan,actif,30,2,4290.833333333333,3,1,3
CL03093,SENIOR,Abidjan,actif,30,0,4292.0,5,2,3
CL01572,ETUDIANT,Abidjan,actif,30,0,4292.666666666667,5,2,3
CL05130,ETUDIANT,Abidjan,actif,30,0,4295.0,4,3,3
CL06253,ETUDIANT,Abidjan,actif,30,0,4296.833333333333,3,3,3
CL01221,ETUDIANT,Abidjan,actif,30,1,4298.166666666667,4,1,3
CL05566,ETUDIANT,San-Pedro,actif,30,0,4299.666666666667,3,5,3
CL03756,CONNECT,Bouake,resilie,121,1,4301.666666666667,1,1,3
CL05607,ETUDIANT,Abidjan,actif,30,0,4301.833333333333,4,3,3
CL05216,ETUDIANT,Abidjan,actif,30,1,4302.333333333333,4,1,3
CL02428,ETUDIANT,Abidjan,actif,30,0,4302.333333333333,3,5,3
CL01965,ETUDIANT,Abidjan,actif,30,0,4303.166666666667,3,3,3
CL04298,ETUDIANT,Abidjan,actif,30,0,4304.333333333333,2,5,3
CL06511,ETUDIANT,Abidjan,actif,30,0,4307.8,5,2,3
CL05534,ETUDIANT,Bouake,actif,30,1,4308.333333333333,4,1,3
CL01542,CONNECT,Bouake,resilie,121,2,4308.666666666667,1,1,3
CL00585,ETUDIANT,Abidjan,actif,30,0,4310.5,5,2,3
CL01272,ETUDIANT,Abidjan,actif,30,1,4310.666666666667,5,1,3
CL07179,ETUDIANT,Abidjan,actif,30,0,4311.166666666667,5,2,3
CL02740,ETUDIANT,Abidjan,actif,30,0,4311.5,5,2,3
CL02301,ETUDIANT,Bouake,actif,30,0,4312.0,4,3,3
CL05364,ETUDIANT,Abidjan,actif,30,0,4313.166666666667,5,2,3
CL05200,ETUDIANT,Korhogo,actif,30,0,4313.333333333333,4,3,3
CL03478,CONNECT,Abidjan,resilie,121,1,4314.333333333333,1,1,3
CL07507,ETUDIANT,Yamoussoukro,actif,30,0,4314.8,2,4,3
CL03316,CONNECT,Abidjan,resilie,152,2,4315.0,1,1,3
CL03893,ETUDIANT,Yamoussoukro,actif,30,0,4315.333333333333,3,5,3
CL05735,ETUDIANT,Abidjan,actif,30,0,4316.666666666667,3,3,3
CL06840,ETUDIANT,Abidjan,actif,30,0,4317.5,2,5,3
CL00377,ETUDIANT,Yamoussoukro,actif,30,0,4318.833333333333,5,2,3
CL07813,ETUDIANT,Abidjan,actif,30,0,4319.6,5,2,3
CL03212,ETUDIANT,Bouake,actif,30,1,4320.166666666667,4,1,3
CL04752,ETUDIANT,Abidjan,actif,30,0,4321.166666666667,2,5,3
CL00395,ETUDIANT,Abidjan,actif,30,0,4321.666666666667,3,5,3
CL04271,ETUDIANT,Korhogo,actif,30,0,4322.0,2,5,3
CL00834,SENIOR,Abidjan,actif,30,0,4324.0,3,3,3
CL05129,CONNECT,Abidjan,resilie,152,1,4324.5,1,1,3
CL01840,ETUDIANT,Yamoussoukro,actif,30,0,4324.5,3,3,3
CL01775,ETUDIANT,Korhogo,actif,30,0,4325.166666666667,4,3,3
CL07695,ETUDIANT,Abidjan,actif,30,1,4326.0,5,1,3
CL04526,ETUDIANT,Korhogo,actif,30,0,4326.166666666667,5,2,3
CL01002,ETUDIANT,San-Pedro,actif,30,1,4328.5,4,1,3
CL05427,ETUDIANT,Yamoussoukro,actif,30,0,4329.5,5,2,3
CL05201,SENIOR,San-Pedro,actif,30,0,4330.0,2,5,3
CL02973,ETUDIANT,Abidjan,actif,30,1,4330.666666666667,4,1,3
CL04593,ETUDIANT,Abidjan,actif,30,0,4330.833333333333,4,3,3
CL06761,ETUDIANT,Abidjan,actif,30,0,4331.0,3,3,3
CL03573,ETUDIANT,Bouake,actif,30,1,4332.0,3,1,3
CL00375,CONNECT,San-Pedro,resilie,121,0,4334.0,1,4,3
CL05215,ETUDIANT,Abidjan,actif,30,0,4334.166666666667,2,5,3
CL02219,ETUDIANT,Bouake,actif,30,0,4335.5,4,3,3
CL03655,ETUDIANT,Korhogo,actif,30,0,4335.833333333333,5,2,3
CL07029,ETUDIANT,Bouake,actif,30,0,4337.0,5,2,3
CL05694,ETUDIANT,Abidjan,actif,30,0,4338.0,4,2,3
CL01230,ETUDIANT,San-Pedro,actif,30,0,4338.166666666667,4,3,3
CL06538,ETUDIANT,Abidjan,actif,30,0,4339.166666666667,2,5,3
CL04737,ETUDIANT,Abidjan,actif,30,0,4339.333333333333,5,2,3
CL01514,SENIOR,Yamoussoukro,actif,30,0,4339.5,5,2,3
CL01720,ETUDIANT,San-Pedro,actif,30,2,4342.0,5,1,3
CL04334,ETUDIANT,Abidjan,actif,30,0,4343.166666666667,5,2,3
CL01589,ETUDIANT,Abidjan,actif,30,0,4343.166666666667,2,5,3
CL06926,ETUDIANT,Abidjan,actif,30,0,4343.333333333333,4,3,3
CL03398,ETUDIANT,Bouake,actif,30,0,4343.666666666667,5,2,3
CL06574,ETUDIANT,San-Pedro,actif,30,1,4343.8,3,1,3
CL03777,ETUDIANT,Abidjan,actif,30,0,4345.0,5,2,3
CL03407,ETUDIANT,Abidjan,actif,30,1,4345.833333333333,5,1,3
CL05635,SENIOR,Abidjan,actif,30,1,4347.666666666667,2,2,3
CL03915,SENIOR,Yamoussoukro,actif,30,0,4348.333333333333,2,5,3
CL02733,ETUDIANT,Abidjan,actif,30,0,4348.666666666667,4,3,3
CL04573,ETUDIANT,San-Pedro,actif,30,0,4349.0,3,3,3
CL02096,ETUDIANT,Abidjan,actif,30,0,4351.0,5,2,3
CL02509,ETUDIANT,Yamoussoukro,actif,30,0,4351.166666666667,5,2,3
CL00338,ETUDIANT,Abidjan,actif,30,0,4353.0,5,2,3
CL01069,ETUDIANT,Abidjan,actif,30,0,4353.0,3,3,3
CL01588,ETUDIANT,Abidjan,actif,30,0,4353.5,2,5,3
CL04210,ETUDIANT,Bouake,actif,30,0,4354.0,4,3,3
CL07954,ETUDIANT,Abidjan,actif,30,1,4354.666666666667,3,2,3
CL00454,ETUDIANT,Abidjan,actif,30,1,4354.8,5,1,3
CL01096,ETUDIANT,Abidjan,actif,30,0,4354.833333333333,5,2,3
CL00649,ETUDIANT,Abidjan,actif,30,0,4355.333333333333,2,5,3
CL05324,ETUDIANT,Yamoussoukro,actif,30,0,4355.4,4,3,3
CL00430,ETUDIANT,Abidjan,actif,30,0,4355.666666666667,5,2,3
CL01609,ETUDIANT,Yamoussoukro,actif,30,0,4355.666666666667,3,3,3
CL05077,ETUDIANT,Abidjan,actif,30,0,4356.666666666667,2,5,3
CL03357,ETUDIANT,Bouake,actif,30,0,4357.0,3,3,3
CL05180,ETUDIANT,Korhogo,actif,30,0,4357.166666666667,5,2,3
CL03390,ETUDIANT,Abidjan,actif,30,0,4357.2,4,3,3
CL02305,ETUDIANT,Abidjan,actif,30,0,4357.333333333333,3,5,3
CL00506,ETUDIANT,San-Pedro,actif,30,0,4357.666666666667,3,5,3
CL07766,ETUDIANT,Abidjan,actif,30,0,4357.833333333333,2,5,3
CL01546,CONNECT,Bouake,resilie,183,1,4359.0,1,1,3
CL04423,SENIOR,San-Pedro,actif,30,0,4359.2,4,3,3
CL06666,ETUDIANT,Abidjan,actif,30,0,4359.333333333333,4,2,3
CL04218,ETUDIANT,San-Pedro,actif,30,0,4360.166666666667,4,3,3
CL07557,ETUDIANT,Abidjan,actif,30,0,4360.5,2,4,3
CL04035,ETUDIANT,Abidjan,actif,30,0,4361.166666666667,3,3,3
CL06090,ETUDIANT,Bouake,actif,30,0,4363.0,4,2,3
CL03436,ETUDIANT,Yamoussoukro,actif,30,0,4364.8,4,3,3
CL01959,ETUDIANT,Abidjan,actif,30,0,4364.8,5,2,3
CL01651,SENIOR,Abidjan,actif,30,1,4364.8,3,2,3
CL01290,ETUDIANT,Bouake,actif,30,1,4365.333333333333,3,2,3
CL01420,ETUDIANT,Yamoussoukro,actif,30,0,4365.833333333333,5,2,3
CL01268,ETUDIANT,Abidjan,actif,30,0,4366.5,3,3,3
CL01578,ETUDIANT,Bouake,actif,30,1,4368.5,4,1,3
CL04788,ETUDIANT,Bouake,actif,30,1,4369.0,4,1,3
CL07207,ETUDIANT,Korhogo,actif,30,0,4369.166666666667,4,3,3
CL00193,ETUDIANT,Abidjan,actif,30,0,4369.833333333333,2,4,3
CL07004,ETUDIANT,Abidjan,actif,30,1,4370.166666666667,2,1,3
CL06300,ETUDIANT,Abidjan,actif,30,1,4370.5,4,1,3
CL01608,ETUDIANT,Abidjan,actif,30,0,4370.833333333333,4,3,3
CL04346,ETUDIANT,Abidjan,actif,30,1,4371.833333333333,5,1,3
CL00361,ETUDIANT,Abidjan,actif,30,0,4371.833333333333,3,3,3
CL05623,ETUDIANT,Yamoussoukro,actif,30,0,4375.333333333333,5,2,3
CL07522,ETUDIANT,Bouake,actif,30,0,4375.4,3,3,3
CL06158,ETUDIANT,San-Pedro,actif,30,0,4379.5,3,3,3
CL06355,ETUDIANT,Korhogo,actif,30,0,4379.5,2,5,3
CL04196,ETUDIANT,Korhogo,actif,30,0,4379.666666666667,2,5,3
CL02304,ETUDIANT,Abidjan,actif,30,1,4382.166666666667,2,2,3
CL03953,ETUDIANT,Abidjan,actif,30,0,4384.5,2,5,3
CL05234,ETUDIANT,San-Pedro,actif,30,0,4384.666666666667,5,2,3
CL07424,ETUDIANT,Abidjan,actif,30,0,4384.666666666667,5,2,3
CL03324,ETUDIANT,Abidjan,actif,30,1,4385.6,2,2,3
CL06945,ETUDIANT,San-Pedro,actif,30,0,4386.0,4,3,3
CL03065,ETUDIANT,Abidjan,actif,30,0,4386.333333333333,3,5,3
CL07749,ETUDIANT,Bouake,actif,30,1,4387.75,3,2,3
CL07009,ETUDIANT,Yamoussoukro,actif,30,2,4388.166666666667,2,1,3
CL05862,ETUDIANT,Abidjan,actif,30,0,4388.2,2,5,3
CL05087,ETUDIANT,Abidjan,actif,30,0,4389.833333333333,3,5,3
CL06779,CONNECT,Abidjan,resilie,121,0,4390.333333333333,1,4,3
CL07969,ETUDIANT,Abidjan,actif,30,0,4391.166666666667,4,3,3
CL04057,ETUDIANT,Abidjan,actif,30,0,4392.0,5,2,3
CL04904,ETUDIANT,Abidjan,actif,30,0,4392.333333333333,4,3,3
CL01135,ETUDIANT,Korhogo,actif,30,0,4392.5,5,2,3
CL04252,ETUDIANT,Abidjan,actif,30,0,4393.333333333333,4,3,3
CL02087,ETUDIANT,Abidjan,actif,30,0,4393.666666666667,4,3,3
CL02174,ETUDIANT,Abidjan,actif,30,0,4394.0,4,3,3
CL06504,ETUDIANT,Korhogo,actif,30,0,4395.0,2,5,3
CL05365,ETUDIANT,Bouake,actif,30,0,4395.666666666667,4,3,3
CL07248,CONNECT,Abidjan,resilie,121,0,4396.0,1,4,3
CL04503,ETUDIANT,Korhogo,actif,30,0,4398.166666666667,5,2,3
CL07322,ETUDIANT,Abidjan,actif,30,0,4398.333333333333,5,2,3
CL03751,CONNECT,Yamoussoukro,resilie,183,0,4399.0,1,4,3
CL02271,ETUDIANT,Abidjan,actif,30,1,4399.166666666667,3,2,3
CL00294,ETUDIANT,Bouake,actif,30,0,4400.833333333333,5,2,3
CL04032,ETUDIANT,Bouake,actif,30,0,4400.833333333333,5,2,3
CL03531,ETUDIANT,Abidjan,actif,30,0,4401.333333333333,4,3,3
CL02001,ETUDIANT,Bouake,actif,30,2,4402.166666666667,4,1,3
CL03489,ETUDIANT,Abidjan,actif,30,1,4402.5,3,1,3
CL07102,ETUDIANT,Abidjan,actif,30,0,4403.5,3,5,3
CL00438,ETUDIANT,Bouake,actif,30,0,4403.5,3,5,3
CL03819,ETUDIANT,San-Pedro,actif,30,0,4403.8,5,2,3
CL02293,CONNECT,Abidjan,resilie,121,0,4404.0,1,4,3
CL01210,ETUDIANT,Abidjan,actif,30,1,4404.5,4,1,3
CL06478,ETUDIANT,Abidjan,actif,30,0,4404.5,2,5,3
CL05196,ETUDIANT,Abidjan,actif,30,1,4405.333333333333,3,1,3
CL06705,ETUDIANT,Bouake,actif,30,0,4405.5,5,2,3
CL00799,ETUDIANT,Abidjan,actif,30,0,4407.0,4,3,3
CL06608,ETUDIANT,Abidjan,actif,30,0,4408.0,2,5,3
CL02372,ETUDIANT,Abidjan,actif,30,1,4409.333333333333,3,2,3
CL03635,ETUDIANT,Bouake,actif,30,0,4409.833333333333,5,2,3
CL04266,ETUDIANT,Abidjan,actif,30,0,4410.0,2,5,3
CL01064,ETUDIANT,Abidjan,actif,30,1,4410.8,5,1,3
CL07008,ETUDIANT,Korhogo,actif,30,1,4411.0,3,1,3
CL02587,ETUDIANT,Abidjan,actif,30,0,4411.666666666667,2,5,3
CL06302,ETUDIANT,Abidjan,actif,30,1,4412.0,5,1,3
CL01773,ETUDIANT,Abidjan,actif,30,0,4412.0,3,5,3
CL01868,ETUDIANT,Abidjan,actif,30,0,4412.166666666667,2,5,3
CL02236,ETUDIANT,Korhogo,actif,30,0,4412.5,3,5,3
CL00648,ETUDIANT,Abidjan,actif,30,0,4412.666666666667,3,5,3
CL00639,ETUDIANT,Abidjan,actif,30,0,4412.833333333333,2,5,3
CL05165,ETUDIANT,Abidjan,actif,30,0,4413.833333333333,2,5,3
CL00859,ETUDIANT,Abidjan,actif,30,0,4414.5,5,2,3
CL02260,ETUDIANT,Abidjan,actif,30,3,4417.166666666667,3,1,3
CL05238,ETUDIANT,Bouake,actif,30,1,4417.333333333333,4,1,3
CL07537,ETUDIANT,Abidjan,actif,30,2,4417.833333333333,3,1,3
CL06884,ETUDIANT,Abidjan,actif,30,0,4418.666666666667,2,5,3
CL00428,ETUDIANT,Bouake,actif,30,2,4419.2,5,1,3
CL03745,ETUDIANT,Yamoussoukro,actif,30,0,4419.666666666667,3,5,3
CL05226,ETUDIANT,Yamoussoukro,actif,30,0,4421.0,5,2,3
CL05288,ETUDIANT,Abidjan,actif,30,0,4421.0,4,3,3
CL00411,ETUDIANT,Abidjan,actif,30,1,4421.166666666667,3,2,3
CL01148,ETUDIANT,San-Pedro,actif,30,0,4421.333333333333,3,3,3
CL06799,ETUDIANT,San-Pedro,actif,30,0,4421.8,4,3,3
CL06626,ETUDIANT,Abidjan,actif,30,1,4422.833333333333,3,1,3
CL01156,ETUDIANT,Bouake,actif,30,1,4423.166666666667,4,1,3
CL00609,ETUDIANT,Abidjan,actif,30,0,4423.833333333333,4,3,3
CL06540,ETUDIANT,Bouake,actif,30,0,4424.0,5,2,3
CL05359,ETUDIANT,Abidjan,actif,30,1,4424.4,2,2,3
CL06378,ETUDIANT,Abidjan,actif,30,0,4424.5,4,2,3
CL03350,ETUDIANT,Bouake,actif,30,0,4424.8,5,2,3
CL05825,ETUDIANT,Abidjan,actif,30,0,4425.333333333333,5,2,3
CL02184,ETUDIANT,Abidjan,actif,30,1,4425.333333333333,4,1,3
CL01833,ETUDIANT,Bouake,actif,30,0,4425.5,3,5,3
CL03674,ETUDIANT,San-Pedro,actif,30,0,4425.833333333333,3,5,3
CL06744,ETUDIANT,Abidjan,actif,30,0,4426.8,4,3,3
CL03619,ETUDIANT,Abidjan,actif,30,0,4426.833333333333,4,3,3
CL04628,ETUDIANT,Abidjan,actif,30,0,4428.166666666667,2,5,3
CL00460,ETUDIANT,Abidjan,actif,30,0,4429.333333333333,4,3,3
CL02055,ETUDIANT,Bouake,actif,30,0,4429.833333333333,2,5,3
CL01849,ETUDIANT,Abidjan,actif,30,1,4430.333333333333,5,1,3
CL07159,ETUDIANT,Abidjan,actif,30,0,4430.6,3,3,3
CL03825,ETUDIANT,Yamoussoukro,actif,30,0,4432.5,2,5,3
CL03568,ETUDIANT,Abidjan,actif,30,0,4434.166666666667,5,2,3
CL00227,ETUDIANT,Abidjan,actif,30,0,4434.5,2,5,3
CL04199,ETUDIANT,San-Pedro,actif,30,0,4434.833333333333,3,5,3
CL05415,ETUDIANT,Abidjan,actif,30,0,4435.2,4,3,3
CL04140,ETUDIANT,Abidjan,actif,30,1,4437.833333333333,5,1,3
CL01885,ETUDIANT,Abidjan,actif,30,0,4438.0,4,3,3
CL03403,ETUDIANT,Bouake,actif,30,0,4439.0,4,3,3
CL07117,ETUDIANT,Abidjan,actif,30,0,4439.166666666667,3,3,3
CL03945,ETUDIANT,Abidjan,actif,30,0,4439.333333333333,4,3,3
CL01207,ETUDIANT,Yamoussoukro,actif,30,0,4440.0,3,5,3
CL07375,ETUDIANT,Abidjan,actif,30,0,4441.5,5,2,3
CL04653,ETUDIANT,Yamoussoukro,actif,30,0,4441.5,2,5,3
CL04128,ETUDIANT,Abidjan,actif,30,1,4442.6,5,1,3
CL03544,CONNECT,Abidjan,resilie,121,0,4442.666666666667,1,4,3
CL07783,ETUDIANT,Abidjan,actif,30,0,4443.2,3,5,3
CL04029,ETUDIANT,Abidjan,actif,30,0,4443.333333333333,2,5,3
CL03036,ETUDIANT,Abidjan,actif,30,0,4444.166666666667,3,3,3
CL03546,ETUDIANT,Bouake,actif,30,0,4446.0,4,3,3
CL05243,ETUDIANT,Abidjan,actif,30,0,4446.0,5,2,3
CL04514,ETUDIANT,Bouake,actif,30,1,4446.166666666667,3,1,3
CL00977,ETUDIANT,Abidjan,actif,30,4,4447.2,4,1,3
CL02223,ETUDIANT,San-Pedro,actif,30,0,4448.0,2,5,3
CL04285,ETUDIANT,San-Pedro,actif,30,0,4448.0,2,5,3
CL03565,ETUDIANT,Korhogo,actif,30,1,4449.333333333333,2,2,3
CL07026,ETUDIANT,Abidjan,actif,30,0,4449.666666666667,3,3,3
CL03199,ETUDIANT,Yamoussoukro,actif,30,0,4449.666666666667,2,5,3
CL04989,ETUDIANT,Bouake,actif,30,1,4449.833333333333,4,1,3
CL03155,ETUDIANT,Bouake,actif,30,0,4450.333333333333,4,3,3
CL01487,ETUDIANT,Abidjan,actif,30,0,4450.5,5,2,3
CL06957,ETUDIANT,Yamoussoukro,actif,30,0,4451.333333333333,5,2,3
CL02407,ETUDIANT,Abidjan,actif,30,1,4452.333333333333,2,2,3
CL02867,ETUDIANT,Bouake,actif,30,0,4452.4,4,3,3
CL04116,ETUDIANT,Abidjan,actif,30,1,4452.666666666667,4,1,3
CL06120,ETUDIANT,Abidjan,actif,30,0,4454.166666666667,5,2,3
CL03509,ETUDIANT,Abidjan,actif,30,0,4454.4,2,5,3
CL02603,CONNECT,Abidjan,resilie,183,0,4455.0,1,5,3
CL02605,ETUDIANT,Abidjan,actif,30,0,4455.333333333333,4,3,3
CL04915,ETUDIANT,Korhogo,actif,30,0,4456.0,2,5,3
CL02448,ETUDIANT,Abidjan,actif,30,0,4456.333333333333,4,3,3
CL01089,ETUDIANT,Abidjan,actif,30,0,4456.5,5,2,3
CL02668,ETUDIANT,Korhogo,actif,30,0,4456.666666666667,2,5,3
CL05027,CONNECT,Abidjan,resilie,121,0,4457.0,1,4,3
CL07638,ETUDIANT,Abidjan,actif,30,0,4457.333333333333,2,4,3
CL02444,ETUDIANT,Bouake,actif,30,1,4457.5,4,1,3
CL03967,ETUDIANT,Abidjan,actif,30,0,4457.833333333333,3,3,3
CL04239,ETUDIANT,Abidjan,actif,30,3,4459.666666666667,5,1,3
CL01843,ETUDIANT,Abidjan,actif,30,0,4460.333333333333,2,5,3
CL04678,ETUDIANT,Bouake,actif,30,0,4460.833333333333,3,3,3
CL07264,ETUDIANT,Abidjan,actif,30,0,4460.833333333333,3,3,3
CL03726,ETUDIANT,Abidjan,actif,30,0,4462.333333333333,4,3,3
CL04273,ETUDIANT,Yamoussoukro,actif,30,0,4464.0,5,2,3
CL04167,ETUDIANT,Bouake,actif,30,0,4464.2,5,2,3
CL01961,ETUDIANT,Abidjan,actif,30,0,4464.333333333333,3,3,3
CL04905,ETUDIANT,Abidjan,actif,30,0,4465.0,3,3,3
CL02496,ETUDIANT,Abidjan,actif,30,0,4465.2,3,5,3
CL02200,ETUDIANT,Abidjan,actif,30,0,4465.5,5,2,3
CL01356,ETUDIANT,Abidjan,actif,30,0,4465.5,4,3,3
CL01121,ETUDIANT,Bouake,actif,30,0,4466.166666666667,5,2,3
CL06834,ETUDIANT,Abidjan,actif,30,1,4466.666666666667,3,1,3
CL01392,ETUDIANT,Abidjan,actif,30,0,4466.666666666667,2,5,3
CL03704,ETUDIANT,Abidjan,actif,30,0,4467.0,3,3,3
CL01725,ETUDIANT,Abidjan,actif,30,0,4467.0,5,2,3
CL00233,ETUDIANT,Abidjan,actif,30,0,4467.333333333333,3,5,3
CL06685,ETUDIANT,Abidjan,actif,30,1,4467.5,4,1,3
CL07768,ETUDIANT,Bouake,actif,30,0,4471.5,3,3,3
CL04776,ETUDIANT,Bouake,actif,30,1,4471.666666666667,5,1,3
CL00790,CONNECT,Bouake,resilie,121,0,4471.666666666667,1,4,3
CL05356,ETUDIANT,Abidjan,actif,30,0,4473.0,5,2,3
CL03245,ETUDIANT,Abidjan,actif,30,1,4473.333333333333,4,1,3
CL03554,ETUDIANT,Abidjan,actif,30,0,4474.4,5,2,3
CL05548,ETUDIANT,Abidjan,actif,30,0,4474.4,4,3,3
CL03788,ETUDIANT,Abidjan,actif,30,0,4474.5,4,3,3
CL07583,ETUDIANT,Bouake,actif,30,0,4475.166666666667,4,3,3
CL04065,ETUDIANT,Abidjan,actif,30,2,4476.25,4,1,3
CL02657,ETUDIANT,Abidjan,actif,30,1,4476.75,5,1,3
CL00591,ETUDIANT,Korhogo,actif,30,0,4477.0,3,5,3
CL06460,ETUDIANT,Abidjan,actif,30,0,4477.666666666667,5,2,3
CL05499,ETUDIANT,Abidjan,actif,30,0,4478.666666666667,2,5,3
CL07439,ETUDIANT,Bouake,actif,30,1,4478.8,5,1,3
CL01187,ETUDIANT,Abidjan,actif,30,0,4478.833333333333,5,2,3
CL05236,ETUDIANT,San-Pedro,actif,30,0,4479.5,5,2,3
CL00415,ETUDIANT,Bouake,actif,30,1,4479.5,3,2,3
CL07986,ETUDIANT,Bouake,actif,30,0,4480.166666666667,3,5,3
CL07166,ETUDIANT,Yamoussoukro,actif,30,1,4481.0,2,2,3
CL07079,ETUDIANT,Abidjan,actif,30,0,4481.166666666667,3,5,3
CL07296,ETUDIANT,San-Pedro,actif,30,1,4481.6,4,1,3
CL05819,ETUDIANT,Abidjan,actif,30,0,4481.666666666667,4,3,3
CL01515,ETUDIANT,Yamoussoukro,actif,30,0,4481.833333333333,3,5,3
CL04344,ETUDIANT,Abidjan,actif,30,0,4483.333333333333,4,3,3
CL04816,ETUDIANT,San-Pedro,actif,30,0,4484.0,4,3,3
CL00722,ETUDIANT,Yamoussoukro,actif,30,0,4484.0,2,5,3
CL04860,ETUDIANT,Bouake,actif,30,0,4484.166666666667,3,3,3
CL01313,ETUDIANT,Bouake,actif,30,0,4484.166666666667,2,5,3
CL05897,ETUDIANT,San-Pedro,actif,30,1,4484.333333333333,2,2,3
CL04330,ETUDIANT,Bouake,actif,30,0,4484.833333333333,2,5,3
CL03841,ETUDIANT,Bouake,actif,30,0,4485.0,2,5,3
CL05768,ETUDIANT,Abidjan,actif,30,0,4485.333333333333,4,3,3
CL07531,ETUDIANT,Abidjan,actif,30,0,4485.666666666667,5,2,3
CL04182,CONNECT,San-Pedro,resilie,152,0,4486.0,1,4,3
CL07778,ETUDIANT,Korhogo,actif,30,0,4486.166666666667,4,3,3
CL02815,ETUDIANT,Abidjan,actif,30,0,4487.0,4,3,3
CL05968,ETUDIANT,San-Pedro,actif,30,0,4487.4,3,5,3
CL01548,ETUDIANT,Abidjan,actif,30,0,4487.5,2,5,3
CL03312,ETUDIANT,Abidjan,actif,30,0,4487.6,2,5,3
CL04180,ETUDIANT,Abidjan,actif,30,0,4488.333333333333,5,2,3
CL06217,ETUDIANT,Abidjan,actif,30,0,4488.666666666667,4,2,3
CL01145,ETUDIANT,San-Pedro,actif,30,0,4488.833333333333,5,2,3
CL04939,ETUDIANT,Abidjan,actif,30,0,4490.0,3,3,3
CL00975,ETUDIANT,Korhogo,actif,30,1,4490.333333333333,5,1,3
CL04105,ETUDIANT,Abidjan,actif,30,0,4491.333333333333,5,2,3
CL02627,ETUDIANT,San-Pedro,actif,30,0,4492.0,2,5,3
CL03810,ETUDIANT,Abidjan,actif,30,0,4492.5,5,2,3
CL02513,ETUDIANT,Abidjan,actif,30,0,4493.25,5,2,3
CL06959,ETUDIANT,San-Pedro,actif,30,0,4493.333333333333,3,3,3
CL00284,ETUDIANT,Abidjan,actif,30,0,4494.0,5,2,3
CL05515,ETUDIANT,Abidjan,actif,30,2,4494.0,4,1,3
CL05172,ETUDIANT,Abidjan,actif,30,0,4494.333333333333,3,3,3
CL06587,ETUDIANT,Abidjan,actif,30,0,4494.666666666667,4,2,3
CL04098,ETUDIANT,Bouake,actif,30,0,4495.0,5,2,3
CL00887,ETUDIANT,Yamoussoukro,actif,30,2,4495.333333333333,5,1,3
CL03583,ETUDIANT,Abidjan,actif,30,0,4495.6,5,2,3
CL02546,ETUDIANT,Abidjan,actif,30,0,4495.666666666667,5,2,3
CL01110,ETUDIANT,Abidjan,actif,30,0,4496.0,2,5,3
CL04672,ETUDIANT,Bouake,actif,30,0,4496.833333333333,4,3,3
CL06610,ETUDIANT,Abidjan,actif,30,1,4497.0,2,2,3
CL01095,CONNECT,Yamoussoukro,resilie,152,0,4497.0,1,4,3
CL02642,ETUDIANT,Abidjan,actif,30,0,4497.0,2,5,3
CL06668,ETUDIANT,Abidjan,actif,30,0,4497.333333333333,5,2,3
CL02975,ETUDIANT,Abidjan,actif,30,0,4497.5,5,2,3
CL00637,ETUDIANT,Abidjan,actif,30,1,4497.666666666667,5,1,3
CL04700,ETUDIANT,Abidjan,actif,30,0,4497.666666666667,3,5,3
CL04205,ETUDIANT,Abidjan,actif,30,1,4498.166666666667,5,1,3
CL01889,ETUDIANT,Abidjan,actif,30,2,4498.833333333333,5,1,3
CL06279,ETUDIANT,Abidjan,actif,30,2,4498.833333333333,2,1,3
CL00879,ETUDIANT,Yamoussoukro,actif,30,0,4499.166666666667,5,2,3
CL06206,ETUDIANT,Abidjan,actif,30,0,4499.166666666667,2,5,3
CL01730,ETUDIANT,Bouake,actif,30,0,4499.5,4,3,3
CL04994,ETUDIANT,Bouake,actif,30,0,4499.666666666667,4,3,3
CL05155,ETUDIANT,Abidjan,actif,30,0,4499.833333333333,5,2,3
CL05352,ETUDIANT,Bouake,actif,30,0,4500.0,3,5,3
CL02596,ETUDIANT,Korhogo,actif,30,0,4501.2,3,5,3
CL02799,ETUDIANT,Bouake,actif,30,0,4501.666666666667,2,5,3
CL03947,ETUDIANT,Abidjan,actif,30,1,4502.0,3,2,3
CL06392,ETUDIANT,Abidjan,actif,30,0,4503.5,5,2,3
CL03665,ETUDIANT,Abidjan,actif,30,1,4504.166666666667,4,1,3
CL01425,ETUDIANT,Abidjan,actif,30,3,4504.333333333333,4,1,3
CL06983,ETUDIANT,Korhogo,actif,30,0,4504.666666666667,4,2,3
CL00954,ETUDIANT,Korhogo,actif,30,0,4505.5,4,3,3
CL06337,ETUDIANT,Abidjan,actif,30,0,4506.2,2,5,3
CL04850,ETUDIANT,Yamoussoukro,actif,30,0,4508.166666666667,4,3,3
CL05680,ETUDIANT,Abidjan,actif,30,0,4508.166666666667,4,3,3
CL05676,ETUDIANT,Abidjan,actif,30,0,4509.666666666667,5,2,3
CL04738,ETUDIANT,Bouake,actif,30,1,4509.833333333333,3,1,3
CL03388,ETUDIANT,San-Pedro,actif,30,2,4510.8,3,1,3
CL00459,ETUDIANT,Abidjan,actif,30,1,4510.833333333333,5,1,3
CL01512,ETUDIANT,Yamoussoukro,actif,30,1,4511.333333333333,2,2,3
CL03956,ETUDIANT,Abidjan,actif,30,2,4511.5,4,1,3
CL05798,ETUDIANT,Abidjan,actif,30,0,4511.5,2,5,3
CL03911,ETUDIANT,Bouake,actif,30,0,4511.666666666667,4,3,3
CL04093,ETUDIANT,Abidjan,actif,30,1,4511.833333333333,4,1,3
CL01821,ETUDIANT,Abidjan,actif,30,7,4512.833333333333,3,1,3
CL01614,ETUDIANT,Abidjan,actif,30,0,4513.666666666667,5,2,3
CL03870,ETUDIANT,Bouake,actif,30,0,4513.833333333333,3,3,3
CL07081,ETUDIANT,Abidjan,actif,30,0,4515.5,3,3,3
CL04725,ETUDIANT,Abidjan,actif,30,1,4515.5,4,1,3
CL00738,ETUDIANT,Abidjan,actif,30,1,4515.5,3,1,3
CL00158,ETUDIANT,Abidjan,actif,30,2,4515.666666666667,4,1,3
CL03508,ETUDIANT,Abidjan,actif,30,0,4515.833333333333,3,5,3
CL04553,ETUDIANT,Korhogo,actif,30,0,4516.0,4,3,3
CL04249,ETUDIANT,Abidjan,actif,30,0,4516.4,4,3,3
CL00510,ETUDIANT,Abidjan,actif,30,0,4516.5,4,3,3
CL07658,ETUDIANT,San-Pedro,actif,30,0,4516.833333333333,5,2,3
CL07935,CONNECT,Korhogo,resilie,60,3,4517.0,2,1,3
CL02828,ETUDIANT,San-Pedro,actif,30,0,4517.0,3,5,3
CL07810,ETUDIANT,Abidjan,actif,30,0,4518.166666666667,4,3,3
CL04134,ETUDIANT,Abidjan,actif,30,0,4519.0,5,2,3
CL04153,ETUDIANT,Korhogo,actif,30,0,4519.5,2,5,3
CL03483,ETUDIANT,Abidjan,actif,30,0,4519.666666666667,3,5,3
CL01147,ETUDIANT,Abidjan,actif,30,0,4520.0,3,5,3
CL05213,ETUDIANT,San-Pedro,actif,30,0,4520.0,2,5,3
CL01566,ETUDIANT,Korhogo,actif,30,0,4520.333333333333,2,5,3
CL00772,ETUDIANT,Yamoussoukro,actif,30,2,4521.0,3,1,3
CL07324,ETUDIANT,Abidjan,actif,30,0,4521.0,2,4,3
CL06099,ETUDIANT,San-Pedro,actif,30,0,4521.333333333333,3,3,3
CL07412,ETUDIANT,Bouake,actif,30,0,4521.833333333333,2,4,3
CL01908,ETUDIANT,Abidjan,actif,30,0,4522.0,3,3,3
CL06365,ETUDIANT,Abidjan,actif,30,0,4523.166666666667,2,5,3
CL03575,ETUDIANT,Abidjan,actif,30,0,4523.2,2,5,3
CL03660,ETUDIANT,Abidjan,actif,30,0,4523.4,5,2,3
CL04120,ETUDIANT,Abidjan,actif,30,0,4524.0,4,3,3
CL07309,ETUDIANT,Abidjan,actif,30,0,4524.666666666667,4,3,3
CL02852,ETUDIANT,San-Pedro,actif,30,0,4525.166666666667,2,5,3
CL07794,ETUDIANT,San-Pedro,actif,30,1,4525.2,4,1,3
CL03177,ETUDIANT,Abidjan,actif,30,0,4526.0,5,2,3
CL00566,ETUDIANT,Abidjan,actif,30,0,4527.166666666667,4,3,3
CL07634,ETUDIANT,Abidjan,actif,30,1,4527.4,5,1,3
CL01321,ETUDIANT,Bouake,actif,30,0,4528.666666666667,2,5,3
CL01942,ETUDIANT,Bouake,actif,30,0,4529.0,2,5,3
CL02644,ETUDIANT,Abidjan,actif,30,0,4529.5,3,3,3
CL04591,ETUDIANT,San-Pedro,actif,30,0,4529.833333333333,2,5,3
CL02421,ETUDIANT,Abidjan,actif,30,0,4530.166666666667,3,3,3
CL06558,ETUDIANT,Abidjan,actif,30,3,4530.2,5,1,3
CL03037,ETUDIANT,San-Pedro,actif,30,0,4530.5,3,3,3
CL01061,ETUDIANT,San-Pedro,actif,30,0,4530.5,2,5,3
CL07071,ETUDIANT,San-Pedro,actif,30,3,4531.333333333333,2,1,3
CL07517,ETUDIANT,Bouake,actif,30,1,4531.6,5,1,3
CL00305,ETUDIANT,Bouake,actif,30,0,4531.666666666667,3,3,3
CL00505,ETUDIANT,Abidjan,actif,30,0,4532.0,2,5,3
CL02484,ETUDIANT,Abidjan,actif,30,0,4533.666666666667,5,2,3
CL06607,ETUDIANT,Abidjan,actif,30,0,4534.166666666667,3,3,3
CL04906,ETUDIANT,Abidjan,actif,30,0,4534.333333333333,3,5,3
CL02118,ETUDIANT,Abidjan,actif,30,0,4535.333333333333,3,3,3
CL06185,ETUDIANT,Abidjan,actif,30,0,4535.333333333333,2,5,3
CL06013,ETUDIANT,Abidjan,actif,30,0,4535.333333333333,2,5,3
CL02262,ETUDIANT,Abidjan,actif,30,1,4535.4,3,2,3
CL02625,ETUDIANT,Abidjan,actif,30,0,4535.5,4,3,3
CL01172,ETUDIANT,Abidjan,actif,30,0,4535.666666666667,5,2,3
CL00958,ETUDIANT,Abidjan,actif,30,0,4536.8,4,3,3
CL01952,ETUDIANT,Korhogo,actif,30,0,4537.0,2,5,3
CL05729,ETUDIANT,Abidjan,actif,30,0,4537.833333333333,5,2,3
CL05192,ETUDIANT,San-Pedro,actif,30,1,4537.833333333333,4,1,3
CL00654,ETUDIANT,Abidjan,actif,30,0,4538.4,3,3,3
CL06747,ETUDIANT,Yamoussoukro,actif,30,0,4538.833333333333,4,2,3
CL02078,ETUDIANT,Bouake,actif,30,1,4539.333333333333,4,1,3
CL02373,ETUDIANT,Bouake,actif,30,0,4541.166666666667,3,5,3
CL00118,ETUDIANT,Abidjan,actif,30,0,4541.333333333333,3,3,3
CL03515,ETUDIANT,Abidjan,actif,30,1,4542.666666666667,5,1,3
CL00273,ETUDIANT,Abidjan,actif,30,0,4542.8,4,3,3
CL06123,ETUDIANT,San-Pedro,actif,30,0,4542.833333333333,4,2,3
CL05004,ETUDIANT,Abidjan,actif,30,0,4542.833333333333,3,3,3
CL05517,ETUDIANT,Abidjan,actif,30,3,4543.0,3,1,3
CL07478,ETUDIANT,Abidjan,actif,30,0,4543.0,3,5,3
CL04464,ETUDIANT,Yamoussoukro,actif,30,0,4543.166666666667,4,3,3
CL05378,ETUDIANT,Bouake,actif,30,0,4543.666666666667,3,3,3
CL06563,ETUDIANT,Abidjan,actif,30,0,4543.666666666667,3,3,3
CL01312,ETUDIANT,Abidjan,actif,30,0,4543.666666666667,2,5,3
CL05711,ETUDIANT,San-Pedro,actif,30,0,4545.166666666667,4,2,3
CL00225,ETUDIANT,Abidjan,actif,30,1,4545.333333333333,3,2,3
CL00841,ETUDIANT,Abidjan,actif,30,0,4545.5,2,5,3
CL07188,ETUDIANT,Yamoussoukro,actif,30,0,4545.666666666667,2,5,3
CL07538,ETUDIANT,Abidjan,actif,30,0,4546.0,4,3,3
CL05659,ETUDIANT,Abidjan,actif,30,0,4546.5,4,3,3
CL00530,ETUDIANT,Korhogo,actif,30,0,4546.5,2,5,3
CL07943,ETUDIANT,Korhogo,actif,30,1,4547.166666666667,4,1,3
CL05115,ETUDIANT,Abidjan,actif,30,0,4547.333333333333,2,5,3
CL02948,ETUDIANT,Korhogo,actif,30,0,4547.5,5,2,3
CL05075,ETUDIANT,Abidjan,actif,30,1,4547.666666666667,5,1,3
CL01668,ETUDIANT,Abidjan,actif,30,0,4548.5,2,5,3
CL05331,ETUDIANT,Abidjan,actif,30,0,4549.333333333333,3,3,3
CL07882,ETUDIANT,Abidjan,actif,30,0,4550.5,5,2,3
CL01092,ETUDIANT,Yamoussoukro,actif,30,0,4550.666666666667,2,5,3
CL04177,ETUDIANT,Abidjan,actif,30,1,4551.25,4,1,3
CL06678,ETUDIANT,Abidjan,actif,30,1,4552.0,5,1,3
CL00120,ETUDIANT,Abidjan,actif,30,0,4552.0,3,3,3
CL00669,ETUDIANT,Yamoussoukro,actif,30,0,4552.166666666667,3,3,3
CL04200,ETUDIANT,Abidjan,actif,30,0,4552.5,2,5,3
CL06352,ETUDIANT,Bouake,actif,30,0,4553.6,3,5,3
CL05806,ETUDIANT,Abidjan,actif,30,0,4553.833333333333,5,2,3
CL01538,ETUDIANT,Bouake,actif,30,0,4554.0,3,3,3
CL00128,ETUDIANT,Abidjan,actif,30,1,4555.166666666667,3,2,3
CL01115,ETUDIANT,Abidjan,actif,30,0,4555.333333333333,3,3,3
CL03479,ETUDIANT,Abidjan,actif,30,0,4556.166666666667,3,3,3
CL00658,ETUDIANT,Abidjan,actif,30,0,4556.833333333333,2,5,3
CL01194,ETUDIANT,Abidjan,actif,30,0,4556.833333333333,2,5,3
CL04359,ETUDIANT,Yamoussoukro,actif,30,0,4557.666666666667,4,3,3
CL06866,ETUDIANT,Bouake,actif,30,1,4557.833333333333,3,1,3
CL01415,ETUDIANT,Abidjan,actif,30,0,4559.666666666667,2,5,3
CL07543,ETUDIANT,Abidjan,actif,30,0,4560.166666666667,2,5,3
CL00358,ETUDIANT,Bouake,actif,30,0,4560.25,3,5,3
CL01278,ETUDIANT,Bouake,actif,30,0,4560.5,4,3,3
CL04181,ETUDIANT,Korhogo,actif,30,0,4560.666666666667,4,3,3
CL06598,ETUDIANT,Abidjan,actif,30,0,4561.166666666667,4,3,3
CL04353,ETUDIANT,Abidjan,actif,30,0,4561.5,3,3,3
CL04928,ETUDIANT,Yamoussoukro,actif,30,0,4562.0,4,3,3
CL02908,ETUDIANT,Bouake,actif,30,0,4562.166666666667,5,2,3
CL03128,ETUDIANT,San-Pedro,actif,30,0,4563.666666666667,5,2,3
CL02463,ETUDIANT,Abidjan,actif,30,0,4563.666666666667,2,5,3
CL05229,ETUDIANT,Yamoussoukro,actif,30,1,4566.4,3,1,3
CL03540,ETUDIANT,Abidjan,actif,30,0,4566.666666666667,5,2,3
CL07890,ETUDIANT,Abidjan,actif,30,0,4567.0,4,3,3
CL01674,CONNECT,Abidjan,resilie,152,0,4567.5,1,4,3
CL07970,ETUDIANT,Bouake,actif,30,1,4568.0,5,1,3
CL07800,ETUDIANT,Abidjan,actif,30,0,4569.666666666667,3,5,3
CL06362,ETUDIANT,Abidjan,actif,30,0,4569.8,5,2,3
CL03265,ETUDIANT,Abidjan,actif,30,0,4569.833333333333,2,5,3
CL07759,ETUDIANT,Abidjan,actif,30,0,4570.333333333333,4,3,3
CL02813,ETUDIANT,Korhogo,actif,30,0,4572.0,5,2,3
CL04923,ETUDIANT,Abidjan,actif,30,0,4572.166666666667,3,3,3
CL00073,ETUDIANT,Korhogo,actif,30,0,4572.666666666667,4,3,3
CL07047,ETUDIANT,Abidjan,actif,30,1,4574.0,5,1,3
CL04132,ETUDIANT,Abidjan,actif,30,0,4574.166666666667,2,5,3
CL02393,ETUDIANT,Abidjan,actif,30,0,4574.833333333333,5,2,3
CL00484,ETUDIANT,Abidjan,actif,30,0,4576.666666666667,2,4,3
CL02879,ETUDIANT,Abidjan,actif,30,0,4577.166666666667,4,3,3
CL03450,ETUDIANT,Bouake,actif,30,0,4577.5,2,5,3
CL06172,ETUDIANT,Abidjan,actif,30,1,4578.166666666667,3,1,3
CL07491,ETUDIANT,Abidjan,actif,30,2,4578.166666666667,5,1,3
CL03046,ETUDIANT,Abidjan,actif,30,0,4578.666666666667,5,2,3
CL04397,ETUDIANT,Abidjan,actif,30,2,4578.666666666667,3,1,3
CL04744,ETUDIANT,Abidjan,actif,30,1,4579.0,5,1,3
CL04524,ETUDIANT,Abidjan,actif,30,1,4579.333333333333,5,1,3
CL03446,ETUDIANT,San-Pedro,actif,30,0,4580.0,5,2,3
CL00398,ETUDIANT,Abidjan,actif,30,0,4580.5,3,5,3
CL03883,ETUDIANT,Abidjan,actif,30,0,4581.833333333333,4,3,3
CL00311,ETUDIANT,Abidjan,actif,30,0,4581.833333333333,3,3,3
CL00036,ETUDIANT,Yamoussoukro,actif,30,0,4583.333333333333,5,2,3
CL05142,ETUDIANT,Abidjan,actif,30,0,4583.5,2,5,3
CL01461,ETUDIANT,Abidjan,actif,30,0,4583.666666666667,5,2,3
CL05698,ETUDIANT,Yamoussoukro,actif,30,0,4583.8,2,5,3
CL07013,ETUDIANT,San-Pedro,actif,30,0,4583.833333333333,5,2,3
CL01953,ETUDIANT,Korhogo,actif,30,0,4584.666666666667,5,2,3
CL04454,ETUDIANT,Abidjan,actif,30,0,4585.0,3,3,3
CL07664,ETUDIANT,Bouake,actif,30,0,4585.666666666667,2,4,3
CL05198,ETUDIANT,Abidjan,actif,30,0,4585.8,5,2,3
CL06022,ETUDIANT,Abidjan,actif,30,1,4585.833333333333,4,1,3
CL03186,ETUDIANT,Abidjan,actif,30,0,4588.0,2,5,3
CL05845,ETUDIANT,Abidjan,actif,30,0,4588.8,3,3,3
CL06130,ETUDIANT,Abidjan,actif,30,0,4589.5,3,3,3
CL05261,ETUDIANT,Yamoussoukro,actif,30,0,4590.5,2,5,3
CL01338,ETUDIANT,Abidjan,actif,30,0,4591.166666666667,4,3,3
CL01991,ETUDIANT,Abidjan,actif,30,0,4591.166666666667,3,5,3
CL04857,ETUDIANT,Abidjan,actif,30,0,4592.0,5,2,3
CL07493,ETUDIANT,Bouake,actif,30,0,4592.0,4,3,3
CL00249,ETUDIANT,Abidjan,actif,30,1,4592.333333333333,4,1,3
CL02156,ETUDIANT,Abidjan,actif,30,0,4592.666666666667,4,3,3
CL02231,ETUDIANT,Abidjan,actif,30,0,4593.166666666667,5,2,3
CL06701,ETUDIANT,Yamoussoukro,actif,30,0,4593.6,2,5,3
CL01368,ETUDIANT,Korhogo,actif,30,0,4593.833333333333,3,3,3
CL03645,ETUDIANT,Abidjan,actif,30,1,4594.666666666667,5,1,3
CL00047,ETUDIANT,Abidjan,actif,30,0,4595.5,3,3,3
CL03988,ETUDIANT,Bouake,actif,30,1,4595.833333333333,3,2,3
CL04038,ETUDIANT,Abidjan,actif,30,0,4595.833333333333,3,5,3
CL07837,ETUDIANT,Abidjan,actif,30,0,4596.25,4,3,3
CL06894,ETUDIANT,Yamoussoukro,actif,30,0,4596.333333333333,5,2,3
CL07919,ETUDIANT,Abidjan,actif,30,0,4596.5,4,3,3
CL04155,ETUDIANT,Abidjan,actif,30,0,4597.166666666667,5,2,3
CL00241,ETUDIANT,Abidjan,actif,30,0,4597.666666666667,4,3,3
CL03672,ETUDIANT,Abidjan,actif,30,0,4598.666666666667,4,3,3
CL07032,ETUDIANT,Abidjan,actif,30,0,4598.833333333333,2,5,3
CL06402,ETUDIANT,Korhogo,actif,30,1,4599.166666666667,5,1,3
CL01491,ETUDIANT,Bouake,actif,30,0,4600.5,5,2,3
CL04451,ETUDIANT,Abidjan,actif,30,1,4600.833333333333,5,1,3
CL03846,ETUDIANT,Bouake,actif,30,0,4601.0,4,3,3
CL05433,ETUDIANT,Bouake,actif,30,0,4601.0,4,3,3
CL00950,ETUDIANT,Abidjan,actif,30,0,4602.333333333333,5,2,3
CL02422,ETUDIANT,Abidjan,actif,30,1,4602.666666666667,3,2,3
CL06708,ETUDIANT,Yamoussoukro,actif,30,0,4602.833333333333,3,3,3
CL03998,ETUDIANT,Abidjan,actif,30,1,4602.833333333333,2,2,3
CL05771,ETUDIANT,Bouake,actif,30,0,4603.333333333333,5,2,3
CL03715,ETUDIANT,Abidjan,actif,30,0,4603.666666666667,4,3,3
CL00668,ETUDIANT,Abidjan,actif,30,0,4603.8,2,5,3
CL02765,ETUDIANT,Abidjan,actif,30,0,4604.833333333333,2,5,3
CL00911,ETUDIANT,Abidjan,actif,30,0,4604.833333333333,2,5,3
CL01386,ETUDIANT,Yamoussoukro,actif,30,0,4606.666666666667,3,3,3
CL06679,ETUDIANT,Yamoussoukro,actif,30,0,4607.0,2,5,3
CL02018,ETUDIANT,Abidjan,actif,30,0,4607.333333333333,2,5,3
CL07390,ETUDIANT,Bouake,actif,30,0,4608.0,5,2,3
CL06368,ETUDIANT,Abidjan,actif,30,0,4609.833333333333,4,2,3
CL05116,ETUDIANT,Korhogo,actif,30,0,4611.333333333333,5,2,3
CL04952,ETUDIANT,Abidjan,actif,30,2,4611.5,2,1,3
CL01298,CONNECT,Yamoussoukro,resilie,152,0,4612.0,1,4,3
CL04110,ETUDIANT,Abidjan,actif,30,0,4612.5,5,2,3
CL07017,ETUDIANT,Abidjan,actif,30,1,4612.666666666667,5,1,3
CL02139,ETUDIANT,Korhogo,actif,30,0,4613.4,4,3,3
CL07596,ETUDIANT,Abidjan,actif,30,0,4613.8,4,3,3
CL04617,ETUDIANT,San-Pedro,actif,30,1,4614.0,4,1,3
CL04685,ETUDIANT,Abidjan,actif,30,0,4614.333333333333,2,5,3
CL01980,ETUDIANT,Bouake,actif,30,0,4616.833333333333,5,2,3
CL05578,CONNECT,Bouake,resilie,183,0,4617.0,1,4,3
CL02369,ETUDIANT,Abidjan,actif,30,1,4617.333333333333,4,1,3
CL07318,ETUDIANT,Korhogo,actif,30,1,4617.5,3,2,3
CL00116,ETUDIANT,Yamoussoukro,actif,30,0,4617.5,4,3,3
CL00215,ETUDIANT,Abidjan,actif,30,0,4618.166666666667,4,3,3
CL05133,ETUDIANT,San-Pedro,actif,30,0,4618.2,5,2,3
CL03970,ETUDIANT,Abidjan,actif,30,0,4618.333333333333,5,2,3
CL00897,ETUDIANT,Abidjan,actif,30,0,4618.5,5,2,3
CL02972,ETUDIANT,Abidjan,actif,30,0,4618.833333333333,4,3,3
CL06431,ETUDIANT,San-Pedro,actif,30,0,4619.166666666667,5,2,3
CL06577,ETUDIANT,Abidjan,actif,30,0,4620.0,5,2,3
CL00397,ETUDIANT,Bouake,actif,30,0,4621.0,5,2,3
CL07833,ETUDIANT,Bouake,actif,30,1,4622.666666666667,5,1,3
CL06061,ETUDIANT,Bouake,actif,30,0,4623.0,2,5,3
CL04466,ETUDIANT,Abidjan,actif,30,0,4623.0,2,5,3
CL05814,ETUDIANT,San-Pedro,actif,30,0,4623.833333333333,2,5,3
CL05168,ETUDIANT,Abidjan,actif,30,0,4624.0,4,3,3
CL04522,ETUDIANT,Abidjan,actif,30,0,4624.333333333333,5,2,3
CL06588,ETUDIANT,Abidjan,actif,30,0,4624.4,4,3,3
CL02595,CONNECT,Korhogo,resilie,183,0,4625.0,1,4,3
CL04361,ETUDIANT,Abidjan,actif,30,0,4625.666666666667,4,3,3
CL06711,ETUDIANT,Bouake,actif,30,0,4625.833333333333,5,2,3
CL01569,ETUDIANT,Abidjan,actif,30,0,4626.0,2,5,3
CL04768,ETUDIANT,Bouake,actif,30,0,4626.166666666667,5,2,3
CL00786,ETUDIANT,Abidjan,actif,30,0,4626.333333333333,4,3,3
CL02453,ETUDIANT,Yamoussoukro,actif,30,0,4627.666666666667,2,5,3
CL07221,ETUDIANT,Abidjan,actif,30,0,4628.166666666667,5,2,3
CL04264,ETUDIANT,Abidjan,actif,30,0,4628.833333333333,2,5,3
CL01575,ETUDIANT,Bouake,actif,30,1,4630.0,5,1,3
CL05182,ETUDIANT,Abidjan,actif,30,0,4630.333333333333,2,5,3
CL04828,ETUDIANT,Abidjan,actif,30,1,4630.666666666667,3,2,3
CL06068,ETUDIANT,Yamoussoukro,actif,30,1,4631.5,3,1,3
CL02486,ETUDIANT,Abidjan,actif,30,1,4632.0,3,2,3
CL04878,CONNECT,Yamoussoukro,resilie,91,0,4632.5,1,4,3
CL06212,ETUDIANT,Yamoussoukro,actif,30,1,4633.0,3,1,3
CL03675,ETUDIANT,Abidjan,actif,30,1,4633.5,3,1,3
CL00973,ETUDIANT,Abidjan,actif,30,0,4634.0,4,3,3
CL06007,ETUDIANT,Abidjan,actif,30,0,4634.5,5,2,3
CL04782,ETUDIANT,Yamoussoukro,actif,30,0,4635.0,2,5,3
CL05518,ETUDIANT,Abidjan,actif,30,1,4635.833333333333,5,1,3
CL02893,ETUDIANT,Abidjan,actif,30,0,4636.833333333333,4,3,3
CL06712,ETUDIANT,Bouake,actif,30,0,4637.833333333333,3,5,3
CL03539,ETUDIANT,San-Pedro,actif,30,1,4638.0,5,1,3
CL07501,ETUDIANT,Bouake,actif,30,0,4642.166666666667,3,5,3
CL07496,ETUDIANT,San-Pedro,actif,30,0,4642.333333333333,3,5,3
CL07660,ETUDIANT,Abidjan,actif,30,1,4642.5,4,1,3
CL00890,ETUDIANT,Abidjan,actif,30,1,4642.666666666667,2,2,3
CL04527,ETUDIANT,Abidjan,actif,30,0,4643.5,4,3,3
CL04796,ETUDIANT,Abidjan,actif,30,1,4644.0,4,1,3
CL01219,ETUDIANT,San-Pedro,actif,30,0,4645.0,5,2,3
CL05742,ETUDIANT,Abidjan,actif,30,0,4645.0,2,5,3
CL01431,ETUDIANT,Abidjan,actif,30,0,4645.833333333333,3,5,3
CL04754,ETUDIANT,Abidjan,actif,30,0,4647.5,2,5,3
CL05119,ETUDIANT,Yamoussoukro,actif,30,0,4649.333333333333,3,5,3
CL00532,ETUDIANT,Abidjan,actif,30,0,4649.5,3,5,3
CL07891,ETUDIANT,Abidjan,actif,30,0,4649.833333333333,5,2,3
CL00538,ETUDIANT,Abidjan,actif,30,0,4650.333333333333,2,4,3
CL02504,ETUDIANT,Abidjan,actif,30,1,4650.6,4,1,3
CL04075,ETUDIANT,Abidjan,actif,30,1,4650.666666666667,4,1,3
CL07720,ETUDIANT,Abidjan,actif,30,0,4650.833333333333,2,5,3
CL03098,ETUDIANT,Abidjan,actif,30,0,4651.333333333333,5,2,3
CL06949,ETUDIANT,Bouake,actif,30,0,4652.166666666667,3,3,3
CL03008,ETUDIANT,Abidjan,actif,30,0,4652.333333333333,2,5,3
CL01895,ETUDIANT,Abidjan,actif,30,1,4653.5,5,1,3
CL01111,ETUDIANT,Abidjan,actif,30,0,4655.333333333333,2,5,3
CL01738,ETUDIANT,Bouake,actif,30,1,4656.0,4,1,3
CL04933,ETUDIANT,Yamoussoukro,actif,30,0,4656.0,2,5,3
CL04301,ETUDIANT,Yamoussoukro,actif,30,1,4656.5,4,1,3
CL04791,ETUDIANT,San-Pedro,actif,30,0,4657.833333333333,4,3,3
CL01163,ETUDIANT,Abidjan,actif,30,0,4660.666666666667,4,3,3
CL02641,ETUDIANT,Bouake,actif,30,0,4661.666666666667,5,2,3
CL06178,ETUDIANT,Abidjan,actif,30,1,4661.833333333333,3,1,3
CL06524,ETUDIANT,Korhogo,actif,30,0,4662.0,3,3,3
CL02466,ETUDIANT,Abidjan,actif,30,0,4662.666666666667,4,3,3
CL01686,ETUDIANT,Bouake,actif,30,1,4663.166666666667,4,1,3
CL06883,ETUDIANT,Korhogo,actif,30,0,4663.833333333333,2,5,3
CL02062,ETUDIANT,Korhogo,actif,30,0,4664.666666666667,4,3,3
CL02044,ETUDIANT,Abidjan,actif,30,0,4665.0,3,3,3
CL05889,ETUDIANT,San-Pedro,actif,30,0,4665.5,2,5,3
CL06418,ETUDIANT,Abidjan,actif,30,0,4665.666666666667,2,5,3
CL01190,ETUDIANT,San-Pedro,actif,30,0,4666.5,5,2,3
CL05812,ETUDIANT,Abidjan,actif,30,0,4671.166666666667,5,2,3
CL05419,ETUDIANT,Bouake,actif,30,0,4671.833333333333,2,5,3
CL04645,ETUDIANT,Yamoussoukro,actif,30,0,4672.166666666667,5,2,3
CL03634,ETUDIANT,Yamoussoukro,actif,30,0,4673.0,2,5,3
CL05805,ETUDIANT,Abidjan,actif,30,0,4674.0,4,2,3
CL06921,ETUDIANT,Korhogo,actif,30,0,4675.666666666667,2,5,3
CL05918,ETUDIANT,Abidjan,actif,30,0,4678.166666666667,5,2,3
CL03255,ETUDIANT,Korhogo,actif,30,0,4678.333333333333,4,3,3
CL03069,ETUDIANT,Abidjan,actif,30,0,4687.333333333333,4,3,3
CL02661,ETUDIANT,Abidjan,actif,30,0,4687.333333333333,3,3,3
CL00978,ETUDIANT,Bouake,actif,30,0,4687.5,4,3,3
CL00386,ETUDIANT,Bouake,actif,30,0,4687.5,2,5,3
CL03621,ETUDIANT,Yamoussoukro,actif,30,0,4688.333333333333,3,5,3
CL07934,ETUDIANT,Korhogo,actif,30,0,4690.6,4,3,3
CL07703,ETUDIANT,Bouake,actif,30,0,4690.833333333333,2,5,3
CL04703,ETUDIANT,Abidjan,actif,30,0,4693.0,3,5,3
CL07014,ETUDIANT,Bouake,actif,30,0,4698.5,5,2,3
CL00667,ETUDIANT,Yamoussoukro,actif,30,0,4699.0,2,5,3
CL03761,ETUDIANT,Abidjan,actif,30,0,4699.333333333333,4,3,3
CL01344,ETUDIANT,Korhogo,actif,30,1,4704.0,3,1,3
CL04584,ETUDIANT,Bouake,actif,30,0,4704.8,3,5,3
CL03130,ETUDIANT,Abidjan,actif,30,1,4705.166666666667,2,2,3
CL07936,ETUDIANT,Abidjan,actif,30,0,4705.833333333333,2,5,3
CL00657,ETUDIANT,Abidjan,actif,30,0,4706.0,4,3,3
CL06136,ETUDIANT,Abidjan,actif,30,1,4706.0,2,1,3
CL00131,ETUDIANT,Abidjan,actif,30,0,4707.333333333333,5,2,3
CL05757,ETUDIANT,Bouake,actif,30,0,4707.333333333333,2,5,3
CL02194,ETUDIANT,Korhogo,actif,30,2,4707.5,5,1,3
CL02054,ETUDIANT,Abidjan,actif,30,0,4708.5,2,5,3
CL03356,ETUDIANT,San-Pedro,actif,30,1,4710.166666666667,3,1,3
CL00810,ETUDIANT,Yamoussoukro,actif,30,0,4711.5,2,5,3
CL03989,ETUDIANT,Korhogo,actif,30,0,4713.166666666667,2,5,3
CL01295,ETUDIANT,Abidjan,actif,30,0,4714.166666666667,3,5,3
CL05061,ETUDIANT,Bouake,actif,30,0,4714.666666666667,2,5,3
CL05838,ETUDIANT,Abidjan,actif,30,0,4715.666666666667,5,2,3
CL07208,ETUDIANT,Abidjan,actif,30,0,4717.0,5,2,3
CL03582,ETUDIANT,Yamoussoukro,actif,30,0,4717.4,5,2,3
CL03863,ETUDIANT,Abidjan,actif,30,0,4717.666666666667,5,2,3
CL03422,ETUDIANT,Bouake,actif,30,1,4718.0,5,1,3
CL02992,ETUDIANT,Abidjan,actif,30,0,4719.0,3,5,3
CL06841,ETUDIANT,San-Pedro,actif,30,1,4719.333333333333,4,1,3
CL00121,ETUDIANT,Abidjan,actif,30,0,4721.0,4,3,3
CL05927,ETUDIANT,Abidjan,actif,30,0,4721.0,2,5,3
CL03257,ETUDIANT,Bouake,actif,30,0,4722.5,4,3,3
CL05124,ETUDIANT,Abidjan,actif,30,0,4722.833333333333,4,3,3
CL03237,ETUDIANT,Abidjan,actif,30,0,4724.166666666667,4,3,3
CL04256,ETUDIANT,Bouake,actif,30,0,4724.5,4,3,3
CL02152,ETUDIANT,Bouake,actif,30,0,4725.2,2,5,3
CL04804,ETUDIANT,Abidjan,actif,30,0,4725.8,5,2,3
CL02747,ETUDIANT,Bouake,actif,30,0,4726.0,5,2,3
CL00183,ETUDIANT,San-Pedro,actif,30,0,4727.0,5,2,3
CL07690,ETUDIANT,Korhogo,actif,30,0,4727.0,4,3,3
CL02886,CONNECT,Abidjan,resilie,91,0,4727.5,1,4,3
CL00417,ETUDIANT,Abidjan,actif,30,0,4728.833333333333,3,3,3
CL00282,ETUDIANT,Abidjan,actif,30,0,4730.4,4,3,3
CL04159,ETUDIANT,Bouake,actif,30,0,4735.833333333333,4,3,3
CL00245,ETUDIANT,Korhogo,actif,30,0,4737.166666666667,2,4,3
CL03294,CONNECT,Abidjan,resilie,121,0,4741.0,1,4,3
CL05657,ETUDIANT,Abidjan,actif,30,1,4742.166666666667,4,1,3
CL07731,ETUDIANT,Bouake,actif,30,0,4743.333333333333,2,4,3
CL01181,ETUDIANT,Abidjan,actif,30,0,4747.666666666667,5,2,3
CL02859,ETUDIANT,Abidjan,actif,30,0,4748.833333333333,5,2,3
CL05069,ETUDIANT,San-Pedro,actif,30,0,4751.333333333333,5,2,3
CL04829,ETUDIANT,Abidjan,actif,30,2,4752.2,5,1,3
CL07713,CONNECT,Abidjan,resilie,91,1,4752.75,1,1,3
CL01353,CONNECT,Abidjan,resilie,152,1,4755.0,1,1,3
CL05490,ETUDIANT,Abidjan,actif,30,1,4759.666666666667,3,1,3
CL06015,ETUDIANT,Abidjan,actif,30,0,4760.333333333333,4,2,3
CL00627,ETUDIANT,San-Pedro,actif,30,0,4762.0,3,5,3
CL07212,ETUDIANT,Korhogo,actif,30,0,4765.333333333333,3,3,3
CL06931,CONNECT,Abidjan,resilie,121,0,4765.666666666667,1,4,3
CL04836,ETUDIANT,Bouake,actif,30,0,4768.666666666667,4,3,3
CL03175,ETUDIANT,Abidjan,actif,30,0,4768.833333333333,4,3,3
CL07075,CONNECT,Abidjan,resilie,91,3,4769.25,2,1,3
CL04901,ETUDIANT,Abidjan,actif,30,1,4772.166666666667,3,2,3
CL07136,ETUDIANT,Abidjan,actif,30,1,4774.0,4,1,3
CL04211,ETUDIANT,San-Pedro,actif,30,0,4776.666666666667,2,5,3
CL06807,CONNECT,San-Pedro,resilie,121,0,4778.0,1,4,3
CL03067,ETUDIANT,Abidjan,actif,30,0,4781.0,4,3,3
CL05532,ETUDIANT,Abidjan,actif,30,0,4785.333333333333,4,2,3
CL06658,CONNECT,Abidjan,resilie,60,4,4786.0,2,1,3
CL01193,ETUDIANT,Yamoussoukro,actif,30,1,4787.5,4,1,3
CL04842,ETUDIANT,Korhogo,actif,30,0,4790.666666666667,2,5,3
CL06722,ETUDIANT,Abidjan,actif,30,0,4793.833333333333,4,2,3
CL01700,ETUDIANT,San-Pedro,actif,30,0,4794.0,5,2,3
CL01999,ETUDIANT,Bouake,actif,30,0,4795.333333333333,2,5,3
CL03430,ETUDIANT,San-Pedro,actif,30,0,4800.166666666667,4,3,3
CL01168,ETUDIANT,Abidjan,actif,30,1,4803.0,2,2,3
CL03063,ETUDIANT,Abidjan,actif,30,1,4804.0,5,1,3
CL06939,ETUDIANT,Yamoussoukro,actif,30,1,4808.0,3,1,3
CL04410,ETUDIANT,Abidjan,actif,30,1,4808.333333333333,4,1,3
CL07864,CONNECT,Abidjan,resilie,30,1,4811.0,3,2,3
CL07567,ETUDIANT,Abidjan,actif,30,0,4812.8,5,2,3
CL02979,ETUDIANT,Abidjan,actif,30,0,4818.166666666667,5,2,3
CL02182,ETUDIANT,Abidjan,actif,30,0,4821.2,3,5,3
CL04304,ETUDIANT,Abidjan,actif,30,0,4823.0,4,3,3
CL00423,ETUDIANT,Abidjan,actif,30,1,4825.666666666667,3,2,3
CL05737,ETUDIANT,San-Pedro,actif,30,0,4827.666666666667,4,3,3
CL06599,CONNECT,Korhogo,resilie,91,1,4828.75,1,1,3
CL00105,ETUDIANT,Abidjan,actif,30,1,4837.6,2,2,3
CL02691,ETUDIANT,Abidjan,actif,30,0,4843.0,5,2,3
CL02477,CONNECT,Abidjan,resilie,91,0,4847.25,1,4,3
CL03520,CONNECT,Abidjan,resilie,152,1,4879.5,1,1,3
CL03701,ETUDIANT,Abidjan,actif,30,0,4888.166666666667,3,3,3
CL04034,CONNECT,Abidjan,resilie,30,1,4889.5,4,1,3
CL00288,ETUDIANT,Abidjan,actif,30,2,4889.666666666667,5,1,3
CL07169,CONNECT,Abidjan,resilie,30,3,4896.5,3,1,3
CL01010,CONNECT,Abidjan,resilie,91,0,4918.25,1,4,3
CL06475,CONNECT,Korhogo,resilie,91,1,4924.5,2,1,3
CL06731,CONNECT,Abidjan,resilie,91,0,4938.5,1,4,3
CL00766,CONNECT,Abidjan,resilie,152,0,4946.0,1,4,3
CL03495,CONNECT,Abidjan,resilie,60,1,4953.0,2,1,3
CL01625,CONNECT,Abidjan,resilie,91,0,4961.25,1,4,3
CL01336,CONNECT,Abidjan,resilie,91,0,4968.0,1,4,3
CL07389,CONNECT,Yamoussoukro,resilie,60,1,4993.6,2,1,3
CL00534,CONNECT,Yamoussoukro,resilie,91,1,4998.0,2,1,3
CL01822,CONNECT,Korhogo,resilie,91,1,5004.5,1,1,3
CL06806,CONNECT,Yamoussoukro,resilie,60,3,5010.6,2,1,3
CL04106,CONNECT,Abidjan,resilie,91,1,5017.25,2,1,3
CL06027,CONNECT,Abidjan,resilie,121,0,5027.333333333333,1,4,3
CL01528,CONNECT,Bouake,resilie,121,0,5033.5,1,4,3
CL00174,CONNECT,Abidjan,resilie,30,2,5041.25,3,1,3
CL02462,CONNECT,Abidjan,resilie,60,0,5052.8,2,4,3
CL04609,CONNECT,Bouake,resilie,60,0,5055.4,2,4,3
CL03154,CONNECT,Abidjan,resilie,183,0,5063.0,1,4,3
CL00939,CONNECT,Abidjan,resilie,91,0,5075.75,1,4,3
CL02569,CONNECT,Bouake,resilie,60,1,5093.8,2,1,3
CL07802,ETUDIANT,Abidjan,actif,30,0,5101.0,5,2,3
CL07962,CONNECT,Abidjan,resilie,30,1,5104.5,4,1,3
CL04025,CONNECT,Abidjan,resilie,91,1,5135.25,1,1,3
CL03465,CONNECT,Abidjan,resilie,91,0,5154.0,1,4,3
CL03873,CONNECT,Abidjan,resilie,30,2,5187.25,5,1,3
CL07293,CONNECT,Abidjan,resilie,30,2,5207.25,5,1,3
CL00005,CONNECT,Abidjan,resilie,60,0,5227.2,2,4,3
CL02159,CONNECT,Korhogo,resilie,60,0,5227.4,2,4,3
CL02669,CONNECT,Abidjan,resilie,91,4,5242.5,1,1,3
CL06069,CONNECT,Abidjan,resilie,60,2,5254.0,2,1,3
CL04780,CONNECT,Abidjan,resilie,60,2,5255.2,2,1,3
CL00851,CONNECT,Abidjan,resilie,91,4,5256.0,1,1,3
CL03882,CONNECT,Bouake,resilie,60,5,5282.8,2,1,3
CL01688,CONNECT,Abidjan,resilie,60,0,5284.2,2,4,3
CL02348,CONNECT,Abidjan,resilie,60,1,5296.6,2,1,3
CL05202,CONNECT,Abidjan,resilie,30,3,5310.4,3,1,3
CL03101,CONNECT,Korhogo,resilie,30,1,5324.0,4,1,3
CL03290,CONNECT,Yamoussoukro,resilie,60,0,5327.6,2,4,3
CL01974,CONNECT,Abidjan,resilie,60,1,5328.6,2,1,3
CL07076,CONNECT,Abidjan,resilie,60,0,5330.4,2,4,3
CL06313,CONNECT,San-Pedro,resilie,60,1,5369.6,2,1,3
CL07128,CONNECT,Korhogo,resilie,60,1,5370.8,2,1,3
CL00995,CONNECT,Abidjan,resilie,60,2,5381.0,2,1,3
CL01858,CONNECT,Abidjan,resilie,30,4,5384.166666666667,2,1,3
CL07191,CONNECT,Abidjan,resilie,91,4,5384.25,1,1,3
CL01311,CONNECT,San-Pedro,resilie,30,3,5387.833333333333,3,1,3
CL04925,CONNECT,Yamoussoukro,resilie,60,1,5391.6,2,1,3
CL07938,CONNECT,Abidjan,resilie,60,1,5394.8,2,1,3
CL00388,CONNECT,Abidjan,resilie,91,0,5400.0,1,4,3
CL01919,CONNECT,Abidjan,resilie,91,0,5400.75,1,4,3
CL00663,CONNECT,Bouake,resilie,91,1,5410.5,1,1,3
CL00261,CONNECT,Abidjan,resilie,91,0,5414.5,1,4,3
CL02598,CONNECT,Abidjan,resilie,60,1,5414.8,2,1,3
CL06243,CONNECT,Yamoussoukro,resilie,30,2,5417.6,2,1,3
CL01713,CONNECT,Abidjan,resilie,91,1,5433.75,1,1,3
CL03481,CONNECT,Yamoussoukro,resilie,60,3,5446.0,2,1,3
CL04168,CONNECT,Yamoussoukro,resilie,91,1,5447.25,1,1,3
CL05932,CONNECT,Yamoussoukro,resilie,60,2,5450.8,2,1,3
CL07016,CONNECT,Abidjan,resilie,60,0,5453.8,2,4,3
CL01563,CONNECT,Bouake,resilie,60,1,5460.2,2,1,3
CL06149,CONNECT,Abidjan,resilie,30,2,5472.0,5,1,3
CL06345,CONNECT,Abidjan,resilie,30,0,5472.166666666667,4,2,3
CL01456,CONNECT,Bouake,resilie,30,3,5473.5,3,1,3
CL04070,CONNECT,Abidjan,resilie,60,1,5479.6,2,1,3
CL06551,CONNECT,Abidjan,resilie,60,0,5485.75,2,4,3
CL02932,CONNECT,Bouake,resilie,60,0,5486.8,2,4,3
CL03951,CONNECT,Abidjan,resilie,30,2,5503.833333333333,5,1,3
CL00965,CONNECT,Abidjan,resilie,30,5,5519.0,3,1,3
CL05337,CONNECT,Abidjan,resilie,60,1,5531.0,2,1,3
CL05690,CONNECT,Abidjan,resilie,30,0,5534.833333333333,5,2,3
CL04323,CONNECT,Abidjan,resilie,30,3,5542.666666666667,4,1,3
CL03066,CONNECT,San-Pedro,resilie,60,0,5545.8,2,4,3
CL01814,CONNECT,Abidjan,resilie,60,2,5554.2,2,1,3
CL07541,CONNECT,Abidjan,resilie,30,0,5565.833333333333,3,3,3
CL06890,CONNECT,Korhogo,resilie,30,0,5569.666666666667,5,2,3
CL04699,CONNECT,San-Pedro,resilie,30,1,5582.0,3,1,3
CL00439,CONNECT,Abidjan,resilie,60,3,5583.0,2,1,3
CL04997,CONNECT,Abidjan,resilie,30,2,5613.4,4,1,3
CL02759,CONNECT,Abidjan,resilie,60,0,5617.8,2,4,3
CL05362,CONNECT,Yamoussoukro,resilie,60,1,5621.6,2,1,3
CL02218,CONNECT,Abidjan,resilie,30,1,5642.166666666667,5,1,3
CL06792,CONNECT,Bouake,resilie,60,1,5645.6,2,1,3
CL05788,CONNECT,Abidjan,resilie,30,0,5662.0,4,2,3
CL01880,CONNECT,Abidjan,resilie,30,1,5670.166666666667,2,2,3
CL06316,CONNECT,Abidjan,resilie,30,4,5671.6,4,1,3
CL05902,CONNECT,Abidjan,resilie,30,1,5678.5,3,1,3
CL00493,CONNECT,Abidjan,resilie,30,2,5686.4,4,1,3
CL00708,CONNECT,Abidjan,resilie,60,0,5692.0,2,4,3
CL05024,CONNECT,Bouake,resilie,30,0,5708.666666666667,4,3,3
CL02162,CONNECT,Korhogo,resilie,60,2,5709.0,2,1,3
CL00034,CONNECT,San-Pedro,resilie,60,3,5717.6,2,1,3
CL06671,CONNECT,Abidjan,resilie,30,0,5718.5,2,5,3
CL01000,CONNECT,San-Pedro,resilie,60,1,5730.8,2,1,3
CL00082,CONNECT,Abidjan,resilie,30,5,5733.166666666667,4,1,3
CL00299,CONNECT,Bouake,resilie,60,2,5734.6,2,1,3
CL01922,CONNECT,Yamoussoukro,resilie,30,3,5746.166666666667,5,1,3
CL04657,CONNECT,Korhogo,resilie,60,2,5777.8,2,1,3
CL03244,CONNECT,Abidjan,resilie,60,1,5800.0,2,1,3
CL03923,CONNECT,Abidjan,resilie,30,0,5810.0,4,3,3
CL07428,CONNECT,San-Pedro,resilie,60,0,5820.2,2,4,3
CL06470,CONNECT,Abidjan,resilie,60,0,5821.8,2,4,3
CL07157,CONNECT,Abidjan,resilie,30,1,5826.666666666667,5,1,3
CL07830,CONNECT,Abidjan,resilie,60,2,5827.4,2,1,3
CL06224,CONNECT,Yamoussoukro,resilie,30,1,5839.333333333333,4,1,3
CL02652,CONNECT,Abidjan,resilie,30,3,5840.833333333333,5,1,3
CL06377,CONNECT,Yamoussoukro,resilie,30,0,5847.833333333333,4,2,3
CL02130,CONNECT,Yamoussoukro,resilie,30,2,5897.8,2,1,3
CL05689,CONNECT,Bouake,resilie,60,1,5908.2,2,1,3
CL00697,CONNECT,Abidjan,resilie,30,0,5922.0,4,3,3
CL01607,CONNECT,Korhogo,resilie,30,2,5927.0,2,1,3
CL04895,CONNECT,Abidjan,resilie,30,0,5927.6,2,5,3
CL01281,CONNECT,Abidjan,resilie,30,1,5929.4,3,1,3
CL02916,CONNECT,Abidjan,resilie,60,3,5934.75,2,1,3
CL05070,CONNECT,Abidjan,resilie,30,1,5945.5,4,1,3
CL07769,CONNECT,Abidjan,resilie,30,0,5946.5,2,4,3
CL00807,CONNECT,Abidjan,resilie,30,2,5965.666666666667,4,1,3
CL01292,CONNECT,Abidjan,resilie,30,4,5973.8,3,1,3
CL02797,CONNECT,Abidjan,resilie,30,2,5975.333333333333,2,1,3
CL03926,CONNECT,Abidjan,resilie,30,0,5976.166666666667,5,2,3
CL06364,CONNECT,Korhogo,resilie,30,1,5977.8,5,1,3
CL05775,CONNECT,Abidjan,resilie,30,1,5979.25,4,1,3
CL05302,CONNECT,Abidjan,resilie,30,0,5989.166666666667,2,5,3
CL01081,CONNECT,Abidjan,resilie,60,1,5998.4,2,1,3
CL04646,CONNECT,Abidjan,resilie,30,1,6041.166666666667,4,1,3
CL01376,CONNECT,Yamoussoukro,resilie,30,3,6055.0,3,1,3
CL00817,CONNECT,Abidjan,resilie,30,0,6081.166666666667,5,2,3
CL03673,CONNECT,Korhogo,resilie,30,2,6101.2,2,1,3
CL04798,CONNECT,Abidjan,resilie,30,0,6132.333333333333,4,3,3
CL01676,CONNECT,Abidjan,resilie,30,1,6187.666666666667,3,2,3
CL06812,CONNECT,Korhogo,resilie,30,0,6240.6,4,3,3
CL02621,CONNECT,Yamoussoukro,resilie,30,1,6259.75,5,1,3
CL03611,CONNECT,Abidjan,resilie,30,0,6400.0,5,2,3
CL02282,CONNECT,Abidjan,resilie,30,1,6447.5,5,1,3
CL06924,CONNECT,Abidjan,actif,30,0,6746.5,2,5,3
CL01693,CONNECT,San-Pedro,actif,30,0,6762.75,3,3,3
CL02250,CONNECT,Korhogo,actif,30,0,6771.166666666667,2,5,3
CL03896,CONNECT,Abidjan,actif,30,0,6777.8,3,3,3
CL03301,CONNECT,Abidjan,actif,30,0,6791.5,5,2,3
CL07805,CONNECT,Abidjan,actif,30,1,6824.333333333333,5,1,3
CL02280,CONNECT,Abidjan,actif,30,2,6828.166666666667,5,1,3
CL07998,CONNECT,Bouake,actif,30,0,6834.0,3,3,3
CL01370,CONNECT,Abidjan,actif,30,1,6846.5,4,1,3
CL02555,CONNECT,Yamoussoukro,actif,30,0,6846.666666666667,5,2,3
CL03059,CONNECT,Abidjan,actif,30,0,6854.166666666667,2,5,3
CL04600,CONNECT,Bouake,actif,30,1,6861.166666666667,5,1,3
CL00875,CONNECT,Yamoussoukro,actif,30,0,6862.5,4,3,3
CL02497,CONNECT,Yamoussoukro,actif,30,1,6863.833333333333,3,2,3
CL01412,CONNECT,Korhogo,actif,30,0,6867.166666666667,3,3,3
CL01786,CONNECT,Yamoussoukro,actif,30,0,6881.666666666667,2,5,3
CL03909,CONNECT,Abidjan,actif,30,0,6891.2,2,5,4
CL01923,CONNECT,Abidjan,actif,30,1,6893.833333333333,3,2,4
CL04622,CONNECT,Abidjan,actif,30,0,6904.0,3,5,4
CL03399,CONNECT,Yamoussoukro,actif,30,1,6910.666666666667,4,1,4
CL06515,CONNECT,Abidjan,actif,30,1,6912.0,2,2,4
CL03535,CONNECT,Abidjan,actif,30,2,6917.333333333333,5,1,4
CL06760,CONNECT,Abidjan,actif,30,0,6920.333333333333,4,2,4
CL00346,CONNECT,Yamoussoukro,actif,30,0,6930.0,5,2,4
CL04147,CONNECT,Abidjan,actif,30,0,6935.5,5,2,4
CL05317,CONNECT,Abidjan,actif,30,1,6945.833333333333,5,1,4
CL07050,CONNECT,Abidjan,actif,30,0,6948.166666666667,2,5,4
CL01554,CONNECT,Korhogo,actif,30,0,6952.666666666667,3,3,4
CL02501,CONNECT,Bouake,actif,30,0,6958.666666666667,4,3,4
CL05908,CONNECT,Abidjan,actif,30,0,6969.0,3,5,4
CL07382,CONNECT,Abidjan,actif,30,0,6974.666666666667,4,3,4
CL04388,CONNECT,Korhogo,actif,30,0,6983.0,3,5,4
CL04145,CONNECT,Abidjan,actif,30,0,6991.333333333333,4,3,4
CL06581,CONNECT,Bouake,actif,30,0,6991.666666666667,2,4,4
CL05674,CONNECT,Abidjan,actif,30,0,6992.166666666667,4,2,4
CL01860,CONNECT,Abidjan,actif,30,1,6994.666666666667,4,1,4
CL02014,CONNECT,Abidjan,actif,30,0,6995.0,4,3,4
CL05662,CONNECT,Bouake,actif,30,0,6997.0,2,5,4
CL03806,CONNECT,San-Pedro,actif,30,0,6998.333333333333,5,2,4
CL06659,CONNECT,Abidjan,actif,30,1,7001.5,3,1,4
CL07474,CONNECT,Yamoussoukro,actif,30,0,7002.0,4,3,4
CL06241,CONNECT,Abidjan,actif,30,0,7002.333333333333,4,2,4
CL05796,CONNECT,Abidjan,actif,30,0,7006.166666666667,4,3,4
CL07313,PREMIUM,Bouake,resilie,183,0,7010.0,1,4,4
CL05497,CONNECT,Yamoussoukro,actif,30,0,7011.666666666667,5,2,4
CL03521,CONNECT,Yamoussoukro,actif,30,1,7014.666666666667,2,2,4
CL04509,CONNECT,Abidjan,actif,30,0,7016.0,4,3,4
CL00736,CONNECT,Yamoussoukro,actif,30,0,7019.0,3,3,4
CL00903,CONNECT,Bouake,actif,30,3,7021.333333333333,3,1,4
CL03811,CONNECT,Abidjan,actif,30,0,7021.4,3,3,4
CL05319,CONNECT,Abidjan,actif,30,1,7021.8,2,2,4
CL05536,CONNECT,Abidjan,actif,30,0,7022.0,5,2,4
CL07238,CONNECT,Abidjan,actif,30,0,7024.0,5,2,4
CL07015,CONNECT,Abidjan,actif,30,0,7027.166666666667,5,2,4
CL04068,CONNECT,Abidjan,actif,30,0,7036.166666666667,2,5,4
CL01510,CONNECT,Korhogo,actif,30,0,7038.666666666667,5,2,4
CL05170,CONNECT,Korhogo,actif,30,0,7039.833333333333,2,5,4
CL04363,CONNECT,Abidjan,actif,30,0,7042.0,3,5,4
CL04031,CONNECT,Abidjan,actif,30,0,7043.333333333333,5,2,4
CL05040,CONNECT,Abidjan,actif,30,0,7043.833333333333,4,3,4
CL02368,CONNECT,Bouake,actif,30,0,7044.333333333333,4,3,4
CL03904,CONNECT,Abidjan,actif,30,0,7046.833333333333,3,3,4
CL01355,CONNECT,Bouake,actif,30,0,7056.0,2,5,4
CL03181,CONNECT,Bouake,actif,30,0,7056.666666666667,4,3,4
CL03444,CONNECT,Abidjan,actif,30,0,7057.333333333333,5,2,4
CL01791,CONNECT,Abidjan,actif,30,3,7057.833333333333,4,1,4
CL05265,CONNECT,Abidjan,actif,30,0,7058.5,5,2,4
CL04432,CONNECT,Abidjan,actif,30,0,7060.166666666667,5,2,4
CL07494,CONNECT,Abidjan,actif,30,0,7061.0,3,5,4
CL03615,CONNECT,Abidjan,actif,30,0,7062.0,5,2,4
CL02443,CONNECT,San-Pedro,actif,30,0,7065.0,2,5,4
CL04003,CONNECT,Bouake,actif,30,0,7066.666666666667,5,2,4
CL01531,CONNECT,Yamoussoukro,actif,30,1,7068.166666666667,2,2,4
CL03556,CONNECT,Abidjan,actif,30,0,7068.2,2,5,4
CL03832,CONNECT,Abidjan,actif,30,0,7072.333333333333,2,5,4
CL01377,CONNECT,Abidjan,actif,30,0,7072.5,5,2,4
CL04087,CONNECT,Abidjan,actif,30,2,7072.666666666667,5,1,4
CL04324,CONNECT,Abidjan,actif,30,0,7078.2,4,3,4
CL05953,CONNECT,Korhogo,actif,30,0,7079.333333333333,2,5,4
CL03023,CONNECT,Abidjan,actif,30,0,7080.0,4,3,4
CL06771,CONNECT,Abidjan,actif,30,0,7080.5,4,2,4
CL06488,CONNECT,Abidjan,actif,30,0,7081.333333333333,4,2,4
CL00301,CONNECT,Abidjan,actif,30,1,7082.666666666667,3,2,4
CL01372,CONNECT,Bouake,actif,30,1,7083.833333333333,5,1,4
CL00598,CONNECT,Abidjan,actif,30,0,7084.5,5,2,4
CL00190,CONNECT,Abidjan,actif,30,0,7084.8,4,3,4
CL03240,CONNECT,San-Pedro,actif,30,0,7086.5,4,3,4
CL00269,CONNECT,San-Pedro,actif,30,0,7087.666666666667,5,2,4
CL00584,CONNECT,Bouake,actif,30,0,7087.666666666667,3,5,4
CL03396,PREMIUM,Abidjan,resilie,152,1,7089.5,1,1,4
CL05999,CONNECT,Korhogo,actif,30,0,7090.0,3,5,4
CL06145,CONNECT,San-Pedro,actif,30,1,7090.833333333333,2,1,4
CL06262,CONNECT,Abidjan,actif,30,1,7092.333333333333,2,2,4
CL00203,CONNECT,Abidjan,actif,30,1,7093.0,5,1,4
CL00833,CONNECT,Yamoussoukro,actif,30,0,7093.333333333333,5,2,4
CL01748,CONNECT,Abidjan,actif,30,0,7093.5,4,3,4
CL01191,CONNECT,Bouake,actif,30,0,7093.833333333333,2,5,4
CL02370,CONNECT,Abidjan,actif,30,0,7094.0,3,3,4
CL01205,CONNECT,Abidjan,actif,30,0,7094.2,4,3,4
CL07470,CONNECT,Abidjan,actif,30,0,7097.166666666667,4,3,4
CL07239,CONNECT,Abidjan,actif,30,0,7097.666666666667,3,5,4
CL05651,CONNECT,Abidjan,actif,30,0,7097.75,3,5,4
CL02568,CONNECT,Abidjan,actif,30,1,7098.5,4,1,4
CL01307,CONNECT,Abidjan,actif,30,0,7098.75,3,3,4
CL07245,CONNECT,Abidjan,actif,30,1,7102.166666666667,2,2,4
CL07187,CONNECT,Yamoussoukro,actif,30,0,7102.5,3,5,4
CL05818,CONNECT,San-Pedro,actif,30,0,7103.333333333333,3,5,4
CL07775,CONNECT,Abidjan,actif,30,0,7103.5,3,3,4
CL03784,CONNECT,San-Pedro,actif,30,0,7106.166666666667,4,3,4
CL02713,CONNECT,Korhogo,actif,30,0,7108.0,3,5,4
CL03227,CONNECT,San-Pedro,actif,30,0,7110.666666666667,2,5,4
CL00960,PREMIUM,San-Pedro,resilie,152,0,7112.0,1,4,4
CL03235,CONNECT,Abidjan,actif,30,0,7112.666666666667,2,5,4
CL04965,CONNECT,Bouake,actif,30,0,7112.8,3,5,4
CL00451,CONNECT,Abidjan,actif,30,0,7113.833333333333,3,3,4
CL05330,CONNECT,Abidjan,actif,30,3,7114.833333333333,2,1,4
CL02527,CONNECT,Bouake,actif,30,0,7115.4,3,5,4
CL04521,CONNECT,Yamoussoukro,actif,30,0,7117.333333333333,3,3,4
CL00775,CONNECT,Abidjan,actif,30,0,7118.166666666667,2,5,4
CL06233,CONNECT,Korhogo,actif,30,0,7118.833333333333,5,2,4
CL03431,CONNECT,Abidjan,actif,30,0,7119.6,3,3,4
CL03094,CONNECT,Bouake,actif,30,0,7119.8,4,3,4
CL07958,CONNECT,San-Pedro,actif,30,0,7123.0,5,2,4
CL07889,CONNECT,Yamoussoukro,actif,30,1,7123.6,4,1,4
CL02831,CONNECT,Yamoussoukro,actif,30,1,7125.0,5,1,4
CL06859,CONNECT,Bouake,actif,30,0,7126.333333333333,3,5,4
CL04666,CONNECT,Abidjan,actif,30,2,7126.833333333333,3,1,4
CL07111,CONNECT,Yamoussoukro,actif,30,0,7131.333333333333,3,3,4
CL00531,CONNECT,Abidjan,actif,30,0,7131.666666666667,2,5,4
CL04444,CONNECT,Abidjan,actif,30,2,7132.333333333333,2,1,4
CL05112,CONNECT,Abidjan,actif,30,0,7133.333333333333,5,2,4
CL07410,CONNECT,Abidjan,actif,30,1,7133.5,2,2,4
CL02341,CONNECT,San-Pedro,actif,30,0,7134.666666666667,3,3,4
CL03184,CONNECT,Abidjan,actif,30,1,7137.0,5,1,4
CL05540,CONNECT,Abidjan,actif,30,0,7137.166666666667,5,2,4
CL07796,CONNECT,Abidjan,actif,30,0,7137.666666666667,2,5,4
CL04245,CONNECT,Abidjan,actif,30,0,7139.8,4,3,4
CL03127,CONNECT,Bouake,actif,30,0,7140.5,2,5,4
CL01166,CONNECT,Bouake,actif,30,0,7140.666666666667,2,5,4
CL07020,CONNECT,Bouake,actif,30,0,7141.2,3,5,4
CL02844,CONNECT,Bouake,actif,30,0,7141.666666666667,3,3,4
CL05152,CONNECT,Abidjan,actif,30,0,7142.2,4,3,4
CL00103,CONNECT,Abidjan,actif,30,0,7143.8,5,2,4
CL01865,CONNECT,Abidjan,actif,30,0,7144.6,4,3,4
CL04302,CONNECT,Korhogo,actif,30,0,7145.0,5,2,4
CL01603,CONNECT,Abidjan,actif,30,0,7146.4,3,3,4
CL05227,CONNECT,Bouake,actif,30,0,7148.666666666667,4,3,4
CL07868,CONNECT,Bouake,actif,30,0,7149.5,3,5,4
CL02252,CONNECT,Bouake,actif,30,0,7150.666666666667,4,3,4
CL04838,CONNECT,Abidjan,actif,30,0,7152.166666666667,4,3,4
CL02719,CONNECT,Bouake,actif,30,2,7154.5,2,1,4
CL02475,CONNECT,Abidjan,actif,30,0,7156.5,4,3,4
CL04498,CONNECT,Abidjan,actif,30,0,7159.8,4,3,4
CL05003,CONNECT,Abidjan,actif,30,1,7159.833333333333,5,1,4
CL03322,CONNECT,Bouake,actif,30,0,7161.0,4,3,4
CL06948,CONNECT,Bouake,actif,30,0,7161.666666666667,3,3,4
CL02051,CONNECT,Bouake,actif,30,1,7161.833333333333,4,1,4
CL06064,CONNECT,Abidjan,actif,30,1,7161.833333333333,3,1,4
CL06070,CONNECT,Korhogo,actif,30,1,7162.666666666667,2,2,4
CL02582,CONNECT,Abidjan,actif,30,0,7164.833333333333,4,3,4
CL00757,CONNECT,Bouake,actif,30,0,7165.166666666667,5,2,4
CL04270,CONNECT,Abidjan,actif,30,0,7165.166666666667,2,5,4
CL04792,CONNECT,Abidjan,actif,30,1,7165.5,2,2,4
CL04479,CONNECT,Abidjan,actif,30,1,7165.833333333333,4,1,4
CL02670,CONNECT,Yamoussoukro,actif,30,0,7166.166666666667,4,3,4
CL03493,CONNECT,Abidjan,actif,30,0,7166.166666666667,3,5,4
CL01066,CONNECT,Abidjan,actif,30,0,7167.0,3,3,4
CL06556,CONNECT,Bouake,actif,30,1,7168.2,4,1,4
CL05090,CONNECT,Abidjan,actif,30,0,7169.0,2,5,4
CL06386,CONNECT,Abidjan,actif,30,0,7169.333333333333,3,3,4
CL07374,CONNECT,Abidjan,actif,30,0,7169.8,5,2,4
CL06274,CONNECT,Abidjan,actif,30,0,7169.833333333333,3,3,4
CL05423,CONNECT,San-Pedro,actif,30,1,7170.666666666667,3,1,4
CL06907,CONNECT,Abidjan,actif,30,0,7171.6,2,5,4
CL04682,CONNECT,Abidjan,actif,30,0,7171.833333333333,4,3,4
CL07680,CONNECT,Bouake,actif,30,0,7173.333333333333,2,5,4
CL02375,CONNECT,Korhogo,actif,30,1,7173.5,4,1,4
CL01085,CONNECT,Abidjan,actif,30,0,7173.5,2,5,4
CL01167,CONNECT,Abidjan,actif,30,0,7174.0,2,5,4
CL05083,CONNECT,Abidjan,actif,30,1,7175.666666666667,3,1,4
CL07150,CONNECT,Abidjan,actif,30,0,7176.333333333333,4,3,4
CL01142,CONNECT,Abidjan,actif,30,0,7176.5,4,3,4
CL03865,CONNECT,Abidjan,actif,30,0,7178.0,4,3,4
CL05462,CONNECT,Abidjan,actif,30,2,7179.0,4,1,4
CL00341,CONNECT,Abidjan,actif,30,0,7179.8,2,4,4
CL04072,CONNECT,Bouake,actif,30,0,7180.666666666667,5,2,4
CL01641,CONNECT,Abidjan,actif,30,0,7180.833333333333,5,2,4
CL04049,CONNECT,Bouake,actif,30,0,7181.5,2,5,4
CL05400,CONNECT,Abidjan,actif,30,0,7182.0,4,2,4
CL00644,CONNECT,Bouake,actif,30,0,7182.833333333333,5,2,4
CL03854,CONNECT,Abidjan,actif,30,0,7183.333333333333,5,2,4
CL06652,CONNECT,Abidjan,actif,30,0,7183.666666666667,3,3,4
CL01550,CONNECT,Bouake,actif,30,0,7185.166666666667,3,5,4
CL03612,CONNECT,Abidjan,actif,30,0,7185.166666666667,2,5,4
CL03942,CONNECT,Bouake,actif,30,0,7186.0,5,2,4
CL01192,CONNECT,Yamoussoukro,actif,30,1,7186.666666666667,5,1,4
CL03494,CONNECT,San-Pedro,actif,30,0,7187.166666666667,4,3,4
CL03197,CONNECT,Abidjan,actif,30,0,7188.833333333333,5,2,4
CL05471,CONNECT,Abidjan,actif,30,1,7189.0,4,1,4
CL07045,CONNECT,Abidjan,actif,30,0,7190.666666666667,2,5,4
CL04465,PREMIUM,Abidjan,resilie,183,0,7191.0,1,4,4
CL04426,CONNECT,Abidjan,actif,30,0,7194.166666666667,4,3,4
CL05646,CONNECT,Bouake,actif,30,0,7194.5,3,3,4
CL06864,CONNECT,Yamoussoukro,actif,30,1,7195.5,3,1,4
CL00956,CONNECT,Abidjan,actif,30,0,7196.833333333333,4,3,4
CL07774,CONNECT,Bouake,actif,30,0,7197.0,3,5,4
CL06547,CONNECT,Abidjan,actif,30,0,7197.5,3,3,4
CL05572,CONNECT,Bouake,actif,30,2,7198.75,2,1,4
CL00695,CONNECT,Yamoussoukro,actif,30,0,7199.2,3,5,4
CL03688,CONNECT,Yamoussoukro,actif,30,0,7199.333333333333,5,2,4
CL03898,CONNECT,Bouake,actif,30,1,7199.666666666667,5,1,4
CL02403,CONNECT,Abidjan,actif,30,0,7199.666666666667,4,3,4
CL05765,CONNECT,Bouake,actif,30,0,7200.166666666667,4,2,4
CL02220,CONNECT,Bouake,actif,30,0,7200.5,5,2,4
CL05313,CONNECT,Abidjan,actif,30,1,7200.833333333333,4,1,4
CL06194,CONNECT,Bouake,actif,30,1,7201.166666666667,3,1,4
CL05023,CONNECT,Korhogo,actif,30,0,7201.333333333333,4,3,4
CL04485,CONNECT,Bouake,actif,30,0,7203.5,5,2,4
CL06035,CONNECT,Abidjan,actif,30,0,7204.166666666667,4,2,4
CL01362,CONNECT,Abidjan,actif,30,0,7205.333333333333,5,2,4
CL03221,CONNECT,Yamoussoukro,actif,30,0,7206.166666666667,5,2,4
CL06380,CONNECT,Abidjan,actif,30,0,7208.8,5,2,4
CL01505,CONNECT,Yamoussoukro,actif,30,0,7210.666666666667,4,3,4
CL05743,CONNECT,Abidjan,actif,30,0,7210.833333333333,4,2,4
CL06889,CONNECT,Abidjan,actif,30,0,7210.833333333333,5,2,4
CL05094,CONNECT,San-Pedro,actif,30,1,7210.833333333333,3,2,4
CL05329,CONNECT,Abidjan,actif,30,0,7211.0,5,2,4
CL03330,CONNECT,Abidjan,actif,30,1,7212.0,5,1,4
CL07336,CONNECT,San-Pedro,actif,30,0,7212.5,3,3,4
CL00904,CONNECT,Korhogo,actif,30,1,7213.0,5,1,4
CL03952,CONNECT,Abidjan,actif,30,2,7213.166666666667,3,1,4
CL05727,CONNECT,Abidjan,actif,30,0,7213.5,2,5,4
CL03254,CONNECT,Abidjan,actif,30,1,7214.0,4,1,4
CL00156,CONNECT,Bouake,actif,30,1,7214.0,3,2,4
CL01716,CONNECT,Abidjan,actif,30,0,7214.166666666667,4,3,4
CL07855,CONNECT,Korhogo,actif,30,2,7214.333333333333,4,1,4
CL04921,CONNECT,Bouake,actif,30,0,7214.8,4,3,4
CL00013,CONNECT,Abidjan,actif,30,0,7216.0,2,4,4
CL00759,CONNECT,Abidjan,actif,30,0,7216.333333333333,4,3,4
CL06019,CONNECT,San-Pedro,actif,30,0,7216.666666666667,4,2,4
CL05563,CONNECT,Korhogo,actif,30,1,7216.666666666667,2,1,4
CL06060,CONNECT,Abidjan,actif,30,0,7217.2,3,3,4
CL00779,CONNECT,Abidjan,actif,30,1,7220.166666666667,4,1,4
CL01101,CONNECT,Abidjan,actif,30,1,7223.4,3,1,4
CL02803,CONNECT,Yamoussoukro,actif,30,0,7224.666666666667,3,5,4
CL07712,CONNECT,Abidjan,actif,30,0,7224.833333333333,5,2,4
CL05394,CONNECT,Bouake,actif,30,0,7224.833333333333,2,5,4
CL04559,CONNECT,Yamoussoukro,actif,30,0,7228.0,2,5,4
CL00692,CONNECT,Korhogo,actif,30,0,7229.5,5,2,4
CL05348,CONNECT,Korhogo,actif,30,0,7229.5,2,5,4
CL04967,CONNECT,Abidjan,actif,30,0,7229.666666666667,5,2,4
CL01854,CONNECT,San-Pedro,actif,30,0,7229.833333333333,3,5,4
CL07162,CONNECT,Abidjan,actif,30,0,7230.0,2,5,4
CL04578,CONNECT,Korhogo,actif,30,0,7230.333333333333,3,3,4
CL06032,CONNECT,Abidjan,actif,30,0,7230.666666666667,5,2,4
CL00433,CONNECT,Abidjan,actif,30,1,7231.6,4,1,4
CL04146,CONNECT,Abidjan,actif,30,0,7233.0,2,5,4
CL07993,CONNECT,Abidjan,actif,30,1,7235.0,4,1,4
CL04389,CONNECT,Abidjan,actif,30,1,7235.5,5,1,4
CL03071,CONNECT,Abidjan,actif,30,0,7235.833333333333,4,3,4
CL00555,CONNECT,Abidjan,actif,30,0,7235.833333333333,4,3,4
CL01658,CONNECT,Abidjan,actif,30,0,7235.833333333333,2,5,4
CL03939,CONNECT,Korhogo,actif,30,0,7236.666666666667,3,3,4
CL03353,CONNECT,Abidjan,actif,30,0,7236.666666666667,3,5,4
CL07722,CONNECT,Yamoussoukro,actif,30,0,7237.0,5,2,4
CL04683,CONNECT,Korhogo,actif,30,3,7237.0,5,1,4
CL06280,CONNECT,Korhogo,actif,30,0,7237.0,3,3,4
CL00238,CONNECT,Abidjan,actif,30,2,7237.333333333333,4,1,4
CL02161,CONNECT,San-Pedro,actif,30,1,7237.333333333333,5,1,4
CL00549,CONNECT,Bouake,actif,30,0,7238.0,4,3,4
CL00320,CONNECT,Korhogo,actif,30,0,7240.666666666667,4,3,4
CL00480,CONNECT,Bouake,actif,30,0,7241.0,3,3,4
CL02945,CONNECT,Yamoussoukro,actif,30,0,7241.0,2,5,4
CL03833,CONNECT,Abidjan,actif,30,0,7242.333333333333,5,2,4
CL06903,CONNECT,Abidjan,actif,30,0,7242.5,4,3,4
CL04088,CONNECT,Abidjan,actif,30,0,7242.6,5,2,4
CL04720,CONNECT,Abidjan,actif,30,1,7242.666666666667,3,1,4
CL07153,CONNECT,San-Pedro,actif,30,0,7244.0,2,4,4
CL00621,CONNECT,Abidjan,actif,30,0,7244.666666666667,5,2,4
CL04564,CONNECT,Korhogo,actif,30,0,7244.666666666667,5,2,4
CL05601,CONNECT,San-Pedro,actif,30,0,7244.833333333333,2,5,4
CL03490,CONNECT,Korhogo,actif,30,0,7245.2,3,5,4
CL00074,CONNECT,Abidjan,actif,30,0,7246.0,4,3,4
CL00857,CONNECT,Abidjan,actif,30,0,7246.833333333333,2,5,4
CL00291,CONNECT,Abidjan,actif,30,0,7247.166666666667,5,2,4
CL04483,CONNECT,Abidjan,actif,30,0,7247.666666666667,5,2,4
CL03043,CONNECT,San-Pedro,actif,30,0,7248.333333333333,5,2,4
CL03817,CONNECT,Bouake,actif,30,0,7248.666666666667,4,3,4
CL01340,CONNECT,Bouake,actif,30,1,7249.166666666667,3,1,4
CL06059,CONNECT,San-Pedro,actif,30,0,7249.666666666667,2,5,4
CL01540,CONNECT,Korhogo,actif,30,0,7250.333333333333,4,3,4
CL04141,CONNECT,Bouake,actif,30,0,7250.333333333333,4,3,4
CL04310,CONNECT,Korhogo,actif,30,0,7253.333333333333,3,5,4
CL03116,CONNECT,San-Pedro,actif,30,1,7253.666666666667,3,1,4
CL00450,CONNECT,Abidjan,actif,30,0,7254.833333333333,2,5,4
CL07786,CONNECT,Abidjan,actif,30,1,7255.2,4,1,4
CL00959,CONNECT,Abidjan,actif,30,1,7255.5,5,1,4
CL04535,CONNECT,Abidjan,actif,30,0,7256.0,3,3,4
CL00475,CONNECT,Bouake,actif,30,0,7256.0,2,4,4
CL05869,CONNECT,Abidjan,actif,30,0,7256.833333333333,2,5,4
CL02559,CONNECT,Abidjan,actif,30,0,7257.0,2,5,4
CL04460,CONNECT,Yamoussoukro,actif,30,1,7257.833333333333,5,1,4
CL02999,CONNECT,Abidjan,actif,30,0,7258.0,2,5,4
CL00791,CONNECT,Abidjan,actif,30,1,7258.666666666667,3,1,4
CL07234,CONNECT,Abidjan,actif,30,0,7258.666666666667,2,4,4
CL04429,CONNECT,Yamoussoukro,actif,30,0,7259.0,2,5,4
CL03653,CONNECT,Abidjan,actif,30,0,7259.0,2,5,4
CL02655,CONNECT,Abidjan,actif,30,0,7259.666666666667,3,3,4
CL07939,CONNECT,Abidjan,actif,30,1,7259.666666666667,2,2,4
CL07305,CONNECT,Yamoussoukro,actif,30,0,7261.833333333333,2,4,4
CL02915,CONNECT,Abidjan,actif,30,0,7262.5,2,5,4
CL03693,CONNECT,Abidjan,actif,30,1,7263.0,2,2,4
CL06202,CONNECT,Abidjan,actif,30,1,7264.0,5,1,4
CL00707,CONNECT,Abidjan,actif,30,0,7265.333333333333,3,5,4
CL07025,CONNECT,Abidjan,actif,30,0,7266.5,3,5,4
CL04548,CONNECT,Abidjan,actif,30,0,7266.666666666667,4,3,4
CL01215,CONNECT,Bouake,actif,30,0,7267.8,4,3,4
CL00202,CONNECT,Abidjan,actif,30,0,7267.833333333333,4,3,4
CL07659,CONNECT,Abidjan,actif,30,1,7268.0,2,2,4
CL02124,CONNECT,Korhogo,actif,30,0,7268.0,2,5,4
CL07823,CONNECT,Yamoussoukro,actif,30,0,7268.333333333333,2,4,4
CL00684,CONNECT,San-Pedro,actif,30,0,7269.166666666667,3,5,4
CL03588,CONNECT,Bouake,actif,30,1,7269.75,3,2,4
CL00444,CONNECT,Korhogo,actif,30,0,7270.5,2,4,4
CL04090,CONNECT,Yamoussoukro,actif,30,0,7271.166666666667,2,5,4
CL04944,CONNECT,Bouake,actif,30,0,7271.333333333333,3,5,4
CL00276,CONNECT,Bouake,actif,30,0,7271.5,5,2,4
CL07231,CONNECT,Abidjan,actif,30,0,7271.5,4,3,4
CL07984,CONNECT,Abidjan,actif,30,0,7271.666666666667,3,3,4
CL00025,CONNECT,San-Pedro,actif,30,1,7271.833333333333,3,2,4
CL05047,CONNECT,Abidjan,actif,30,0,7272.166666666667,4,3,4
CL07083,CONNECT,Korhogo,actif,30,0,7272.333333333333,3,3,4
CL03855,CONNECT,Bouake,actif,30,0,7273.25,5,2,4
CL07086,CONNECT,Abidjan,actif,30,0,7273.666666666667,3,5,4
CL04339,CONNECT,Bouake,actif,30,0,7274.833333333333,5,2,4
CL07630,CONNECT,Korhogo,actif,30,0,7275.333333333333,4,3,4
CL04484,CONNECT,Abidjan,actif,30,1,7275.5,4,1,4
CL07053,CONNECT,San-Pedro,actif,30,1,7275.833333333333,3,1,4
CL05082,CONNECT,Abidjan,actif,30,1,7276.166666666667,3,1,4
CL06307,CONNECT,Abidjan,actif,30,0,7276.333333333333,4,2,4
CL05577,CONNECT,Abidjan,actif,30,0,7277.0,3,3,4
CL05977,CONNECT,Korhogo,actif,30,0,7277.166666666667,5,2,4
CL05392,CONNECT,Abidjan,actif,30,0,7277.166666666667,5,2,4
CL04439,CONNECT,Abidjan,actif,30,0,7277.333333333333,2,5,4
CL05107,CONNECT,Abidjan,actif,30,0,7278.166666666667,3,3,4
CL05939,CONNECT,Bouake,actif,30,1,7278.25,2,2,4
CL07070,CONNECT,Bouake,actif,30,1,7278.5,3,1,4
CL03871,CONNECT,Abidjan,actif,30,1,7278.5,4,1,4
CL02237,CONNECT,Abidjan,actif,30,0,7278.5,2,5,4
CL00688,CONNECT,Korhogo,actif,30,0,7278.6,3,5,4
CL06828,CONNECT,Bouake,actif,30,0,7279.0,4,3,4
CL00568,CONNECT,Abidjan,actif,30,0,7279.833333333333,2,5,4
CL05344,CONNECT,Korhogo,actif,30,1,7280.0,4,1,4
CL00067,CONNECT,Korhogo,actif,30,0,7280.0,2,4,4
CL05321,CONNECT,Abidjan,actif,30,1,7280.25,2,2,4
CL02104,CONNECT,San-Pedro,actif,30,0,7280.4,2,5,4
CL01838,CONNECT,San-Pedro,actif,30,0,7280.833333333333,5,2,4
CL04108,CONNECT,San-Pedro,actif,30,0,7280.833333333333,5,2,4
CL01596,CONNECT,Yamoussoukro,actif,30,0,7281.0,2,5,4
CL04272,CONNECT,Yamoussoukro,actif,30,1,7281.6,4,1,4
CL03042,CONNECT,Abidjan,actif,30,0,7283.166666666667,5,2,4
CL00057,CONNECT,Abidjan,actif,30,0,7283.5,5,2,4
CL04391,CONNECT,Yamoussoukro,actif,30,0,7283.5,5,2,4
CL06677,CONNECT,Abidjan,actif,30,0,7284.2,2,5,4
CL01177,CONNECT,Korhogo,actif,30,0,7284.333333333333,5,2,4
CL00485,CONNECT,Abidjan,actif,30,0,7284.333333333333,2,4,4
CL05285,CONNECT,Yamoussoukro,actif,30,0,7285.333333333333,5,2,4
CL00018,CONNECT,Abidjan,actif,30,0,7286.6,3,5,4
CL06602,CONNECT,Abidjan,actif,30,0,7287.333333333333,4,3,4
CL00470,CONNECT,Korhogo,actif,30,1,7288.666666666667,5,1,4
CL03661,CONNECT,Abidjan,actif,30,0,7288.75,3,3,4
CL05050,CONNECT,Bouake,actif,30,0,7289.0,2,5,4
CL02554,CONNECT,Abidjan,actif,30,0,7289.833333333333,5,2,4
CL03413,CONNECT,Abidjan,actif,30,0,7290.0,3,3,4
CL01759,CONNECT,Abidjan,actif,30,0,7290.333333333333,2,5,4
CL07893,CONNECT,Bouake,actif,30,0,7291.333333333333,4,3,4
CL05712,CONNECT,Abidjan,actif,30,0,7292.0,4,2,4
CL06991,CONNECT,Yamoussoukro,actif,30,0,7292.5,5,2,4
CL07181,CONNECT,Abidjan,actif,30,0,7292.5,4,3,4
CL03075,CONNECT,Korhogo,actif,30,0,7292.5,2,5,4
CL07950,CONNECT,Abidjan,actif,30,0,7293.0,3,3,4
CL01726,CONNECT,Abidjan,actif,30,1,7293.333333333333,5,1,4
CL03435,CONNECT,Abidjan,actif,30,1,7293.5,3,1,4
CL03224,CONNECT,Abidjan,actif,30,0,7294.2,5,2,4
CL06662,CONNECT,Bouake,actif,30,0,7295.166666666667,4,2,4
CL02775,CONNECT,Abidjan,actif,30,0,7295.833333333333,5,2,4
CL04633,CONNECT,Abidjan,actif,30,0,7296.2,2,5,4
CL01467,CONNECT,Abidjan,actif,30,0,7296.5,4,3,4
CL06583,CONNECT,Bouake,actif,30,0,7298.166666666667,3,5,4
CL01239,CONNECT,Abidjan,actif,30,0,7298.333333333333,5,2,4
CL02643,CONNECT,Abidjan,actif,30,0,7298.6,5,2,4
CL05053,CONNECT,Bouake,actif,30,0,7298.833333333333,4,3,4
CL02942,CONNECT,Abidjan,actif,30,1,7299.166666666667,3,2,4
CL02624,CONNECT,Abidjan,actif,30,1,7299.5,3,2,4
CL06207,CONNECT,Abidjan,actif,30,0,7299.5,2,5,4
CL02930,CONNECT,Abidjan,actif,30,0,7299.5,3,5,4
CL05097,CONNECT,San-Pedro,actif,30,0,7299.666666666667,5,2,4
CL03024,CONNECT,San-Pedro,actif,30,0,7300.166666666667,5,2,4
CL03528,CONNECT,San-Pedro,actif,30,0,7300.666666666667,2,5,4
CL03412,CONNECT,Abidjan,actif,30,0,7301.166666666667,5,2,4
CL01945,CONNECT,Abidjan,actif,30,0,7301.333333333333,5,2,4
CL07542,CONNECT,Abidjan,actif,30,0,7301.333333333333,4,3,4
CL01269,CONNECT,Abidjan,actif,30,4,7301.666666666667,3,1,4
CL05063,CONNECT,Bouake,actif,30,0,7301.833333333333,5,2,4
CL04773,CONNECT,Korhogo,actif,30,0,7303.333333333333,5,2,4
CL03830,CONNECT,Abidjan,actif,30,1,7303.333333333333,5,1,4
CL03183,CONNECT,Korhogo,actif,30,1,7304.0,5,1,4
CL05041,CONNECT,Abidjan,actif,30,0,7304.333333333333,4,3,4
CL01460,CONNECT,Bouake,actif,30,0,7304.833333333333,3,5,4
CL04028,CONNECT,Abidjan,actif,30,0,7305.5,4,3,4
CL04775,CONNECT,Abidjan,actif,30,0,7306.166666666667,5,2,4
CL03802,CONNECT,Abidjan,actif,30,0,7306.333333333333,2,5,4
CL06554,CONNECT,Abidjan,actif,30,2,7307.166666666667,3,1,4
CL03115,CONNECT,Yamoussoukro,actif,30,0,7307.666666666667,4,3,4
CL00698,CONNECT,Abidjan,actif,30,1,7308.166666666667,3,1,4
CL07063,CONNECT,Abidjan,actif,30,1,7308.5,2,2,4
CL03504,CONNECT,Korhogo,actif,30,0,7308.833333333333,3,3,4
CL06118,CONNECT,Abidjan,actif,30,0,7309.0,3,5,4
CL05620,CONNECT,Bouake,actif,30,0,7309.166666666667,3,3,4
CL03156,CONNECT,Abidjan,actif,30,0,7309.166666666667,4,3,4
CL07587,CONNECT,Bouake,actif,30,0,7309.833333333333,4,3,4
CL00567,CONNECT,Bouake,actif,30,0,7309.833333333333,2,5,4
CL02941,CONNECT,Abidjan,actif,30,0,7310.166666666667,4,3,4
CL03122,CONNECT,Abidjan,actif,30,0,7310.333333333333,3,3,4
CL00690,CONNECT,Abidjan,actif,30,0,7310.5,3,3,4
CL01384,CONNECT,San-Pedro,actif,30,0,7311.833333333333,4,3,4
CL00783,CONNECT,Abidjan,actif,30,0,7312.0,5,2,4
CL06349,CONNECT,Abidjan,actif,30,0,7312.5,5,2,4
CL00592,CONNECT,Bouake,actif,30,1,7313.666666666667,2,2,4
CL01062,CONNECT,Korhogo,actif,30,0,7315.5,5,2,4
CL07733,CONNECT,Abidjan,actif,30,2,7315.833333333333,5,1,4
CL07130,CONNECT,Korhogo,actif,30,0,7316.2,2,5,4
CL01734,CONNECT,Abidjan,actif,30,0,7316.833333333333,3,3,4
CL02936,CONNECT,Abidjan,actif,30,0,7317.666666666667,3,3,4
CL04044,CONNECT,Abidjan,actif,30,0,7317.666666666667,4,3,4
CL02426,CONNECT,Bouake,actif,30,0,7318.166666666667,5,2,4
CL03343,CONNECT,Abidjan,actif,30,1,7318.5,2,2,4
CL00446,CONNECT,San-Pedro,actif,30,1,7318.5,4,1,4
CL06055,CONNECT,Abidjan,actif,30,1,7319.0,4,1,4
CL05283,CONNECT,Abidjan,actif,30,0,7319.5,5,2,4
CL03236,CONNECT,Bouake,actif,30,0,7319.5,2,5,4
CL01436,CONNECT,Yamoussoukro,actif,30,0,7319.666666666667,2,5,4
CL02845,CONNECT,Abidjan,actif,30,2,7319.833333333333,4,1,4
CL06482,CONNECT,Abidjan,actif,30,0,7320.0,3,3,4
CL04680,CONNECT,Yamoussoukro,actif,30,2,7320.0,4,1,4
CL03917,CONNECT,Bouake,actif,30,0,7321.333333333333,3,3,4
CL02207,CONNECT,Yamoussoukro,actif,30,0,7321.666666666667,5,2,4
CL03120,CONNECT,Bouake,actif,30,0,7322.0,4,3,4
CL06446,CONNECT,Abidjan,actif,30,0,7322.5,2,5,4
CL01808,CONNECT,Bouake,actif,30,1,7322.666666666667,5,1,4
CL04458,CONNECT,Yamoussoukro,actif,30,0,7323.0,2,5,4
CL05282,CONNECT,Abidjan,actif,30,3,7323.2,5,1,4
CL02243,CONNECT,Abidjan,actif,30,1,7324.166666666667,5,1,4
CL01782,CONNECT,San-Pedro,actif,30,1,7324.5,5,1,4
CL02240,CONNECT,Abidjan,actif,30,0,7324.833333333333,3,5,4
CL02134,CONNECT,San-Pedro,actif,30,1,7325.666666666667,3,2,4
CL05876,CONNECT,Abidjan,actif,30,0,7326.2,3,3,4
CL03884,CONNECT,Bouake,actif,30,0,7326.5,4,3,4
CL06250,CONNECT,Bouake,actif,30,0,7328.5,4,2,4
CL07127,CONNECT,Abidjan,actif,30,0,7328.833333333333,3,5,4
CL05671,CONNECT,Abidjan,actif,30,0,7329.833333333333,2,5,4
CL05853,CONNECT,Abidjan,actif,30,0,7330.0,2,5,4
CL06757,CONNECT,Bouake,actif,30,0,7330.333333333333,3,5,4
CL05199,CONNECT,Yamoussoukro,actif,30,0,7330.4,2,5,4
CL06200,CONNECT,Yamoussoukro,actif,30,1,7330.6,4,1,4
CL04520,CONNECT,San-Pedro,actif,30,0,7330.8,2,5,4
CL04787,CONNECT,Abidjan,actif,30,0,7331.2,4,3,4
CL01122,CONNECT,Abidjan,actif,30,0,7331.333333333333,5,2,4
CL02387,CONNECT,Abidjan,actif,30,0,7332.166666666667,5,2,4
CL06415,CONNECT,Bouake,actif,30,0,7332.833333333333,5,2,4
CL06836,CONNECT,Korhogo,actif,30,0,7332.833333333333,2,5,4
CL04477,CONNECT,Yamoussoukro,actif,30,0,7333.0,3,3,4
CL00078,CONNECT,Abidjan,actif,30,0,7333.333333333333,2,4,4
CL07344,CONNECT,Abidjan,actif,30,1,7333.5,5,1,4
CL04279,CONNECT,Abidjan,actif,30,1,7333.833333333333,4,1,4
CL00575,CONNECT,Korhogo,actif,30,0,7333.833333333333,3,3,4
CL07353,CONNECT,Abidjan,actif,30,0,7334.0,5,2,4
CL02437,CONNECT,Abidjan,actif,30,1,7334.166666666667,4,1,4
CL04676,CONNECT,Korhogo,actif,30,1,7334.333333333333,2,2,4
CL01657,CONNECT,Korhogo,actif,30,0,7334.5,4,3,4
CL06454,CONNECT,Abidjan,actif,30,0,7335.5,4,3,4
CL03295,CONNECT,Abidjan,actif,30,0,7335.833333333333,5,2,4
CL02734,CONNECT,Abidjan,actif,30,0,7336.0,4,3,4
CL03606,CONNECT,Abidjan,actif,30,1,7336.166666666667,5,1,4
CL02853,CONNECT,San-Pedro,actif,30,1,7336.2,5,1,4
CL02792,CONNECT,Korhogo,actif,30,0,7336.666666666667,2,5,4
CL03624,CONNECT,Abidjan,actif,30,0,7337.0,3,5,4
CL03991,CONNECT,Korhogo,actif,30,1,7337.25,5,1,4
CL06268,CONNECT,Abidjan,actif,30,0,7337.6,3,3,4
CL04383,CONNECT,Abidjan,actif,30,1,7338.166666666667,4,1,4
CL04746,CONNECT,Abidjan,actif,30,0,7338.6,5,2,4
CL03282,CONNECT,Abidjan,actif,30,0,7339.0,5,2,4
CL01654,CONNECT,Bouake,actif,30,1,7339.0,3,2,4
CL02321,CONNECT,Bouake,actif,30,0,7339.166666666667,5,2,4
CL01904,CONNECT,Abidjan,actif,30,0,7339.5,5,2,4
CL04320,CONNECT,Bouake,actif,30,1,7339.833333333333,4,1,4
CL02923,CONNECT,Abidjan,actif,30,0,7340.0,4,3,4
CL01852,CONNECT,Abidjan,actif,30,1,7340.5,5,1,4
CL06152,CONNECT,Abidjan,actif,30,0,7341.166666666667,4,2,4
CL00776,CONNECT,Abidjan,actif,30,0,7341.666666666667,4,3,4
CL01199,CONNECT,Bouake,actif,30,0,7341.833333333333,4,3,4
CL07896,CONNECT,San-Pedro,actif,30,0,7341.833333333333,4,3,4
CL05464,CONNECT,Korhogo,actif,30,1,7343.5,5,1,4
CL05294,CONNECT,Bouake,actif,30,0,7344.0,4,2,4
CL05377,CONNECT,Bouake,actif,30,1,7344.5,2,2,4
CL07732,CONNECT,Abidjan,actif,30,0,7345.666666666667,5,2,4
CL07064,CONNECT,San-Pedro,actif,30,1,7346.25,3,1,4
CL02180,CONNECT,San-Pedro,actif,30,0,7347.166666666667,5,2,4
CL01620,CONNECT,Korhogo,actif,30,0,7347.5,5,2,4
CL06039,CONNECT,Abidjan,actif,30,0,7348.0,2,5,4
CL03364,CONNECT,Abidjan,actif,30,1,7348.8,5,1,4
CL02110,CONNECT,Korhogo,actif,30,1,7349.5,5,1,4
CL05436,CONNECT,Bouake,actif,30,0,7349.666666666667,4,3,4
CL04227,CONNECT,Korhogo,actif,30,0,7350.5,5,2,4
CL01660,CONNECT,Abidjan,actif,30,0,7351.0,5,2,4
CL03969,CONNECT,Abidjan,actif,30,0,7351.0,3,5,4
CL02518,CONNECT,Abidjan,actif,30,1,7351.166666666667,4,1,4
CL04169,CONNECT,Abidjan,actif,30,0,7351.333333333333,3,5,4
CL03695,CONNECT,Abidjan,actif,30,1,7351.5,2,2,4
CL07401,CONNECT,San-Pedro,actif,30,3,7352.0,4,1,4
CL05703,CONNECT,Yamoussoukro,actif,30,1,7352.166666666667,5,1,4
CL03135,CONNECT,Korhogo,actif,30,0,7352.5,4,3,4
CL00250,CONNECT,Abidjan,actif,30,0,7352.833333333333,2,4,4
CL06071,CONNECT,Abidjan,actif,30,0,7353.0,3,5,4
CL03763,CONNECT,Korhogo,actif,30,0,7353.5,5,2,4
CL04318,CONNECT,Abidjan,actif,30,0,7353.666666666667,5,2,4
CL05103,CONNECT,Bouake,actif,30,2,7353.75,3,1,4
CL00244,CONNECT,Bouake,actif,30,0,7353.833333333333,3,3,4
CL06895,CONNECT,Bouake,actif,30,0,7354.0,2,5,4
CL01853,CONNECT,Abidjan,actif,30,0,7354.0,3,5,4
CL06974,CONNECT,Abidjan,actif,30,0,7354.166666666667,5,2,4
CL01796,CONNECT,Bouake,actif,30,0,7354.5,2,5,4
CL05341,CONNECT,Abidjan,actif,30,1,7354.833333333333,3,1,4
CL03172,CONNECT,Abidjan,actif,30,0,7355.333333333333,5,2,4
CL03223,CONNECT,Abidjan,actif,30,1,7356.833333333333,5,1,4
CL02648,CONNECT,Bouake,actif,30,0,7357.8,5,2,4
CL02082,CONNECT,Abidjan,actif,30,0,7358.0,4,3,4
CL04446,CONNECT,Abidjan,actif,30,0,7358.5,5,2,4
CL06191,CONNECT,San-Pedro,actif,30,0,7358.666666666667,5,2,4
CL00588,CONNECT,Yamoussoukro,actif,30,0,7360.166666666667,3,3,4
CL07781,CONNECT,Abidjan,actif,30,0,7360.333333333333,3,3,4
CL07399,CONNECT,Abidjan,actif,30,0,7360.4,3,5,4
CL00038,CONNECT,Abidjan,actif,30,1,7362.6,5,1,4
CL02217,CONNECT,Abidjan,actif,30,0,7363.166666666667,5,2,4
CL00928,CONNECT,Abidjan,actif,30,0,7363.166666666667,5,2,4
CL07521,CONNECT,Abidjan,actif,30,1,7363.333333333333,2,2,4
CL00035,CONNECT,Abidjan,actif,30,2,7363.5,3,1,4
CL00256,CONNECT,Abidjan,actif,30,1,7364.0,3,2,4
CL06870,CONNECT,San-Pedro,actif,30,1,7365.0,2,2,4
CL04412,CONNECT,Bouake,actif,30,0,7365.666666666667,3,5,4
CL00593,CONNECT,Abidjan,actif,30,2,7365.833333333333,5,1,4
CL02902,CONNECT,Bouake,actif,30,0,7366.666666666667,4,3,4
CL01114,CONNECT,Abidjan,actif,30,0,7366.666666666667,4,3,4
CL00260,CONNECT,Yamoussoukro,actif,30,0,7366.833333333333,5,2,4
CL05857,CONNECT,Korhogo,actif,30,0,7367.0,5,2,4
CL01126,CONNECT,Abidjan,actif,30,1,7367.0,5,1,4
CL06144,CONNECT,Abidjan,actif,30,0,7367.6,5,2,4
CL05617,CONNECT,Abidjan,actif,30,0,7367.833333333333,3,3,4
CL03795,CONNECT,Yamoussoukro,actif,30,1,7367.833333333333,4,1,4
CL03519,CONNECT,Bouake,actif,30,0,7368.0,3,3,4
CL06725,CONNECT,Abidjan,actif,30,3,7368.2,2,1,4
CL06108,CONNECT,Abidjan,actif,30,0,7368.333333333333,3,3,4
CL00189,CONNECT,Abidjan,actif,30,0,7368.833333333333,3,3,4
CL02412,CONNECT,San-Pedro,actif,30,0,7368.833333333333,2,5,4
CL01627,CONNECT,Abidjan,actif,30,0,7368.833333333333,3,5,4
CL03447,CONNECT,Abidjan,actif,30,0,7369.0,5,2,4
CL01100,CONNECT,Bouake,actif,30,0,7370.333333333333,3,3,4
CL04570,CONNECT,Abidjan,actif,30,0,7370.333333333333,4,3,4
CL04531,CONNECT,Abidjan,actif,30,0,7370.5,3,5,4
CL01369,CONNECT,Bouake,actif,30,1,7371.333333333333,3,2,4
CL07058,CONNECT,Bouake,actif,30,0,7371.666666666667,4,3,4
CL03948,CONNECT,San-Pedro,actif,30,1,7372.0,4,1,4
CL05206,CONNECT,San-Pedro,actif,30,0,7372.333333333333,2,5,4
CL01063,CONNECT,Abidjan,actif,30,0,7372.333333333333,2,5,4
CL00577,CONNECT,Korhogo,actif,30,0,7372.6,4,3,4
CL06847,CONNECT,Abidjan,actif,30,1,7373.0,3,1,4
CL01911,CONNECT,Yamoussoukro,actif,30,0,7373.333333333333,2,5,4
CL01757,CONNECT,Bouake,actif,30,1,7374.0,3,2,4
CL05287,CONNECT,Abidjan,actif,30,0,7374.5,4,3,4
CL07789,CONNECT,Abidjan,actif,30,0,7374.833333333333,2,5,4
CL00723,CONNECT,Abidjan,actif,30,0,7375.5,4,3,4
CL01058,CONNECT,Bouake,actif,30,0,7375.833333333333,2,5,4
CL05286,CONNECT,Yamoussoukro,actif,30,1,7376.333333333333,2,2,4
CL05430,CONNECT,Abidjan,actif,30,0,7376.833333333333,2,5,4
CL00228,CONNECT,Bouake,actif,30,0,7377.166666666667,4,3,4
CL03600,CONNECT,Abidjan,actif,30,0,7377.666666666667,4,3,4
CL05278,CONNECT,Bouake,actif,30,1,7377.666666666667,5,1,4
CL01371,CONNECT,Abidjan,actif,30,0,7377.666666666667,3,5,4
CL02821,CONNECT,Korhogo,actif,30,1,7378.0,4,1,4
CL02768,CONNECT,Abidjan,actif,30,0,7378.166666666667,3,3,4
CL00178,CONNECT,San-Pedro,actif,30,0,7378.5,4,3,4
CL00686,CONNECT,Abidjan,actif,30,1,7379.0,5,1,4
CL05101,CONNECT,Bouake,actif,30,0,7380.833333333333,4,3,4
CL02020,CONNECT,Korhogo,actif,30,0,7381.0,3,5,4
CL06401,CONNECT,Abidjan,actif,30,1,7381.166666666667,5,1,4
CL02478,CONNECT,Abidjan,actif,30,0,7381.5,4,3,4
CL01327,CONNECT,Bouake,actif,30,1,7382.166666666667,5,1,4
CL01976,CONNECT,Bouake,actif,30,0,7382.5,4,3,4
CL01322,CONNECT,Bouake,actif,30,0,7382.666666666667,3,3,4
CL05104,CONNECT,Abidjan,actif,30,1,7383.0,4,1,4
CL03523,CONNECT,Abidjan,actif,30,1,7383.333333333333,4,1,4
CL00486,CONNECT,Abidjan,actif,30,0,7383.666666666667,5,2,4
CL02261,CONNECT,Abidjan,actif,30,0,7384.166666666667,3,3,4
CL04608,CONNECT,Abidjan,actif,30,0,7384.166666666667,3,3,4
CL00971,CONNECT,Abidjan,actif,30,0,7385.666666666667,4,3,4
CL02270,CONNECT,Yamoussoukro,actif,30,1,7386.0,4,1,4
CL04598,CONNECT,San-Pedro,actif,30,0,7386.0,4,3,4
CL03738,CONNECT,Bouake,actif,30,0,7386.166666666667,2,5,4
CL06086,CONNECT,Abidjan,actif,30,1,7386.5,5,1,4
CL02617,CONNECT,Abidjan,actif,30,1,7386.666666666667,4,1,4
CL07007,CONNECT,Bouake,actif,30,0,7386.666666666667,2,5,4
CL02025,CONNECT,Abidjan,actif,30,0,7386.666666666667,2,5,4
CL01929,CONNECT,Abidjan,actif,30,0,7386.833333333333,5,2,4
CL00582,CONNECT,Bouake,actif,30,0,7387.0,3,3,4
CL06014,CONNECT,Abidjan,actif,30,0,7387.166666666667,5,2,4
CL00195,CONNECT,Abidjan,actif,30,0,7388.333333333333,4,3,4
CL00589,CONNECT,Abidjan,actif,30,0,7389.0,3,5,4
CL05531,CONNECT,Abidjan,actif,30,0,7389.833333333333,4,3,4
CL05338,CONNECT,Abidjan,actif,30,0,7390.0,4,3,4
CL07616,CONNECT,Abidjan,actif,30,0,7390.0,5,2,4
CL01439,CONNECT,Abidjan,actif,30,0,7390.0,5,2,4
CL04561,CONNECT,Yamoussoukro,actif,30,1,7390.166666666667,3,1,4
CL04020,CONNECT,Abidjan,actif,30,0,7390.333333333333,4,3,4
CL06421,CONNECT,Bouake,actif,30,0,7390.5,3,5,4
CL01887,CONNECT,Abidjan,actif,30,0,7391.0,2,5,4
CL03782,CONNECT,Yamoussoukro,actif,30,0,7391.0,2,5,4
CL06220,CONNECT,Bouake,actif,30,1,7391.333333333333,3,1,4
CL03804,CONNECT,San-Pedro,actif,30,2,7392.166666666667,5,1,4
CL07676,CONNECT,Yamoussoukro,actif,30,0,7392.5,4,3,4
CL04723,CONNECT,Abidjan,actif,30,0,7392.5,5,2,4
CL06816,CONNECT,San-Pedro,actif,30,1,7393.833333333333,3,1,4
CL01195,CONNECT,Abidjan,actif,30,2,7394.166666666667,2,1,4
CL00209,CONNECT,Abidjan,actif,30,0,7394.5,2,4,4
CL02640,CONNECT,Abidjan,actif,30,1,7395.0,4,1,4
CL07393,CONNECT,Abidjan,actif,30,0,7395.166666666667,2,4,4
CL02166,CONNECT,Abidjan,actif,30,0,7395.5,4,3,4
CL00884,CONNECT,Abidjan,actif,30,0,7395.666666666667,3,3,4
CL00124,CONNECT,Bouake,actif,30,0,7395.666666666667,2,4,4
CL00390,CONNECT,Abidjan,actif,30,0,7396.166666666667,4,3,4
CL00137,CONNECT,Abidjan,actif,30,0,7396.5,4,3,4
CL04129,CONNECT,Abidjan,actif,30,0,7396.5,2,5,4
CL01382,CONNECT,Bouake,actif,30,0,7396.666666666667,2,5,4
CL05437,CONNECT,Bouake,actif,30,0,7397.0,5,2,4
CL05969,CONNECT,Abidjan,actif,30,1,7397.666666666667,2,1,4
CL05291,CONNECT,Abidjan,actif,30,0,7397.833333333333,4,3,4
CL04511,CONNECT,Abidjan,actif,30,0,7398.0,5,2,4
CL01228,CONNECT,Abidjan,actif,30,1,7398.166666666667,4,1,4
CL04579,CONNECT,Abidjan,actif,30,0,7398.25,3,5,4
CL01787,CONNECT,San-Pedro,actif,30,0,7398.333333333333,5,2,4
CL02609,CONNECT,Abidjan,actif,30,0,7398.666666666667,4,3,4
CL02411,CONNECT,Yamoussoukro,actif,30,1,7398.833333333333,4,1,4
CL04554,CONNECT,Bouake,actif,30,0,7399.0,4,3,4
CL02203,CONNECT,Abidjan,actif,30,2,7399.6,4,1,4
CL03781,CONNECT,Abidjan,actif,30,0,7399.666666666667,5,2,4
CL03485,CONNECT,San-Pedro,actif,30,0,7400.166666666667,3,5,4
CL03741,CONNECT,Yamoussoukro,actif,30,0,7400.5,3,5,4
CL03358,CONNECT,Abidjan,actif,30,0,7400.6,5,2,4
CL05912,CONNECT,San-Pedro,actif,30,0,7400.666666666667,5,2,4
CL05553,CONNECT,Abidjan,actif,30,0,7401.0,4,2,4
CL06560,CONNECT,Bouake,actif,30,1,7401.166666666667,2,1,4
CL00186,CONNECT,Abidjan,actif,30,0,7401.5,2,5,4
CL01476,CONNECT,Abidjan,actif,30,0,7401.666666666667,5,2,4
CL03800,CONNECT,Korhogo,actif,30,0,7402.0,3,5,4
CL03496,CONNECT,Abidjan,actif,30,0,7403.0,5,2,4
CL05443,CONNECT,Abidjan,actif,30,0,7403.8,3,5,4
CL03921,CONNECT,Abidjan,actif,30,1,7404.166666666667,3,2,4
CL03818,CONNECT,Abidjan,actif,30,0,7404.6,2,5,4
CL04799,CONNECT,Bouake,actif,30,0,7404.833333333333,3,5,4
CL06928,CONNECT,Abidjan,actif,30,0,7405.166666666667,4,3,4
CL01437,CONNECT,Abidjan,actif,30,0,7405.5,2,5,4
CL06294,CONNECT,Bouake,actif,30,1,7405.666666666667,2,1,4
CL02808,CONNECT,Abidjan,actif,30,1,7405.666666666667,4,1,4
CL06512,CONNECT,Yamoussoukro,actif,30,0,7406.333333333333,3,3,4
CL00846,CONNECT,Yamoussoukro,actif,30,0,7406.666666666667,5,2,4
CL00360,CONNECT,Abidjan,actif,30,0,7406.833333333333,3,3,4
CL05484,CONNECT,Bouake,actif,30,0,7407.666666666667,3,5,4
CL06922,CONNECT,Abidjan,actif,30,0,7408.5,5,2,4
CL04987,CONNECT,Bouake,actif,30,0,7408.5,2,5,4
CL00274,CONNECT,Yamoussoukro,actif,30,0,7408.8,4,3,4
CL01812,CONNECT,Bouake,actif,30,0,7409.166666666667,5,2,4
CL02302,CONNECT,Abidjan,actif,30,0,7409.333333333333,4,3,4
CL05959,CONNECT,San-Pedro,actif,30,0,7410.0,2,5,4
CL01630,CONNECT,Abidjan,actif,30,0,7410.5,5,2,4
CL07454,CONNECT,Bouake,actif,30,1,7410.666666666667,4,1,4
CL03776,CONNECT,Bouake,actif,30,0,7410.833333333333,5,2,4
CL02178,CONNECT,Korhogo,actif,30,1,7411.0,3,2,4
CL00007,CONNECT,Abidjan,actif,30,0,7411.333333333333,3,3,4
CL01522,CONNECT,Korhogo,actif,30,0,7411.4,4,3,4
CL01985,CONNECT,Korhogo,actif,30,0,7412.166666666667,3,3,4
CL02143,CONNECT,Korhogo,actif,30,0,7412.166666666667,4,3,4
CL03005,CONNECT,Abidjan,actif,30,1,7413.333333333333,5,1,4
CL07444,CONNECT,Abidjan,actif,30,0,7413.666666666667,4,3,4
CL07657,CONNECT,San-Pedro,actif,30,0,7415.0,5,2,4
CL01117,CONNECT,Abidjan,actif,30,0,7416.0,3,5,4
CL00595,CONNECT,Abidjan,actif,30,0,7416.5,5,2,4
CL03920,CONNECT,Abidjan,actif,30,0,7416.5,2,5,4
CL06858,CONNECT,Abidjan,actif,30,0,7416.5,3,5,4
CL01956,CONNECT,Abidjan,actif,30,0,7418.0,4,3,4
CL07240,CONNECT,Yamoussoukro,actif,30,0,7418.333333333333,5,2,4
CL00801,CONNECT,Abidjan,actif,30,0,7418.5,2,5,4
CL04695,CONNECT,Abidjan,actif,30,0,7418.666666666667,2,5,4
CL03480,CONNECT,Yamoussoukro,actif,30,1,7419.0,2,2,4
CL01333,CONNECT,Yamoussoukro,actif,30,0,7419.666666666667,4,3,4
CL04820,CONNECT,Bouake,actif,30,0,7420.0,2,5,4
CL00599,CONNECT,Abidjan,actif,30,0,7420.166666666667,4,3,4
CL05604,CONNECT,Abidjan,actif,30,0,7420.2,4,3,4
CL05062,CONNECT,Abidjan,actif,30,1,7420.333333333333,4,1,4
CL05728,CONNECT,San-Pedro,actif,30,0,7421.166666666667,5,2,4
CL05827,CONNECT,Abidjan,actif,30,0,7421.833333333333,3,5,4
CL00659,CONNECT,Bouake,actif,30,0,7422.0,5,2,4
CL03779,CONNECT,Abidjan,actif,30,1,7422.0,2,2,4
CL06751,CONNECT,San-Pedro,actif,30,1,7422.833333333333,2,1,4
CL02757,CONNECT,Yamoussoukro,actif,30,0,7423.0,4,3,4
CL00161,CONNECT,Korhogo,actif,30,0,7423.666666666667,4,3,4
CL01856,CONNECT,Abidjan,actif,30,0,7423.833333333333,4,3,4
CL04508,CONNECT,Yamoussoukro,actif,30,0,7424.0,2,5,4
CL00088,CONNECT,Yamoussoukro,actif,30,0,7424.5,3,5,4
CL04721,CONNECT,Abidjan,actif,30,0,7425.2,4,3,4
CL06961,CONNECT,Abidjan,actif,30,0,7425.333333333333,3,3,4
CL02120,CONNECT,Abidjan,actif,30,0,7425.5,2,5,4
CL05931,CONNECT,Bouake,actif,30,0,7425.666666666667,3,3,4
CL02279,CONNECT,Abidjan,actif,30,0,7425.833333333333,5,2,4
CL05782,CONNECT,Bouake,actif,30,0,7426.5,4,3,4
CL04809,CONNECT,Abidjan,actif,30,0,7426.833333333333,5,2,4
CL00331,CONNECT,Bouake,actif,30,0,7427.0,5,2,4
CL07268,CONNECT,San-Pedro,actif,30,1,7427.166666666667,4,1,4
CL04084,CONNECT,Abidjan,actif,30,1,7427.333333333333,4,1,4
CL06528,CONNECT,Abidjan,actif,30,1,7427.4,3,1,4
CL01308,CONNECT,Bouake,actif,30,0,7427.5,3,3,4
CL00622,CONNECT,Bouake,actif,30,0,7428.0,4,3,4
CL04589,CONNECT,Abidjan,actif,30,0,7428.5,5,2,4
CL07668,CONNECT,Abidjan,actif,30,1,7429.333333333333,3,2,4
CL01050,CONNECT,Bouake,actif,30,0,7430.333333333333,2,5,4
CL04538,CONNECT,Abidjan,actif,30,0,7431.166666666667,4,3,4
CL06745,CONNECT,Abidjan,actif,30,0,7431.333333333333,3,3,4
CL02330,CONNECT,Bouake,actif,30,0,7431.666666666667,4,3,4
CL00306,CONNECT,Abidjan,actif,30,0,7432.333333333333,4,3,4
CL01241,CONNECT,Yamoussoukro,actif,30,0,7432.333333333333,4,3,4
CL04786,CONNECT,Abidjan,actif,30,0,7433.0,2,5,4
CL02637,CONNECT,Abidjan,actif,30,0,7433.833333333333,4,3,4
CL04650,CONNECT,San-Pedro,actif,30,0,7434.666666666667,4,3,4
CL02213,CONNECT,Abidjan,actif,30,0,7435.5,2,5,4
CL06227,CONNECT,San-Pedro,actif,30,0,7435.5,2,5,4
CL04018,CONNECT,Korhogo,actif,30,0,7435.833333333333,2,5,4
CL01785,CONNECT,Korhogo,actif,30,0,7436.0,4,3,4
CL02253,CONNECT,Bouake,actif,30,0,7436.666666666667,2,5,4
CL07461,CONNECT,San-Pedro,actif,30,1,7437.0,4,1,4
CL04667,CONNECT,Abidjan,actif,30,0,7437.333333333333,2,5,4
CL06541,CONNECT,Abidjan,actif,30,0,7437.8,4,2,4
CL07516,CONNECT,Abidjan,actif,30,0,7437.833333333333,2,5,4
CL03259,CONNECT,Abidjan,actif,30,1,7438.333333333333,4,1,4
CL04831,CONNECT,Bouake,actif,30,0,7438.333333333333,2,5,4
CL04350,CONNECT,Abidjan,actif,30,0,7438.5,3,3,4
CL03207,CONNECT,Abidjan,actif,30,1,7438.833333333333,3,2,4
CL00144,CONNECT,Korhogo,actif,30,1,7440.666666666667,4,1,4
CL05274,CONNECT,Bouake,actif,30,1,7440.8,4,1,4
CL01634,CONNECT,Abidjan,actif,30,0,7441.5,2,5,4
CL06655,CONNECT,Korhogo,actif,30,0,7441.833333333333,2,5,4
CL07899,CONNECT,Yamoussoukro,actif,30,0,7442.0,4,3,4
CL06142,CONNECT,Bouake,actif,30,0,7442.166666666667,3,3,4
CL01983,CONNECT,Bouake,actif,30,0,7442.166666666667,3,5,4
CL07138,CONNECT,Bouake,actif,30,2,7442.666666666667,2,1,4
CL01902,CONNECT,Abidjan,actif,30,0,7442.833333333333,2,5,4
CL01807,CONNECT,Korhogo,actif,30,0,7443.166666666667,5,2,4
CL02532,CONNECT,Abidjan,actif,30,0,7443.666666666667,2,5,4
CL05567,CONNECT,Bouake,actif,30,1,7444.166666666667,4,1,4
CL02823,CONNECT,Yamoussoukro,actif,30,0,7444.333333333333,3,3,4
CL01703,CONNECT,Korhogo,actif,30,0,7444.333333333333,5,2,4
CL07633,CONNECT,Abidjan,actif,30,0,7444.333333333333,2,5,4
CL03150,CONNECT,Bouake,actif,30,0,7444.8,2,5,4
CL02458,CONNECT,Bouake,actif,30,1,7446.333333333333,2,2,4
CL02822,CONNECT,Bouake,actif,30,0,7447.4,4,3,4
CL04801,CONNECT,Abidjan,actif,30,0,7448.166666666667,3,3,4
CL01794,CONNECT,Abidjan,actif,30,0,7448.166666666667,2,5,4
CL06663,CONNECT,Bouake,actif,30,0,7448.333333333333,5,2,4
CL01797,CONNECT,Yamoussoukro,actif,30,0,7448.666666666667,2,5,4
CL04943,CONNECT,Abidjan,actif,30,0,7449.166666666667,4,3,4
CL03377,CONNECT,Abidjan,actif,30,0,7449.333333333333,2,5,4
CL07965,CONNECT,Abidjan,actif,30,1,7450.333333333333,4,1,4
CL00494,CONNECT,Yamoussoukro,actif,30,0,7450.333333333333,3,3,4
CL06634,CONNECT,Abidjan,actif,30,0,7450.666666666667,5,2,4
CL04333,CONNECT,Abidjan,actif,30,0,7450.8,2,5,4
CL05767,CONNECT,San-Pedro,actif,30,0,7452.0,3,3,4
CL02764,CONNECT,Abidjan,actif,30,0,7452.5,2,5,4
CL03689,CONNECT,Abidjan,actif,30,1,7452.833333333333,5,1,4
CL01259,CONNECT,San-Pedro,actif,30,0,7453.0,5,2,4
CL03681,CONNECT,San-Pedro,actif,30,0,7453.166666666667,3,5,4
CL01213,CONNECT,Abidjan,actif,30,1,7453.5,5,1,4
CL04131,CONNECT,Abidjan,actif,30,1,7453.5,4,1,4
CL05217,CONNECT,Abidjan,actif,30,0,7453.8,2,5,4
CL01694,CONNECT,Bouake,actif,30,0,7453.833333333333,3,5,4
CL03326,CONNECT,Abidjan,actif,30,0,7453.833333333333,2,5,4
CL05431,CONNECT,Bouake,actif,30,0,7454.166666666667,5,2,4
CL03287,CONNECT,Bouake,actif,30,0,7454.333333333333,2,5,4
CL07959,CONNECT,Abidjan,actif,30,1,7454.833333333333,5,1,4
CL05171,CONNECT,Bouake,actif,30,0,7455.0,3,5,4
CL04869,CONNECT,Abidjan,actif,30,0,7455.333333333333,3,5,4
CL04848,CONNECT,Abidjan,actif,30,0,7455.666666666667,4,3,4
CL07788,CONNECT,Abidjan,actif,30,0,7456.0,2,4,4
CL02172,CONNECT,Abidjan,actif,30,0,7456.166666666667,3,3,4
CL03333,CONNECT,Abidjan,actif,30,2,7456.333333333333,5,1,4
CL00001,CONNECT,Yamoussoukro,actif,30,0,7456.333333333333,2,4,4
CL02010,CONNECT,Abidjan,actif,30,1,7457.0,2,2,4
CL03222,CONNECT,Abidjan,actif,30,0,7457.0,3,5,4
CL01541,CONNECT,Abidjan,actif,30,0,7457.6,4,3,4
CL04762,CONNECT,Abidjan,actif,30,0,7457.666666666667,5,2,4
CL00229,CONNECT,Bouake,actif,30,0,7458.2,3,5,4
CL01760,CONNECT,San-Pedro,actif,30,0,7459.166666666667,3,3,4
CL01246,CONNECT,Bouake,actif,30,0,7459.666666666667,5,2,4
CL01216,CONNECT,Korhogo,actif,30,0,7459.833333333333,2,5,4
CL02009,CONNECT,Abidjan,actif,30,0,7460.0,4,3,4
CL01795,CONNECT,Abidjan,actif,30,0,7460.5,4,3,4
CL03438,CONNECT,Abidjan,actif,30,0,7461.333333333333,4,3,4
CL07394,CONNECT,Yamoussoukro,actif,30,0,7461.333333333333,2,5,4
CL02320,CONNECT,Korhogo,actif,30,0,7461.5,2,5,4
CL06971,CONNECT,San-Pedro,actif,30,0,7461.666666666667,4,3,4
CL06590,CONNECT,Bouake,actif,30,1,7461.8,3,1,4
CL06536,CONNECT,Abidjan,actif,30,0,7461.833333333333,3,3,4
CL03370,CONNECT,Abidjan,actif,30,2,7461.833333333333,3,1,4
CL00665,CONNECT,Abidjan,actif,30,0,7462.833333333333,5,2,4
CL00192,CONNECT,Abidjan,actif,30,5,7462.833333333333,4,1,4
CL05078,CONNECT,Bouake,actif,30,0,7463.0,5,2,4
CL02858,CONNECT,Yamoussoukro,actif,30,1,7463.0,4,1,4
CL01653,CONNECT,San-Pedro,actif,30,1,7463.666666666667,4,1,4
CL07736,CONNECT,Abidjan,actif,30,0,7464.0,4,3,4
CL02068,CONNECT,Abidjan,actif,30,0,7464.0,2,5,4
CL06838,CONNECT,Bouake,actif,30,1,7464.166666666667,5,1,4
CL03232,CONNECT,Bouake,actif,30,1,7465.0,2,2,4
CL07751,CONNECT,Abidjan,actif,30,0,7465.166666666667,4,3,4
CL06506,CONNECT,Korhogo,actif,30,1,7465.166666666667,5,1,4
CL02917,CONNECT,Abidjan,actif,30,0,7465.5,2,5,4
CL04179,CONNECT,Korhogo,actif,30,0,7466.0,3,5,4
CL07271,CONNECT,San-Pedro,actif,30,0,7466.166666666667,5,2,4
CL04606,CONNECT,Abidjan,actif,30,0,7466.333333333333,5,2,4
CL04719,CONNECT,Abidjan,actif,30,0,7467.0,2,5,4
CL05994,CONNECT,Bouake,actif,30,0,7468.666666666667,4,2,4
CL01113,CONNECT,Abidjan,actif,30,1,7469.666666666667,4,1,4
CL02045,CONNECT,Bouake,actif,30,1,7469.666666666667,4,1,4
CL03724,CONNECT,Abidjan,actif,30,0,7470.333333333333,4,3,4
CL05270,CONNECT,Abidjan,actif,30,0,7470.5,4,3,4
CL05981,CONNECT,Korhogo,actif,30,2,7470.5,3,1,4
CL03667,CONNECT,Abidjan,actif,30,0,7471.166666666667,3,5,4
CL03114,CONNECT,Korhogo,actif,30,0,7471.5,5,2,4
CL07631,CONNECT,Abidjan,actif,30,0,7471.5,4,3,4
CL07337,CONNECT,Korhogo,actif,30,0,7471.833333333333,2,4,4
CL00507,CONNECT,Abidjan,actif,30,0,7471.833333333333,2,5,4
CL00515,CONNECT,Korhogo,actif,30,0,7472.0,2,5,4
CL05679,CONNECT,Bouake,actif,30,0,7472.333333333333,4,2,4
CL07411,CONNECT,Abidjan,actif,30,0,7472.333333333333,5,2,4
CL04730,CONNECT,Yamoussoukro,actif,30,1,7472.833333333333,4,1,4
CL02968,CONNECT,Abidjan,actif,30,0,7473.333333333333,4,3,4
CL00946,CONNECT,San-Pedro,actif,30,0,7473.8,4,3,4
CL04981,CONNECT,Yamoussoukro,actif,30,1,7473.833333333333,2,2,4
CL03393,CONNECT,Korhogo,actif,30,1,7474.333333333333,2,2,4
CL00694,CONNECT,Abidjan,actif,30,0,7474.333333333333,2,5,4
CL05759,CONNECT,Abidjan,actif,30,0,7474.666666666667,5,2,4
CL01555,CONNECT,Abidjan,actif,30,0,7474.666666666667,2,5,4
CL03365,CONNECT,San-Pedro,actif,30,1,7474.833333333333,4,1,4
CL03047,CONNECT,Abidjan,actif,30,0,7475.166666666667,4,3,4
CL02355,CONNECT,Yamoussoukro,actif,30,0,7475.333333333333,5,2,4
CL05619,CONNECT,Abidjan,actif,30,0,7475.5,3,3,4
CL06314,CONNECT,Abidjan,actif,30,0,7475.5,4,2,4
CL06721,CONNECT,Bouake,actif,30,0,7475.5,2,5,4
CL06650,CONNECT,Abidjan,actif,30,2,7476.166666666667,4,1,4
CL07870,CONNECT,Yamoussoukro,actif,30,0,7476.166666666667,3,5,4
CL01601,CONNECT,Abidjan,actif,30,0,7476.166666666667,2,5,4
CL04582,CONNECT,Korhogo,actif,30,0,7476.333333333333,2,5,4
CL00488,CONNECT,Abidjan,actif,30,2,7476.4,3,1,4
CL00820,CONNECT,Abidjan,actif,30,1,7476.75,5,1,4
CL03890,CONNECT,Bouake,actif,30,0,7477.166666666667,3,3,4
CL05732,CONNECT,Korhogo,actif,30,1,7477.5,3,1,4
CL06943,CONNECT,Bouake,actif,30,1,7477.8,5,1,4
CL07420,CONNECT,Abidjan,actif,30,0,7478.833333333333,2,4,4
CL00011,CONNECT,Bouake,actif,30,0,7479.0,5,2,4
CL02690,CONNECT,Bouake,actif,30,0,7479.2,4,3,4
CL02614,CONNECT,Abidjan,actif,30,0,7479.5,5,2,4
CL02806,CONNECT,Korhogo,actif,30,1,7479.666666666667,4,1,4
CL07171,CONNECT,Abidjan,actif,30,0,7479.666666666667,3,5,4
CL05686,CONNECT,Abidjan,actif,30,0,7479.833333333333,3,3,4
CL07196,CONNECT,Abidjan,actif,30,1,7480.0,5,1,4
CL00310,CONNECT,Korhogo,actif,30,1,7480.333333333333,4,1,4
CL07100,CONNECT,Bouake,actif,30,1,7480.666666666667,3,1,4
CL02006,CONNECT,Abidjan,actif,30,0,7482.5,2,4,4
CL00365,CONNECT,Bouake,actif,30,0,7482.666666666667,3,5,4
CL02322,CONNECT,Abidjan,actif,30,1,7482.833333333333,5,1,4
CL07142,CONNECT,Yamoussoukro,actif,30,1,7483.166666666667,5,1,4
CL07715,CONNECT,Abidjan,actif,30,0,7483.2,2,5,4
CL02754,CONNECT,Bouake,actif,30,0,7483.666666666667,4,3,4
CL02037,CONNECT,Abidjan,actif,30,0,7483.8,5,2,4
CL05888,CONNECT,Bouake,actif,30,0,7485.0,2,5,4
CL04634,CONNECT,Abidjan,actif,30,0,7485.666666666667,3,3,4
CL01124,CONNECT,Abidjan,actif,30,0,7485.833333333333,4,3,4
CL05483,CONNECT,Abidjan,actif,30,2,7485.833333333333,3,1,4
CL05970,CONNECT,Bouake,actif,30,1,7486.5,2,2,4
CL06449,CONNECT,Abidjan,actif,30,0,7486.5,4,3,4
CL05839,CONNECT,San-Pedro,actif,30,0,7487.333333333333,2,5,4
CL05804,CONNECT,Bouake,actif,30,0,7487.833333333333,4,2,4
CL06902,CONNECT,Abidjan,actif,30,1,7487.833333333333,4,1,4
CL03607,CONNECT,Abidjan,actif,30,1,7488.166666666667,2,2,4
CL05289,CONNECT,Abidjan,actif,30,0,7488.333333333333,4,3,4
CL01537,CONNECT,Abidjan,actif,30,1,7488.833333333333,5,1,4
CL07373,CONNECT,Abidjan,actif,30,0,7489.0,5,2,4
CL05581,CONNECT,Abidjan,actif,30,1,7489.666666666667,4,1,4
CL02974,CONNECT,Abidjan,actif,30,0,7489.8,5,2,4
CL00918,CONNECT,Bouake,actif,30,0,7489.833333333333,5,2,4
CL03349,CONNECT,San-Pedro,actif,30,0,7489.833333333333,2,5,4
CL07441,CONNECT,Abidjan,actif,30,0,7490.0,4,3,4
CL06261,CONNECT,Abidjan,actif,30,0,7490.333333333333,4,3,4
CL01711,CONNECT,Abidjan,actif,30,0,7490.666666666667,4,3,4
CL02057,CONNECT,San-Pedro,actif,30,0,7490.833333333333,5,2,4
CL02115,CONNECT,San-Pedro,actif,30,0,7491.0,2,5,4
CL00143,CONNECT,Abidjan,actif,30,0,7491.666666666667,2,5,4
CL02762,CONNECT,Bouake,actif,30,2,7491.833333333333,3,1,4
CL02925,CONNECT,Abidjan,actif,30,0,7491.833333333333,3,5,4
CL04549,CONNECT,Yamoussoukro,actif,30,0,7492.5,2,5,4
CL01315,CONNECT,Abidjan,actif,30,0,7493.0,3,3,4
CL06155,CONNECT,Abidjan,actif,30,0,7493.333333333333,2,5,4
CL05451,CONNECT,Korhogo,actif,30,0,7493.666666666667,4,3,4
CL05791,CONNECT,Abidjan,actif,30,0,7493.833333333333,4,2,4
CL03389,CONNECT,Abidjan,actif,30,0,7494.166666666667,2,5,4
CL03996,CONNECT,Abidjan,actif,30,0,7494.5,2,5,4
CL05706,CONNECT,Abidjan,actif,30,1,7495.166666666667,5,1,4
CL07691,CONNECT,Korhogo,actif,30,0,7495.5,2,5,4
CL07550,CONNECT,Abidjan,actif,30,0,7496.0,2,5,4
CL07797,CONNECT,Abidjan,actif,30,2,7496.166666666667,3,1,4
CL00512,CONNECT,Abidjan,actif,30,1,7496.166666666667,5,1,4
CL04236,CONNECT,Abidjan,actif,30,0,7496.166666666667,2,5,4
CL07904,CONNECT,San-Pedro,actif,30,1,7496.5,4,1,4
CL04825,CONNECT,Bouake,actif,30,1,7496.5,5,1,4
CL02112,CONNECT,Abidjan,actif,30,0,7496.5,2,5,4
CL03394,CONNECT,Abidjan,actif,30,0,7497.5,3,3,4
CL00069,CONNECT,Bouake,actif,30,0,7498.166666666667,5,2,4
CL03591,CONNECT,Bouake,actif,30,0,7498.166666666667,3,3,4
CL06376,CONNECT,Abidjan,actif,30,0,7498.5,5,2,4
CL05474,CONNECT,Abidjan,actif,30,0,7499.4,2,5,4
CL02259,CONNECT,Bouake,actif,30,0,7499.5,5,2,4
CL05275,CONNECT,Korhogo,actif,30,0,7499.6,2,5,4
CL07586,CONNECT,Yamoussoukro,actif,30,0,7500.0,3,3,4
CL04124,CONNECT,Abidjan,actif,30,0,7500.833333333333,5,2,4
CL05841,CONNECT,Abidjan,actif,30,1,7501.0,3,1,4
CL05849,CONNECT,Bouake,actif,30,1,7501.0,2,2,4
CL02005,CONNECT,Abidjan,actif,30,0,7501.166666666667,3,5,4
CL05645,CONNECT,Abidjan,actif,30,0,7501.333333333333,3,5,4
CL00043,CONNECT,Abidjan,actif,30,1,7501.833333333333,3,2,4
CL07259,CONNECT,Abidjan,actif,30,0,7502.333333333333,3,5,4
CL06283,CONNECT,Abidjan,actif,30,0,7502.666666666667,5,2,4
CL06004,CONNECT,Abidjan,actif,30,1,7502.833333333333,5,1,4
CL04889,CONNECT,Korhogo,actif,30,0,7504.166666666667,3,3,4
CL00974,CONNECT,Korhogo,actif,30,0,7505.166666666667,5,2,4
CL05073,CONNECT,Abidjan,actif,30,2,7505.333333333333,4,1,4
CL00525,CONNECT,Abidjan,actif,30,0,7506.333333333333,5,2,4
CL07113,CONNECT,Bouake,actif,30,0,7506.5,2,4,4
CL00821,CONNECT,Korhogo,actif,30,0,7506.5,2,5,4
CL05429,CONNECT,Abidjan,actif,30,0,7506.833333333333,4,3,4
CL03815,CONNECT,Bouake,actif,30,0,7506.833333333333,2,5,4
CL01234,CONNECT,Yamoussoukro,actif,30,0,7507.0,4,3,4
CL05946,CONNECT,Korhogo,actif,30,0,7507.333333333333,5,2,4
CL00763,CONNECT,San-Pedro,actif,30,0,7507.5,4,3,4
CL01834,CONNECT,Abidjan,actif,30,0,7507.666666666667,5,2,4
CL04050,CONNECT,Bouake,actif,30,0,7507.666666666667,3,5,4
CL00962,CONNECT,Bouake,actif,30,0,7508.0,3,5,4
CL03609,CONNECT,San-Pedro,actif,30,0,7508.166666666667,3,3,4
CL07093,CONNECT,Bouake,actif,30,1,7508.5,2,1,4
CL07723,CONNECT,Abidjan,actif,30,0,7508.5,2,5,4
CL03415,CONNECT,Abidjan,actif,30,0,7508.666666666667,3,3,4
CL07272,CONNECT,San-Pedro,actif,30,1,7508.833333333333,2,2,4
CL06066,CONNECT,Bouake,actif,30,0,7509.166666666667,5,2,4
CL00084,CONNECT,San-Pedro,actif,30,0,7509.5,2,4,4
CL02540,CONNECT,Abidjan,actif,30,0,7509.833333333333,3,5,4
CL01483,CONNECT,Abidjan,actif,30,1,7510.166666666667,4,1,4
CL01008,CONNECT,Bouake,actif,30,0,7510.166666666667,2,5,4
CL05396,CONNECT,Abidjan,actif,30,0,7510.333333333333,2,5,4
CL05508,CONNECT,Yamoussoukro,actif,30,1,7510.833333333333,2,2,4
CL02401,CONNECT,Abidjan,actif,30,0,7511.0,5,2,4
CL00422,CONNECT,Korhogo,actif,30,0,7511.5,3,5,4
CL07485,CONNECT,Abidjan,actif,30,0,7512.0,5,2,4
CL06710,CONNECT,Korhogo,actif,30,0,7512.0,2,5,4
CL00563,CONNECT,Abidjan,actif,30,0,7512.333333333333,3,3,4
CL03404,CONNECT,Korhogo,actif,30,0,7512.5,3,5,4
CL00866,CONNECT,Bouake,actif,30,0,7513.666666666667,5,2,4
CL03072,CONNECT,Abidjan,actif,30,0,7514.833333333333,2,5,4
CL04385,CONNECT,Abidjan,actif,30,0,7515.166666666667,4,3,4
CL02850,CONNECT,Abidjan,actif,30,2,7515.666666666667,4,1,4
CL04601,CONNECT,Abidjan,actif,30,4,7515.833333333333,4,1,4
CL01170,CONNECT,Yamoussoukro,actif,30,0,7515.833333333333,3,3,4
CL01616,CONNECT,Abidjan,actif,30,1,7516.0,3,2,4
CL06444,CONNECT,Abidjan,actif,30,1,7517.333333333333,4,1,4
CL07532,CONNECT,San-Pedro,actif,30,0,7517.666666666667,2,4,4
CL06432,CONNECT,Abidjan,actif,30,0,7517.833333333333,5,2,4
CL06344,CONNECT,Korhogo,actif,30,0,7518.5,5,2,4
CL07019,CONNECT,Abidjan,actif,30,0,7518.5,3,5,4
CL04164,CONNECT,Abidjan,actif,30,0,7519.0,3,5,4
CL04999,CONNECT,Abidjan,actif,30,0,7519.666666666667,3,3,4
CL07648,CONNECT,Bouake,actif,30,0,7519.833333333333,3,5,4
CL01238,CONNECT,Abidjan,actif,30,0,7519.833333333333,3,5,4
CL02565,CONNECT,Abidjan,actif,30,0,7520.0,5,2,4
CL07281,CONNECT,Abidjan,actif,30,0,7520.0,4,3,4
CL02132,CONNECT,Abidjan,actif,30,0,7520.666666666667,4,3,4
CL03210,CONNECT,Abidjan,actif,30,0,7521.0,2,5,4
CL07006,CONNECT,Abidjan,actif,30,0,7521.166666666667,5,2,4
CL03699,CONNECT,Bouake,actif,30,0,7522.0,5,2,4
CL06293,CONNECT,Bouake,actif,30,1,7522.0,5,1,4
CL01770,CONNECT,Abidjan,actif,30,0,7522.0,3,5,4
CL02526,CONNECT,Abidjan,actif,30,0,7522.333333333333,4,3,4
CL01645,CONNECT,Bouake,actif,30,0,7522.5,4,3,4
CL03760,CONNECT,Abidjan,actif,30,0,7522.5,2,5,4
CL03601,CONNECT,San-Pedro,actif,30,0,7522.666666666667,2,5,4
CL01158,CONNECT,Abidjan,actif,30,0,7523.5,3,3,4
CL01044,CONNECT,Yamoussoukro,actif,30,1,7524.0,3,2,4
CL00608,CONNECT,Abidjan,actif,30,0,7524.0,3,5,4
CL01116,CONNECT,Abidjan,actif,30,2,7524.333333333333,3,1,4
CL02533,CONNECT,Abidjan,actif,30,0,7525.0,3,5,4
CL07674,CONNECT,San-Pedro,actif,30,0,7525.333333333333,4,3,4
CL02672,CONNECT,Bouake,actif,30,0,7525.333333333333,2,5,4
CL00819,CONNECT,Abidjan,actif,30,0,7526.333333333333,2,5,4
CL00716,CONNECT,Abidjan,actif,30,1,7526.4,5,1,4
CL07349,CONNECT,Abidjan,actif,30,0,7526.4,2,5,4
CL00109,CONNECT,Abidjan,actif,30,0,7526.5,5,2,4
CL03378,CONNECT,Abidjan,actif,30,0,7526.5,2,5,4
CL06724,CONNECT,Bouake,actif,30,0,7526.6,2,5,4
CL06240,CONNECT,Korhogo,actif,30,0,7528.166666666667,5,2,4
CL06823,CONNECT,Abidjan,actif,30,0,7528.666666666667,5,2,4
CL00382,CONNECT,Abidjan,actif,30,0,7528.666666666667,5,2,4
CL03308,CONNECT,Bouake,actif,30,1,7529.2,4,1,4
CL07060,CONNECT,Abidjan,actif,30,0,7529.333333333333,5,2,4
CL02890,CONNECT,Abidjan,actif,30,0,7529.333333333333,3,5,4
CL06058,CONNECT,Bouake,actif,30,0,7530.333333333333,5,2,4
CL07213,CONNECT,Bouake,actif,30,0,7530.333333333333,3,5,4
CL06774,CONNECT,Korhogo,actif,30,1,7531.0,4,1,4
CL06341,CONNECT,San-Pedro,actif,30,0,7531.166666666667,5,2,4
CL06296,CONNECT,Abidjan,actif,30,0,7532.166666666667,3,5,4
CL07591,CONNECT,Yamoussoukro,actif,30,0,7532.5,2,5,4
CL06846,CONNECT,Abidjan,actif,30,0,7532.666666666667,4,3,4
CL05051,CONNECT,Bouake,actif,30,0,7533.0,5,2,4
CL01337,CONNECT,Abidjan,actif,30,0,7533.2,4,3,4
CL00148,CONNECT,Abidjan,actif,30,1,7533.5,5,1,4
CL07359,CONNECT,Abidjan,actif,30,0,7534.0,2,4,4
CL03752,CONNECT,Abidjan,actif,30,0,7535.0,3,3,4
CL01090,CONNECT,Abidjan,actif,30,0,7535.166666666667,5,2,4
CL07707,CONNECT,San-Pedro,actif,30,0,7535.333333333333,4,3,4
CL02292,CONNECT,Abidjan,actif,30,0,7535.833333333333,4,3,4
CL03288,CONNECT,Abidjan,actif,30,0,7536.333333333333,2,5,4
CL05393,CONNECT,Yamoussoukro,actif,30,0,7536.333333333333,2,5,4
CL07728,CONNECT,Abidjan,actif,30,1,7536.75,4,1,4
CL05074,CONNECT,Bouake,actif,30,0,7536.8,4,3,4
CL00540,CONNECT,Bouake,actif,30,0,7536.833333333333,5,2,4
CL04241,CONNECT,Bouake,actif,30,0,7537.0,4,3,4
CL00719,CONNECT,Bouake,actif,30,0,7537.166666666667,3,5,4
CL04253,CONNECT,Abidjan,actif,30,0,7537.333333333333,5,2,4
CL00140,CONNECT,Korhogo,actif,30,0,7537.6,5,2,4
CL06519,CONNECT,Korhogo,actif,30,0,7537.833333333333,2,5,4
CL06426,CONNECT,Abidjan,actif,30,1,7538.0,3,1,4
CL07711,CONNECT,Bouake,actif,30,1,7538.166666666667,5,1,4
CL05390,CONNECT,Abidjan,actif,30,0,7538.833333333333,4,3,4
CL07639,CONNECT,Abidjan,actif,30,0,7539.666666666667,2,5,4
CL03563,CONNECT,Abidjan,actif,30,0,7540.0,5,2,4
CL05769,CONNECT,Abidjan,actif,30,0,7540.666666666667,2,5,4
CL07574,CONNECT,Abidjan,actif,30,1,7541.2,4,1,4
CL00740,CONNECT,Korhogo,actif,30,2,7541.5,3,1,4
CL01297,CONNECT,Bouake,actif,30,0,7541.833333333333,3,3,4
CL04763,CONNECT,Abidjan,actif,30,1,7543.0,3,1,4
CL05913,CONNECT,Abidjan,actif,30,0,7543.5,5,2,4
CL06481,CONNECT,Abidjan,actif,30,2,7543.5,2,1,4
CL05603,CONNECT,Korhogo,actif,30,1,7543.6,5,1,4
CL06549,CONNECT,Korhogo,actif,30,0,7544.5,3,5,4
CL05254,CONNECT,Yamoussoukro,actif,30,0,7545.0,5,2,4
CL00012,CONNECT,Abidjan,actif,30,0,7545.333333333333,4,3,4
CL01972,CONNECT,Abidjan,actif,30,0,7545.6,5,2,4
CL03368,CONNECT,San-Pedro,actif,30,2,7545.666666666667,4,1,4
CL07125,CONNECT,Bouake,actif,30,0,7545.8,3,5,4
CL02838,CONNECT,Yamoussoukro,actif,30,1,7546.5,3,2,4
CL05628,CONNECT,Korhogo,actif,30,0,7547.0,5,2,4
CL04365,CONNECT,Abidjan,actif,30,1,7547.2,5,1,4
CL01211,CONNECT,Korhogo,actif,30,0,7547.25,3,5,4
CL03219,CONNECT,Abidjan,actif,30,0,7547.5,4,3,4
CL07283,CONNECT,Abidjan,actif,30,0,7547.833333333333,4,3,4
CL04903,CONNECT,Yamoussoukro,actif,30,0,7548.0,2,5,4
CL00066,CONNECT,Abidjan,actif,30,0,7548.333333333333,5,2,4
CL02060,CONNECT,Yamoussoukro,actif,30,0,7548.666666666667,2,5,4
CL01727,CONNECT,Yamoussoukro,actif,30,0,7548.666666666667,2,5,4
CL00955,CONNECT,Korhogo,actif,30,0,7549.0,2,5,4
CL06054,CONNECT,Yamoussoukro,actif,30,0,7549.166666666667,3,3,4
CL01503,CONNECT,San-Pedro,actif,30,0,7549.833333333333,4,3,4
CL03799,CONNECT,Yamoussoukro,actif,30,2,7550.0,5,1,4
CL06667,CONNECT,Bouake,actif,30,0,7550.166666666667,5,2,4
CL05349,CONNECT,Abidjan,actif,30,0,7550.166666666667,5,2,4
CL06947,CONNECT,Abidjan,actif,30,1,7550.166666666667,4,1,4
CL00892,CONNECT,Abidjan,actif,30,0,7550.666666666667,5,2,4
CL05560,CONNECT,Abidjan,actif,30,0,7550.666666666667,2,5,4
CL03593,CONNECT,Abidjan,actif,30,2,7551.166666666667,5,1,4
CL00553,CONNECT,Korhogo,actif,30,0,7552.2,3,5,4
CL04154,CONNECT,Abidjan,actif,30,0,7553.5,2,5,4
CL01764,CONNECT,San-Pedro,actif,30,0,7554.333333333333,3,3,4
CL03118,CONNECT,Yamoussoukro,actif,30,0,7554.5,3,5,4
CL05550,CONNECT,Yamoussoukro,actif,30,0,7554.833333333333,4,3,4
CL04077,CONNECT,Abidjan,actif,30,0,7555.666666666667,4,3,4
CL01890,CONNECT,Abidjan,actif,30,1,7555.666666666667,2,2,4
CL04244,CONNECT,Abidjan,actif,30,0,7555.666666666667,2,5,4
CL02493,CONNECT,Abidjan,actif,30,0,7556.0,4,3,4
CL07036,CONNECT,Abidjan,actif,30,0,7556.0,3,5,4
CL02460,CONNECT,San-Pedro,actif,30,0,7556.166666666667,4,3,4
CL01378,CONNECT,Bouake,actif,30,1,7557.0,5,1,4
CL06632,CONNECT,Abidjan,actif,30,1,7557.166666666667,3,1,4
CL01783,CONNECT,Abidjan,actif,30,0,7557.333333333333,2,5,4
CL01150,CONNECT,Abidjan,actif,30,0,7557.5,3,5,4
CL05636,CONNECT,Abidjan,actif,30,1,7558.0,2,1,4
CL03985,CONNECT,Abidjan,actif,30,0,7558.5,3,5,4
CL04581,CONNECT,Abidjan,actif,30,0,7558.833333333333,2,5,4
CL02275,CONNECT,Abidjan,actif,30,0,7559.0,4,3,4
CL02312,CONNECT,Abidjan,actif,30,0,7559.166666666667,5,2,4
CL03709,CONNECT,Abidjan,actif,30,0,7559.166666666667,2,5,4
CL05039,CONNECT,Abidjan,actif,30,2,7559.666666666667,3,1,4
CL03931,CONNECT,Abidjan,actif,30,0,7560.166666666667,2,5,4
CL06002,CONNECT,San-Pedro,actif,30,0,7560.333333333333,4,3,4
CL03000,CONNECT,Yamoussoukro,actif,30,0,7560.833333333333,3,5,4
CL01513,CONNECT,San-Pedro,actif,30,0,7561.166666666667,5,2,4
CL07357,CONNECT,Abidjan,actif,30,0,7561.166666666667,2,5,4
CL02926,CONNECT,Abidjan,actif,30,0,7561.166666666667,2,5,4
CL07395,CONNECT,Korhogo,actif,30,0,7561.5,5,2,4
CL01781,CONNECT,Korhogo,actif,30,0,7562.0,4,3,4
CL01026,CONNECT,Bouake,actif,30,0,7562.333333333333,5,2,4
CL03757,CONNECT,Abidjan,actif,30,0,7563.166666666667,5,2,4
CL05065,CONNECT,Abidjan,actif,30,0,7563.833333333333,5,2,4
CL03857,CONNECT,Yamoussoukro,actif,30,0,7564.6,3,3,4
CL00503,CONNECT,Bouake,actif,30,2,7565.0,5,1,4
CL04689,CONNECT,Abidjan,actif,30,0,7565.333333333333,2,5,4
CL04055,CONNECT,Abidjan,actif,30,0,7565.5,3,5,4
CL02860,CONNECT,Bouake,actif,30,0,7566.5,4,3,4
CL07764,CONNECT,Abidjan,actif,30,1,7566.666666666667,4,1,4
CL02781,CONNECT,Abidjan,actif,30,0,7567.0,4,3,4
CL04148,CONNECT,Abidjan,actif,30,1,7567.0,3,1,4
CL02656,CONNECT,Bouake,actif,30,1,7567.0,5,1,4
CL06028,CONNECT,Abidjan,actif,30,0,7567.333333333333,2,5,4
CL07912,CONNECT,San-Pedro,actif,30,0,7567.8,5,2,4
CL06242,CONNECT,Abidjan,actif,30,0,7568.166666666667,3,5,4
CL03173,CONNECT,Abidjan,actif,30,0,7568.666666666667,3,5,4
CL00561,CONNECT,Yamoussoukro,actif,30,0,7568.8,5,2,4
CL07930,CONNECT,Abidjan,actif,30,0,7569.666666666667,3,3,4
CL00840,CONNECT,Abidjan,actif,30,1,7570.0,3,1,4
CL00065,CONNECT,Bouake,actif,30,0,7570.666666666667,3,5,4
CL03335,CONNECT,Abidjan,actif,30,0,7570.833333333333,4,3,4
CL02064,CONNECT,Abidjan,actif,30,1,7572.6,5,1,4
CL00472,CONNECT,Bouake,actif,30,0,7573.0,4,3,4
CL04449,CONNECT,Abidjan,actif,30,0,7573.333333333333,2,5,4
CL06322,CONNECT,Yamoussoukro,actif,30,0,7573.833333333333,5,2,4
CL03313,CONNECT,Yamoussoukro,actif,30,0,7573.833333333333,3,3,4
CL03113,CONNECT,Abidjan,actif,30,0,7573.833333333333,2,5,4
CL05652,CONNECT,Abidjan,actif,30,0,7574.166666666667,4,2,4
CL02786,CONNECT,Abidjan,actif,30,1,7574.833333333333,4,1,4
CL00664,CONNECT,Abidjan,actif,30,0,7575.0,4,3,4
CL03905,CONNECT,Abidjan,actif,30,0,7575.333333333333,4,3,4
CL02835,CONNECT,Abidjan,actif,30,0,7576.166666666667,5,2,4
CL02094,CONNECT,Abidjan,actif,30,0,7576.4,5,2,4
CL06161,CONNECT,Abidjan,actif,30,0,7576.666666666667,2,5,4
CL01309,CONNECT,Abidjan,actif,30,0,7577.0,3,3,4
CL07049,CONNECT,Abidjan,actif,30,0,7577.666666666667,5,2,4
CL06933,CONNECT,Abidjan,actif,30,0,7577.666666666667,3,3,4
CL07782,CONNECT,Yamoussoukro,actif,30,1,7578.4,3,2,4
CL00935,CONNECT,Bouake,actif,30,0,7578.833333333333,3,3,4
CL03843,CONNECT,Bouake,actif,30,0,7579.5,3,5,4
CL05179,CONNECT,Abidjan,actif,30,1,7579.6,3,1,4
CL07979,CONNECT,Korhogo,actif,30,0,7579.833333333333,5,2,4
CL07883,CONNECT,Bouake,actif,30,1,7579.833333333333,3,2,4
CL01966,CONNECT,Yamoussoukro,actif,30,0,7580.333333333333,2,5,4
CL06045,CONNECT,Abidjan,actif,30,0,7581.166666666667,4,2,4
CL06229,CONNECT,Abidjan,actif,30,0,7581.333333333333,3,3,4
CL06358,CONNECT,Abidjan,actif,30,1,7582.0,2,2,4
CL00263,CONNECT,Bouake,actif,30,2,7583.4,3,1,4
CL02745,CONNECT,Abidjan,actif,30,0,7583.5,5,2,4
CL01153,CONNECT,Bouake,actif,30,0,7583.5,5,2,4
CL00629,CONNECT,Abidjan,actif,30,0,7583.5,3,5,4
CL01301,CONNECT,Abidjan,actif,30,0,7583.833333333333,4,3,4
CL06111,CONNECT,Abidjan,actif,30,0,7584.5,2,5,4
CL07220,CONNECT,Abidjan,actif,30,0,7585.166666666667,5,2,4
CL05042,CONNECT,Abidjan,actif,30,0,7585.4,5,2,4
CL06192,CONNECT,Yamoussoukro,actif,30,0,7585.5,5,2,4
CL00715,CONNECT,Abidjan,actif,30,0,7586.166666666667,4,3,4
CL00809,CONNECT,Yamoussoukro,actif,30,0,7587.333333333333,3,3,4
CL02361,CONNECT,Bouake,actif,30,1,7587.5,3,2,4
CL01511,CONNECT,San-Pedro,actif,30,0,7588.0,5,2,4
CL07650,CONNECT,Abidjan,actif,30,0,7588.2,4,3,4
CL03017,CONNECT,Abidjan,actif,30,0,7588.333333333333,2,5,4
CL04430,CONNECT,Abidjan,actif,30,0,7588.5,4,3,4
CL03176,CONNECT,Abidjan,actif,30,0,7588.666666666667,2,5,4
CL02701,CONNECT,San-Pedro,actif,30,0,7589.333333333333,5,2,4
CL02205,CONNECT,Abidjan,actif,30,1,7589.833333333333,4,1,4
CL01034,CONNECT,Abidjan,actif,30,1,7590.0,3,2,4
CL00028,CONNECT,Abidjan,actif,30,1,7590.5,4,1,4
CL06329,CONNECT,Abidjan,actif,30,0,7590.833333333333,2,5,4
CL05496,CONNECT,Abidjan,actif,30,2,7591.0,3,1,4
CL04010,CONNECT,Bouake,actif,30,0,7591.0,5,2,4
CL05958,CONNECT,Bouake,actif,30,0,7591.333333333333,2,5,4
CL04071,CONNECT,Bouake,actif,30,0,7591.5,5,2,4
CL06466,CONNECT,Korhogo,actif,30,0,7591.5,3,3,4
CL01129,CONNECT,Korhogo,actif,30,0,7591.666666666667,2,5,4
CL01365,CONNECT,Abidjan,actif,30,0,7592.0,5,2,4
CL04440,CONNECT,Yamoussoukro,actif,30,0,7593.5,2,5,4
CL04308,CONNECT,Abidjan,actif,30,0,7594.5,3,3,4
CL05947,CONNECT,Abidjan,actif,30,0,7594.5,4,3,4
CL02498,CONNECT,Korhogo,actif,30,0,7594.666666666667,5,2,4
CL02874,CONNECT,Yamoussoukro,actif,30,0,7594.666666666667,3,5,4
CL07278,CONNECT,Bouake,actif,30,0,7595.0,5,2,4
CL06394,CONNECT,Abidjan,actif,30,0,7595.0,4,3,4
CL02717,CONNECT,San-Pedro,actif,30,0,7595.166666666667,4,3,4
CL07563,CONNECT,Bouake,actif,30,2,7595.5,5,1,4
CL00448,CONNECT,Yamoussoukro,actif,30,0,7596.0,2,5,4
CL02108,CONNECT,Abidjan,actif,30,1,7596.5,4,1,4
CL07185,CONNECT,Korhogo,actif,30,0,7597.166666666667,2,5,4
CL05669,CONNECT,Yamoussoukro,actif,30,0,7598.0,5,2,4
CL05699,CONNECT,Abidjan,actif,30,0,7598.333333333333,5,2,4
CL03727,CONNECT,Abidjan,actif,30,0,7599.666666666667,5,2,4
CL03785,CONNECT,Abidjan,actif,30,0,7599.833333333333,3,5,4
CL04060,CONNECT,San-Pedro,actif,30,0,7600.0,5,2,4
CL07849,CONNECT,Abidjan,actif,30,1,7600.333333333333,5,1,4
CL07398,CONNECT,Korhogo,actif,30,0,7601.333333333333,3,5,4
CL05513,CONNECT,Bouake,actif,30,0,7601.5,5,2,4
CL03954,CONNECT,Abidjan,actif,30,0,7602.0,4,3,4
CL06442,CONNECT,Korhogo,actif,30,0,7602.833333333333,3,5,4
CL02158,CONNECT,Yamoussoukro,actif,30,0,7603.166666666667,2,5,4
CL06049,CONNECT,Korhogo,actif,30,0,7603.5,5,2,4
CL00208,CONNECT,Abidjan,actif,30,1,7604.2,3,2,4
CL07303,CONNECT,Abidjan,actif,30,1,7604.333333333333,5,1,4
CL05894,CONNECT,Abidjan,actif,30,1,7604.75,4,1,4
CL06600,CONNECT,Abidjan,actif,30,0,7605.0,4,2,4
CL03068,CONNECT,Abidjan,actif,30,1,7605.0,3,2,4
CL06752,CONNECT,San-Pedro,actif,30,0,7605.0,2,5,4
CL00748,CONNECT,Abidjan,actif,30,0,7605.333333333333,3,3,4
CL02027,CONNECT,Abidjan,actif,30,0,7606.333333333333,3,5,4
CL03570,CONNECT,San-Pedro,actif,30,0,7606.666666666667,2,5,4
CL00873,CONNECT,Abidjan,actif,30,0,7607.666666666667,5,2,4
CL02542,CONNECT,San-Pedro,actif,30,1,7608.333333333333,3,2,4
CL03083,CONNECT,Yamoussoukro,actif,30,0,7609.0,5,2,4
CL00337,CONNECT,Bouake,actif,30,0,7609.166666666667,5,2,4
CL02410,CONNECT,Bouake,actif,30,0,7609.2,5,2,4
CL01604,CONNECT,Bouake,actif,30,0,7609.833333333333,3,3,4
CL07955,CONNECT,Abidjan,actif,30,0,7610.2,4,3,4
CL07096,CONNECT,Abidjan,actif,30,0,7610.2,2,5,4
CL07739,CONNECT,Bouake,actif,30,0,7610.333333333333,2,4,4
CL05975,CONNECT,Abidjan,actif,30,0,7610.833333333333,2,5,4
CL03280,CONNECT,Bouake,actif,30,0,7611.166666666667,5,2,4
CL06325,CONNECT,Abidjan,actif,30,0,7612.666666666667,4,2,4
CL07946,CONNECT,Yamoussoukro,actif,30,0,7613.0,3,5,4
CL04992,CONNECT,Abidjan,actif,30,0,7613.666666666667,4,3,4
CL05169,CONNECT,Abidjan,actif,30,0,7613.833333333333,4,3,4
CL01524,CONNECT,Abidjan,actif,30,0,7614.0,5,2,4
CL04734,CONNECT,Bouake,actif,30,0,7614.0,2,5,4
CL05901,CONNECT,Korhogo,actif,30,1,7615.833333333333,2,2,4
CL06205,CONNECT,Abidjan,actif,30,0,7616.0,3,5,4
CL00345,CONNECT,Abidjan,actif,30,0,7616.333333333333,5,2,4
CL06968,CONNECT,Abidjan,actif,30,0,7616.5,4,3,4
CL00827,CONNECT,Abidjan,actif,30,1,7616.833333333333,3,1,4
CL05673,CONNECT,Bouake,actif,30,2,7617.5,4,1,4
CL00042,CONNECT,Bouake,actif,30,0,7617.5,2,4,4
CL01097,CONNECT,Abidjan,actif,30,0,7617.833333333333,4,3,4
CL04022,CONNECT,Abidjan,actif,30,0,7618.0,2,5,4
CL04455,CONNECT,Korhogo,actif,30,0,7618.4,5,2,4
CL05882,CONNECT,San-Pedro,actif,30,0,7618.6,3,3,4
CL02343,CONNECT,San-Pedro,actif,30,0,7619.666666666667,2,5,4
CL03501,CONNECT,San-Pedro,actif,30,0,7619.833333333333,3,3,4
CL01071,CONNECT,Korhogo,actif,30,0,7620.333333333333,4,3,4
CL03856,CONNECT,Abidjan,actif,30,1,7620.4,4,1,4
CL03268,CONNECT,San-Pedro,actif,30,0,7620.8,3,3,4
CL07906,CONNECT,Abidjan,actif,30,0,7621.0,2,4,4
CL02705,CONNECT,Bouake,actif,30,0,7621.333333333333,3,5,4
CL05944,CONNECT,Abidjan,actif,30,0,7622.333333333333,2,5,4
CL03367,CONNECT,Bouake,actif,30,1,7622.5,5,1,4
CL03762,CONNECT,Abidjan,actif,30,0,7622.666666666667,3,3,4
CL05688,CONNECT,Abidjan,actif,30,0,7623.0,4,3,4
CL03561,CONNECT,Abidjan,actif,30,0,7624.833333333333,2,5,4
CL05355,CONNECT,Abidjan,actif,30,0,7624.833333333333,2,5,4
CL00303,CONNECT,Abidjan,actif,30,0,7625.5,5,2,4
CL04173,CONNECT,Abidjan,actif,30,0,7626.666666666667,4,3,4
CL04530,CONNECT,Bouake,actif,30,2,7626.666666666667,3,1,4
CL06871,CONNECT,Abidjan,actif,30,0,7626.833333333333,3,5,4
CL06529,CONNECT,Bouake,actif,30,1,7627.0,2,1,4
CL07725,CONNECT,Abidjan,actif,30,0,7627.333333333333,5,2,4
CL04403,CONNECT,Yamoussoukro,actif,30,1,7627.333333333333,4,1,4
CL07481,CONNECT,Abidjan,actif,30,0,7627.8,5,2,4
CL00364,CONNECT,Abidjan,actif,30,1,7627.8,3,2,4
CL02556,CONNECT,Yamoussoukro,actif,30,0,7628.4,5,2,4
CL07645,CONNECT,Abidjan,actif,30,0,7629.833333333333,4,3,4
CL04577,CONNECT,Abidjan,actif,30,1,7630.0,3,2,4
CL02267,CONNECT,Bouake,actif,30,0,7630.166666666667,5,2,4
CL01663,CONNECT,Abidjan,actif,30,0,7630.2,4,3,4
CL06852,CONNECT,Abidjan,actif,30,0,7630.666666666667,4,3,4
CL02103,CONNECT,Bouake,actif,30,0,7630.666666666667,3,5,4
CL01963,CONNECT,Abidjan,actif,30,0,7631.166666666667,3,3,4
CL02196,CONNECT,Abidjan,actif,30,2,7631.666666666667,3,1,4
CL04309,CONNECT,Abidjan,actif,30,0,7631.833333333333,2,5,4
CL07696,CONNECT,Abidjan,actif,30,0,7632.166666666667,2,4,4
CL01208,CONNECT,Abidjan,actif,30,0,7632.333333333333,2,5,4
CL07745,CONNECT,Bouake,actif,30,0,7632.666666666667,2,5,4
CL03202,CONNECT,Abidjan,actif,30,0,7633.166666666667,2,5,4
CL02002,CONNECT,Abidjan,actif,30,0,7633.5,2,5,4
CL05842,CONNECT,Abidjan,actif,30,0,7635.5,4,2,4
CL03499,CONNECT,Yamoussoukro,actif,30,0,7635.666666666667,3,3,4
CL02522,CONNECT,Abidjan,actif,30,1,7635.833333333333,4,1,4
CL03527,CONNECT,Abidjan,actif,30,0,7636.0,2,5,4
CL04642,CONNECT,Abidjan,actif,30,0,7636.666666666667,4,3,4
CL03638,CONNECT,Bouake,actif,30,0,7637.0,5,2,4
CL03234,CONNECT,San-Pedro,actif,30,1,7637.4,4,1,4
CL04555,CONNECT,Abidjan,actif,30,1,7637.666666666667,3,1,4
CL00917,CONNECT,Abidjan,actif,30,0,7638.2,5,2,4
CL04714,CONNECT,Korhogo,actif,30,1,7638.833333333333,4,1,4
CL07286,CONNECT,Abidjan,actif,30,0,7639.166666666667,5,2,4
CL03524,CONNECT,Abidjan,actif,30,1,7639.166666666667,2,2,4
CL07948,CONNECT,Abidjan,actif,30,0,7639.666666666667,5,2,4
CL04117,CONNECT,Abidjan,actif,30,1,7639.833333333333,3,2,4
CL01532,CONNECT,Abidjan,actif,30,0,7640.333333333333,2,5,4
CL06076,CONNECT,Korhogo,actif,30,0,7641.5,5,2,4
CL05537,CONNECT,Yamoussoukro,actif,30,0,7642.0,3,3,4
CL02855,CONNECT,Abidjan,actif,30,0,7642.0,3,5,4
CL06562,CONNECT,San-Pedro,actif,30,0,7642.166666666667,3,3,4
CL00051,CONNECT,Bouake,actif,30,0,7643.833333333333,4,3,4
CL01328,CONNECT,Yamoussoukro,actif,30,1,7644.75,3,2,4
CL03143,CONNECT,Yamoussoukro,actif,30,0,7646.833333333333,3,5,4
CL00166,CONNECT,San-Pedro,actif,30,1,7647.0,3,2,4
CL02091,CONNECT,Bouake,actif,30,0,7647.2,2,5,4
CL02666,CONNECT,Abidjan,actif,30,2,7647.333333333333,2,1,4
CL04565,CONNECT,Abidjan,actif,30,0,7647.6,4,3,4
CL03449,CONNECT,Bouake,actif,30,1,7647.666666666667,5,1,4
CL06011,CONNECT,Abidjan,actif,30,0,7648.333333333333,4,2,4
CL06443,CONNECT,Abidjan,actif,30,0,7648.666666666667,4,3,4
CL00626,CONNECT,Yamoussoukro,actif,30,0,7649.166666666667,4,3,4
CL00412,CONNECT,San-Pedro,actif,30,0,7649.333333333333,3,3,4
CL07495,CONNECT,Abidjan,actif,30,0,7650.0,5,2,4
CL05498,CONNECT,Abidjan,actif,30,0,7650.0,3,5,4
CL01824,CONNECT,Yamoussoukro,actif,30,1,7651.0,4,1,4
CL02647,CONNECT,Yamoussoukro,actif,30,0,7651.333333333333,3,3,4
CL04709,CONNECT,Yamoussoukro,actif,30,1,7651.4,4,1,4
CL02175,CONNECT,Abidjan,actif,30,0,7651.5,2,5,4
CL02782,CONNECT,Abidjan,actif,30,0,7652.0,3,3,4
CL05960,CONNECT,Abidjan,actif,30,0,7652.166666666667,5,2,4
CL07820,CONNECT,Abidjan,actif,30,0,7652.5,3,3,4
CL04507,CONNECT,San-Pedro,actif,30,0,7652.5,5,2,4
CL05195,CONNECT,Yamoussoukro,actif,30,0,7653.166666666667,4,3,4
CL05797,CONNECT,Abidjan,actif,30,0,7653.333333333333,5,2,4
CL02763,CONNECT,Abidjan,actif,30,0,7653.5,3,3,4
CL05494,CONNECT,Bouake,actif,30,0,7653.666666666667,2,5,4
CL03789,CONNECT,Abidjan,actif,30,0,7654.333333333333,3,5,4
CL07628,CONNECT,Bouake,actif,30,0,7654.666666666667,5,2,4
CL07164,CONNECT,Abidjan,actif,30,0,7654.666666666667,5,2,4
CL01964,CONNECT,San-Pedro,actif,30,1,7655.0,3,2,4
CL07334,CONNECT,Bouake,actif,30,0,7655.0,4,3,4
CL06414,CONNECT,Korhogo,actif,30,0,7655.333333333333,2,5,4
CL07603,CONNECT,Abidjan,actif,30,2,7656.5,5,1,4
CL07629,CONNECT,Yamoussoukro,actif,30,0,7656.6,5,2,4
CL03468,CONNECT,Bouake,actif,30,0,7657.333333333333,5,2,4
CL05868,CONNECT,Abidjan,actif,30,0,7657.6,3,5,4
CL01218,CONNECT,Abidjan,actif,30,0,7658.0,3,5,4
CL07620,CONNECT,Korhogo,actif,30,0,7658.333333333333,3,3,4
CL04607,CONNECT,Korhogo,actif,30,0,7658.5,3,3,4
CL05016,CONNECT,Abidjan,actif,30,0,7659.166666666667,3,3,4
CL05830,CONNECT,Abidjan,actif,30,0,7659.333333333333,3,3,4
CL00746,CONNECT,Bouake,actif,30,1,7659.5,5,1,4
CL02891,CONNECT,Bouake,actif,30,1,7660.0,3,1,4
CL07872,CONNECT,Abidjan,actif,30,1,7660.4,5,1,4
CL07451,CONNECT,Abidjan,actif,30,0,7660.833333333333,5,2,4
CL05595,CONNECT,Bouake,actif,30,0,7661.166666666667,5,2,4
CL06230,CONNECT,Abidjan,actif,30,0,7662.2,2,5,4
CL01024,CONNECT,Abidjan,actif,30,0,7662.333333333333,5,2,4
CL02938,CONNECT,Abidjan,actif,30,0,7662.5,4,3,4
CL07599,CONNECT,Abidjan,actif,30,0,7662.833333333333,2,5,4
CL01495,CONNECT,Abidjan,actif,30,0,7663.0,2,5,4
CL03719,CONNECT,Abidjan,actif,30,0,7663.166666666667,4,3,4
CL01438,CONNECT,Abidjan,actif,30,0,7663.333333333333,2,5,4
CL03327,CONNECT,Abidjan,actif,30,0,7663.833333333333,4,3,4
CL06766,CONNECT,Abidjan,actif,30,0,7664.5,4,2,4
CL04888,CONNECT,Yamoussoukro,actif,30,0,7664.666666666667,5,2,4
CL05418,CONNECT,Abidjan,actif,30,2,7664.666666666667,4,1,4
CL01552,CONNECT,Abidjan,actif,30,1,7665.0,2,2,4
CL00988,CONNECT,Bouake,actif,30,0,7665.166666666667,3,5,4
CL01083,CONNECT,Abidjan,actif,30,0,7665.2,5,2,4
CL01745,CONNECT,Bouake,actif,30,0,7665.4,2,5,4
CL01359,CONNECT,Abidjan,actif,30,0,7666.0,5,2,4
CL00537,CONNECT,Bouake,actif,30,0,7666.0,3,3,4
CL04225,CONNECT,Abidjan,actif,30,1,7666.333333333333,3,2,4
CL01455,CONNECT,Abidjan,actif,30,0,7666.5,2,4,4
CL00292,CONNECT,Abidjan,actif,30,0,7666.833333333333,2,4,4
CL06267,CONNECT,Bouake,actif,30,0,7667.166666666667,5,2,4
CL07475,CONNECT,Abidjan,actif,30,1,7667.666666666667,4,1,4
CL04963,CONNECT,Abidjan,actif,30,0,7667.666666666667,2,5,4
CL06919,CONNECT,Bouake,actif,30,0,7668.0,5,2,4
CL06592,CONNECT,Bouake,actif,30,0,7668.333333333333,3,5,4
CL03680,CONNECT,Abidjan,actif,30,1,7669.0,2,2,4
CL04387,CONNECT,Abidjan,actif,30,0,7669.166666666667,4,3,4
CL05391,CONNECT,Abidjan,actif,30,0,7669.166666666667,2,5,4
CL07084,CONNECT,Yamoussoukro,actif,30,0,7669.666666666667,5,2,4
CL02414,CONNECT,Abidjan,actif,30,0,7669.666666666667,5,2,4
CL04648,CONNECT,Abidjan,actif,30,1,7669.833333333333,4,1,4
CL01159,CONNECT,Bouake,actif,30,0,7670.5,3,5,4
CL04161,CONNECT,Abidjan,actif,30,1,7671.333333333333,3,1,4
CL06247,CONNECT,Bouake,actif,30,1,7671.833333333333,3,1,4
CL01825,CONNECT,Abidjan,actif,30,0,7671.833333333333,4,3,4
CL00613,CONNECT,Abidjan,actif,30,0,7672.0,2,5,4
CL02951,CONNECT,Abidjan,actif,30,0,7672.0,2,5,4
CL06788,CONNECT,Abidjan,actif,30,0,7672.166666666667,3,5,4
CL00307,CONNECT,Abidjan,actif,30,0,7672.833333333333,5,2,4
CL01804,CONNECT,Yamoussoukro,actif,30,1,7673.833333333333,3,2,4
CL01595,CONNECT,Korhogo,actif,30,0,7674.0,5,2,4
CL04258,CONNECT,Korhogo,actif,30,0,7674.166666666667,4,3,4
CL06899,CONNECT,Yamoussoukro,actif,30,0,7674.333333333333,3,3,4
CL01863,CONNECT,Abidjan,actif,30,0,7675.333333333333,5,2,4
CL05457,CONNECT,Bouake,actif,30,0,7675.333333333333,2,5,4
CL00625,CONNECT,Abidjan,actif,30,3,7675.666666666667,2,1,4
CL02659,CONNECT,Abidjan,actif,30,0,7676.0,4,3,4
CL00135,CONNECT,Yamoussoukro,actif,30,0,7676.5,4,3,4
CL05885,CONNECT,Abidjan,actif,30,0,7676.666666666667,5,2,4
CL02405,CONNECT,Korhogo,actif,30,0,7676.666666666667,4,3,4
CL06962,CONNECT,San-Pedro,actif,30,0,7677.166666666667,2,5,4
CL07608,CONNECT,Abidjan,actif,30,0,7677.333333333333,3,3,4
CL04865,CONNECT,Abidjan,actif,30,0,7679.166666666667,4,3,4
CL06456,CONNECT,Abidjan,actif,30,0,7679.5,2,5,4
CL07592,CONNECT,Bouake,actif,30,0,7679.833333333333,3,3,4
CL03085,CONNECT,San-Pedro,actif,30,0,7680.0,4,3,4
CL07663,CONNECT,Abidjan,actif,30,0,7680.6,4,3,4
CL06630,CONNECT,Abidjan,actif,30,0,7680.666666666667,4,3,4
CL07457,CONNECT,Bouake,actif,30,0,7681.333333333333,4,3,4
CL05893,CONNECT,Yamoussoukro,actif,30,0,7681.333333333333,5,2,4
CL03045,CONNECT,Abidjan,actif,30,1,7681.8,3,2,4
CL06097,CONNECT,Bouake,actif,30,1,7682.0,3,1,4
CL03011,CONNECT,Korhogo,actif,30,0,7682.333333333333,2,5,4
CL06660,CONNECT,Korhogo,actif,30,0,7684.5,2,5,4
CL02032,CONNECT,San-Pedro,actif,30,1,7685.333333333333,3,2,4
CL07012,CONNECT,Bouake,actif,30,0,7685.666666666667,4,2,4
CL04652,CONNECT,Abidjan,actif,30,1,7686.5,4,1,4
CL00127,CONNECT,Abidjan,actif,30,1,7686.666666666667,4,1,4
CL06417,CONNECT,Abidjan,actif,30,0,7686.666666666667,4,3,4
CL03318,CONNECT,Bouake,actif,30,1,7687.333333333333,2,2,4
CL04758,CONNECT,San-Pedro,actif,30,0,7687.5,4,3,4
CL06498,CONNECT,Abidjan,actif,30,0,7688.166666666667,5,2,4
CL02424,CONNECT,Abidjan,actif,30,2,7688.5,2,1,4
CL04394,CONNECT,Korhogo,actif,30,0,7688.5,2,5,4
CL04297,CONNECT,Bouake,actif,30,0,7689.2,5,2,4
CL00016,CONNECT,Abidjan,actif,30,0,7689.6,5,2,4
CL01861,CONNECT,Bouake,actif,30,0,7689.833333333333,3,5,4
CL01661,CONNECT,Abidjan,actif,30,1,7690.0,5,1,4
CL02316,CONNECT,Yamoussoukro,actif,30,0,7690.5,2,5,4
CL01253,CONNECT,Abidjan,actif,30,0,7691.166666666667,3,3,4
CL06642,CONNECT,Abidjan,actif,30,0,7691.333333333333,3,3,4
CL03643,CONNECT,Yamoussoukro,actif,30,0,7691.5,5,2,4
CL07168,CONNECT,San-Pedro,actif,30,0,7691.5,4,3,4
CL01445,CONNECT,Abidjan,actif,30,0,7691.666666666667,5,2,4
CL02662,CONNECT,Abidjan,actif,30,0,7691.833333333333,5,2,4
CL04086,CONNECT,Yamoussoukro,actif,30,1,7692.333333333333,4,1,4
CL06772,CONNECT,Yamoussoukro,actif,30,0,7692.666666666667,3,3,4
CL01685,CONNECT,Abidjan,actif,30,1,7693.666666666667,3,2,4
CL02038,CONNECT,Abidjan,actif,30,2,7694.333333333333,4,1,4
CL06503,CONNECT,Abidjan,actif,30,0,7694.5,3,5,4
CL03266,CONNECT,Abidjan,actif,30,0,7694.833333333333,2,5,4
CL03385,CONNECT,Korhogo,actif,30,0,7695.0,3,3,4
CL00107,CONNECT,Abidjan,actif,30,1,7695.0,4,1,4
CL07298,CONNECT,San-Pedro,actif,30,0,7695.166666666667,4,3,4
CL00214,CONNECT,Yamoussoukro,actif,30,0,7695.333333333333,2,5,4
CL05663,CONNECT,Abidjan,actif,30,0,7695.8,5,2,4
CL00674,CONNECT,Abidjan,actif,30,0,7696.166666666667,5,2,4
CL04170,CONNECT,Bouake,actif,30,1,7696.333333333333,3,2,4
CL02464,CONNECT,Yamoussoukro,actif,30,2,7696.6,3,1,4
CL05011,CONNECT,Abidjan,actif,30,1,7697.166666666667,5,1,4
CL06106,CONNECT,Abidjan,actif,30,0,7697.333333333333,4,2,4
CL07143,CONNECT,Abidjan,actif,30,1,7697.333333333333,5,1,4
CL06424,CONNECT,Abidjan,actif,30,1,7698.333333333333,2,2,4
CL03391,CONNECT,Abidjan,actif,30,1,7698.5,5,1,4
CL05557,CONNECT,Bouake,actif,30,1,7699.0,3,1,4
CL06497,CONNECT,San-Pedro,actif,30,2,7699.333333333333,4,1,4
CL04118,CONNECT,Abidjan,actif,30,1,7700.0,2,2,4
CL02741,CONNECT,Abidjan,actif,30,0,7700.166666666667,2,5,4
CL03329,CONNECT,Korhogo,actif,30,0,7700.333333333333,4,3,4
CL02707,CONNECT,Bouake,actif,30,0,7701.0,5,2,4
CL00533,CONNECT,Abidjan,actif,30,0,7702.166666666667,4,3,4
CL07446,CONNECT,Abidjan,actif,30,2,7702.166666666667,2,1,4
CL06594,CONNECT,Abidjan,actif,30,1,7702.2,2,1,4
CL04757,CONNECT,Abidjan,actif,30,0,7702.333333333333,5,2,4
CL07126,CONNECT,Abidjan,actif,30,1,7702.333333333333,2,2,4
CL02783,CONNECT,Abidjan,actif,30,1,7702.333333333333,4,1,4
CL04687,CONNECT,Bouake,actif,30,0,7702.8,3,3,4
CL06627,CONNECT,Abidjan,actif,30,0,7703.166666666667,5,2,4
CL02084,CONNECT,Yamoussoukro,actif,30,0,7703.333333333333,3,3,4
CL07905,CONNECT,Yamoussoukro,actif,30,0,7703.5,5,2,4
CL07391,CONNECT,Abidjan,actif,30,2,7703.666666666667,4,1,4
CL05866,CONNECT,Bouake,actif,30,0,7704.666666666667,3,3,4
CL03642,CONNECT,Bouake,actif,30,0,7705.0,2,5,4
CL02856,CONNECT,Abidjan,actif,30,1,7706.0,4,1,4
CL07552,CONNECT,Abidjan,actif,30,0,7706.666666666667,3,3,4
CL07480,CONNECT,Abidjan,actif,30,0,7706.666666666667,4,3,4
CL01574,CONNECT,Korhogo,actif,30,0,7706.833333333333,5,2,4
CL02650,CONNECT,Abidjan,actif,30,0,7707.0,4,3,4
CL04826,CONNECT,Abidjan,actif,30,0,7709.0,4,3,4
CL02865,CONNECT,Bouake,actif,30,0,7709.333333333333,2,5,4
CL07940,CONNECT,Abidjan,actif,30,0,7710.0,5,2,4
CL01570,CONNECT,Abidjan,actif,30,0,7710.0,2,5,4
CL06404,CONNECT,Bouake,actif,30,0,7710.666666666667,3,3,4
CL03144,CONNECT,Yamoussoukro,actif,30,0,7710.666666666667,5,2,4
CL01881,CONNECT,Abidjan,actif,30,0,7710.833333333333,5,2,4
CL06030,CONNECT,Abidjan,actif,30,1,7710.833333333333,2,2,4
CL00623,CONNECT,Yamoussoukro,actif,30,0,7710.833333333333,2,5,4
CL01466,CONNECT,Abidjan,actif,30,0,7711.333333333333,2,5,4
CL05244,CONNECT,Abidjan,actif,30,0,7712.0,3,3,4
CL04881,CONNECT,Abidjan,actif,30,1,7712.166666666667,4,1,4
CL02357,CONNECT,San-Pedro,actif,30,0,7712.5,4,3,4
CL02920,CONNECT,Abidjan,actif,30,0,7712.833333333333,5,2,4
CL07279,CONNECT,Abidjan,actif,30,2,7713.166666666667,4,1,4
CL01871,CONNECT,Korhogo,actif,30,0,7713.2,3,3,4
CL00463,CONNECT,Abidjan,actif,30,0,7713.4,2,4,4
CL05439,CONNECT,Abidjan,actif,30,1,7713.8,2,2,4
CL04612,CONNECT,Bouake,actif,30,1,7713.833333333333,4,1,4
CL06174,CONNECT,Abidjan,actif,30,1,7715.0,3,1,4
CL00210,CONNECT,Abidjan,actif,30,0,7715.333333333333,3,5,4
CL07437,CONNECT,Bouake,actif,30,0,7716.166666666667,3,5,4
CL06024,CONNECT,Abidjan,actif,30,0,7716.666666666667,5,2,4
CL02748,CONNECT,Abidjan,actif,30,0,7716.666666666667,3,5,4
CL07847,CONNECT,Yamoussoukro,actif,30,0,7717.166666666667,3,3,4
CL06154,CONNECT,Bouake,actif,30,0,7717.333333333333,4,3,4
CL06568,CONNECT,Abidjan,actif,30,1,7717.6,5,1,4
CL04497,CONNECT,San-Pedro,actif,30,1,7718.0,3,2,4
CL04144,CONNECT,Yamoussoukro,actif,30,0,7718.166666666667,4,3,4
CL04306,CONNECT,Abidjan,actif,30,1,7718.666666666667,5,1,4
CL00329,CONNECT,Korhogo,actif,30,0,7718.666666666667,2,5,4
CL05785,CONNECT,Abidjan,actif,30,0,7718.833333333333,4,2,4
CL04859,CONNECT,Abidjan,actif,30,1,7718.833333333333,4,1,4
CL04326,CONNECT,Bouake,actif,30,1,7719.0,5,1,4
CL04704,CONNECT,Korhogo,actif,30,0,7719.0,3,5,4
CL07261,CONNECT,San-Pedro,actif,30,0,7719.833333333333,4,3,4
CL04150,CONNECT,Abidjan,actif,30,0,7720.166666666667,2,5,4
CL02296,CONNECT,San-Pedro,actif,30,0,7721.5,4,3,4
CL01557,CONNECT,Abidjan,actif,30,0,7722.0,4,3,4
CL00794,CONNECT,Abidjan,actif,30,0,7723.0,2,5,4
CL04014,CONNECT,Abidjan,actif,30,0,7723.5,4,3,4
CL02680,CONNECT,Abidjan,actif,30,0,7725.0,4,3,4
CL05298,CONNECT,Abidjan,actif,30,1,7726.166666666667,4,1,4
CL03194,CONNECT,Abidjan,actif,30,0,7728.333333333333,2,5,4
CL02063,CONNECT,Korhogo,actif,30,0,7728.6,3,3,4
CL06980,CONNECT,Yamoussoukro,actif,30,0,7728.6,3,5,4
CL06656,CONNECT,Abidjan,actif,30,1,7729.166666666667,4,1,4
CL06195,CONNECT,Yamoussoukro,actif,30,0,7729.166666666667,4,3,4
CL07553,CONNECT,Abidjan,actif,30,0,7730.666666666667,3,3,4
CL01304,CONNECT,Abidjan,actif,30,0,7731.0,2,5,4
CL04858,CONNECT,Abidjan,actif,30,0,7731.6,5,2,4
CL02480,CONNECT,Bouake,actif,30,0,7731.833333333333,5,2,4
CL01049,CONNECT,Yamoussoukro,actif,30,0,7732.333333333333,4,3,4
CL00170,CONNECT,San-Pedro,actif,30,0,7733.6,3,3,4
CL05955,CONNECT,Abidjan,actif,30,1,7734.666666666667,2,2,4
CL04749,CONNECT,Abidjan,actif,30,1,7734.8,4,1,4
CL07708,CONNECT,Yamoussoukro,actif,30,0,7735.5,5,2,4
CL02961,CONNECT,Abidjan,actif,30,3,7735.666666666667,2,1,4
CL00455,CONNECT,Abidjan,actif,30,0,7736.5,5,2,4
CL02544,CONNECT,Abidjan,actif,30,0,7736.5,4,3,4
CL05095,CONNECT,Korhogo,actif,30,0,7737.166666666667,5,2,4
CL01679,CONNECT,Abidjan,actif,30,0,7737.8,5,2,4
CL01951,CONNECT,Bouake,actif,30,1,7737.833333333333,4,1,4
CL07866,CONNECT,San-Pedro,actif,30,1,7739.166666666667,4,1,4
CL05162,CONNECT,Abidjan,actif,30,2,7739.166666666667,3,1,4
CL01931,CONNECT,Abidjan,actif,30,0,7739.666666666667,2,5,4
CL04380,CONNECT,Abidjan,actif,30,0,7739.666666666667,2,5,4
CL01441,CONNECT,Bouake,actif,30,0,7740.0,5,2,4
CL04414,CONNECT,Abidjan,actif,30,0,7740.333333333333,5,2,4
CL03191,CONNECT,Abidjan,actif,30,0,7740.833333333333,4,3,4
CL05401,CONNECT,Abidjan,actif,30,0,7741.0,4,3,4
CL05721,CONNECT,Abidjan,actif,30,1,7741.0,5,1,4
CL00248,CONNECT,Abidjan,actif,30,0,7741.0,2,4,4
CL07897,CONNECT,Abidjan,actif,30,1,7741.166666666667,4,1,4
CL06473,CONNECT,Bouake,actif,30,0,7742.166666666667,2,5,4
CL06814,CONNECT,San-Pedro,actif,30,1,7743.0,2,1,4
CL03733,CONNECT,Abidjan,actif,30,0,7743.0,2,5,4
CL06246,CONNECT,Bouake,actif,30,0,7743.166666666667,5,2,4
CL02394,CONNECT,Abidjan,actif,30,1,7743.833333333333,2,2,4
CL03126,CONNECT,Bouake,actif,30,1,7744.0,3,2,4
CL02298,CONNECT,San-Pedro,actif,30,1,7744.333333333333,4,1,4
CL01612,CONNECT,San-Pedro,actif,30,1,7744.666666666667,5,1,4
CL05173,CONNECT,Abidjan,actif,30,0,7745.333333333333,5,2,4
CL00717,CONNECT,Abidjan,actif,30,0,7746.0,4,3,4
CL00923,CONNECT,Abidjan,actif,30,1,7746.166666666667,3,1,4
CL03427,CONNECT,San-Pedro,actif,30,0,7746.333333333333,2,5,4
CL01252,CONNECT,Yamoussoukro,actif,30,1,7747.0,4,1,4
CL06109,CONNECT,Bouake,actif,30,0,7747.166666666667,2,5,4
CL06001,CONNECT,Korhogo,actif,30,0,7747.25,4,3,4
CL02246,CONNECT,Abidjan,actif,30,0,7747.333333333333,2,5,4
CL05870,CONNECT,Abidjan,actif,30,1,7748.333333333333,2,1,4
CL04436,CONNECT,Abidjan,actif,30,0,7748.5,2,5,4
CL02613,CONNECT,Abidjan,actif,30,0,7748.666666666667,5,2,4
CL04771,CONNECT,Abidjan,actif,30,4,7748.666666666667,3,1,4
CL03541,CONNECT,San-Pedro,actif,30,0,7749.5,5,2,4
CL05937,CONNECT,Korhogo,actif,30,0,7749.666666666667,5,2,4
CL03849,CONNECT,Abidjan,actif,30,0,7749.833333333333,4,3,4
CL04845,CONNECT,Abidjan,actif,30,0,7751.0,5,2,4
CL03472,CONNECT,Abidjan,actif,30,0,7751.833333333333,4,3,4
CL03486,CONNECT,Yamoussoukro,actif,30,1,7753.0,3,1,4
CL07144,CONNECT,Abidjan,actif,30,0,7753.166666666667,2,5,4
CL05138,CONNECT,Abidjan,actif,30,1,7754.166666666667,3,2,4
CL06507,CONNECT,Bouake,actif,30,0,7755.0,5,2,4
CL07147,CONNECT,Abidjan,actif,30,1,7756.5,5,1,4
CL06784,CONNECT,San-Pedro,actif,30,0,7757.0,5,2,4
CL04343,CONNECT,Bouake,actif,30,0,7758.0,4,3,4
CL06441,CONNECT,Bouake,actif,30,0,7758.5,5,2,4
CL00452,CONNECT,Abidjan,actif,30,3,7758.666666666667,3,1,4
CL00682,CONNECT,Abidjan,actif,30,1,7758.666666666667,5,1,4
CL04815,CONNECT,Abidjan,actif,30,0,7758.666666666667,2,5,4
CL06347,CONNECT,San-Pedro,actif,30,0,7759.333333333333,3,5,4
CL00150,CONNECT,Bouake,actif,30,1,7759.6,5,1,4
CL02445,CONNECT,Abidjan,actif,30,1,7760.333333333333,2,2,4
CL05637,CONNECT,Abidjan,actif,30,0,7760.666666666667,5,2,4
CL02633,CONNECT,Abidjan,actif,30,0,7761.166666666667,2,5,4
CL04376,CONNECT,Abidjan,actif,30,0,7762.5,3,3,4
CL00251,CONNECT,Abidjan,actif,30,0,7764.666666666667,2,5,4
CL06533,CONNECT,Yamoussoukro,actif,30,1,7765.333333333333,2,2,4
CL01650,CONNECT,Abidjan,actif,30,2,7765.5,4,1,4
CL00952,CONNECT,Abidjan,actif,30,0,7765.833333333333,3,5,4
CL05397,CONNECT,Bouake,actif,30,1,7766.166666666667,2,2,4
CL05481,CONNECT,Abidjan,actif,30,0,7766.333333333333,3,3,4
CL07275,CONNECT,Abidjan,actif,30,0,7766.333333333333,5,2,4
CL07209,CONNECT,Korhogo,actif,30,1,7768.2,2,2,4
CL00768,CONNECT,Abidjan,actif,30,0,7768.5,4,3,4
CL06324,CONNECT,San-Pedro,actif,30,1,7769.5,2,1,4
CL03513,CONNECT,Bouake,actif,30,0,7769.666666666667,3,5,4
CL01183,CONNECT,Abidjan,actif,30,0,7770.333333333333,2,5,4
CL06798,CONNECT,Abidjan,actif,30,0,7770.5,5,2,4
CL04280,CONNECT,San-Pedro,actif,30,0,7770.666666666667,5,2,5
CL01266,CONNECT,Bouake,actif,30,0,7771.833333333333,5,2,5
CL03725,CONNECT,Bouake,actif,30,0,7772.0,4,3,5
CL04712,CONNECT,Abidjan,actif,30,0,7772.666666666667,4,3,5
CL02840,CONNECT,Abidjan,actif,30,0,7773.0,4,3,5
CL04656,CONNECT,Abidjan,actif,30,0,7773.4,2,5,5
CL02685,CONNECT,Abidjan,actif,30,0,7773.666666666667,5,2,5
CL02573,CONNECT,Korhogo,actif,30,0,7773.833333333333,4,3,5
CL03310,CONNECT,Abidjan,actif,30,0,7773.833333333333,4,3,5
CL02811,CONNECT,Bouake,actif,30,0,7774.0,4,3,5
CL05342,CONNECT,Abidjan,actif,30,0,7774.333333333333,4,2,5
CL05033,CONNECT,San-Pedro,actif,30,0,7774.5,2,5,5
CL06896,CONNECT,Abidjan,actif,30,0,7774.666666666667,3,3,5
CL05424,CONNECT,Abidjan,actif,30,2,7776.2,5,1,5
CL03162,CONNECT,San-Pedro,actif,30,0,7778.666666666667,3,3,5
CL03596,CONNECT,Abidjan,actif,30,0,7779.0,4,3,5
CL03639,CONNECT,Abidjan,actif,30,0,7779.833333333333,5,2,5
CL06289,CONNECT,Abidjan,actif,30,0,7779.833333333333,3,5,5
CL04979,CONNECT,Abidjan,actif,30,1,7780.5,4,1,5
CL05639,CONNECT,Korhogo,actif,30,0,7780.666666666667,2,5,5
CL07821,CONNECT,Bouake,actif,30,0,7781.5,2,4,5
CL00921,CONNECT,Abidjan,actif,30,0,7782.0,5,2,5
CL07311,CONNECT,Yamoussoukro,actif,30,0,7782.166666666667,5,2,5
CL00410,CONNECT,San-Pedro,actif,30,1,7782.166666666667,4,1,5
CL00285,CONNECT,Abidjan,actif,30,1,7783.5,4,1,5
CL02155,CONNECT,Bouake,actif,30,1,7783.833333333333,2,2,5
CL02557,CONNECT,Korhogo,actif,30,1,7784.0,3,1,5
CL04366,CONNECT,Yamoussoukro,actif,30,0,7785.166666666667,3,3,5
CL06369,CONNECT,Abidjan,actif,30,1,7786.0,5,1,5
CL04083,CONNECT,Abidjan,actif,30,1,7787.0,4,1,5
CL04654,CONNECT,Abidjan,actif,30,1,7787.0,4,1,5
CL05934,CONNECT,San-Pedro,actif,30,1,7787.833333333333,5,1,5
CL05583,CONNECT,Abidjan,actif,30,0,7788.5,4,2,5
CL02529,CONNECT,Abidjan,actif,30,1,7788.833333333333,3,2,5
CL06272,CONNECT,Abidjan,actif,30,2,7789.0,4,1,5
CL07151,CONNECT,Abidjan,actif,30,0,7789.333333333333,5,2,5
CL05175,CONNECT,Abidjan,actif,30,1,7789.333333333333,2,2,5
CL05409,CONNECT,Abidjan,actif,30,0,7789.666666666667,3,5,5
CL03373,CONNECT,Bouake,actif,30,0,7790.6,3,3,5
CL04761,CONNECT,Korhogo,actif,30,0,7790.833333333333,5,2,5
CL00867,CONNECT,Bouake,actif,30,0,7791.333333333333,3,3,5
CL01486,CONNECT,Yamoussoukro,actif,30,0,7791.833333333333,5,2,5
CL02419,CONNECT,Bouake,actif,30,0,7791.833333333333,2,5,5
CL04655,CONNECT,Abidjan,actif,30,2,7792.2,4,1,5
CL01169,CONNECT,Abidjan,actif,30,0,7793.0,3,3,5
CL04040,CONNECT,San-Pedro,actif,30,0,7793.333333333333,3,3,5
CL04386,CONNECT,Abidjan,actif,30,0,7796.666666666667,4,3,5
CL03935,CONNECT,Abidjan,actif,30,0,7797.666666666667,5,2,5
CL04478,CONNECT,San-Pedro,actif,30,0,7798.0,5,2,5
CL07527,CONNECT,Abidjan,actif,30,0,7798.166666666667,5,2,5
CL05710,CONNECT,Bouake,actif,30,0,7798.666666666667,4,2,5
CL07597,CONNECT,Abidjan,actif,30,0,7799.5,5,2,5
CL03360,CONNECT,Abidjan,actif,30,1,7799.5,4,1,5
CL04445,CONNECT,Abidjan,actif,30,0,7800.5,3,5,5
CL06385,CONNECT,Bouake,actif,30,0,7800.666666666667,4,2,5
CL05127,CONNECT,Abidjan,actif,30,0,7801.0,4,3,5
CL00652,CONNECT,Abidjan,actif,30,1,7801.166666666667,3,2,5
CL03581,CONNECT,Abidjan,actif,30,0,7801.833333333333,3,3,5
CL05951,CONNECT,Abidjan,actif,30,0,7801.833333333333,4,3,5
CL02809,CONNECT,Abidjan,actif,30,1,7802.25,5,1,5
CL00871,CONNECT,Korhogo,actif,30,1,7802.333333333333,4,1,5
CL02678,CONNECT,Abidjan,actif,30,0,7802.666666666667,2,5,5
CL01088,CONNECT,Abidjan,actif,30,1,7803.5,4,1,5
CL04852,CONNECT,Bouake,actif,30,0,7804.5,2,5,5
CL05343,CONNECT,Abidjan,actif,30,0,7805.5,3,5,5
CL03395,CONNECT,San-Pedro,actif,30,0,7806.2,4,3,5
CL03056,CONNECT,Abidjan,actif,30,1,7807.833333333333,5,1,5
CL03440,CONNECT,Abidjan,actif,30,0,7808.666666666667,5,2,5
CL03914,CONNECT,Abidjan,actif,30,0,7808.666666666667,2,5,5
CL03136,CONNECT,Abidjan,actif,30,0,7808.833333333333,5,2,5
CL05660,CONNECT,Abidjan,actif,30,0,7809.166666666667,3,3,5
CL05832,CONNECT,Bouake,actif,30,2,7809.333333333333,4,1,5
CL07273,CONNECT,Bouake,actif,30,1,7809.4,4,1,5
CL03712,CONNECT,Bouake,actif,30,0,7810.666666666667,4,3,5
CL01509,CONNECT,Abidjan,actif,30,0,7811.666666666667,4,3,5
CL00381,CONNECT,Abidjan,actif,30,1,7813.0,4,1,5
CL01418,CONNECT,Abidjan,actif,30,0,7813.333333333333,3,3,5
CL04574,CONNECT,Bouake,actif,30,0,7813.666666666667,3,5,5
CL02796,CONNECT,Korhogo,actif,30,0,7815.5,5,2,5
CL03347,CONNECT,Bouake,actif,30,0,7815.666666666667,3,3,5
CL07183,CONNECT,Abidjan,actif,30,2,7816.166666666667,3,1,5
CL06184,CONNECT,Abidjan,actif,30,0,7817.166666666667,3,5,5
CL02136,CONNECT,Abidjan,actif,30,0,7818.833333333333,4,3,5
CL05748,CONNECT,Bouake,actif,30,0,7818.833333333333,3,5,5
CL04364,CONNECT,Abidjan,actif,30,0,7818.833333333333,2,5,5
CL00864,CONNECT,Yamoussoukro,actif,30,0,7821.0,5,2,5
CL03002,CONNECT,Abidjan,actif,30,2,7821.666666666667,3,1,5
CL00742,CONNECT,Bouake,actif,30,0,7822.0,4,3,5
CL07436,CONNECT,Abidjan,actif,30,0,7823.2,2,5,5
CL07413,CONNECT,San-Pedro,actif,30,0,7823.333333333333,3,3,5
CL01583,CONNECT,Abidjan,actif,30,0,7823.6,5,2,5
CL00579,CONNECT,Abidjan,actif,30,0,7823.833333333333,4,3,5
CL05725,CONNECT,Abidjan,actif,30,1,7825.333333333333,2,2,5
CL06697,CONNECT,San-Pedro,actif,30,0,7825.666666666667,2,5,5
CL07211,CONNECT,Korhogo,actif,30,2,7825.8,4,1,5
CL05923,CONNECT,Abidjan,actif,30,0,7826.0,5,2,5
CL02695,CONNECT,Abidjan,actif,30,0,7826.333333333333,2,5,5
CL05354,CONNECT,Abidjan,actif,30,0,7826.333333333333,3,5,5
CL07435,CONNECT,Abidjan,actif,30,0,7827.0,3,3,5
CL04515,CONNECT,Korhogo,actif,30,0,7828.0,3,5,5
CL05672,CONNECT,Abidjan,actif,30,0,7832.666666666667,3,3,5
CL02226,CONNECT,Bouake,actif,30,1,7833.4,4,1,5
CL02751,CONNECT,Abidjan,actif,30,0,7833.833333333333,3,5,5
CL00640,CONNECT,Yamoussoukro,actif,30,0,7834.0,3,3,5
CL00072,CONNECT,San-Pedro,actif,30,0,7834.2,3,3,5
CL00551,CONNECT,Bouake,actif,30,0,7835.166666666667,5,2,5
CL00312,CONNECT,Abidjan,actif,30,0,7835.5,5,2,5
CL06304,CONNECT,Abidjan,actif,30,0,7836.333333333333,3,5,5
CL07807,CONNECT,Bouake,actif,30,0,7837.166666666667,2,4,5
CL04269,CONNECT,Bouake,actif,30,0,7838.166666666667,4,3,5
CL07115,CONNECT,Abidjan,actif,30,1,7838.333333333333,5,1,5
CL05834,CONNECT,Abidjan,actif,30,2,7839.333333333333,5,1,5
CL04900,CONNECT,Yamoussoukro,actif,30,0,7839.833333333333,5,2,5
CL05573,CONNECT,Bouake,actif,30,0,7840.5,4,3,5
CL02562,CONNECT,San-Pedro,actif,30,1,7841.8,5,1,5
CL05117,CONNECT,Abidjan,actif,30,1,7842.666666666667,4,1,5
CL01924,CONNECT,San-Pedro,actif,30,0,7843.666666666667,5,2,5
CL02755,CONNECT,Bouake,actif,30,0,7844.666666666667,3,5,5
CL01287,CONNECT,Bouake,actif,30,0,7846.0,5,2,5
CL02776,CONNECT,Korhogo,actif,30,0,7846.833333333333,5,2,5
CL03927,CONNECT,San-Pedro,actif,30,0,7847.666666666667,3,5,5
CL01473,CONNECT,Abidjan,actif,30,0,7849.333333333333,5,2,5
CL01428,CONNECT,Abidjan,actif,30,0,7849.666666666667,5,2,5
CL00357,CONNECT,Korhogo,actif,30,1,7851.666666666667,5,1,5
CL00029,CONNECT,Abidjan,actif,30,0,7852.5,3,5,5
CL04027,CONNECT,Yamoussoukro,actif,30,1,7853.833333333333,5,1,5
CL01619,CONNECT,Abidjan,actif,30,1,7855.2,5,1,5
CL07407,CONNECT,Bouake,actif,30,0,7855.666666666667,4,3,5
CL06644,CONNECT,Abidjan,actif,30,0,7856.166666666667,4,3,5
CL00419,CONNECT,Abidjan,actif,30,0,7856.666666666667,2,5,5
CL05296,CONNECT,Bouake,actif,30,0,7857.6,4,3,5
CL05085,CONNECT,Abidjan,actif,30,0,7858.666666666667,4,3,5
CL01442,CONNECT,Abidjan,actif,30,0,7859.833333333333,4,3,5
CL07879,CONNECT,Abidjan,actif,30,1,7861.0,5,1,5
CL06285,CONNECT,Abidjan,actif,30,0,7861.666666666667,4,2,5
CL06033,CONNECT,Abidjan,actif,30,0,7861.833333333333,2,5,5
CL00709,CONNECT,Abidjan,actif,30,1,7863.2,2,2,5
CL07741,CONNECT,Abidjan,actif,30,0,7863.5,4,3,5
CL06331,CONNECT,San-Pedro,actif,30,0,7865.0,4,3,5
CL06739,CONNECT,Bouake,actif,30,1,7865.333333333333,2,1,5
CL03457,CONNECT,Korhogo,actif,30,2,7868.5,5,1,5
CL00232,CONNECT,Abidjan,actif,30,1,7868.833333333333,5,1,5
CL01689,CONNECT,Abidjan,actif,30,0,7869.666666666667,5,2,5
CL06591,PREMIUM,Abidjan,resilie,121,4,7870.0,1,1,5
CL00177,CONNECT,Abidjan,actif,30,0,7870.6,5,2,5
CL00524,CONNECT,Abidjan,actif,30,0,7870.833333333333,2,4,5
CL06023,CONNECT,Bouake,actif,30,2,7871.166666666667,5,1,5
CL01385,CONNECT,Yamoussoukro,actif,30,0,7874.166666666667,3,5,5
CL05269,CONNECT,Abidjan,actif,30,0,7877.166666666667,3,3,5
CL06310,CONNECT,Abidjan,actif,30,0,7877.833333333333,4,2,5
CL00806,CONNECT,Abidjan,actif,30,0,7878.5,2,5,5
CL01043,CONNECT,Abidjan,actif,30,0,7879.0,5,2,5
CL00594,CONNECT,San-Pedro,actif,30,1,7879.166666666667,5,1,5
CL05280,CONNECT,Abidjan,actif,30,1,7881.75,4,1,5
CL05854,CONNECT,Abidjan,actif,30,0,7882.166666666667,3,3,5
CL03533,CONNECT,San-Pedro,actif,30,0,7884.833333333333,2,5,5
CL00557,CONNECT,Abidjan,actif,30,0,7885.833333333333,5,2,5
CL02987,CONNECT,Yamoussoukro,actif,30,0,7886.0,4,3,5
CL01485,CONNECT,Korhogo,actif,30,0,7886.666666666667,3,3,5
CL00024,CONNECT,Abidjan,actif,30,0,7889.166666666667,2,5,5
CL05118,CONNECT,Abidjan,actif,30,0,7891.333333333333,5,2,5
CL02868,CONNECT,Abidjan,actif,30,0,7891.666666666667,4,3,5
CL01615,CONNECT,Korhogo,actif,30,0,7891.833333333333,3,3,5
CL05214,CONNECT,Bouake,actif,30,0,7895.5,4,3,5
CL07116,CONNECT,San-Pedro,actif,30,0,7895.666666666667,3,3,5
CL07846,CONNECT,Abidjan,actif,30,0,7895.833333333333,5,2,5
CL03525,CONNECT,Bouake,actif,30,0,7896.666666666667,5,2,5
CL06639,CONNECT,Yamoussoukro,actif,30,0,7896.8,3,3,5
CL06340,CONNECT,Abidjan,actif,30,0,7900.666666666667,5,2,5
CL05990,CONNECT,Abidjan,actif,30,0,7902.0,5,2,5
CL00206,CONNECT,Korhogo,actif,30,0,7907.0,2,5,5
CL06938,CONNECT,Abidjan,actif,30,0,7908.166666666667,3,3,5
CL04079,CONNECT,Bouake,actif,30,1,7909.166666666667,5,1,5
CL07442,CONNECT,Yamoussoukro,actif,30,0,7909.333333333333,4,3,5
CL00383,CONNECT,Abidjan,actif,30,1,7911.0,4,1,5
CL06245,CONNECT,San-Pedro,actif,30,1,7911.0,4,1,5
CL04112,CONNECT,Yamoussoukro,actif,30,0,7911.166666666667,4,3,5
CL03714,CONNECT,Abidjan,actif,30,0,7913.833333333333,4,3,5
CL04595,CONNECT,Abidjan,actif,30,0,7914.0,4,3,5
CL03293,CONNECT,Abidjan,actif,30,0,7916.0,5,2,5
CL02423,CONNECT,Abidjan,actif,30,0,7918.833333333333,5,2,5
CL03153,CONNECT,Abidjan,actif,30,0,7919.8,4,3,5
CL04984,CONNECT,Abidjan,actif,30,0,7921.333333333333,3,3,5
CL05067,CONNECT,Bouake,actif,30,0,7921.4,5,2,5
CL04492,CONNECT,Korhogo,actif,30,1,7921.5,3,2,5
CL01586,CONNECT,Abidjan,actif,30,0,7923.166666666667,4,3,5
CL07465,CONNECT,Abidjan,actif,30,0,7923.2,4,3,5
CL05991,CONNECT,San-Pedro,actif,30,0,7924.0,3,3,5
CL00086,CONNECT,Abidjan,actif,30,0,7924.333333333333,4,3,5
CL06738,CONNECT,Abidjan,actif,30,1,7925.666666666667,2,1,5
CL00681,CONNECT,San-Pedro,actif,30,0,7925.666666666667,3,5,5
CL00504,CONNECT,San-Pedro,actif,30,0,7927.5,2,5,5
CL00724,CONNECT,Abidjan,actif,30,0,7930.833333333333,4,3,5
CL00355,CONNECT,Bouake,actif,30,1,7935.833333333333,4,1,5
CL02761,CONNECT,Bouake,actif,30,0,7937.833333333333,3,5,5
CL07705,CONNECT,Abidjan,actif,30,1,7938.0,4,1,5
CL03208,CONNECT,Abidjan,actif,30,0,7938.333333333333,2,5,5
CL01677,CONNECT,San-Pedro,actif,30,0,7939.8,5,2,5
CL01274,CONNECT,Abidjan,actif,30,0,7942.333333333333,3,5,5
CL00656,CONNECT,Bouake,actif,30,0,7946.333333333333,4,3,5
CL01547,CONNECT,Abidjan,actif,30,1,7947.333333333333,4,1,5
CL05043,CONNECT,Abidjan,actif,30,1,7947.833333333333,3,1,5
CL01970,CONNECT,San-Pedro,actif,30,0,7948.666666666667,3,3,5
CL02075,CONNECT,Yamoussoukro,actif,30,1,7950.5,3,2,5
CL04290,CONNECT,Bouake,actif,30,0,7951.166666666667,4,3,5
CL03924,CONNECT,Abidjan,actif,30,1,7952.333333333333,3,2,5
CL01448,CONNECT,Abidjan,actif,30,0,7952.5,3,3,5
CL02885,CONNECT,Abidjan,actif,30,0,7957.0,2,5,5
CL04212,CONNECT,Abidjan,actif,30,0,7958.833333333333,3,5,5
CL04843,CONNECT,Abidjan,actif,30,0,7959.0,4,3,5
CL00017,CONNECT,Yamoussoukro,actif,30,1,7961.333333333333,4,1,5
CL01772,CONNECT,Bouake,actif,30,1,7961.833333333333,4,1,5
CL05088,CONNECT,Abidjan,actif,30,1,7966.166666666667,5,1,5
CL01529,CONNECT,Korhogo,actif,30,0,7966.833333333333,5,2,5
CL06041,CONNECT,Abidjan,actif,30,1,7968.666666666667,3,1,5
CL02703,CONNECT,Bouake,actif,30,1,7968.833333333333,3,1,5
CL02015,CONNECT,Bouake,actif,30,0,7969.166666666667,4,3,5
CL02380,CONNECT,Abidjan,actif,30,0,7969.666666666667,5,2,5
CL00431,CONNECT,Abidjan,actif,30,0,7970.166666666667,4,3,5
CL07618,CONNECT,Abidjan,actif,30,0,7970.333333333333,2,5,5
CL03305,CONNECT,Korhogo,actif,30,0,7971.2,2,5,5
CL06457,CONNECT,Abidjan,actif,30,1,7973.166666666667,5,1,5
CL00226,CONNECT,Abidjan,actif,30,0,7973.166666666667,4,3,5
CL00191,CONNECT,Abidjan,actif,30,0,7977.0,5,2,5
CL01489,CONNECT,Abidjan,actif,30,0,7977.333333333333,2,5,5
CL04976,CONNECT,Korhogo,actif,30,0,7978.0,5,2,5
CL07421,CONNECT,Abidjan,actif,30,1,7978.0,5,1,5
CL07223,CONNECT,Bouake,actif,30,0,7980.0,5,2,5
CL02307,CONNECT,Abidjan,actif,30,0,7982.666666666667,3,3,5
CL00453,CONNECT,Bouake,actif,30,2,7985.25,2,1,5
CL01690,CONNECT,Abidjan,actif,30,0,7985.333333333333,5,2,5
CL05005,CONNECT,San-Pedro,actif,30,0,7985.666666666667,5,2,5
CL04443,CONNECT,San-Pedro,actif,30,0,7988.0,4,3,5
CL06641,CONNECT,Abidjan,actif,30,0,7988.2,4,3,5
CL05683,CONNECT,Abidjan,actif,30,0,7989.0,5,2,5
CL03747,CONNECT,Yamoussoukro,actif,30,1,7990.333333333333,3,2,5
CL05943,CONNECT,Abidjan,actif,30,2,7991.8,5,1,5
CL05300,CONNECT,Bouake,actif,30,0,7992.333333333333,5,2,5
CL01198,CONNECT,Bouake,actif,30,1,7992.666666666667,4,1,5
CL04208,CONNECT,Yamoussoukro,actif,30,1,7998.0,3,1,5
CL04097,CONNECT,Abidjan,actif,30,0,7999.166666666667,5,2,5
CL01094,CONNECT,San-Pedro,actif,30,0,8000.0,4,3,5
CL03729,CONNECT,Abidjan,actif,30,0,8001.5,2,5,5
CL03027,CONNECT,Abidjan,actif,30,0,8002.666666666667,3,3,5
CL05371,CONNECT,Yamoussoukro,actif,30,0,8007.166666666667,4,3,5
CL02696,CONNECT,Abidjan,actif,30,0,8009.0,5,2,5
CL06044,CONNECT,Bouake,actif,30,0,8011.0,2,5,5
CL04295,CONNECT,Abidjan,actif,30,1,8012.0,2,2,5
CL05110,CONNECT,Bouake,actif,30,0,8015.166666666667,2,5,5
CL04009,CONNECT,Abidjan,actif,30,0,8022.5,2,5,5
CL01052,CONNECT,Abidjan,actif,30,2,8023.666666666667,3,1,5
CL03968,CONNECT,Yamoussoukro,actif,30,1,8028.5,5,1,5
CL00901,CONNECT,Abidjan,actif,30,1,8033.333333333333,4,1,5
CL00408,CONNECT,Yamoussoukro,actif,30,2,8038.0,4,1,5
CL02201,CONNECT,Abidjan,actif,30,0,8038.333333333333,2,5,5
CL03981,CONNECT,San-Pedro,actif,30,0,8049.8,5,2,5
CL06750,CONNECT,San-Pedro,actif,30,0,8053.5,5,2,5
CL05860,CONNECT,Abidjan,actif,30,1,8060.833333333333,4,1,5
CL05655,CONNECT,Abidjan,actif,30,0,8067.166666666667,4,2,5
CL01478,CONNECT,Abidjan,actif,30,0,8071.0,2,5,5
CL02359,CONNECT,Abidjan,actif,30,0,8071.166666666667,3,5,5
CL02188,PREMIUM,Abidjan,resilie,121,0,8080.0,1,4,5
CL07975,CONNECT,Abidjan,actif,30,1,8080.833333333333,3,2,5
CL07433,CONNECT,Abidjan,actif,30,0,8085.333333333333,4,3,5
CL02358,CONNECT,Yamoussoukro,actif,30,0,8086.166666666667,3,5,5
CL06301,CONNECT,San-Pedro,actif,30,1,8098.0,5,1,5
CL00027,CONNECT,Yamoussoukro,actif,30,0,8101.666666666667,5,2,5
CL04931,CONNECT,Abidjan,actif,30,0,8101.833333333333,2,5,5
CL00110,CONNECT,Korhogo,actif,30,1,8102.2,3,2,5
CL02746,CONNECT,Abidjan,actif,30,0,8104.0,4,3,5
CL01373,CONNECT,Abidjan,actif,30,0,8104.166666666667,3,3,5
CL02436,CONNECT,Bouake,actif,30,0,8119.833333333333,2,5,5
CL07777,CONNECT,Bouake,actif,30,2,8122.25,2,1,5
CL05740,CONNECT,San-Pedro,actif,30,0,8136.2,5,2,5
CL03142,CONNECT,Abidjan,actif,30,0,8140.333333333333,4,3,5
CL05054,CONNECT,San-Pedro,actif,30,0,8164.666666666667,5,2,5
CL04613,CONNECT,Abidjan,actif,30,0,8170.166666666667,3,3,5
CL04625,CONNECT,San-Pedro,actif,30,0,8176.0,3,3,5
CL00976,CONNECT,Abidjan,actif,30,1,8179.333333333333,4,1,5
CL05096,CONNECT,Abidjan,actif,30,1,8183.4,5,1,5
CL00165,CONNECT,Bouake,actif,30,2,8189.0,4,1,5
CL02514,CONNECT,Abidjan,actif,30,0,8190.666666666667,3,5,5
CL06009,PREMIUM,Bouake,resilie,152,1,8200.0,1,1,5
CL03977,PREMIUM,Abidjan,resilie,183,0,8202.0,1,4,5
CL02389,CONNECT,Abidjan,actif,30,0,8204.833333333334,4,3,5
CL07546,CONNECT,Abidjan,actif,30,0,8236.666666666666,3,5,5
CL05149,CONNECT,Abidjan,actif,30,1,8263.833333333334,3,2,5
CL06350,CONNECT,San-Pedro,actif,30,0,8323.5,5,2,5
CL07916,CONNECT,Abidjan,actif,30,1,8331.333333333334,4,1,5
CL05873,PREMIUM,Abidjan,resilie,152,1,8465.5,1,1,5
CL00426,PREMIUM,Abidjan,resilie,91,1,8884.0,1,1,5
CL05616,PREMIUM,Abidjan,resilie,121,1,8908.333333333334,1,1,5
CL04961,PREMIUM,Abidjan,resilie,60,4,8949.0,2,1,5
CL07230,PREMIUM,Abidjan,resilie,121,1,9063.666666666666,1,1,5
CL05772,PREMIUM,Yamoussoukro,resilie,152,1,9161.0,1,1,5
CL07464,PREMIUM,Abidjan,resilie,152,2,9172.0,1,1,5
CL01644,PREMIUM,Abidjan,resilie,183,0,9235.0,1,5,5
CL00045,PREMIUM,Abidjan,resilie,152,0,9259.0,1,4,5
CL01733,PREMIUM,Yamoussoukro,resilie,91,4,9369.25,2,1,5
CL02323,PREMIUM,Yamoussoukro,resilie,91,1,9572.75,1,1,5
CL04543,PREMIUM,Abidjan,resilie,183,0,9618.0,1,4,5
CL07280,PREMIUM,Abidjan,resilie,60,2,9703.75,2,1,5
CL04697,PREMIUM,Abidjan,resilie,91,0,9858.75,1,4,5
CL06877,PREMIUM,Abidjan,resilie,60,2,9886.25,2,1,5
CL01915,PREMIUM,Bouake,resilie,91,0,9958.25,1,4,5
CL01134,PREMIUM,Bouake,resilie,60,2,9962.25,2,1,5
CL00492,PREMIUM,Abidjan,resilie,183,0,10008.0,1,4,5
CL00314,PREMIUM,Abidjan,resilie,91,4,10133.25,2,1,5
CL07518,PREMIUM,Abidjan,resilie,30,2,10256.25,5,1,5
CL01705,PREMIUM,Abidjan,resilie,60,1,10388.4,2,1,5
CL00499,PREMIUM,Yamoussoukro,resilie,91,0,10428.5,1,4,5
CL00287,PREMIUM,Bouake,resilie,30,2,10536.0,5,1,5
CL02723,PREMIUM,Yamoussoukro,resilie,30,1,10863.0,3,2,5
CL01530,PREMIUM,Abidjan,resilie,60,1,10987.6,2,1,5
CL07716,PREMIUM,Bouake,resilie,60,3,11132.0,2,1,5
CL05068,PREMIUM,Yamoussoukro,resilie,30,0,11142.0,2,5,5
CL05629,PREMIUM,Bouake,resilie,60,0,11187.6,2,4,5
CL03764,PREMIUM,Abidjan,resilie,30,0,11241.333333333334,2,5,5
CL05099,PREMIUM,San-Pedro,resilie,30,1,11328.8,3,2,5
CL00785,PREMIUM,Abidjan,resilie,60,4,11386.4,2,1,5
CL04603,PREMIUM,Abidjan,resilie,30,1,11481.833333333334,2,2,5
CL04321,PREMIUM,Bouake,resilie,30,7,11572.833333333334,4,1,5
CL04779,PRO,San-Pedro,resilie,183,0,11606.0,1,4,5
CL05312,PREMIUM,Yamoussoukro,resilie,30,2,11851.5,5,1,5
CL07580,PREMIUM,Bouake,resilie,30,1,11931.5,2,2,5
CL06905,PRO,Bouake,resilie,121,0,11946.0,1,4,5
CL00569,PRO,Bouake,resilie,152,1,12046.0,1,1,5
CL02366,PREMIUM,Abidjan,resilie,30,3,12325.166666666666,5,1,5
CL06900,PREMIUM,San-Pedro,actif,30,1,13469.6,2,1,5
CL07841,PRO,Yamoussoukro,resilie,121,3,13535.333333333334,1,1,5
CL06031,PREMIUM,Bouake,actif,30,0,13602.6,3,3,5
CL05514,PREMIUM,Abidjan,actif,30,0,13762.0,2,5,5
CL05157,PREMIUM,Bouake,actif,30,0,13764.333333333334,4,3,5
CL03459,PREMIUM,Bouake,actif,30,1,13786.0,3,1,5
CL00788,PREMIUM,Abidjan,actif,30,0,13800.666666666666,4,3,5
CL05511,PREMIUM,Bouake,actif,30,0,13806.0,4,3,5
CL07462,PREMIUM,Abidjan,actif,30,2,13812.0,4,1,5
CL01704,PREMIUM,San-Pedro,actif,30,0,13816.0,2,5,5
CL07933,PREMIUM,Abidjan,actif,30,0,13935.5,2,5,5
CL03300,PREMIUM,Yamoussoukro,actif,30,0,13958.5,3,3,5
CL01047,PREMIUM,Bouake,actif,30,0,13965.833333333334,2,5,5
CL07088,PREMIUM,Yamoussoukro,actif,30,0,13973.166666666666,5,2,5
CL05239,PREMIUM,Yamoussoukro,actif,30,0,13998.166666666666,2,5,5
CL07205,PREMIUM,Abidjan,actif,30,0,14000.333333333334,4,3,5
CL01452,PREMIUM,Abidjan,actif,30,2,14003.833333333334,4,1,5
CL03940,PREMIUM,Bouake,actif,30,0,14012.5,5,2,5
CL03215,PREMIUM,Abidjan,actif,30,1,14030.0,3,1,5
CL04345,PREMIUM,Yamoussoukro,actif,30,0,14048.5,3,3,5
CL02395,PREMIUM,Abidjan,actif,30,0,14092.0,2,5,5
CL02693,PREMIUM,Abidjan,actif,30,1,14093.0,2,2,5
CL07134,PREMIUM,Abidjan,actif,30,0,14096.2,4,3,5
CL06717,PREMIUM,San-Pedro,actif,30,1,14097.5,5,1,5
CL00852,PREMIUM,Abidjan,actif,30,0,14107.666666666666,4,3,5
CL05948,PREMIUM,Abidjan,actif,30,0,14109.833333333334,3,3,5
CL06170,PREMIUM,Abidjan,actif,30,0,14117.0,5,2,5
CL06615,PREMIUM,San-Pedro,actif,30,1,14120.833333333334,3,1,5
CL01347,PREMIUM,Korhogo,actif,30,3,14124.833333333334,5,1,5
CL04473,PREMIUM,Abidjan,actif,30,0,14126.5,5,2,5
CL06815,PREMIUM,Yamoussoukro,actif,30,0,14126.833333333334,2,5,5
CL05197,PREMIUM,Abidjan,actif,30,1,14130.75,2,2,5
CL04745,PREMIUM,Yamoussoukro,actif,30,0,14133.4,3,5,5
CL05503,PREMIUM,Abidjan,actif,30,2,14152.6,3,1,5
CL04812,PREMIUM,San-Pedro,actif,30,2,14158.333333333334,3,1,5
CL06706,PREMIUM,Abidjan,actif,30,0,14160.0,4,3,5
CL00327,PREMIUM,Abidjan,actif,30,0,14160.166666666666,4,3,5
CL06888,PREMIUM,Bouake,actif,30,0,14160.25,3,3,5
CL02982,PREMIUM,Abidjan,actif,30,1,14169.666666666666,5,1,5
CL06674,PREMIUM,Abidjan,actif,30,0,14191.5,4,3,5
CL01407,PREMIUM,Abidjan,actif,30,0,14200.833333333334,4,3,5
CL03983,PREMIUM,Korhogo,actif,30,0,14201.0,4,3,5
CL01059,PREMIUM,Abidjan,actif,30,1,14206.666666666666,4,1,5
CL02724,PREMIUM,Bouake,actif,30,1,14208.833333333334,4,1,5
CL00544,PREMIUM,Korhogo,actif,30,0,14222.833333333334,4,3,5
CL05666,PREMIUM,Abidjan,actif,30,0,14226.0,5,2,5
CL01395,PREMIUM,Bouake,actif,30,0,14229.833333333334,4,3,5
CL02820,PREMIUM,Bouake,actif,30,0,14232.5,3,3,5
CL00989,PREMIUM,Abidjan,actif,30,0,14233.2,2,5,5
CL06904,PREMIUM,Abidjan,actif,30,0,14236.166666666666,3,3,5
CL06399,PREMIUM,Bouake,actif,30,0,14245.333333333334,3,5,5
CL04991,PREMIUM,Abidjan,actif,30,1,14246.166666666666,3,1,5
CL04586,PREMIUM,Yamoussoukro,actif,30,0,14252.666666666666,3,3,5
CL02365,PREMIUM,Korhogo,actif,30,2,14253.333333333334,2,1,5
CL07488,PREMIUM,Bouake,actif,30,0,14254.833333333334,5,2,5
CL03874,PREMIUM,Bouake,actif,30,0,14254.833333333334,3,5,5
CL00171,PREMIUM,Abidjan,actif,30,0,14259.4,3,5,5
CL05328,PREMIUM,Yamoussoukro,actif,30,1,14264.0,4,1,5
CL06277,PREMIUM,Abidjan,actif,30,0,14264.833333333334,2,5,5
CL01801,PREMIUM,Abidjan,actif,30,0,14267.833333333334,2,5,5
CL05529,PREMIUM,Yamoussoukro,actif,30,1,14269.8,2,1,5
CL04122,PREMIUM,Abidjan,actif,30,0,14271.833333333334,3,5,5
CL05218,PREMIUM,Abidjan,actif,30,0,14272.666666666666,4,3,5
CL04811,PREMIUM,Abidjan,actif,30,0,14284.833333333334,2,5,5
CL04017,PREMIUM,Abidjan,actif,30,0,14285.333333333334,5,2,5
CL02829,PREMIUM,Abidjan,actif,30,2,14287.166666666666,3,1,5
CL02311,PREMIUM,Bouake,actif,30,0,14289.666666666666,2,5,5
CL07141,PREMIUM,Abidjan,actif,30,0,14289.833333333334,5,2,5
CL00313,PREMIUM,Abidjan,actif,30,1,14291.5,4,1,5
CL02882,PREMIUM,Abidjan,actif,30,0,14297.333333333334,4,3,5
CL03205,PREMIUM,Abidjan,actif,30,1,14299.5,5,1,5
CL01813,PREMIUM,Korhogo,actif,30,0,14302.5,5,2,5
CL02329,PREMIUM,San-Pedro,actif,30,0,14304.4,2,5,5
CL05971,PREMIUM,Korhogo,actif,30,1,14307.166666666666,3,1,5
CL05035,PREMIUM,Abidjan,actif,30,0,14311.0,3,5,5
CL06072,PREMIUM,Korhogo,actif,30,1,14311.166666666666,2,1,5
CL03997,PREMIUM,San-Pedro,actif,30,1,14318.75,5,1,5
CL07041,PREMIUM,Abidjan,actif,30,0,14331.0,2,5,5
CL06223,PREMIUM,Abidjan,actif,30,0,14332.0,3,3,5
CL03580,PREMIUM,Abidjan,actif,30,0,14333.666666666666,3,3,5
CL06216,PREMIUM,Bouake,actif,30,0,14339.333333333334,3,3,5
CL01897,PREMIUM,Korhogo,actif,30,1,14340.166666666666,4,1,5
CL02113,PREMIUM,Abidjan,actif,30,0,14343.0,2,5,5
CL00812,PREMIUM,Abidjan,actif,30,1,14348.166666666666,5,1,5
CL03510,PREMIUM,Abidjan,actif,30,0,14348.166666666666,2,5,5
CL03296,PREMIUM,Bouake,actif,30,0,14348.833333333334,3,5,5
CL07607,PREMIUM,San-Pedro,actif,30,0,14351.666666666666,4,3,5
CL03073,PREMIUM,Abidjan,actif,30,0,14354.666666666666,2,5,5
CL02887,PREMIUM,Abidjan,actif,30,0,14355.333333333334,3,3,5
CL06854,PREMIUM,Korhogo,actif,30,0,14356.5,5,2,5
CL03411,PREMIUM,Abidjan,actif,30,0,14360.166666666666,4,3,5
CL03089,PREMIUM,Abidjan,actif,30,0,14360.166666666666,4,3,5
CL06370,PREMIUM,Abidjan,actif,30,0,14360.666666666666,2,5,5
CL01800,PREMIUM,San-Pedro,actif,30,0,14362.166666666666,2,5,5
CL07963,PREMIUM,Abidjan,actif,30,0,14373.8,5,2,5
CL02834,PREMIUM,Bouake,actif,30,0,14374.5,5,2,5
CL02905,PREMIUM,Abidjan,actif,30,0,14377.0,2,5,5
CL02833,PREMIUM,Abidjan,actif,30,0,14379.0,3,5,5
CL02899,PREMIUM,Abidjan,actif,30,0,14379.833333333334,4,3,5
CL07284,PREMIUM,Abidjan,actif,30,0,14382.166666666666,3,3,5
CL00784,PREMIUM,Abidjan,actif,30,0,14386.833333333334,4,3,5
CL06260,PREMIUM,Bouake,actif,30,0,14394.0,5,2,5
CL07667,PREMIUM,Abidjan,actif,30,1,14398.166666666666,4,1,5
CL03306,PREMIUM,San-Pedro,actif,30,0,14409.8,4,3,5
CL04777,PREMIUM,Korhogo,actif,30,0,14412.666666666666,2,5,5
CL01735,PREMIUM,Korhogo,actif,30,0,14413.0,5,2,5
CL00813,PREMIUM,Abidjan,actif,30,0,14414.833333333334,5,2,5
CL06103,PREMIUM,Abidjan,actif,30,0,14415.333333333334,2,5,5
CL02921,PREMIUM,Korhogo,actif,30,0,14415.666666666666,5,2,5
CL05504,PREMIUM,Abidjan,actif,30,0,14417.5,3,5,5
CL04969,PREMIUM,Abidjan,actif,30,0,14423.0,4,3,5
CL03488,PREMIUM,Bouake,actif,30,1,14423.5,5,1,5
CL06298,PREMIUM,Abidjan,actif,30,0,14426.5,5,2,5
CL07584,PREMIUM,Abidjan,actif,30,1,14428.833333333334,5,1,5
CL00478,PREMIUM,Abidjan,actif,30,0,14431.5,5,2,5
CL05989,PREMIUM,Abidjan,actif,30,0,14433.333333333334,4,2,5
CL00405,PREMIUM,Abidjan,actif,30,0,14436.833333333334,3,3,5
CL03548,PREMIUM,San-Pedro,actif,30,1,14440.166666666666,4,1,5
CL00076,PREMIUM,Korhogo,actif,30,1,14441.833333333334,5,1,5
CL00062,PREMIUM,Abidjan,actif,30,0,14444.166666666666,2,4,5
CL01918,PREMIUM,Abidjan,actif,30,0,14444.333333333334,2,5,5
CL03248,PREMIUM,San-Pedro,actif,30,0,14450.5,5,2,5
CL00899,PREMIUM,Korhogo,actif,30,0,14457.833333333334,2,5,5
CL06566,PREMIUM,Bouake,actif,30,0,14459.25,2,5,5
CL06801,PREMIUM,Korhogo,actif,30,0,14461.333333333334,2,5,5
CL04935,PREMIUM,Abidjan,actif,30,0,14462.333333333334,3,5,5
CL06278,PREMIUM,Korhogo,actif,30,0,14465.2,2,5,5
CL03957,PREMIUM,Bouake,actif,30,0,14474.0,4,3,5
CL00469,PREMIUM,Abidjan,actif,30,0,14482.833333333334,2,4,5
CL04045,PREMIUM,Abidjan,actif,30,0,14483.666666666666,2,5,5
CL00349,PREMIUM,Bouake,actif,30,0,14484.666666666666,5,2,5
CL02686,PREMIUM,Abidjan,actif,30,0,14486.666666666666,3,3,5
CL05596,PREMIUM,Abidjan,actif,30,0,14493.833333333334,3,3,5
CL03717,PREMIUM,Abidjan,actif,30,0,14495.0,5,2,5
CL01031,PREMIUM,Abidjan,actif,30,0,14496.0,5,2,5
CL05301,PREMIUM,Abidjan,actif,30,0,14501.5,2,5,5
CL07217,PREMIUM,Abidjan,actif,30,0,14503.0,4,3,5
CL04523,PREMIUM,Bouake,actif,30,0,14507.833333333334,5,2,5
CL06601,PREMIUM,Korhogo,actif,30,0,14518.5,3,5,5
CL04882,PREMIUM,Abidjan,actif,30,0,14519.833333333334,5,2,5
CL00706,PREMIUM,Bouake,actif,30,0,14521.166666666666,4,3,5
CL06698,PREMIUM,Bouake,actif,30,0,14522.833333333334,5,2,5
CL02739,PREMIUM,Bouake,actif,30,1,14523.333333333334,4,1,5
CL02191,PREMIUM,Korhogo,actif,30,0,14533.4,5,2,5
CL03534,PREMIUM,Bouake,actif,30,1,14534.0,5,1,5
CL00578,PREMIUM,Abidjan,actif,30,2,14534.666666666666,4,1,5
CL03706,PREMIUM,Abidjan,actif,30,1,14540.666666666666,3,2,5
CL07974,PREMIUM,Abidjan,actif,30,0,14541.166666666666,4,3,5
CL03298,PREMIUM,Abidjan,actif,30,0,14542.5,2,5,5
CL03179,PREMIUM,Abidjan,actif,30,0,14543.166666666666,3,3,5
CL00046,PREMIUM,Abidjan,actif,30,0,14543.333333333334,3,5,5
CL02336,PREMIUM,Abidjan,actif,30,1,14544.2,4,1,5
CL03239,PREMIUM,Abidjan,actif,30,0,14544.666666666666,5,2,5
CL06367,PREMIUM,San-Pedro,actif,30,1,14546.5,5,1,5
CL03432,PREMIUM,Abidjan,actif,30,0,14550.5,2,5,5
CL06993,PREMIUM,Bouake,actif,30,1,14555.0,5,1,5
CL07661,PREMIUM,Abidjan,actif,30,0,14555.2,5,2,5
CL00520,PREMIUM,Abidjan,actif,30,1,14555.5,4,1,5
CL03112,PREMIUM,Abidjan,actif,30,0,14556.833333333334,2,5,5
CL00630,PREMIUM,Abidjan,actif,30,0,14558.333333333334,3,5,5
CL03013,PREMIUM,Korhogo,actif,30,0,14559.5,5,2,5
CL07197,PREMIUM,Abidjan,actif,30,0,14560.0,4,3,5
CL04824,PREMIUM,Abidjan,actif,30,0,14565.5,5,2,5
CL02766,PREMIUM,Abidjan,actif,30,0,14576.333333333334,3,5,5
CL06148,PREMIUM,Abidjan,actif,30,0,14584.333333333334,5,2,5
CL06040,PREMIUM,Abidjan,actif,30,0,14584.666666666666,3,3,5
CL02619,PREMIUM,Bouake,actif,30,0,14584.833333333334,2,5,5
CL01758,PREMIUM,Bouake,actif,30,0,14587.333333333334,2,5,5
CL05122,PREMIUM,Abidjan,actif,30,0,14589.833333333334,2,5,5
CL02795,PREMIUM,Abidjan,actif,30,0,14591.5,5,2,5
CL03844,PREMIUM,Bouake,actif,30,0,14592.5,5,2,5
CL04000,PREMIUM,Yamoussoukro,actif,30,0,14592.8,3,3,5
CL03080,PREMIUM,Bouake,actif,30,1,14595.833333333334,2,2,5
CL05579,PREMIUM,Abidjan,actif,30,1,14595.833333333334,4,1,5
CL01506,PREMIUM,Korhogo,actif,30,1,14599.0,3,2,5
CL01331,PREMIUM,Abidjan,actif,30,0,14600.666666666666,2,5,5
CL05940,PREMIUM,Bouake,actif,30,0,14601.2,3,5,5
CL01161,PREMIUM,Abidjan,actif,30,2,14605.166666666666,3,1,5
CL05250,PREMIUM,Bouake,actif,30,0,14605.333333333334,5,2,5
CL06297,PREMIUM,Yamoussoukro,actif,30,1,14605.666666666666,5,1,5
CL05716,PREMIUM,Yamoussoukro,actif,30,0,14618.166666666666,2,5,5
CL00922,PREMIUM,Korhogo,actif,30,1,14618.666666666666,4,1,5
CL05700,PREMIUM,Abidjan,actif,30,0,14620.333333333334,3,5,5
CL03401,PREMIUM,Abidjan,actif,30,0,14626.666666666666,5,2,5
CL00441,PREMIUM,Abidjan,actif,30,0,14627.166666666666,3,3,5
CL06491,PREMIUM,San-Pedro,actif,30,0,14627.5,5,2,5
CL04172,PREMIUM,Abidjan,actif,30,1,14630.5,3,2,5
CL01350,PREMIUM,Bouake,actif,30,0,14634.166666666666,2,5,5
CL05445,PREMIUM,Abidjan,actif,30,0,14635.2,2,5,5
CL04171,PREMIUM,Bouake,actif,30,3,14636.166666666666,2,1,5
CL01920,PREMIUM,Bouake,actif,30,0,14643.666666666666,3,3,5
CL06785,PREMIUM,Korhogo,actif,30,0,14646.0,4,2,5
CL07112,PREMIUM,Abidjan,actif,30,0,14648.0,4,3,5
CL06308,PREMIUM,San-Pedro,actif,30,0,14649.0,5,2,5
CL02007,PREMIUM,Yamoussoukro,actif,30,0,14649.333333333334,5,2,5
CL05044,PREMIUM,Abidjan,actif,30,0,14651.166666666666,4,3,5
CL01567,PREMIUM,Abidjan,actif,30,0,14658.833333333334,3,5,5
CL04201,PREMIUM,Bouake,actif,30,0,14663.0,4,3,5
CL07161,PREMIUM,Abidjan,actif,30,0,14664.166666666666,2,4,5
CL05262,PREMIUM,Korhogo,actif,30,1,14665.166666666666,5,1,5
CL01020,PREMIUM,Bouake,actif,30,0,14665.5,3,5,5
CL05525,PREMIUM,Yamoussoukro,actif,30,1,14667.2,2,2,5
CL07445,PREMIUM,Abidjan,actif,30,0,14668.666666666666,4,3,5
CL04517,PREMIUM,San-Pedro,actif,30,0,14670.75,3,3,5
CL00254,PREMIUM,Bouake,actif,30,0,14672.666666666666,3,5,5
CL07251,PREMIUM,Yamoussoukro,actif,30,0,14680.5,5,2,5
CL01443,PREMIUM,Yamoussoukro,actif,30,0,14682.0,3,3,5
CL06981,PREMIUM,Abidjan,actif,30,1,14682.5,2,1,5
CL04480,PREMIUM,Abidjan,actif,30,0,14684.5,3,5,5
CL07452,PREMIUM,Bouake,actif,30,0,14685.0,4,3,5
CL02388,PREMIUM,Abidjan,actif,30,0,14685.0,3,5,5
CL02771,PREMIUM,Abidjan,actif,30,0,14687.833333333334,5,2,5
CL07525,PREMIUM,Abidjan,actif,30,1,14690.2,4,1,5
CL05677,PREMIUM,Abidjan,actif,30,2,14691.4,5,1,5
CL05060,PREMIUM,Abidjan,actif,30,0,14696.833333333334,4,3,5
CL00399,PREMIUM,Abidjan,actif,30,0,14697.5,3,3,5
CL07980,PREMIUM,Abidjan,actif,30,0,14700.5,2,5,5
CL07055,PREMIUM,Abidjan,actif,30,1,14705.5,3,1,5
CL02660,PREMIUM,Abidjan,actif,30,0,14706.166666666666,5,2,5
CL03566,PREMIUM,Abidjan,actif,30,0,14708.0,2,5,5
CL06047,PREMIUM,Korhogo,actif,30,0,14710.333333333334,3,3,5
CL00927,PREMIUM,Yamoussoukro,actif,30,0,14710.333333333334,3,5,5
CL03381,PREMIUM,Korhogo,actif,30,0,14713.833333333334,5,2,5
CL01815,PREMIUM,Abidjan,actif,30,0,14717.6,5,2,5
CL07509,PREMIUM,Abidjan,actif,30,0,14718.166666666666,5,2,5
CL04541,PREMIUM,San-Pedro,actif,30,1,14718.666666666666,4,1,5
CL06967,PREMIUM,Yamoussoukro,actif,30,0,14719.833333333334,4,2,5
CL05455,PREMIUM,Abidjan,actif,30,0,14719.833333333334,2,5,5
CL05945,PREMIUM,Abidjan,actif,30,0,14720.0,4,3,5
CL00371,PREMIUM,Abidjan,actif,30,0,14721.166666666666,4,3,5
CL00445,PREMIUM,Bouake,actif,30,0,14723.0,3,5,5
CL01184,PREMIUM,Abidjan,actif,30,0,14723.2,4,3,5
CL01835,PREMIUM,Abidjan,actif,30,0,14724.333333333334,3,3,5
CL03702,PREMIUM,Yamoussoukro,actif,30,0,14725.333333333334,2,5,5
CL07002,PREMIUM,Abidjan,actif,30,2,14727.833333333334,2,1,5
CL02990,PREMIUM,San-Pedro,actif,30,0,14730.0,2,5,5
CL05558,PREMIUM,Bouake,actif,30,0,14730.333333333334,2,5,5
CL02756,PREMIUM,Abidjan,actif,30,0,14730.5,2,5,5
CL06621,PREMIUM,Abidjan,actif,30,0,14731.0,4,3,5
CL07282,PREMIUM,Yamoussoukro,actif,30,0,14731.5,4,3,5
CL04986,PREMIUM,Abidjan,actif,30,0,14734.0,2,5,5
CL07052,PREMIUM,Bouake,actif,30,1,14735.0,4,1,5
CL01788,PREMIUM,Bouake,actif,30,1,14740.333333333334,5,1,5
CL04396,PREMIUM,Yamoussoukro,actif,30,0,14743.333333333334,5,2,5
CL00562,PREMIUM,San-Pedro,actif,30,1,14743.333333333334,5,1,5
CL00458,PREMIUM,Yamoussoukro,actif,30,1,14745.666666666666,4,1,5
CL03979,PREMIUM,Bouake,actif,30,0,14746.0,2,5,5
CL03007,PREMIUM,Korhogo,actif,30,0,14749.333333333334,3,3,5
CL05613,PREMIUM,Abidjan,actif,30,0,14751.166666666666,3,3,5
CL06715,PREMIUM,Abidjan,actif,30,0,14752.0,5,2,5
CL07765,PREMIUM,Abidjan,actif,30,0,14753.5,4,3,5
CL05310,PREMIUM,Abidjan,actif,30,0,14753.5,3,5,5
CL00601,PREMIUM,Abidjan,actif,30,2,14754.0,5,1,5
CL01293,PREMIUM,Abidjan,actif,30,0,14757.333333333334,5,2,5
CL05846,PREMIUM,Korhogo,actif,30,1,14757.666666666666,2,1,5
CL01714,PREMIUM,Korhogo,actif,30,0,14762.333333333334,2,5,5
CL02450,PREMIUM,Yamoussoukro,actif,30,0,14762.833333333334,4,3,5
CL02576,PREMIUM,Yamoussoukro,actif,30,0,14767.0,3,3,5
CL03720,PREMIUM,Abidjan,actif,30,0,14767.333333333334,2,5,5
CL01521,PREMIUM,Korhogo,actif,30,0,14769.0,2,5,5
CL05859,PREMIUM,Abidjan,actif,30,0,14769.666666666666,3,3,5
CL04495,PREMIUM,Abidjan,actif,30,0,14772.666666666666,5,2,5
CL03816,PREMIUM,Bouake,actif,30,0,14776.333333333334,5,2,5
CL06822,PREMIUM,Korhogo,actif,30,0,14778.5,2,5,5
CL02214,PREMIUM,Bouake,actif,30,0,14779.833333333334,3,3,5
CL04962,PREMIUM,Abidjan,actif,30,0,14781.833333333334,3,3,5
CL00702,PREMIUM,San-Pedro,actif,30,0,14782.0,5,2,5
CL06648,PREMIUM,Abidjan,actif,30,0,14784.166666666666,3,5,5
CL00407,PREMIUM,San-Pedro,actif,30,0,14784.2,5,2,5
CL07924,PREMIUM,Bouake,actif,30,0,14785.0,4,3,5
CL03933,PREMIUM,Yamoussoukro,actif,30,0,14787.833333333334,3,5,5
CL04398,PREMIUM,Abidjan,actif,30,0,14788.666666666666,2,5,5
CL02248,PREMIUM,Abidjan,actif,30,0,14789.166666666666,3,5,5
CL01518,PREMIUM,Abidjan,actif,30,0,14789.5,2,5,5
CL01622,PREMIUM,Abidjan,actif,30,3,14789.833333333334,4,1,5
CL07503,PREMIUM,Abidjan,actif,30,0,14793.833333333334,2,4,5
CL07687,PREMIUM,Abidjan,actif,30,0,14794.666666666666,3,3,5
CL02694,PREMIUM,Abidjan,actif,30,1,14794.833333333334,4,1,5
CL03302,PREMIUM,Abidjan,actif,30,0,14795.833333333334,2,5,5
CL05468,PREMIUM,Bouake,actif,30,0,14799.0,5,2,5
CL01545,PREMIUM,Abidjan,actif,30,1,14799.0,4,1,5
CL00359,PREMIUM,Abidjan,actif,30,1,14800.0,5,1,5
CL04886,PREMIUM,San-Pedro,actif,30,0,14800.833333333334,4,3,5
CL07693,PREMIUM,Bouake,actif,30,0,14801.166666666666,5,2,5
CL01717,PREMIUM,Bouake,actif,30,0,14805.666666666666,2,5,5
CL07308,PREMIUM,Bouake,actif,30,0,14806.666666666666,5,2,5
CL02611,PREMIUM,Bouake,actif,30,0,14808.5,5,2,5
CL06493,PREMIUM,Abidjan,actif,30,0,14810.666666666666,4,3,5
CL00079,PREMIUM,Bouake,actif,30,0,14810.666666666666,3,3,5
CL04240,PREMIUM,Bouake,actif,30,1,14812.333333333334,2,2,5
CL07190,PREMIUM,Korhogo,actif,30,1,14813.666666666666,4,1,5
CL05181,PREMIUM,Yamoussoukro,actif,30,0,14814.166666666666,5,2,5
CL05387,PREMIUM,Yamoussoukro,actif,30,0,14815.166666666666,2,5,5
CL03964,PREMIUM,Abidjan,actif,30,0,14816.166666666666,4,3,5
CL06929,PREMIUM,Yamoussoukro,actif,30,1,14816.833333333334,2,2,5
CL06382,PREMIUM,San-Pedro,actif,30,0,14817.666666666666,5,2,5
CL05631,PREMIUM,Bouake,actif,30,0,14819.333333333334,3,3,5
CL06898,PREMIUM,Abidjan,actif,30,0,14821.166666666666,4,3,5
CL07811,PREMIUM,Bouake,actif,30,0,14821.166666666666,3,5,5
CL01405,PREMIUM,Bouake,actif,30,2,14821.333333333334,5,1,5
CL04534,PREMIUM,Abidjan,actif,30,0,14821.666666666666,3,5,5
CL05905,PREMIUM,San-Pedro,actif,30,0,14822.666666666666,3,5,5
CL06510,PREMIUM,Abidjan,actif,30,1,14825.5,5,1,5
CL03502,PREMIUM,Abidjan,actif,30,0,14825.833333333334,5,2,5
CL04481,PREMIUM,Bouake,actif,30,0,14828.6,2,5,5
CL02918,PREMIUM,Abidjan,actif,30,0,14829.0,4,3,5
CL05803,PREMIUM,Abidjan,actif,30,2,14833.25,5,1,5
CL03051,PREMIUM,Abidjan,actif,30,1,14836.166666666666,3,1,5
CL05821,PREMIUM,Bouake,actif,30,3,14836.666666666666,4,1,5
CL00205,PREMIUM,Abidjan,actif,30,0,14840.833333333334,3,3,5
CL05626,PREMIUM,Abidjan,actif,30,0,14844.333333333334,2,5,5
CL07450,PREMIUM,Yamoussoukro,actif,30,0,14844.5,2,5,5
CL03859,PREMIUM,San-Pedro,actif,30,1,14845.666666666666,3,2,5
CL07355,PREMIUM,Abidjan,actif,30,0,14850.833333333334,4,3,5
CL04368,PREMIUM,Abidjan,actif,30,1,14850.833333333334,5,1,5
CL01539,PREMIUM,Korhogo,actif,30,1,14853.333333333334,3,2,5
CL02447,PREMIUM,Korhogo,actif,30,0,14854.833333333334,5,2,5
CL07730,PREMIUM,Abidjan,actif,30,0,14856.833333333334,5,2,5
CL05598,PREMIUM,Bouake,actif,30,1,14859.5,2,2,5
CL06979,PREMIUM,Abidjan,actif,30,0,14860.2,5,2,5
CL01680,PREMIUM,Abidjan,actif,30,0,14861.5,3,3,5
CL06056,PREMIUM,Abidjan,actif,30,0,14861.833333333334,2,5,5
CL02898,PREMIUM,Korhogo,actif,30,0,14862.666666666666,4,3,5
CL02386,PREMIUM,Abidjan,actif,30,0,14863.166666666666,3,3,5
CL06095,PREMIUM,Abidjan,actif,30,0,14863.5,4,3,5
CL03594,PREMIUM,Abidjan,actif,30,1,14863.666666666666,4,1,5
CL05792,PREMIUM,Korhogo,actif,30,0,14865.0,3,5,5
CL00905,PREMIUM,Yamoussoukro,actif,30,1,14866.833333333334,2,2,5
CL00266,PREMIUM,Abidjan,actif,30,0,14868.666666666666,5,2,5
CL06713,PREMIUM,San-Pedro,actif,30,0,14871.8,3,3,5
CL01995,PREMIUM,San-Pedro,actif,30,0,14872.5,5,2,5
CL06505,PREMIUM,Abidjan,actif,30,0,14873.0,2,5,5
CL04372,PREMIUM,Abidjan,actif,30,1,14874.5,4,1,5
CL02354,PREMIUM,Abidjan,actif,30,0,14875.0,5,2,5
CL03471,PREMIUM,San-Pedro,actif,30,0,14878.166666666666,5,2,5
CL02300,PREMIUM,Abidjan,actif,30,0,14879.0,2,5,5
CL03658,PREMIUM,Abidjan,actif,30,0,14879.666666666666,4,3,5
CL07438,PREMIUM,Abidjan,actif,30,1,14881.666666666666,3,2,5
CL00487,PREMIUM,San-Pedro,actif,30,0,14888.166666666666,5,2,5
CL02331,PREMIUM,Abidjan,actif,30,0,14888.666666666666,2,5,5
CL05025,PREMIUM,Abidjan,actif,30,1,14891.0,2,2,5
CL07184,PREMIUM,Yamoussoukro,actif,30,1,14892.0,3,1,5
CL02623,PREMIUM,Abidjan,actif,30,0,14892.5,5,2,5
CL00290,PREMIUM,Abidjan,actif,30,1,14892.5,2,2,5
CL02319,PREMIUM,Yamoussoukro,actif,30,1,14897.833333333334,3,2,5
CL07819,PREMIUM,Bouake,actif,30,0,14901.333333333334,2,5,5
CL03853,PREMIUM,San-Pedro,actif,30,0,14904.0,3,3,5
CL05533,PREMIUM,Abidjan,actif,30,0,14904.333333333334,4,3,5
CL05691,PREMIUM,Abidjan,actif,30,0,14904.833333333334,4,3,5
CL03419,PREMIUM,Korhogo,actif,30,0,14905.0,5,2,5
CL03009,PREMIUM,Abidjan,actif,30,0,14905.666666666666,3,5,5
CL04545,PREMIUM,Abidjan,actif,30,0,14908.333333333334,2,5,5
CL06275,PREMIUM,Abidjan,actif,30,0,14911.333333333334,4,2,5
CL00414,PREMIUM,Bouake,actif,30,1,14911.333333333334,5,1,5
CL02793,PREMIUM,Abidjan,actif,30,0,14912.166666666666,2,5,5
CL02914,PREMIUM,Abidjan,actif,30,0,14916.2,3,5,5
CL00804,PREMIUM,Korhogo,actif,30,0,14916.8,5,2,5
CL05385,PREMIUM,Abidjan,actif,30,0,14917.0,2,5,5
CL07383,PREMIUM,Abidjan,actif,30,0,14918.0,3,3,5
CL07066,PREMIUM,Abidjan,actif,30,1,14920.666666666666,3,1,5
CL04096,PREMIUM,Korhogo,actif,30,0,14921.333333333334,4,3,5
CL04311,PREMIUM,Bouake,actif,30,0,14921.5,5,2,5
CL00541,PREMIUM,Abidjan,actif,30,3,14923.666666666666,5,1,5
CL02692,PREMIUM,Abidjan,actif,30,0,14924.5,3,5,5
CL06861,PREMIUM,Abidjan,actif,30,1,14927.166666666666,4,1,5
CL07925,PREMIUM,Abidjan,actif,30,1,14929.166666666666,4,1,5
CL01112,PREMIUM,Yamoussoukro,actif,30,0,14929.5,4,3,5
CL05030,PREMIUM,Bouake,actif,30,0,14931.333333333334,3,3,5
CL00991,PREMIUM,San-Pedro,actif,30,0,14931.5,3,5,5
CL02239,PREMIUM,Abidjan,actif,30,0,14934.333333333334,4,3,5
CL06018,PREMIUM,Abidjan,actif,30,0,14934.833333333334,5,2,5
CL07641,PREMIUM,Abidjan,actif,30,0,14937.0,4,3,5
CL04493,PREMIUM,Yamoussoukro,actif,30,0,14940.833333333334,5,2,5
CL07106,PREMIUM,Abidjan,actif,30,0,14943.5,2,4,5
CL05886,PREMIUM,Abidjan,actif,30,0,14944.5,4,2,5
CL05811,PREMIUM,Bouake,actif,30,0,14945.5,5,2,5
CL05164,PREMIUM,Abidjan,actif,30,1,14947.166666666666,3,1,5
CL05723,PREMIUM,Abidjan,actif,30,0,14948.166666666666,4,3,5
CL01536,PREMIUM,Abidjan,actif,30,0,14949.5,3,5,5
CL05339,PREMIUM,Abidjan,actif,30,0,14950.166666666666,3,3,5
CL05850,PREMIUM,Abidjan,actif,30,0,14952.5,4,2,5
CL01310,PREMIUM,Abidjan,actif,30,1,14952.666666666666,3,1,5
CL02157,PREMIUM,Abidjan,actif,30,0,14953.333333333334,2,5,5
CL00943,PREMIUM,Abidjan,actif,30,0,14955.0,3,5,5
CL00861,PREMIUM,Abidjan,actif,30,0,14957.333333333334,5,2,5
CL00348,PREMIUM,Yamoussoukro,actif,30,2,14958.666666666666,2,1,5
CL02953,PREMIUM,Abidjan,actif,30,0,14960.166666666666,4,3,5
CL02718,PREMIUM,Abidjan,actif,30,0,14961.833333333334,3,3,5
CL03990,PREMIUM,Abidjan,actif,30,0,14964.0,5,2,5
CL07301,PREMIUM,Abidjan,actif,30,0,14964.0,3,5,5
CL04978,PREMIUM,Korhogo,actif,30,1,14964.166666666666,3,2,5
CL06688,PREMIUM,Bouake,actif,30,0,14966.833333333334,4,2,5
CL05693,PREMIUM,Abidjan,actif,30,1,14967.833333333334,4,1,5
CL00969,PREMIUM,Yamoussoukro,actif,30,0,14968.833333333334,5,2,5
CL05207,PREMIUM,Korhogo,actif,30,0,14968.833333333334,2,5,5
CL07460,PREMIUM,Abidjan,actif,30,0,14972.0,4,3,5
CL05730,PREMIUM,Abidjan,actif,30,1,14977.333333333334,4,1,5
CL02026,PREMIUM,Abidjan,actif,30,0,14979.833333333334,3,3,5
CL04769,PREMIUM,Yamoussoukro,actif,30,0,14981.25,3,5,5
CL02121,PREMIUM,Abidjan,actif,30,1,14983.666666666666,5,1,5
CL07801,PREMIUM,Abidjan,actif,30,0,14985.833333333334,2,4,5
CL05928,PREMIUM,Yamoussoukro,actif,30,0,14987.166666666666,5,2,5
CL02983,PREMIUM,Bouake,actif,30,0,14987.5,2,5,5
CL01941,PREMIUM,Abidjan,actif,30,1,14988.666666666666,5,1,5
CL00891,PREMIUM,Bouake,actif,30,1,14991.2,4,1,5
CL07243,PREMIUM,Abidjan,actif,30,0,14991.833333333334,2,5,5
CL05746,PREMIUM,Bouake,actif,30,0,14993.833333333334,5,2,5
CL02958,PREMIUM,Abidjan,actif,30,0,14994.666666666666,5,2,5
CL01592,PREMIUM,Abidjan,actif,30,0,14996.0,4,3,5
CL01151,PREMIUM,Abidjan,actif,30,0,14998.833333333334,4,3,5
CL03439,PREMIUM,Abidjan,actif,30,0,15003.166666666666,5,2,5
CL07829,PREMIUM,Bouake,actif,30,0,15004.5,2,5,5
CL00323,PREMIUM,Abidjan,actif,30,0,15014.333333333334,2,5,5
CL00559,PREMIUM,San-Pedro,actif,30,0,15015.0,5,2,5
CL05588,PREMIUM,Abidjan,actif,30,1,15017.2,2,2,5
CL06375,PREMIUM,Korhogo,actif,30,0,15017.666666666666,4,2,5
CL06408,PREMIUM,Yamoussoukro,actif,30,0,15020.833333333334,5,2,5
CL02170,PREMIUM,Bouake,actif,30,0,15023.25,5,2,5
CL05230,PREMIUM,Abidjan,actif,30,0,15029.5,4,3,5
CL05909,PREMIUM,Yamoussoukro,actif,30,0,15031.0,5,2,5
CL06306,PREMIUM,Abidjan,actif,30,0,15032.166666666666,3,5,5
CL00980,PREMIUM,Abidjan,actif,30,0,15033.166666666666,2,5,5
CL05028,PREMIUM,Abidjan,actif,30,0,15035.166666666666,3,5,5
CL00997,PREMIUM,Bouake,actif,30,1,15036.833333333334,2,2,5
CL02716,PREMIUM,Bouake,actif,30,0,15037.333333333334,4,3,5
CL05204,PREMIUM,Abidjan,actif,30,0,15039.833333333334,2,5,5
CL04406,PREMIUM,Yamoussoukro,actif,30,1,15043.166666666666,5,1,5
CL02278,PREMIUM,Abidjan,actif,30,0,15047.166666666666,2,5,5
CL00718,PREMIUM,Abidjan,actif,30,0,15048.666666666666,2,5,5
CL00039,PREMIUM,Abidjan,actif,30,0,15049.833333333334,2,5,5
CL04367,PREMIUM,Bouake,actif,30,0,15051.0,4,3,5
CL03966,PREMIUM,Abidjan,actif,30,0,15051.5,2,5,5
CL02494,PREMIUM,Abidjan,actif,30,1,15062.666666666666,3,2,5
CL07514,PREMIUM,Abidjan,actif,30,0,15066.666666666666,2,5,5
CL01361,PREMIUM,Abidjan,actif,30,0,15067.166666666666,4,3,5
CL01323,PREMIUM,Abidjan,actif,30,0,15067.666666666666,4,3,5
CL03608,PREMIUM,Bouake,actif,30,1,15072.0,5,1,5
CL03445,PREMIUM,Bouake,actif,30,1,15072.75,5,1,5
CL01427,PREMIUM,Abidjan,actif,30,1,15073.6,5,1,5
CL06046,PREMIUM,San-Pedro,actif,30,0,15074.5,5,2,5
CL03537,PREMIUM,Abidjan,actif,30,0,15075.0,5,2,5
CL03999,PREMIUM,Korhogo,actif,30,0,15075.0,4,3,5
CL02281,PREMIUM,Bouake,actif,30,1,15077.833333333334,3,2,5
CL07440,PREMIUM,Korhogo,actif,30,0,15085.666666666666,2,5,5
CL07416,PREMIUM,Bouake,actif,30,1,15086.166666666666,4,1,5
CL06305,PREMIUM,Korhogo,actif,30,0,15087.0,4,3,5
CL05608,PREMIUM,Abidjan,actif,30,0,15087.333333333334,5,2,5
CL07224,PREMIUM,Abidjan,actif,30,0,15089.0,3,3,5
CL03108,PREMIUM,San-Pedro,actif,30,0,15091.166666666666,4,3,5
CL02848,PREMIUM,San-Pedro,actif,30,1,15091.666666666666,3,1,5
CL00145,PREMIUM,Abidjan,actif,30,1,15092.333333333334,3,2,5
CL03864,PREMIUM,Bouake,actif,30,0,15093.833333333334,2,5,5
CL00728,PREMIUM,Bouake,actif,30,0,15093.833333333334,2,5,5
CL07489,PREMIUM,Abidjan,actif,30,1,15096.0,4,1,5
CL02575,PREMIUM,Korhogo,actif,30,1,15096.4,3,2,5
CL01497,PREMIUM,Abidjan,actif,30,1,15097.333333333334,5,1,5
CL04232,PREMIUM,Abidjan,actif,30,0,15097.333333333334,4,3,5
CL06723,PREMIUM,Abidjan,actif,30,0,15098.166666666666,5,2,5
CL05512,PREMIUM,Yamoussoukro,actif,30,0,15101.6,3,5,5
CL04066,PREMIUM,Bouake,actif,30,0,15102.166666666666,3,5,5
CL03458,PREMIUM,Abidjan,actif,30,0,15102.666666666666,3,3,5
CL00068,PREMIUM,San-Pedro,actif,30,1,15106.5,3,2,5
CL00091,PREMIUM,Abidjan,actif,30,1,15106.5,5,1,5
CL01318,PREMIUM,Abidjan,actif,30,0,15109.2,3,3,5
CL05389,PREMIUM,Abidjan,actif,30,1,15111.666666666666,5,1,5
CL05488,PREMIUM,Bouake,actif,30,0,15111.666666666666,2,5,5
CL00182,PREMIUM,Abidjan,actif,30,0,15112.333333333334,4,3,5
CL06388,PREMIUM,Abidjan,actif,30,0,15112.666666666666,4,2,5
CL06546,PREMIUM,San-Pedro,actif,30,1,15113.833333333334,5,1,5
CL06860,PREMIUM,Abidjan,actif,30,0,15114.333333333334,3,3,5
CL06430,PREMIUM,Abidjan,actif,30,0,15115.0,3,5,5
CL00526,PREMIUM,Yamoussoukro,actif,30,0,15115.833333333334,4,3,5
CL03550,PREMIUM,Yamoussoukro,actif,30,1,15116.333333333334,3,2,5
CL04632,PREMIUM,Abidjan,actif,30,0,15119.0,3,3,5
CL03018,PREMIUM,Yamoussoukro,actif,30,0,15121.0,4,3,5
CL04405,PREMIUM,Bouake,actif,30,0,15122.0,2,5,5
CL05687,PREMIUM,Yamoussoukro,actif,30,0,15122.666666666666,3,5,5
CL03633,PREMIUM,Abidjan,actif,30,0,15124.5,5,2,5
CL04605,PREMIUM,Abidjan,actif,30,0,15124.666666666666,2,5,5
CL03532,PREMIUM,Bouake,actif,30,1,15125.833333333334,5,1,5
CL06000,PREMIUM,Bouake,actif,30,0,15127.166666666666,5,2,5
CL01054,PREMIUM,Abidjan,actif,30,0,15128.0,4,3,5
CL07405,PREMIUM,Bouake,actif,30,1,15133.0,2,2,5
CL07419,PREMIUM,Korhogo,actif,30,1,15133.5,4,1,5
CL01756,PREMIUM,Abidjan,actif,30,0,15136.2,4,3,5
CL04765,PREMIUM,Bouake,actif,30,0,15136.5,5,2,5
CL02511,PREMIUM,Abidjan,actif,30,0,15137.166666666666,5,2,5
CL07792,PREMIUM,Yamoussoukro,actif,30,0,15139.166666666666,3,3,5
CL00805,PREMIUM,Yamoussoukro,actif,30,1,15140.333333333334,4,1,5
CL05815,PREMIUM,Bouake,actif,30,1,15141.0,3,1,5
CL04998,PREMIUM,Abidjan,actif,30,0,15142.166666666666,3,3,5
CL01429,PREMIUM,Yamoussoukro,actif,30,0,15145.0,3,3,5
CL04216,PREMIUM,Yamoussoukro,actif,30,0,15145.666666666666,3,3,5
CL07140,PREMIUM,Yamoussoukro,actif,30,0,15148.5,4,3,5
CL00587,PREMIUM,Yamoussoukro,actif,30,0,15148.666666666666,3,3,5
CL06941,PREMIUM,Abidjan,actif,30,0,15148.666666666666,3,5,5
CL00489,PREMIUM,Korhogo,actif,30,0,15148.833333333334,5,2,5
CL02620,PREMIUM,Yamoussoukro,actif,30,0,15152.166666666666,3,5,5
CL02600,PREMIUM,San-Pedro,actif,30,1,15154.5,4,1,5
CL07235,PREMIUM,Korhogo,actif,30,1,15154.666666666666,5,1,5
CL01957,PREMIUM,Yamoussoukro,actif,30,0,15156.8,5,2,5
CL05458,PREMIUM,Abidjan,actif,30,0,15157.333333333334,3,3,5
CL03959,PREMIUM,Abidjan,actif,30,0,15159.333333333334,3,5,5
CL06469,PREMIUM,Bouake,actif,30,0,15159.833333333334,2,5,5
CL03424,PREMIUM,Abidjan,actif,30,0,15161.0,3,5,5
CL00747,PREMIUM,Abidjan,actif,30,0,15162.333333333334,4,3,5
CL07089,PREMIUM,Abidjan,actif,30,0,15163.833333333334,3,3,5
CL04946,PREMIUM,Abidjan,actif,30,0,15164.833333333334,5,2,5
CL01809,PREMIUM,Abidjan,actif,30,0,15165.166666666666,3,3,5
CL01334,PREMIUM,Abidjan,actif,30,0,15166.333333333334,2,5,5
CL05535,PREMIUM,Abidjan,actif,30,0,15166.833333333334,3,3,5
CL05530,PREMIUM,Abidjan,actif,30,0,15167.5,4,2,5
CL05447,PREMIUM,Abidjan,actif,30,0,15170.666666666666,2,5,5
CL02294,PREMIUM,San-Pedro,actif,30,0,15172.166666666666,4,3,5
CL02553,PREMIUM,Abidjan,actif,30,1,15176.333333333334,5,1,5
CL02524,PREMIUM,Abidjan,actif,30,0,15178.5,2,5,5
CL06818,PREMIUM,Yamoussoukro,actif,30,0,15178.666666666666,2,5,5
CL01035,PREMIUM,Abidjan,actif,30,1,15180.833333333334,3,2,5
CL07851,PREMIUM,Abidjan,actif,30,0,15180.833333333334,4,3,5
CL03610,PREMIUM,Abidjan,actif,30,0,15181.666666666666,2,5,5
CL03837,PREMIUM,Bouake,actif,30,0,15186.4,5,2,5
CL00434,PREMIUM,Abidjan,actif,30,0,15189.0,2,5,5
CL07404,PREMIUM,Abidjan,actif,30,0,15190.833333333334,5,2,5
CL00400,PREMIUM,Abidjan,actif,30,0,15191.2,2,5,5
CL07073,PREMIUM,Bouake,actif,30,0,15191.833333333334,5,2,5
CL00316,PREMIUM,Abidjan,actif,30,0,15196.0,2,5,5
CL02711,PREMIUM,Abidjan,actif,30,0,15196.333333333334,2,5,5
CL01535,PREMIUM,Abidjan,actif,30,0,15199.333333333334,4,3,5
CL01490,PREMIUM,Abidjan,actif,30,0,15199.333333333334,2,5,5
CL06043,PREMIUM,Abidjan,actif,30,0,15201.8,2,5,5
CL01894,PREMIUM,Bouake,actif,30,1,15202.0,2,2,5
CL00685,PREMIUM,Bouake,actif,30,0,15207.5,5,2,5
CL01867,PREMIUM,Abidjan,actif,30,0,15208.833333333334,3,5,5
CL04973,PREMIUM,Abidjan,actif,30,0,15211.0,5,2,5
CL03434,PREMIUM,Abidjan,actif,30,0,15211.0,5,2,5
CL07387,PREMIUM,Abidjan,actif,30,0,15215.0,2,4,5
CL05624,PREMIUM,Abidjan,actif,30,0,15216.0,5,2,5
CL04599,PREMIUM,Abidjan,actif,30,0,15216.0,3,5,5
CL00687,PREMIUM,Abidjan,actif,30,0,15217.833333333334,2,5,5
CL03363,PREMIUM,Korhogo,actif,30,0,15219.333333333334,3,5,5
CL02381,PREMIUM,Abidjan,actif,30,0,15219.5,2,5,5
CL04698,PREMIUM,San-Pedro,actif,30,0,15220.0,3,3,5
CL05049,PREMIUM,Abidjan,actif,30,0,15222.333333333334,5,2,5
CL03586,PREMIUM,Abidjan,actif,30,1,15222.75,3,2,5
CL00854,PREMIUM,Abidjan,actif,30,1,15222.833333333334,5,1,5
CL05405,PREMIUM,Abidjan,actif,30,1,15225.0,5,1,5
CL03406,PREMIUM,Abidjan,actif,30,0,15226.0,3,3,5
CL04790,PREMIUM,Bouake,actif,30,0,15226.2,2,5,5
CL03492,PREMIUM,Yamoussoukro,actif,30,0,15226.333333333334,3,5,5
CL05178,PREMIUM,Korhogo,actif,30,0,15227.6,2,5,5
CL04257,PREMIUM,Yamoussoukro,actif,30,0,15230.166666666666,4,3,5
CL04149,PRO,Abidjan,resilie,60,3,15230.25,2,1,5
CL05134,PREMIUM,Bouake,actif,30,0,15232.5,5,2,5
CL01682,PREMIUM,Abidjan,actif,30,1,15232.5,3,2,5
CL04374,PREMIUM,Abidjan,actif,30,0,15233.5,4,3,5
CL03064,PREMIUM,Korhogo,actif,30,1,15233.666666666666,2,2,5
CL01400,PREMIUM,Abidjan,actif,30,0,15235.333333333334,2,5,5
CL01744,PREMIUM,Abidjan,actif,30,0,15238.0,4,3,5
CL04846,PREMIUM,Abidjan,actif,30,2,15238.0,4,1,5
CL01282,PREMIUM,Bouake,actif,30,0,15238.4,4,3,5
CL05478,PREMIUM,Abidjan,actif,30,1,15240.166666666666,5,1,5
CL04673,PREMIUM,Bouake,actif,30,1,15240.333333333334,4,1,5
CL00880,PREMIUM,Abidjan,actif,30,1,15242.333333333334,4,1,5
CL01091,PREMIUM,Bouake,actif,30,1,15243.333333333334,2,2,5
CL05580,PREMIUM,Abidjan,actif,30,0,15247.333333333334,5,2,5
CL02234,PREMIUM,Abidjan,actif,30,0,15250.166666666666,3,5,5
CL00518,PREMIUM,Bouake,actif,30,0,15250.333333333334,5,2,5
CL04982,PREMIUM,Abidjan,actif,30,0,15251.0,5,2,5
CL00635,PREMIUM,Abidjan,actif,30,1,15251.333333333334,3,2,5
CL02088,PREMIUM,San-Pedro,actif,30,0,15255.333333333334,2,5,5
CL07960,PREMIUM,Korhogo,actif,30,0,15255.5,4,3,5
CL06165,PREMIUM,Abidjan,actif,30,0,15257.666666666666,4,2,5
CL00304,PREMIUM,San-Pedro,actif,30,0,15258.166666666666,2,4,5
CL04188,PREMIUM,Korhogo,actif,30,0,15258.5,3,3,5
CL00940,PREMIUM,Bouake,actif,30,0,15258.666666666666,4,3,5
CL00542,PREMIUM,Abidjan,actif,30,0,15260.833333333334,5,2,5
CL03617,PREMIUM,Korhogo,actif,30,0,15260.833333333334,3,3,5
CL01523,PREMIUM,Abidjan,actif,30,0,15261.5,2,5,5
CL07365,PREMIUM,Abidjan,actif,30,0,15262.5,3,3,5
CL01708,PREMIUM,Bouake,actif,30,0,15263.166666666666,4,3,5
CL05734,PREMIUM,Abidjan,actif,30,0,15263.333333333334,5,2,5
CL04977,PREMIUM,Abidjan,actif,30,0,15267.833333333334,5,2,5
CL01732,PREMIUM,Abidjan,actif,30,1,15268.5,2,2,5
CL03039,PREMIUM,Yamoussoukro,actif,30,1,15269.666666666666,4,1,5
CL00321,PREMIUM,Abidjan,actif,30,0,15270.166666666666,5,2,5
CL06891,PREMIUM,Abidjan,actif,30,0,15270.666666666666,2,5,5
CL05522,PREMIUM,San-Pedro,actif,30,0,15277.5,5,2,5
CL03754,PREMIUM,Korhogo,actif,30,0,15279.333333333334,5,2,5
CL07341,PREMIUM,Yamoussoukro,actif,30,0,15282.4,3,5,5
CL05058,PREMIUM,Abidjan,actif,30,0,15285.166666666666,5,2,5
CL06874,PREMIUM,Bouake,actif,30,0,15285.166666666666,2,5,5
CL03315,PREMIUM,San-Pedro,actif,30,0,15286.5,3,5,5
CL06963,PREMIUM,Yamoussoukro,actif,30,0,15287.0,5,2,5
CL03482,PREMIUM,Abidjan,actif,30,0,15288.166666666666,3,5,5
CL06257,PREMIUM,Abidjan,actif,30,0,15288.5,3,5,5
CL01712,PREMIUM,Yamoussoukro,actif,30,1,15290.666666666666,4,1,5
CL07702,PREMIUM,Abidjan,actif,30,0,15292.833333333334,3,5,5
CL06244,PREMIUM,Korhogo,actif,30,1,15294.166666666666,2,2,5
CL02315,PREMIUM,San-Pedro,actif,30,0,15297.833333333334,5,2,5
CL04248,PREMIUM,Abidjan,actif,30,1,15299.0,5,1,5
CL01245,PREMIUM,Abidjan,actif,30,0,15299.5,3,3,5
CL00641,PREMIUM,Korhogo,actif,30,0,15299.666666666666,4,3,5
CL00699,PREMIUM,Abidjan,actif,30,0,15302.666666666666,3,3,5
CL04713,PREMIUM,Abidjan,actif,30,0,15305.833333333334,3,5,5
CL07748,PREMIUM,Abidjan,actif,30,1,15306.333333333334,5,1,5
CL00378,PREMIUM,Yamoussoukro,actif,30,0,15309.6,3,3,5
CL02702,PREMIUM,Bouake,actif,30,1,15312.333333333334,4,1,5
CL01903,PREMIUM,Yamoussoukro,actif,30,0,15314.833333333334,3,5,5
CL01872,PREMIUM,Abidjan,actif,30,0,15316.0,4,3,5
CL01155,PREMIUM,Abidjan,actif,30,0,15317.0,3,5,5
CL00898,PREMIUM,Yamoussoukro,actif,30,1,15317.666666666666,5,1,5
CL00610,PREMIUM,Abidjan,actif,30,1,15318.0,5,1,5
CL01938,PREMIUM,Abidjan,actif,30,0,15320.333333333334,3,5,5
CL05459,PREMIUM,Abidjan,actif,30,0,15324.166666666666,5,2,5
CL00752,PREMIUM,San-Pedro,actif,30,1,15327.0,3,1,5
CL07585,PREMIUM,Abidjan,actif,30,0,15327.8,5,2,5
CL00465,PREMIUM,Abidjan,actif,30,0,15329.0,5,2,5
CL02473,PREMIUM,Korhogo,actif,30,0,15330.0,3,5,5
CL06775,PREMIUM,Abidjan,actif,30,1,15331.166666666666,4,1,5
CL07709,PREMIUM,Bouake,actif,30,0,15331.333333333334,2,4,5
CL05479,PREMIUM,Abidjan,actif,30,0,15332.333333333334,5,2,5
CL00895,PREMIUM,Abidjan,actif,30,0,15333.5,3,5,5
CL06996,PREMIUM,Bouake,actif,30,0,15335.0,3,3,5
CL05079,PREMIUM,Abidjan,actif,30,0,15335.166666666666,3,3,5
CL05256,PREMIUM,Abidjan,actif,30,0,15338.333333333334,4,3,5
CL00497,PREMIUM,Abidjan,actif,30,0,15340.666666666666,2,5,5
CL00490,PREMIUM,Bouake,actif,30,0,15345.333333333334,5,2,5
CL07468,PREMIUM,Yamoussoukro,actif,30,0,15351.5,3,5,5
CL05575,PREMIUM,Bouake,actif,30,0,15358.2,4,2,5
CL02404,PREMIUM,Abidjan,actif,30,0,15358.5,4,3,5
CL00070,PREMIUM,Abidjan,actif,30,0,15360.166666666666,3,5,5
CL04731,PREMIUM,Bouake,actif,30,0,15361.333333333334,3,3,5
CL03369,PREMIUM,Korhogo,actif,30,0,15361.833333333334,5,2,5
CL06132,PREMIUM,Abidjan,actif,30,0,15362.2,5,2,5
CL05057,PREMIUM,Bouake,actif,30,0,15364.0,3,5,5
CL02286,PREMIUM,Abidjan,actif,30,1,15367.166666666666,4,1,5
CL00710,PREMIUM,Korhogo,actif,30,0,15367.4,3,5,5
CL04951,PREMIUM,Abidjan,actif,30,0,15376.333333333334,4,3,5
CL01494,PREMIUM,Bouake,actif,30,2,15378.666666666666,2,1,5
CL02770,PREMIUM,Abidjan,actif,30,1,15379.833333333334,5,1,5
CL01022,PREMIUM,Abidjan,actif,30,2,15381.75,2,1,5
CL04525,PREMIUM,Abidjan,actif,30,0,15383.166666666666,5,2,5
CL07757,PREMIUM,Yamoussoukro,actif,30,1,15385.166666666666,4,1,5
CL05695,PREMIUM,Bouake,actif,30,0,15385.25,2,5,5
CL06318,PREMIUM,Abidjan,actif,30,0,15388.666666666666,4,3,5
CL01493,PREMIUM,Abidjan,actif,30,0,15395.333333333334,3,3,5
CL02616,PREMIUM,Bouake,actif,30,0,15397.666666666666,5,2,5
CL02729,PREMIUM,Bouake,actif,30,0,15404.2,4,3,5
CL06795,PREMIUM,Abidjan,actif,30,1,15406.333333333334,2,2,5
CL02730,PREMIUM,Bouake,actif,30,0,15407.666666666666,5,2,5
CL03109,PREMIUM,Bouake,actif,30,2,15412.833333333334,4,1,5
CL01947,PREMIUM,Korhogo,actif,30,0,15414.0,4,3,5
CL03226,PREMIUM,Yamoussoukro,actif,30,0,15414.666666666666,3,3,5
CL04313,PREMIUM,Bouake,actif,30,0,15418.0,2,5,5
CL06820,PREMIUM,Abidjan,actif,30,0,15419.833333333334,4,3,5
CL03730,PREMIUM,Abidjan,actif,30,0,15422.333333333334,4,3,5
CL07059,PREMIUM,Abidjan,actif,30,1,15426.333333333334,5,1,5
CL06530,PREMIUM,Abidjan,actif,30,0,15427.2,4,2,5
CL04039,PREMIUM,Abidjan,actif,30,0,15431.333333333334,4,3,5
CL00194,PREMIUM,Bouake,actif,30,1,15435.333333333334,5,1,5
CL00662,PREMIUM,Yamoussoukro,actif,30,0,15437.6,4,3,5
CL05318,PREMIUM,Abidjan,actif,30,0,15443.166666666666,5,2,5
CL02591,PREMIUM,Abidjan,actif,30,0,15445.0,2,5,5
CL05921,PREMIUM,San-Pedro,actif,30,0,15447.2,4,2,5
CL00572,PREMIUM,Bouake,actif,30,0,15448.666666666666,5,2,5
CL07345,PREMIUM,Abidjan,actif,30,0,15449.4,5,2,5
CL01381,PREMIUM,Abidjan,actif,30,1,15450.5,3,1,5
CL00633,PREMIUM,Bouake,actif,30,1,15450.833333333334,5,1,5
CL02483,PREMIUM,Korhogo,actif,30,0,15451.5,3,3,5
CL06391,PREMIUM,San-Pedro,actif,30,1,15455.5,4,1,5
CL04082,PREMIUM,San-Pedro,actif,30,1,15458.333333333334,3,2,5
CL01249,PRO,Bouake,resilie,30,2,15458.666666666666,2,1,5
CL06787,PREMIUM,Abidjan,actif,30,1,15459.666666666666,5,1,5
CL00780,PREMIUM,Yamoussoukro,actif,30,1,15461.5,5,1,5
CL02545,PREMIUM,Bouake,actif,30,0,15461.833333333334,5,2,5
CL01816,PREMIUM,Yamoussoukro,actif,30,0,15461.833333333334,3,5,5
CL02433,PREMIUM,Bouake,actif,30,0,15462.8,5,2,5
CL02122,PREMIUM,Bouake,actif,30,0,15463.0,4,3,5
CL04954,PREMIUM,Korhogo,actif,30,0,15463.166666666666,3,5,5
CL04328,PREMIUM,Abidjan,actif,30,1,15465.5,4,1,5
CL00404,PREMIUM,Bouake,actif,30,0,15466.5,3,5,5
CL03835,PREMIUM,Abidjan,actif,30,0,15467.5,4,3,5
CL03787,PREMIUM,Abidjan,actif,30,0,15470.5,3,3,5
CL00933,PREMIUM,Bouake,actif,30,0,15472.0,5,2,5
CL05561,PREMIUM,Bouake,actif,30,0,15474.0,3,5,5
CL05021,PREMIUM,Abidjan,actif,30,0,15475.833333333334,3,5,5
CL04126,PREMIUM,Abidjan,actif,30,0,15483.166666666666,5,2,5
CL03185,PREMIUM,Yamoussoukro,actif,30,0,15484.333333333334,3,3,5
CL04980,PREMIUM,Abidjan,actif,30,0,15485.0,2,5,5
CL00213,PREMIUM,Abidjan,actif,30,0,15485.833333333334,4,3,5
CL06092,PREMIUM,Abidjan,actif,30,0,15489.6,5,2,5
CL04696,PREMIUM,Abidjan,actif,30,0,15490.333333333334,4,3,5
CL02946,PREMIUM,Abidjan,actif,30,0,15494.333333333334,2,5,5
CL05158,PREMIUM,Yamoussoukro,actif,30,0,15498.666666666666,2,5,5
CL02197,PREMIUM,Bouake,actif,30,0,15501.166666666666,4,3,5
CL05903,PREMIUM,Bouake,actif,30,0,15503.2,5,2,5
CL00603,PREMIUM,Yamoussoukro,actif,30,0,15505.833333333334,4,3,5
CL06082,PREMIUM,Yamoussoukro,actif,30,0,15507.5,2,5,5
CL02750,PREMIUM,Bouake,actif,30,1,15508.5,4,1,5
CL06467,PREMIUM,Bouake,actif,30,0,15510.666666666666,4,3,5
CL03868,PREMIUM,Abidjan,actif,30,0,15513.333333333334,2,5,5
CL01944,PREMIUM,Bouake,actif,30,0,15514.0,3,3,5
CL04475,PREMIUM,Bouake,actif,30,0,15515.666666666666,5,2,5
CL03125,PREMIUM,Bouake,actif,30,0,15525.333333333334,2,5,5
CL03553,PREMIUM,Abidjan,actif,30,0,15525.666666666666,3,3,5
CL05399,PREMIUM,Abidjan,actif,30,0,15527.0,3,3,5
CL06333,PREMIUM,Abidjan,actif,30,2,15528.166666666666,5,1,5
CL05783,PREMIUM,Abidjan,actif,30,0,15539.166666666666,4,3,5
CL07508,PREMIUM,Korhogo,actif,30,1,15540.0,3,1,5
CL01721,PREMIUM,Abidjan,actif,30,0,15548.5,5,2,5
CL05032,PREMIUM,Abidjan,actif,30,0,15550.833333333334,4,3,5
CL03382,PREMIUM,Abidjan,actif,30,0,15553.5,4,3,5
CL01046,PREMIUM,Yamoussoukro,actif,30,0,15557.2,5,2,5
CL03426,PREMIUM,Abidjan,actif,30,1,15558.0,5,1,5
CL07941,PREMIUM,Abidjan,actif,30,0,15559.666666666666,4,3,5
CL06680,PREMIUM,Abidjan,actif,30,1,15562.666666666666,4,1,5
CL02342,PREMIUM,Abidjan,actif,30,0,15565.333333333334,5,2,5
CL02954,PREMIUM,Abidjan,actif,30,1,15566.166666666666,4,1,5
CL00618,PREMIUM,San-Pedro,actif,30,0,15571.4,3,5,5
CL00653,PREMIUM,Bouake,actif,30,0,15572.666666666666,4,3,5
CL01102,PREMIUM,Abidjan,actif,30,0,15574.833333333334,2,5,5
CL02349,PREMIUM,Abidjan,actif,30,0,15576.5,2,5,5
CL02819,PREMIUM,Abidjan,actif,30,0,15576.666666666666,4,3,5
CL00787,PREMIUM,Bouake,actif,30,0,15576.8,3,5,5
CL05326,PREMIUM,Abidjan,actif,30,0,15582.166666666666,4,3,5
CL00054,PREMIUM,Abidjan,actif,30,0,15592.666666666666,2,4,5
CL07900,PREMIUM,Abidjan,actif,30,2,15595.166666666666,2,1,5
CL07487,PREMIUM,Abidjan,actif,30,0,15595.333333333334,3,5,5
CL01256,PREMIUM,Abidjan,actif,30,0,15605.833333333334,5,2,5
CL05205,PREMIUM,Yamoussoukro,actif,30,0,15606.333333333334,4,3,5
CL05013,PREMIUM,Abidjan,actif,30,0,15607.666666666666,5,2,5
CL01977,PREMIUM,Abidjan,actif,30,0,15610.333333333334,2,5,5
CL04663,PREMIUM,Yamoussoukro,actif,30,3,15610.5,3,1,5
CL02353,PREMIUM,Bouake,actif,30,0,15613.5,3,5,5
CL02919,PREMIUM,Abidjan,actif,30,0,15614.166666666666,2,5,5
CL00435,PREMIUM,Abidjan,actif,30,0,15615.833333333334,2,5,5
CL03739,PREMIUM,Abidjan,actif,30,3,15619.333333333334,4,1,5
CL02324,PREMIUM,Abidjan,actif,30,0,15621.0,3,5,5
CL04053,PREMIUM,Bouake,actif,30,1,15621.833333333334,4,1,5
CL06573,PREMIUM,Abidjan,actif,30,0,15622.166666666666,5,2,5
CL05920,PREMIUM,Abidjan,actif,30,0,15626.5,2,5,5
CL05193,PREMIUM,Yamoussoukro,actif,30,0,15630.833333333334,3,5,5
CL06126,PREMIUM,Abidjan,actif,30,0,15636.0,2,5,5
CL04592,PREMIUM,Abidjan,actif,30,1,15646.75,2,2,5
CL01012,PREMIUM,Abidjan,actif,30,0,15653.0,5,2,5
CL00026,PREMIUM,Abidjan,actif,30,0,15656.0,4,3,5
CL02382,PREMIUM,Abidjan,actif,30,0,15660.0,3,3,5
CL07458,PREMIUM,San-Pedro,actif,30,0,15668.333333333334,4,3,5
CL03174,PREMIUM,Abidjan,actif,30,0,15676.0,3,3,5
CL02029,PREMIUM,Bouake,actif,30,1,15676.166666666666,4,1,5
CL07170,PREMIUM,Abidjan,actif,30,0,15679.666666666666,2,5,5
CL05705,PREMIUM,Bouake,actif,30,1,15684.666666666666,2,2,5
CL01434,PREMIUM,Bouake,actif,30,0,15685.333333333334,3,3,5
CL06753,PREMIUM,Abidjan,actif,30,1,15685.666666666666,5,1,5
CL04048,PREMIUM,Bouake,actif,30,0,15692.666666666666,4,3,5
CL01262,PREMIUM,Yamoussoukro,actif,30,0,15693.666666666666,4,3,5
CL01769,PREMIUM,Abidjan,actif,30,0,15695.0,4,3,5
CL04047,PREMIUM,Abidjan,actif,30,0,15699.5,2,5,5
CL07803,PREMIUM,Abidjan,actif,30,0,15702.0,3,3,5
CL04985,PREMIUM,Abidjan,actif,30,0,15709.833333333334,2,5,5
CL03099,PREMIUM,Bouake,actif,30,0,15713.166666666666,2,5,5
CL00508,PREMIUM,Abidjan,actif,30,0,15714.666666666666,3,3,5
CL05146,PREMIUM,Bouake,actif,30,0,15716.0,3,3,5
CL02753,PREMIUM,Abidjan,actif,30,1,15723.2,5,1,5
CL01033,PREMIUM,Abidjan,actif,30,0,15742.833333333334,3,3,5
CL03937,PREMIUM,Bouake,actif,30,0,15745.666666666666,5,2,5
CL07753,PREMIUM,Bouake,actif,30,2,15746.833333333334,5,1,5
CL06311,PREMIUM,Bouake,actif,30,0,15751.0,4,2,5
CL01762,PREMIUM,Korhogo,actif,30,1,15758.333333333334,3,2,5
CL02712,PREMIUM,Korhogo,actif,30,2,15758.4,5,1,5
CL04433,PREMIUM,Korhogo,actif,30,0,15770.333333333334,2,5,5
CL06143,PREMIUM,San-Pedro,actif,30,1,15770.8,4,1,5
CL01279,PREMIUM,Abidjan,actif,30,1,15772.166666666666,2,2,5
CL02508,PREMIUM,Abidjan,actif,30,1,15773.166666666666,2,2,5
CL07779,PREMIUM,Abidjan,actif,30,0,15774.5,2,4,5
CL07500,PREMIUM,Bouake,actif,30,0,15776.5,3,5,5
CL05475,PREMIUM,Abidjan,actif,30,0,15781.5,2,5,5
CL05714,PREMIUM,Abidjan,actif,30,1,15784.166666666666,2,2,5
CL07858,PREMIUM,Korhogo,actif,30,0,15785.8,5,2,5
CL04930,PREMIUM,San-Pedro,actif,30,0,15788.666666666666,2,5,5
CL06160,PREMIUM,Abidjan,actif,30,0,15795.666666666666,2,5,5
CL05383,PREMIUM,Abidjan,actif,30,0,15796.833333333334,5,2,5
CL05194,PREMIUM,Yamoussoukro,actif,30,1,15811.0,2,2,5
CL05358,PREMIUM,Bouake,actif,30,0,15816.0,3,5,5
CL05599,PREMIUM,Abidjan,actif,30,0,15822.166666666666,5,2,5
CL05166,PREMIUM,Abidjan,actif,30,1,15822.333333333334,3,1,5
CL05224,PREMIUM,Abidjan,actif,30,0,15825.0,5,2,5
CL05373,PREMIUM,Abidjan,actif,30,2,15834.666666666666,2,1,5
CL04158,PREMIUM,Abidjan,actif,30,0,15856.166666666666,3,5,5
CL06994,PREMIUM,Bouake,actif,30,0,15858.5,5,2,5
CL04669,PREMIUM,Abidjan,actif,30,1,15867.333333333334,4,1,5
CL02675,PREMIUM,San-Pedro,actif,30,0,15870.4,4,3,5
CL02790,PREMIUM,Abidjan,actif,30,0,15874.5,5,2,5
CL01302,PREMIUM,Abidjan,actif,30,0,15879.333333333334,5,2,5
CL04250,PREMIUM,Bouake,actif,30,0,15882.0,4,3,5
CL04641,PREMIUM,Abidjan,actif,30,0,15891.0,5,2,5
CL02491,PREMIUM,Korhogo,actif,30,0,15895.333333333334,2,5,5
CL03517,PREMIUM,Bouake,actif,30,0,15907.25,2,5,5
CL06464,PREMIUM,Abidjan,actif,30,0,15933.0,5,2,5
CL00645,PREMIUM,Abidjan,actif,30,0,15962.833333333334,4,3,5
CL06334,PREMIUM,Korhogo,actif,30,0,15996.333333333334,4,3,5
CL03664,PREMIUM,Abidjan,actif,30,1,16005.333333333334,5,1,5
CL06683,PREMIUM,Abidjan,actif,30,0,16008.5,5,2,5
CL00162,PREMIUM,Abidjan,actif,30,1,16008.833333333334,4,1,5
CL03503,PREMIUM,Abidjan,actif,30,0,16009.5,5,2,5
CL00236,PREMIUM,Abidjan,actif,30,2,16018.0,4,1,5
CL01640,PREMIUM,Abidjan,actif,30,3,16019.0,5,1,5
CL03564,PREMIUM,Bouake,actif,30,0,16049.333333333334,3,3,5
CL07101,PREMIUM,Bouake,actif,30,1,16061.5,5,1,5
CL03603,PREMIUM,Abidjan,actif,30,0,16065.333333333334,5,2,5
CL05995,PREMIUM,Abidjan,actif,30,2,16082.166666666666,3,1,5
CL07402,PREMIUM,Abidjan,actif,30,0,16093.333333333334,5,2,5
CL02749,PREMIUM,Bouake,actif,30,0,16110.333333333334,3,3,5
CL05754,PREMIUM,San-Pedro,actif,30,0,16112.833333333334,3,3,5
CL05753,PRO,Abidjan,resilie,91,1,16123.75,1,1,5
CL05544,PREMIUM,Abidjan,actif,30,0,16165.833333333334,4,2,5
CL03336,PREMIUM,Abidjan,actif,30,0,16173.833333333334,5,2,5
CL05410,PREMIUM,Abidjan,actif,30,0,16182.5,5,2,5
CL05452,PREMIUM,Abidjan,actif,30,0,16201.333333333334,4,3,5
CL05527,PREMIUM,San-Pedro,actif,30,1,16240.8,2,1,5
CL05726,PREMIUM,Bouake,actif,30,1,16287.833333333334,2,2,5
CL00914,PREMIUM,Abidjan,actif,30,0,16301.5,4,3,5
CL07624,PREMIUM,Yamoussoukro,actif,30,0,16340.0,5,2,5
CL01260,PREMIUM,Abidjan,actif,30,0,16347.4,2,5,5
CL00802,PREMIUM,Bouake,actif,30,0,16579.0,3,5,5
CL03487,PRO,Abidjan,resilie,30,3,16676.75,5,1,5
CL06420,PRO,Abidjan,resilie,91,0,16848.75,1,4,5
CL06624,PRO,Korhogo,resilie,60,4,16978.0,2,1,5
CL03253,PRO,Abidjan,resilie,60,1,17389.0,2,1,5
CL06783,PRO,Abidjan,resilie,30,2,17831.0,3,1,5
CL01017,PRO,Bouake,resilie,60,2,18681.8,2,1,5
CL05506,PRO,Abidjan,resilie,60,1,18692.0,2,1,5
CL00511,PRO,Bouake,resilie,30,0,18705.333333333332,4,3,5
CL03203,PRO,Bouake,actif,30,1,21566.833333333332,5,1,5
CL03543,PRO,Abidjan,actif,30,0,22760.333333333332,4,3,5
CL04102,PRO,San-Pedro,actif,30,0,22837.333333333332,4,3,5
CL01851,PRO,Bouake,actif,30,3,23037.25,5,1,5
CL06657,PRO,Korhogo,actif,30,0,23075.833333333332,5,2,5
CL01684,PRO,Abidjan,actif,30,0,23145.833333333332,2,5,5
CL06885,PRO,Abidjan,actif,30,0,23199.5,5,2,5
CL03771,PRO,Abidjan,actif,30,0,23255.166666666668,3,5,5
CL03878,PRO,Abidjan,actif,30,0,23277.5,3,3,5
CL04956,PRO,Bouake,actif,30,0,23329.25,5,2,5
CL03813,PRO,Korhogo,actif,30,0,23332.5,4,3,5
CL00796,PRO,Abidjan,actif,30,0,23339.0,2,5,5
CL01598,PRO,Abidjan,actif,30,0,23350.0,5,2,5
CL05597,PRO,Bouake,actif,30,0,23362.0,5,2,5
CL00661,PRO,San-Pedro,actif,30,0,23429.8,2,5,5
CL00856,PRO,Bouake,actif,30,0,23452.666666666668,5,2,5
CL06483,PRO,San-Pedro,actif,30,0,23469.833333333332,3,5,5
CL04576,PRO,Abidjan,actif,30,0,23480.666666666668,5,2,5
CL02943,PRO,Abidjan,actif,30,0,23504.166666666668,2,5,5
CL06520,PRO,Bouake,actif,30,0,23548.2,3,5,5
CL03888,PRO,Abidjan,actif,30,0,23567.5,3,5,5
CL05980,PRO,Abidjan,actif,30,0,23569.2,3,5,5
CL03416,PRO,San-Pedro,actif,30,0,23601.333333333332,3,3,5
CL04488,PRO,Abidjan,actif,30,0,23604.833333333332,3,3,5
CL07718,PRO,Bouake,actif,30,2,23628.666666666668,4,1,5
CL02127,PRO,Bouake,actif,30,0,23640.333333333332,5,2,5
CL03351,PRO,Abidjan,actif,30,0,23669.2,3,5,5
CL06690,PRO,Bouake,actif,30,0,23672.6,4,2,5
CL06997,PRO,Korhogo,actif,30,1,23714.0,2,1,5
CL04974,PRO,Abidjan,actif,30,0,23724.5,4,3,5
CL05237,PRO,Abidjan,actif,30,0,23729.333333333332,4,3,5
CL01841,PRO,Abidjan,actif,30,0,23734.833333333332,5,2,5
CL04583,PRO,Yamoussoukro,actif,30,0,23745.333333333332,3,3,5
CL06080,PRO,Abidjan,actif,30,0,23748.166666666668,3,3,5
CL07688,PRO,Abidjan,actif,30,0,23770.166666666668,3,3,5
CL03758,PRO,Abidjan,actif,30,1,23774.5,5,1,5
CL00803,PRO,Korhogo,actif,30,0,23778.5,4,3,5
CL03429,PRO,Bouake,actif,30,1,23795.75,3,2,5
CL03879,PRO,Bouake,actif,30,1,23805.333333333332,5,1,5
CL06360,PRO,Abidjan,actif,30,2,23806.5,2,1,5
CL04740,PRO,Abidjan,actif,30,0,23820.833333333332,2,5,5
CL03822,PRO,Abidjan,actif,30,0,23829.833333333332,3,3,5
CL00008,PRO,Abidjan,actif,30,0,23917.333333333332,3,3,5
CL00754,PRO,Abidjan,actif,30,0,23919.166666666668,4,3,5
CL05936,PRO,San-Pedro,actif,30,0,23951.5,5,2,5
CL01857,PRO,Abidjan,actif,30,0,23958.666666666668,3,3,5
CL04810,PRO,Abidjan,actif,30,0,23961.833333333332,3,5,5
CL00535,PRO,Abidjan,actif,30,0,23971.166666666668,3,5,5
CL06912,PRO,Abidjan,actif,30,1,23972.666666666668,2,2,5
CL02506,PRO,Abidjan,actif,30,0,23979.0,4,3,5
CL07840,PRO,Bouake,actif,30,0,23990.166666666668,5,2,5
CL05622,PRO,Yamoussoukro,actif,30,0,24014.0,3,3,5
CL05416,PRO,Bouake,actif,30,0,24023.333333333332,4,3,5
CL03592,PRO,Abidjan,actif,30,0,24029.0,3,3,5
CL03195,PRO,Yamoussoukro,actif,30,1,24048.333333333332,4,1,5
CL06122,PRO,Bouake,actif,30,0,24048.833333333332,4,2,5
CL03703,PRO,Korhogo,actif,30,0,24057.666666666668,5,2,5
CL03090,PRO,Bouake,actif,30,0,24058.166666666668,5,2,5
CL06654,PRO,San-Pedro,actif,30,0,24059.0,2,5,5
CL06006,PRO,Yamoussoukro,actif,30,0,24067.0,2,5,5
CL05001,PRO,Abidjan,actif,30,0,24067.0,2,5,5
CL04587,PRO,Abidjan,actif,30,0,24069.25,2,5,5
CL04491,PRO,Abidjan,actif,30,0,24082.166666666668,3,3,5
CL05867,PRO,Yamoussoukro,actif,30,0,24085.333333333332,4,3,5
CL03696,PRO,Abidjan,actif,30,0,24087.666666666668,3,3,5
CL02966,PRO,Bouake,actif,30,1,24088.2,4,1,5
CL03809,PRO,San-Pedro,actif,30,0,24094.666666666668,2,5,5
CL02632,PRO,Abidjan,actif,30,1,24098.833333333332,3,2,5
CL02802,PRO,Abidjan,actif,30,0,24101.833333333332,4,3,5
CL05749,PRO,Bouake,actif,30,0,24119.833333333332,4,3,5
CL04358,PRO,Abidjan,actif,30,0,24133.333333333332,5,2,5
CL03852,PRO,Abidjan,actif,30,0,24134.333333333332,4,3,5
CL00164,PRO,Abidjan,actif,30,1,24150.333333333332,5,1,5
CL05847,PRO,Abidjan,actif,30,0,24151.166666666668,2,5,5
CL06819,PRO,Abidjan,actif,30,0,24155.166666666668,4,3,5
CL07915,PRO,Abidjan,actif,30,0,24163.5,4,3,5
CL01912,PRO,Abidjan,actif,30,1,24181.5,5,1,5
CL02033,PRO,Yamoussoukro,actif,30,0,24183.0,3,3,5
CL06290,PRO,Abidjan,actif,30,0,24194.666666666668,2,5,5
CL02530,PRO,Bouake,actif,30,1,24199.166666666668,3,2,5
CL00231,PRO,Abidjan,actif,30,1,24228.0,4,1,5
CL01955,PRO,Bouake,actif,30,0,24234.0,3,5,5
CL06576,PRO,Bouake,actif,30,0,24242.333333333332,4,2,5
CL05647,PRO,Korhogo,actif,30,1,24242.833333333332,5,1,5
CL02327,PRO,Abidjan,actif,30,0,24244.666666666668,4,3,5
CL06087,PRO,Korhogo,actif,30,0,24251.666666666668,4,3,5
CL01409,PRO,Abidjan,actif,30,0,24264.5,4,3,5
CL05922,PRO,Yamoussoukro,actif,30,0,24264.833333333332,2,5,5
CL07884,PRO,Abidjan,actif,30,0,24268.333333333332,3,3,5
CL04281,PRO,Abidjan,actif,30,0,24278.333333333332,3,3,5
CL00624,PRO,Abidjan,actif,30,0,24280.0,3,5,5
CL07604,PRO,San-Pedro,actif,30,0,24281.666666666668,5,2,5
CL03171,PRO,Abidjan,actif,30,0,24286.166666666668,4,3,5
CL04104,PRO,Abidjan,actif,30,0,24288.166666666668,3,5,5
CL05898,PRO,Abidjan,actif,30,0,24296.333333333332,2,5,5
CL07589,PRO,Abidjan,actif,30,0,24296.6,4,3,5
CL04109,PRO,San-Pedro,actif,30,0,24298.166666666668,4,3,5
CL05777,PRO,Abidjan,actif,30,1,24312.666666666668,3,1,5
CL00830,PRO,San-Pedro,actif,30,2,24328.0,5,1,5
CL04875,PRO,Abidjan,actif,30,0,24347.0,2,5,5
CL00117,PRO,Abidjan,actif,30,0,24350.0,2,4,5
CL07325,PRO,Abidjan,actif,30,1,24367.6,4,1,5
CL02040,PRO,Abidjan,actif,30,0,24370.666666666668,4,3,5
CL03228,PRO,Abidjan,actif,30,1,24376.666666666668,2,2,5
CL04975,PRO,Abidjan,actif,30,0,24382.5,3,5,5
CL06138,PRO,Abidjan,actif,30,0,24383.333333333332,2,5,5
CL01939,PRO,Abidjan,actif,30,0,24389.666666666668,2,5,5
CL00196,PRO,Bouake,actif,30,0,24405.5,3,3,5
CL07152,PRO,Abidjan,actif,30,0,24411.666666666668,3,3,5
CL06141,PRO,Abidjan,actif,30,0,24414.166666666668,3,3,5
CL00913,PRO,Bouake,actif,30,0,24419.833333333332,3,3,5
CL05633,PRO,Abidjan,actif,30,0,24421.5,3,3,5
CL01520,PRO,Abidjan,actif,30,0,24422.333333333332,4,3,5
CL06837,PRO,Korhogo,actif,30,0,24430.0,5,2,5
CL03690,PRO,Korhogo,actif,30,0,24436.833333333332,3,3,5
CL06637,PRO,Yamoussoukro,actif,30,1,24437.166666666668,5,1,5
CL01979,PRO,Korhogo,actif,30,0,24440.666666666668,2,5,5
CL01032,PRO,Yamoussoukro,actif,30,0,24442.666666666668,5,2,5
CL07721,PRO,Abidjan,actif,30,0,24444.2,5,2,5
CL07853,PRO,Abidjan,actif,30,0,24445.2,5,2,5
CL03627,PRO,San-Pedro,actif,30,1,24445.833333333332,2,2,5
CL04408,PRO,Abidjan,actif,30,1,24449.333333333332,2,2,5
CL00761,PRO,Yamoussoukro,actif,30,0,24449.833333333332,4,3,5
CL03618,PRO,Abidjan,actif,30,0,24456.0,3,3,5
CL04897,PRO,Korhogo,actif,30,0,24458.333333333332,2,5,5
CL01776,PRO,Abidjan,actif,30,0,24471.666666666668,2,5,5
CL04401,PRO,Abidjan,actif,30,0,24473.8,2,5,5
CL04926,PRO,Abidjan,actif,30,0,24480.0,3,3,5
CL04910,PRO,San-Pedro,actif,30,0,24480.0,5,2,5
CL06862,PRO,Korhogo,actif,30,0,24480.333333333332,2,5,5
CL07466,PRO,Yamoussoukro,actif,30,0,24480.5,3,3,5
CL04594,PRO,Abidjan,actif,30,0,24482.333333333332,2,5,5
CL00774,PRO,Bouake,actif,30,0,24483.333333333332,2,5,5
CL07227,PRO,Yamoussoukro,actif,30,0,24484.0,2,4,5
CL03687,PRO,Bouake,actif,30,0,24491.833333333332,3,3,5
CL04434,PRO,Korhogo,actif,30,0,24499.166666666668,2,5,5
CL01357,PRO,Abidjan,actif,30,0,24499.166666666668,3,5,5
CL04619,PRO,Yamoussoukro,actif,30,0,24514.833333333332,2,5,5
CL05904,PRO,Bouake,actif,30,1,24519.333333333332,2,1,5
CL06281,PRO,Abidjan,actif,30,1,24521.0,2,1,5
CL06176,PRO,Bouake,actif,30,2,24530.833333333332,3,1,5
CL02615,PRO,Abidjan,actif,30,0,24536.0,5,2,5
CL06897,PRO,Yamoussoukro,actif,30,2,24557.166666666668,5,1,5
CL01599,PRO,Abidjan,actif,30,0,24563.8,4,3,5
CL06633,PRO,Korhogo,actif,30,2,24568.833333333332,4,1,5
CL00773,PRO,Yamoussoukro,actif,30,1,24575.666666666668,4,1,5
CL04103,PRO,San-Pedro,actif,30,0,24581.833333333332,3,3,5
CL05071,PRO,San-Pedro,actif,30,0,24583.5,3,3,5
CL05938,PRO,Yamoussoukro,actif,30,0,24594.666666666668,3,3,5
CL02041,PRO,Abidjan,actif,30,0,24600.166666666668,4,3,5
CL05648,PRO,Abidjan,actif,30,0,24602.333333333332,2,5,5
CL05773,PRO,Abidjan,actif,30,0,24606.166666666668,2,5,5
CL03960,PRO,Abidjan,actif,30,0,24620.0,3,5,5
CL01078,PRO,Korhogo,actif,30,0,24634.166666666668,2,5,5
CL07331,PRO,San-Pedro,actif,30,0,24644.5,4,3,5
CL07612,PRO,Bouake,actif,30,0,24648.5,3,5,5
CL06539,PRO,Abidjan,actif,30,0,24657.5,3,5,5
CL02024,PRO,San-Pedro,actif,30,0,24667.166666666668,3,3,5
CL03558,PRO,Abidjan,actif,30,0,24670.5,2,5,5
CL02171,PRO,Abidjan,actif,30,0,24675.5,5,2,5
CL07290,PRO,San-Pedro,actif,30,1,24682.166666666668,3,1,5
CL02461,PRO,Bouake,actif,30,0,24685.833333333332,2,5,5
CL02536,PRO,Bouake,actif,30,1,24688.333333333332,5,1,5
CL02560,PRO,Korhogo,actif,30,0,24698.2,2,5,5
CL05957,PRO,Abidjan,actif,30,0,24701.333333333332,5,2,5
CL06793,PRO,Abidjan,actif,30,1,24701.833333333332,2,2,5
CL05449,PRO,Abidjan,actif,30,0,24702.666666666668,3,5,5
CL00126,PRO,Yamoussoukro,actif,30,2,24703.5,3,1,5
CL05976,PRO,Yamoussoukro,actif,30,1,24704.0,5,1,5
CL04866,PRO,Yamoussoukro,actif,30,0,24705.166666666668,3,3,5
CL07289,PRO,Abidjan,actif,30,0,24709.833333333332,3,3,5
CL06726,PRO,Bouake,actif,30,1,24714.666666666668,4,1,5
CL00457,PRO,Bouake,actif,30,0,24720.333333333332,4,3,5
CL01810,PRO,Abidjan,actif,30,0,24721.0,2,5,5
CL06153,PRO,Bouake,actif,30,0,24723.666666666668,3,5,5
CL05611,PRO,Korhogo,actif,30,1,24724.5,2,2,5
CL01993,PRO,Abidjan,actif,30,0,24727.0,4,3,5
CL06151,PRO,Abidjan,actif,30,1,24727.166666666668,2,1,5
CL01618,PRO,Abidjan,actif,30,0,24728.0,3,5,5
CL03735,PRO,Abidjan,actif,30,1,24734.0,4,1,5
CL02151,PRO,Abidjan,actif,30,1,24736.0,5,1,5
CL01214,PRO,Abidjan,actif,30,0,24737.333333333332,4,3,5
CL00351,PRO,Abidjan,actif,30,0,24742.6,4,3,5
CL07511,PRO,Abidjan,actif,30,0,24746.2,2,5,5
CL05022,PRO,Bouake,actif,30,0,24747.333333333332,5,2,5
CL07317,PRO,Bouake,actif,30,2,24755.0,3,1,5
CL02146,PRO,San-Pedro,actif,30,0,24757.333333333332,4,3,5
CL06625,PRO,Abidjan,actif,30,0,24761.833333333332,2,5,5
CL05018,PRO,Bouake,actif,30,0,24762.333333333332,5,2,5
CL03272,PRO,Abidjan,actif,30,0,24762.5,2,5,5
CL02558,PRO,Abidjan,actif,30,1,24766.0,4,1,5
CL01375,PRO,Bouake,actif,30,0,24769.833333333332,3,3,5
CL00447,PRO,Yamoussoukro,actif,30,0,24772.8,3,3,5
CL07529,PRO,Abidjan,actif,30,0,24777.6,2,4,5
CL05983,PRO,San-Pedro,actif,30,0,24789.166666666668,2,5,5
CL06796,PRO,Abidjan,actif,30,0,24791.0,2,5,5
CL03297,PRO,Abidjan,actif,30,0,24792.333333333332,2,5,5
CL03074,PRO,Yamoussoukro,actif,30,0,24799.5,3,5,5
CL05715,PRO,Korhogo,actif,30,0,24802.833333333332,2,5,5
CL02566,PRO,Abidjan,actif,30,0,24827.166666666668,3,5,5
CL03778,PRO,Abidjan,actif,30,0,24827.5,2,5,5
CL06089,PRO,Korhogo,actif,30,0,24832.666666666668,4,2,5
CL03010,PRO,Bouake,actif,30,0,24849.5,5,2,5
CL03867,PRO,Abidjan,actif,30,0,24856.333333333332,3,3,5
CL07069,PRO,Yamoussoukro,actif,30,0,24859.666666666668,5,2,5
CL07931,PRO,Yamoussoukro,actif,30,0,24867.6,5,2,5
CL01517,PRO,Abidjan,actif,30,0,24890.5,3,3,5
CL05736,PRO,Korhogo,actif,30,0,24895.833333333332,2,5,5
CL07061,PRO,Bouake,actif,30,0,24898.0,2,5,5
CL02340,PRO,Abidjan,actif,30,0,24899.333333333332,5,2,5
CL02165,PRO,Bouake,actif,30,0,24899.666666666668,3,3,5
CL01585,PRO,Abidjan,actif,30,0,24901.666666666668,2,5,5
CL06288,PRO,Bouake,actif,30,1,24902.333333333332,2,1,5
CL01416,PRO,San-Pedro,actif,30,0,24910.0,3,3,5
CL04419,PRO,Korhogo,actif,30,0,24910.666666666668,3,5,5
CL06438,PRO,San-Pedro,actif,30,1,24911.5,3,1,5
CL02211,PRO,Abidjan,actif,30,0,24914.2,2,5,5
CL00119,PRO,Yamoussoukro,actif,30,0,24915.333333333332,5,2,5
CL00607,PRO,Abidjan,actif,30,0,24917.6,5,2,5
CL04692,PRO,Abidjan,actif,30,0,24925.833333333332,3,5,5
CL05297,PRO,Bouake,actif,30,4,24929.666666666668,2,1,5
CL03314,PRO,Bouake,actif,30,1,24937.333333333332,3,2,5
CL05755,PRO,Bouake,actif,30,0,24940.5,4,2,5
CL04292,PRO,Bouake,actif,30,1,24940.666666666668,5,1,5
CL04512,PRO,Abidjan,actif,30,2,24941.2,4,1,5
CL07422,PRO,Abidjan,actif,30,0,24944.0,3,5,5
CL00219,PRO,Abidjan,actif,30,0,24957.333333333332,3,5,5
CL04668,PRO,Abidjan,actif,30,0,24957.833333333332,3,3,5
CL04476,PRO,Abidjan,actif,30,0,24962.333333333332,3,3,5
CL00218,PRO,Abidjan,actif,30,0,24962.333333333332,3,5,5
CL02344,PRO,San-Pedro,actif,30,0,24971.0,4,3,5
CL05649,PRO,Abidjan,actif,30,0,24976.0,5,2,5
CL02435,PRO,Yamoussoukro,actif,30,0,24981.0,3,5,5
CL07431,PRO,Abidjan,actif,30,0,24985.333333333332,3,5,5
CL06987,PRO,Abidjan,actif,30,1,24990.333333333332,5,1,5
CL05290,PRO,Abidjan,actif,30,0,24991.666666666668,5,2,5
CL04217,PRO,Bouake,actif,30,0,24994.833333333332,4,3,5
CL00367,PRO,Abidjan,actif,30,0,24997.5,5,2,5
CL06354,PRO,Abidjan,actif,30,4,25003.333333333332,3,1,5
CL04198,PRO,Korhogo,actif,30,0,25010.666666666668,3,5,5
CL06833,PRO,Abidjan,actif,30,1,25015.5,5,1,5
CL06463,PRO,Abidjan,actif,30,0,25018.5,4,3,5
CL03304,PRO,Abidjan,actif,30,0,25024.4,3,5,5
CL06730,PRO,Bouake,actif,30,0,25037.5,3,3,5
CL07244,PRO,Abidjan,actif,30,0,25040.0,4,3,5
CL07513,PRO,Abidjan,actif,30,0,25043.5,5,2,5
CL05267,PRO,Abidjan,actif,30,2,25045.666666666668,4,1,5
CL04567,PRO,Abidjan,actif,30,1,25048.333333333332,4,1,5
CL07397,PRO,San-Pedro,actif,30,0,25055.0,2,4,5
CL06407,PRO,Yamoussoukro,actif,30,0,25055.333333333332,5,2,5
CL07174,PRO,Abidjan,actif,30,0,25059.666666666668,5,2,5
CL00129,PRO,Abidjan,actif,30,2,25062.5,3,1,5
CL06728,PRO,Abidjan,actif,30,0,25063.5,2,5,5
CL02784,PRO,Abidjan,actif,30,0,25063.666666666668,5,2,5
CL01737,PRO,Bouake,actif,30,1,25065.833333333332,5,1,5
CL02634,PRO,San-Pedro,actif,30,0,25069.5,4,3,5
CL05143,PRO,Yamoussoukro,actif,30,2,25072.0,2,1,5
CL03262,PRO,Abidjan,actif,30,0,25073.2,5,2,5
CL03506,PRO,San-Pedro,actif,30,0,25092.166666666668,4,3,5
CL04537,PRO,Abidjan,actif,30,1,25094.333333333332,4,1,5
CL05369,PRO,Abidjan,actif,30,0,25110.166666666668,3,3,5
CL01989,PRO,Abidjan,actif,30,0,25114.666666666668,5,2,5
CL06450,PRO,San-Pedro,actif,30,0,25118.833333333332,5,2,5
CL02862,PRO,Bouake,actif,30,0,25119.166666666668,3,5,5
CL01079,PRO,Abidjan,actif,30,0,25120.333333333332,4,3,5
CL06286,PRO,Abidjan,actif,30,0,25132.166666666668,5,2,5
CL04152,PRO,Abidjan,actif,30,0,25132.5,5,2,5
CL04674,PRO,Abidjan,actif,30,0,25132.5,2,5,5
CL05670,PRO,Bouake,actif,30,0,25137.666666666668,3,3,5
CL02892,PRO,Korhogo,actif,30,0,25138.0,3,5,5
CL02086,PRO,Abidjan,actif,30,1,25147.666666666668,3,2,5
CL01763,PRO,Abidjan,actif,30,0,25155.0,3,5,5
CL01098,PRO,Abidjan,actif,30,0,25170.5,5,2,5
CL07605,PRO,Bouake,actif,30,0,25184.666666666668,2,5,5
CL06565,PRO,Bouake,actif,30,1,25191.833333333332,4,1,5
CL04076,PRO,Abidjan,actif,30,0,25192.5,5,2,5
CL07165,PRO,Abidjan,actif,30,0,25200.666666666668,4,3,5
CL00554,PRO,Bouake,actif,30,1,25206.666666666668,4,1,5
CL02208,PRO,Abidjan,actif,30,0,25213.0,4,3,5
CL00573,PRO,Abidjan,actif,30,2,25221.166666666668,4,1,5
CL00837,PRO,Bouake,actif,30,1,25225.833333333332,5,1,5
CL07330,PRO,Bouake,actif,30,1,25226.833333333332,4,1,5
CL01647,PRO,Abidjan,actif,30,1,25231.166666666668,5,1,5
CL02202,PRO,Korhogo,actif,30,1,25234.833333333332,2,2,5
CL02204,PRO,Yamoussoukro,actif,30,2,25244.0,3,1,5
CL04908,PRO,Bouake,actif,30,0,25247.833333333332,5,2,5
CL03877,PRO,Abidjan,actif,30,0,25251.0,3,5,5
CL03936,PRO,Abidjan,actif,30,1,25252.0,5,1,5
CL02674,PRO,Abidjan,actif,30,0,25256.2,2,5,5
CL02677,PRO,Abidjan,actif,30,0,25260.0,5,2,5
CL05582,PRO,Yamoussoukro,actif,30,0,25264.5,3,3,5
CL04286,PRO,Abidjan,actif,30,0,25277.5,4,3,5
CL05569,PRO,Abidjan,actif,30,0,25283.166666666668,2,5,5
CL00350,PRO,Bouake,actif,30,1,25283.833333333332,4,1,5
CL07989,PRO,Abidjan,actif,30,0,25291.166666666668,5,2,5
CL02257,PRO,Abidjan,actif,30,1,25299.166666666668,5,1,5
CL00545,PRO,Abidjan,actif,30,1,25301.833333333332,3,2,5
CL07678,PRO,Bouake,actif,30,0,25310.0,5,2,5
CL04404,PRO,Bouake,actif,30,0,25315.166666666668,5,2,5
CL06906,PRO,Abidjan,actif,30,0,25323.333333333332,4,2,5
CL04390,PRO,Korhogo,actif,30,1,25327.333333333332,2,2,5
CL04184,PRO,Abidjan,actif,30,0,25336.333333333332,2,5,5
CL06197,PRO,Abidjan,actif,30,1,25339.2,4,1,5
CL03900,PRO,Abidjan,actif,30,0,25344.166666666668,4,3,5
CL07364,PRO,Yamoussoukro,actif,30,0,25352.333333333332,4,3,5
CL01697,PRO,Bouake,actif,30,0,25364.5,2,5,5
CL01015,PRO,Yamoussoukro,actif,30,0,25365.0,2,5,5
CL05386,PRO,Abidjan,actif,30,0,25366.333333333332,5,2,5
CL06462,PRO,Abidjan,actif,30,0,25388.666666666668,4,2,5
CL07755,PRO,Abidjan,actif,30,0,25395.833333333332,3,3,5
CL05208,PRO,Korhogo,actif,30,1,25409.0,5,1,5
CL06517,PRO,Yamoussoukro,actif,30,0,25416.666666666668,2,5,5
CL07875,PRO,Abidjan,actif,30,0,25419.166666666668,2,5,5
CL07996,PRO,Abidjan,actif,30,0,25420.666666666668,2,5,5
CL03015,PRO,Bouake,actif,30,0,25445.166666666668,5,2,5
CL05327,PRO,Abidjan,actif,30,0,25446.666666666668,5,2,5
CL05751,PRO,Abidjan,actif,30,0,25447.5,5,2,5
CL04107,PRO,Abidjan,actif,30,0,25455.25,4,3,5
CL00919,PRO,Abidjan,actif,30,0,25461.333333333332,4,3,5
CL06198,PRO,Korhogo,actif,30,0,25470.0,4,3,5
CL01827,PRO,Abidjan,actif,30,1,25483.666666666668,3,2,5
CL05183,PRO,Abidjan,actif,30,1,25502.0,3,2,5
CL00319,PRO,Korhogo,actif,30,0,25503.5,4,3,5
CL04808,PRO,Yamoussoukro,actif,30,1,25506.0,4,1,5
CL06932,PRO,Korhogo,actif,30,0,25515.666666666668,3,5,5
CL02539,PRO,Abidjan,actif,30,0,25529.0,3,5,5
CL06977,PRO,Bouake,actif,30,0,25529.8,5,2,5
CL03260,PRO,Bouake,actif,30,0,25532.833333333332,3,5,5
CL06096,PRO,San-Pedro,actif,30,0,25548.5,4,3,5
CL07123,PRO,Bouake,actif,30,0,25558.5,2,5,5
CL06468,PRO,Abidjan,actif,30,0,25559.666666666668,5,2,5
CL00297,PRO,Abidjan,actif,30,0,25563.5,5,2,5
CL01866,PRO,Abidjan,actif,30,0,25566.166666666668,3,3,5
CL04427,PRO,San-Pedro,actif,30,1,25567.666666666668,5,1,5
CL01270,PRO,Bouake,actif,30,0,25577.5,4,3,5
CL06339,PRO,Abidjan,actif,30,1,25578.833333333332,4,1,5
CL05501,PRO,Abidjan,actif,30,0,25581.833333333332,4,3,5
CL05080,PRO,Bouake,actif,30,1,25599.333333333332,4,1,5
CL01404,PRO,Yamoussoukro,actif,30,0,25607.166666666668,5,2,5
CL04863,PRO,Korhogo,actif,30,0,25617.5,3,5,5
CL05322,PRO,Abidjan,actif,30,0,25624.333333333332,2,5,5
CL04194,PRO,Abidjan,actif,30,0,25637.833333333332,2,5,5
CL03052,PRO,San-Pedro,actif,30,0,25638.5,2,5,5
CL02866,PRO,San-Pedro,actif,30,1,25640.0,5,1,5
CL04671,PRO,Abidjan,actif,30,0,25646.6,2,5,5
CL07329,PRO,Abidjan,actif,30,1,25647.833333333332,4,1,5
CL02699,PRO,Abidjan,actif,30,0,25673.0,5,2,5
CL06363,PRO,Bouake,actif,30,1,25680.833333333332,4,1,5
CL00134,PRO,Korhogo,actif,30,0,25686.0,2,5,5
CL01019,PRO,San-Pedro,actif,30,0,25702.166666666668,2,5,5
CL06958,PRO,San-Pedro,actif,30,0,25706.166666666668,3,5,5
CL06518,PRO,Abidjan,actif,30,0,25745.833333333332,5,2,5
CL00187,PRO,Abidjan,actif,30,0,25750.4,4,3,5
CL00125,PRO,Bouake,actif,30,0,25752.333333333332,4,3,5
CL05747,PRO,San-Pedro,actif,30,0,25762.666666666668,2,5,5
CL06869,PRO,Bouake,actif,30,0,25779.666666666668,2,5,5
CL00279,PRO,San-Pedro,actif,30,0,25783.333333333332,3,5,5
CL03572,PRO,Bouake,actif,30,0,25786.666666666668,3,5,5
CL03736,PRO,Abidjan,actif,30,0,25790.333333333332,5,2,5
CL06361,PRO,Abidjan,actif,30,0,25791.0,4,2,5
CL05562,PRO,Yamoussoukro,actif,30,0,25796.333333333332,2,5,5
CL07981,PRO,San-Pedro,actif,30,0,25813.833333333332,5,2,5
CL05008,PRO,Bouake,actif,30,0,25815.0,5,2,5
CL04268,PRO,Korhogo,actif,30,1,25819.5,5,1,5
CL01692,PRO,Yamoussoukro,actif,30,0,25820.166666666668,2,5,5
CL07043,PRO,Abidjan,actif,30,0,25830.166666666668,4,3,5
CL06699,PRO,Abidjan,actif,30,0,25855.5,5,2,5
CL07577,PRO,Abidjan,actif,30,0,25861.2,3,5,5
CL04263,PRO,Bouake,actif,30,0,25861.5,3,3,5
CL06196,PRO,Yamoussoukro,actif,30,0,25864.333333333332,4,3,5
CL04630,PRO,Bouake,actif,30,0,25875.0,4,3,5
CL03629,PRO,Yamoussoukro,actif,30,2,25880.166666666668,5,1,5
CL02993,PRO,Abidjan,actif,30,0,25882.166666666668,2,5,5
CL02374,PRO,Abidjan,actif,30,0,25896.2,5,2,5
CL03943,PRO,Korhogo,actif,30,0,25905.333333333332,3,3,5
CL07738,PRO,Abidjan,actif,30,0,25907.833333333332,5,2,5
CL05799,PRO,Abidjan,actif,30,0,25913.0,4,2,5
CL04661,PRO,Abidjan,actif,30,0,25932.833333333332,5,2,5
CL00064,PRO,Abidjan,actif,30,0,25934.0,4,3,5
CL02362,PRO,Abidjan,actif,30,0,25941.8,5,2,5
CL03190,PRO,Abidjan,actif,30,1,25956.5,2,2,5
CL04006,PRO,Abidjan,actif,30,1,25956.666666666668,5,1,5
CL05697,PRO,Abidjan,actif,30,1,25967.833333333332,3,1,5
CL02521,PRO,Abidjan,actif,30,0,25971.666666666668,5,2,5
CL03230,PRO,Yamoussoukro,actif,30,0,25981.0,4,3,5
CL06755,PRO,Abidjan,actif,30,0,25982.5,5,2,5
CL07835,PRO,San-Pedro,actif,30,0,25988.666666666668,4,3,5
CL07262,PRO,Abidjan,actif,30,1,25994.833333333332,5,1,5
CL02452,PRO,Abidjan,actif,30,0,26015.666666666668,2,5,5
CL01013,PRO,Yamoussoukro,actif,30,0,26016.166666666668,5,2,5
CL02449,PRO,Korhogo,actif,30,0,26020.166666666668,4,3,5
CL02869,PRO,Abidjan,actif,30,0,26034.166666666668,3,3,5
CL05949,PRO,Abidjan,actif,30,0,26044.5,5,2,5
CL02383,PRO,Abidjan,actif,30,1,26079.833333333332,5,1,5
CL05056,PRO,Abidjan,actif,30,0,26086.833333333332,5,2,5
CL05477,PRO,Yamoussoukro,actif,30,0,26088.0,4,3,5
CL07907,PRO,Abidjan,actif,30,0,26089.2,2,5,5
CL02552,PRO,San-Pedro,actif,30,0,26094.666666666668,4,3,5
CL07528,PRO,San-Pedro,actif,30,0,26103.0,5,2,5
CL03875,PRO,San-Pedro,actif,30,0,26127.25,5,2,5
CL06829,PRO,Abidjan,actif,30,0,26133.5,2,5,5
CL07023,PRO,Bouake,actif,30,0,26182.333333333332,5,2,5
CL00498,PRO,Abidjan,actif,30,1,26189.666666666668,5,1,5
CL05790,PRO,Yamoussoukro,actif,30,0,26229.5,5,2,5
CL05576,PRO,Bouake,actif,30,0,26234.4,5,2,5
CL05413,PRO,Abidjan,actif,30,0,26242.333333333332,4,3,5
CL07798,PRO,Yamoussoukro,actif,30,1,26252.833333333332,4,1,5
CL01994,PRO,San-Pedro,actif,30,1,26310.333333333332,4,1,5
CL06222,PRO,Abidjan,actif,30,1,26317.833333333332,4,1,5
CL03552,PRO,San-Pedro,actif,30,0,26320.0,2,5,5
CL02817,PRO,Abidjan,actif,30,0,26358.833333333332,5,2,5
CL02939,PRO,Abidjan,actif,30,0,26375.0,5,2,5
CL00083,PRO,Bouake,actif,30,0,26378.833333333332,4,3,5
CL05521,PRO,Abidjan,actif,30,1,26393.5,2,2,5
CL01648,PRO,Abidjan,actif,30,0,26414.666666666668,3,3,5
CL07039,PRO,Abidjan,actif,30,0,26430.666666666668,5,2,5
CL02367,PRO,Korhogo,actif,30,0,26440.5,5,2,5
CL01580,PRO,San-Pedro,actif,30,0,26442.666666666668,2,5,5
CL05292,PRO,Abidjan,actif,30,1,26462.5,5,1,5
CL00230,PRO,San-Pedro,actif,30,1,26495.333333333332,5,1,5
CL06091,PRO,Abidjan,actif,30,1,26495.666666666668,3,1,5
CL05554,PRO,Abidjan,actif,30,2,26504.5,5,1,5
CL04909,PRO,Bouake,actif,30,2,26549.2,3,1,5
CL07878,PRO,Abidjan,actif,30,0,26558.0,2,4,5
CL03233,PRO,Yamoussoukro,actif,30,1,26579.8,5,1,5
CL03897,PRO,Korhogo,actif,30,0,26589.4,4,3,5
CL02731,PRO,Yamoussoukro,actif,30,0,26589.8,3,5,5
CL06270,PRO,Abidjan,actif,30,3,26602.333333333332,4,1,5
CL04879,PRO,Bouake,actif,30,1,26620.833333333332,2,2,5
CL02534,PRO,San-Pedro,actif,30,0,26643.833333333332,3,3,5
CL06881,PRO,Bouake,actif,30,0,26689.5,4,2,5
CL05492,PRO,San-Pedro,actif,30,0,26737.666666666668,3,5,5
CL00721,PRO,Abidjan,actif,30,0,26798.6,2,5,5
CL01468,PRO,Abidjan,actif,30,1,26815.833333333332,5,1,5
CL01691,PRO,Abidjan,actif,30,0,26817.0,4,3,5
CL01836,PRO,Abidjan,actif,30,0,27078.5,4,3,5
CL04540,PRO,Yamoussoukro,actif,30,0,27085.0,5,2,5
CL05606,PRO,Abidjan,actif,30,0,27424.0,4,3,5
CL07046,PRO,Abidjan,actif,30,0,27486.75,3,5,5
